{
    "translation_origin": "asset_local",
    "default_lighting": "",
    "navmesh_instance": "",
    "object_instances": [
        {
            "template_name": "bf7a2fdc9c345ac33db72429f5bad9b30852611f",
            "translation": [
                18.3333797,
                0.9000008,
                -16.3228569
            ],
            "rotation": [
                0.0,
                0.0,
                1.0,
                0.0
            ],
            "motion_type": "static"
        },
        {
            "template_name": "726a811656a2ef0ea1c8a51962841568039f2cdc",
            "translation": [
                9.35254,
                9.997747838497162e-07,
                -19.1116275
            ],
            "motion_type": "static"
        },
        {
            "template_name": "e1d30ae83996db2ab653f342d27a5b316b762979",
            "translation": [
                18.1656494,
                0.9000008,
                -17.2805576
            ],
            "rotation": [
                -0.3084923,
                0.0,
                0.9512267,
                0.0
            ],
            "motion_type": "static",
            "non_uniform_scale": [
                1.232642,
                0.9999998,
                1.2594933
            ]
        },
        {
            "template_name": "41efc8ed9c8d433e9ff877f3b9ea1c0eda45479c",
            "translation": [
                18.145729,
                8.046627044677734e-07,
                -13.3385295
            ],
            "rotation": [
                0.7071068,
                0.0,
                -0.7071067,
                0.0
            ],
            "motion_type": "static",
            "non_uniform_scale": [
                1.2230106,
                0.9999998,
                1.1114995
            ]
        },
        {
            "template_name": "42c2fce42ed600de5f0c6919ba47fe97e60ab673",
            "translation": [
                17.3811397,
                1e-06,
                -17.213169
            ],
            "rotation": [
                0.0,
                0.0,
                1.0,
                0.0
            ],
            "motion_type": "static",
            "non_uniform_scale": [
                1.0,
                0.9999998,
                1.0225831
            ]
        },
        {
            "template_name": "42c2fce42ed600de5f0c6919ba47fe97e60ab673",
            "translation": [
                18.1791801,
                8.642673492431641e-07,
                -14.4622392
            ],
            "rotation": [
                0.7071068,
                0.0,
                -0.7071067,
                0.0
            ],
            "motion_type": "static"
        },
        {
            "template_name": "68407744e263f526c61f15da91ea7d3cbd90bac1",
            "translation": [
                5.7727098,
                9.997747838497162e-07,
                -19.2794418
            ],
            "motion_type": "static",
            "non_uniform_scale": [
                1.0,
                0.9999998,
                1.432114
            ]
        },
        {
            "template_name": "13dbb657414706f4c3ba192d2875ea2c7478b710",
            "translation": [
                11.9154796,
                6.854534149169922e-07,
                -11.698739
            ],
            "rotation": [
                0.7108538,
                0.0,
                -0.7033395,
                0.0
            ],
            "motion_type": "static"
        },
        {
            "template_name": "66f9cd9d406e6997c93b737dae81191389dbf640",
            "translation": [
                9.4063701,
                0.0010012,
                -21.5686378
            ],
            "motion_type": "static"
        },
        {
            "template_name": "39565a25ef3d6f1efb87095ed2bb8c6d8b2d5ed4",
            "translation": [
                18.2603588,
                1.4310009,
                -17.3493289
            ],
            "rotation": [
                0.8605945,
                0.0,
                0.5092905,
                0.0
            ],
            "motion_type": "static",
            "non_uniform_scale": [
                2.0362575,
                0.9999998,
                1.9929231
            ]
        },
        {
            "template_name": "1180f8900f3662736b62967a7de52756c8f22e6e",
            "translation": [
                5.7559299,
                2.096271,
                -21.636837
            ],
            "rotation": [
                0.7071068,
                0.7071067,
                0.0,
                0.0
            ],
            "motion_type": "static"
        },
        {
            "template_name": "f359e92c249c96d0121f40252c856f99008f9c2e",
            "translation": [
                14.6149158,
                1.7500003,
                -8.4479484
            ],
            "rotation": [
                0.4999999,
                0.4999999,
                0.5,
                -0.5
            ],
            "motion_type": "static"
        },
        {
            "template_name": "a23c0acfc3cca5c709dccdf65564628e76ab4498",
            "translation": [
                14.8435211,
                5.364418029785156e-07,
                -8.943469
            ],
            "rotation": [
                0.7071068,
                0.0,
                0.7071067,
                0.0
            ],
            "motion_type": "static"
        },
        {
            "template_name": "a23c0acfc3cca5c709dccdf65564628e76ab4498",
            "translation": [
                14.8435211,
                4.76837158203125e-07,
                -7.9274697
            ],
            "rotation": [
                0.7071068,
                0.0,
                0.7071067,
                0.0
            ],
            "motion_type": "static"
        },
        {
            "template_name": "17ae065b2cc45c98e470fe2610bdfb508985a965",
            "translation": [
                18.4791793,
                2.0099003,
                -8.8128595
            ],
            "rotation": [
                -0.5,
                -0.5,
                0.5,
                -0.4999999
            ],
            "motion_type": "static"
        },
        {
            "template_name": "d8ab78934f1f04bc6bb3babbe1337a27cc8cdf80",
            "translation": [
                8.4425449,
                1.7500009,
                -19.8148288
            ],
            "rotation": [
                0.4999999,
                0.4999999,
                0.5,
                -0.5
            ],
            "motion_type": "static"
        },
        {
            "template_name": "43e030d5a1f45df5347ea7d5b1dfaf6887a7118b",
            "translation": [
                18.1984119,
                0.2000007,
                -11.8087291
            ],
            "rotation": [
                0.7071068,
                0.0,
                -0.7071067,
                0.0
            ],
            "motion_type": "static"
        },
        {
            "template_name": "43e030d5a1f45df5347ea7d5b1dfaf6887a7118b",
            "translation": [
                8.7233104,
                1e-06,
                -19.8319187
            ],
            "rotation": [
                0.7071068,
                0.0,
                0.7071067,
                0.0
            ],
            "motion_type": "static"
        },
        {
            "template_name": "43e030d5a1f45df5347ea7d5b1dfaf6887a7118b",
            "translation": [
                12.5865507,
                4.76837158203125e-07,
                -8.3452491
            ],
            "rotation": [
                0.7071068,
                0.0,
                0.7071067,
                0.0
            ],
            "motion_type": "static"
        },
        {
            "template_name": "50bf1434785c2776eac002be0f7c3abeff54709c",
            "translation": [
                6.5151596,
                7.450580596923828e-07,
                -12.6033391
            ],
            "rotation": [
                0.0,
                0.0,
                1.0,
                0.0
            ],
            "motion_type": "static"
        },
        {
            "template_name": "e460bdb42d7cc2ecf568be1a36df376b8ab69d05",
            "translation": [
                3.3112299,
                1.7501807,
                -17.2238273
            ],
            "rotation": [
                0.4999999,
                0.4999999,
                0.5,
                -0.5
            ],
            "motion_type": "static"
        },
        {
            "template_name": "809e9da46ffd8cd74556cb0f1030625979cdf61f",
            "translation": [
                5.1451778,
                9.98377799987793e-07,
                -16.950613
            ],
            "rotation": [
                0.9659258,
                0.0,
                0.258819,
                0.0
            ],
            "motion_type": "static"
        },
        {
            "template_name": "c3fdb13cd96d001010a51bf5cacd47503c75df7e",
            "translation": [
                12.500389,
                6.556510925292969e-07,
                -10.9781637
            ],
            "rotation": [
                0.7071068,
                0.0,
                0.7071067,
                0.0
            ],
            "motion_type": "static"
        },
        {
            "template_name": "c3c6da9687e582bc76f7ba4d6322017578b9c411",
            "translation": [
                3.0819699,
                7.152557373046875e-07,
                -12.2151899
            ],
            "rotation": [
                0.7071068,
                0.0,
                0.7071067,
                0.0
            ],
            "motion_type": "static"
        },
        {
            "template_name": "c3c6da9687e582bc76f7ba4d6322017578b9c411",
            "translation": [
                3.0819699,
                8.344650268554688e-07,
                -14.2951898
            ],
            "rotation": [
                0.7071068,
                0.0,
                0.7071067,
                0.0
            ],
            "motion_type": "static"
        },
        {
            "template_name": "a77e6006efcacc637e1c2a49e72232ee0f435e35",
            "translation": [
                14.8412809,
                9.5367431640625e-07,
                -19.7340221
            ],
            "rotation": [
                0.7071068,
                0.0,
                -0.7071067,
                0.0
            ],
            "motion_type": "static"
        },
        {
            "template_name": "50350982cb9adeef9e9b481409a4295773ea75da",
            "translation": [
                17.2678661,
                6.258487701416016e-07,
                -10.4087915
            ],
            "rotation": [
                0.9987114,
                0.0,
                -0.0507485,
                0.0
            ],
            "motion_type": "static"
        },
        {
            "template_name": "deae2fd69a0752bc5da79083dad3a4b9f7317da6",
            "translation": [
                8.6849145,
                8.940696716308594e-07,
                -15.2381696
            ],
            "rotation": [
                0.7071068,
                0.0,
                0.7071067,
                0.0
            ],
            "motion_type": "static"
        },
        {
            "template_name": "deae2fd69a0752bc5da79083dad3a4b9f7317da6",
            "translation": [
                7.2970452,
                1.1e-06,
                -21.3745994
            ],
            "rotation": [
                0.7071068,
                0.0,
                0.7071067,
                0.0
            ],
            "motion_type": "static"
        },
        {
            "template_name": "9d70704a1bb891cf53de543a4f260b2ac30ec888",
            "translation": [
                18.379179,
                0.9000008,
                -14.518239
            ],
            "rotation": [
                0.7071068,
                0.0,
                -0.7071067,
                0.0
            ],
            "motion_type": "static"
        },
        {
            "template_name": "71ed4df8d969badd1f7ff5b008813b2193318d6e",
            "translation": [
                16.3414287,
                0.9000008,
                -17.3946876
            ],
            "rotation": [
                0.0,
                0.0,
                1.0,
                0.0
            ],
            "motion_type": "static",
            "non_uniform_scale": [
                1.5005958,
                0.9999998,
                1.5128016
            ]
        },
        {
            "template_name": "a19b47699883e5841599452274d671a1bb2c775e",
            "translation": [
                18.0556602,
                1e-06,
                -17.0870914
            ],
            "motion_type": "static",
            "non_uniform_scale": [
                1.0,
                0.9999998,
                1.0267068
            ]
        },
        {
            "template_name": "5fdbf4be188692d133ea1f516bc391599d4959b5",
            "translation": [
                17.5946712,
                1.9310009,
                -17.3828277
            ],
            "rotation": [
                0.7071068,
                0.0,
                -0.7071067,
                0.0
            ],
            "motion_type": "static",
            "non_uniform_scale": [
                1.3666235,
                1.2611247,
                1.3409605
            ]
        },
        {
            "template_name": "c37e1c6105bc43c44c14b8fb371b0d3c843ec313",
            "translation": [
                18.32238,
                0.9000008,
                -15.7905597
            ],
            "rotation": [
                0.7071068,
                0.0,
                -0.7071067,
                0.0
            ],
            "motion_type": "static"
        },
        {
            "template_name": "6acafe4f37b17ff0c33d22c8dc3fede1bddc67de",
            "translation": [
                18.1791801,
                8.940696716308594e-07,
                -15.1133384
            ],
            "rotation": [
                0.7071068,
                0.0,
                -0.7071067,
                0.0
            ],
            "motion_type": "static"
        },
        {
            "template_name": "0d6acbc9f35c8834a605e284167f44c84582a975",
            "translation": [
                6.6209602,
                1.9080007,
                -15.5004091
            ],
            "rotation": [
                0.7071068,
                0.7071067,
                0.0,
                0.0
            ],
            "motion_type": "static"
        },
        {
            "template_name": "9dafbaa075585d1a841f489e1e24d6bea287353c",
            "translation": [
                12.1157798,
                1.7500003,
                -11.701909
            ],
            "rotation": [
                -0.5,
                -0.5,
                0.5,
                -0.4999999
            ],
            "motion_type": "static"
        },
        {
            "template_name": "e8e05338d973e1845aea18072e1086cadaf6a1e6",
            "translation": [
                3.3112299,
                1.7500009,
                -16.7518787
            ],
            "rotation": [
                0.4999999,
                0.4999999,
                0.5,
                -0.5
            ],
            "motion_type": "static"
        },
        {
            "template_name": "15fd76731eb2ab4f95afe8e118adacd72b7e060f",
            "translation": [
                17.9426803,
                1.9310009,
                -17.349039
            ],
            "rotation": [
                0.9999945,
                0.0,
                -0.0032826,
                0.0
            ],
            "motion_type": "static"
        },
        {
            "template_name": "b1079e13d67a9a12e1db786ff756ccc06a3eacea",
            "translation": [
                4.8660902,
                0.8382008,
                -16.0261878
            ],
            "rotation": [
                0.0655912,
                0.0,
                0.9978464,
                0.0
            ],
            "motion_type": "static"
        },
        {
            "template_name": "1779f202a3be463c1d6775a702a7dacf93d5ff4a",
            "translation": [
                18.2438602,
                5.960464477539062e-07,
                -10.2456188
            ],
            "motion_type": "static"
        },
        {
            "template_name": "caf437fa65ab3954bd8757ad9e2bb79e4e267a0e",
            "translation": [
                12.7591295,
                0.0010004,
                -9.8962392
            ],
            "rotation": [
                0.9659258,
                0.0,
                0.258819,
                0.0
            ],
            "motion_type": "static"
        },
        {
            "template_name": "4e7c0162c2ef3d86bbdeff5ff3621c6ee983bc37",
            "translation": [
                11.8109798,
                8.940696716308594e-07,
                -15.195609
            ],
            "motion_type": "static"
        },
        {
            "template_name": "8ac08422ca27a442ec61177d7419e94e36809719",
            "translation": [
                3.6454,
                6.854534149169922e-07,
                -11.3356733
            ],
            "rotation": [
                0.0,
                0.0,
                1.0,
                0.0
            ],
            "motion_type": "static"
        },
        {
            "template_name": "91295afb8547ff1e36430144e78f212e308c4085",
            "translation": [
                8.02637,
                8.195638656616211e-07,
                -13.7989683
            ],
            "rotation": [
                0.7071068,
                0.0,
                0.7071067,
                0.0
            ],
            "motion_type": "static"
        },
        {
            "template_name": "94da0a889aea94aeb3e0cd8da7cc94c2fb36f6cb",
            "translation": [
                16.5018005,
                4.996545612812042e-07,
                -8.3849792
            ],
            "rotation": [
                0.7071068,
                0.0,
                0.7071067,
                0.0
            ],
            "motion_type": "static"
        },
        {
            "template_name": "de2910b67b17dba478964391c0dabbaadbf8c4fd",
            "translation": [
                11.1368846,
                8.344650268554688e-07,
                -14.0616283
            ],
            "rotation": [
                0.7071068,
                0.0,
                -0.7071067,
                0.0
            ],
            "motion_type": "static"
        },
        {
            "template_name": "de2910b67b17dba478964391c0dabbaadbf8c4fd",
            "translation": [
                11.1619052,
                8.046627044677734e-07,
                -13.3756437
            ],
            "rotation": [
                -0.6800016,
                0.0,
                0.7332106,
                0.0
            ],
            "motion_type": "static"
        },
        {
            "template_name": "de2910b67b17dba478964391c0dabbaadbf8c4fd",
            "translation": [
                10.5193099,
                8.642673492431641e-07,
                -14.7239637
            ],
            "motion_type": "static"
        },
        {
            "template_name": "de2910b67b17dba478964391c0dabbaadbf8c4fd",
            "translation": [
                10.5340795,
                7.748603820800781e-07,
                -12.7546749
            ],
            "rotation": [
                0.0,
                0.0,
                1.0,
                0.0
            ],
            "motion_type": "static"
        },
        {
            "template_name": "c1f6c57fa38f763b7921728ffff954bc26f7eec6",
            "translation": [
                8.2522001,
                1.7500009,
                -20.0855579
            ],
            "rotation": [
                -0.5,
                -0.5,
                0.5,
                -0.4999999
            ],
            "motion_type": "static"
        },
        {
            "template_name": "8c8e3efa817206e3928d344a8ea068f81eddfc8f",
            "translation": [
                13.81989,
                1.7500002,
                -5.9377899
            ],
            "rotation": [
                0.0,
                0.0,
                0.7071068,
                -0.7071067
            ],
            "motion_type": "static"
        },
        {
            "template_name": "21733e666c206ebc64cfac5d4342d7c3455dd38b",
            "translation": [
                10.3507804,
                8.004717528820038e-07,
                -13.428668
            ],
            "rotation": [
                -0.3073914,
                0.0,
                0.951583,
                0.0
            ],
            "motion_type": "static"
        },
        {
            "template_name": "6e091b64e3db98057bec72d11b39f76f7c823487",
            "translation": [
                5.1901001,
                0.0150007,
                -12.4916286
            ],
            "rotation": [
                0.7071068,
                0.0,
                -0.7071067,
                0.0
            ],
            "motion_type": "static"
        },
        {
            "template_name": "6e091b64e3db98057bec72d11b39f76f7c823487",
            "translation": [
                18.0639915,
                3.5762786865234375e-07,
                -6.2056093
            ],
            "rotation": [
                0.0,
                0.0,
                1.0,
                0.0
            ],
            "motion_type": "static"
        },
        {
            "template_name": "8d017fc7709614540587256fc11b809c9d7dc570",
            "translation": [
                14.6975698,
                1.0160001,
                -7.6976094
            ],
            "rotation": [
                0.7071068,
                0.0,
                0.7071067,
                0.0
            ],
            "motion_type": "static"
        },
        {
            "template_name": "7aed5392034e7b465696668a62be741a0f82c212",
            "translation": [
                13.11524,
                1.2e-06,
                -20.4136581
            ],
            "rotation": [
                0.7132502,
                0.0,
                -0.700909,
                0.0
            ],
            "motion_type": "static"
        },
        {
            "template_name": "c27179f707d3f7afa65dfe1daf842ab250997a5b",
            "translation": [
                7.7010998,
                1.7496503,
                -11.0153789
            ],
            "rotation": [
                0.0,
                0.0,
                0.7071068,
                -0.7071067
            ],
            "motion_type": "static"
        },
        {
            "template_name": "7934511792a77530082d233d482b8e2450a2c890",
            "translation": [
                15.9123201,
                0.9000005,
                -17.2186183
            ],
            "rotation": [
                0.7071068,
                0.0,
                0.7071067,
                0.0
            ],
            "motion_type": "static",
            "non_uniform_scale": [
                -0.9394385,
                0.9999998,
                0.7989794
            ]
        },
        {
            "template_name": "c03f04a67b9d698f19a0bec08b897b4ebb87ce75",
            "translation": [
                18.4791812,
                1.7500505,
                -13.2108192
            ],
            "rotation": [
                -0.5,
                -0.5,
                0.5,
                -0.4999999
            ],
            "motion_type": "static"
        },
        {
            "template_name": "04935a19ff917a71458e2550d1b6459119282f63",
            "translation": [
                11.6108102,
                3.5762786865234375e-07,
                -5.7479991
            ],
            "rotation": [
                0.0,
                0.0,
                1.0,
                0.0
            ],
            "motion_type": "static"
        },
        {
            "template_name": "04935a19ff917a71458e2550d1b6459119282f63",
            "translation": [
                10.6108102,
                3.5762786865234375e-07,
                -5.7479991
            ],
            "rotation": [
                0.0,
                0.0,
                1.0,
                0.0
            ],
            "motion_type": "static"
        },
        {
            "template_name": "04935a19ff917a71458e2550d1b6459119282f63",
            "translation": [
                9.6108102,
                3.5762786865234375e-07,
                -5.7479991
            ],
            "rotation": [
                0.0,
                0.0,
                1.0,
                0.0
            ],
            "motion_type": "static"
        },
        {
            "template_name": "04935a19ff917a71458e2550d1b6459119282f63",
            "translation": [
                8.6108102,
                3.5762786865234375e-07,
                -5.7679996
            ],
            "motion_type": "static"
        },
        {
            "template_name": "04935a19ff917a71458e2550d1b6459119282f63",
            "translation": [
                7.6108098,
                3.5762786865234375e-07,
                -5.7679996
            ],
            "motion_type": "static"
        },
        {
            "template_name": "04935a19ff917a71458e2550d1b6459119282f63",
            "translation": [
                6.6108098,
                3.5762786865234375e-07,
                -5.7679996
            ],
            "motion_type": "static"
        },
        {
            "template_name": "04935a19ff917a71458e2550d1b6459119282f63",
            "translation": [
                5.6108098,
                3.5762786865234375e-07,
                -5.7679996
            ],
            "motion_type": "static"
        },
        {
            "template_name": "04935a19ff917a71458e2550d1b6459119282f63",
            "translation": [
                4.6108098,
                3.5762786865234375e-07,
                -5.7479991
            ],
            "rotation": [
                0.0,
                0.0,
                1.0,
                0.0
            ],
            "motion_type": "static"
        },
        {
            "template_name": "04935a19ff917a71458e2550d1b6459119282f63",
            "translation": [
                3.61081,
                3.5762786865234375e-07,
                -5.7679996
            ],
            "motion_type": "static"
        },
        {
            "template_name": "04935a19ff917a71458e2550d1b6459119282f63",
            "translation": [
                2.6830801,
                5.960464477539062e-07,
                -10.4951286
            ],
            "rotation": [
                0.7071068,
                0.0,
                -0.7071067,
                0.0
            ],
            "motion_type": "static"
        },
        {
            "template_name": "04935a19ff917a71458e2550d1b6459119282f63",
            "translation": [
                2.6630802,
                5.960464477539062e-07,
                -9.4951286
            ],
            "rotation": [
                0.7071068,
                0.0,
                0.7071067,
                0.0
            ],
            "motion_type": "static"
        },
        {
            "template_name": "04935a19ff917a71458e2550d1b6459119282f63",
            "translation": [
                2.6630802,
                3.5762786865234375e-07,
                -6.4951295
            ],
            "rotation": [
                0.7071068,
                0.0,
                0.7071067,
                0.0
            ],
            "motion_type": "static"
        },
        {
            "template_name": "04935a19ff917a71458e2550d1b6459119282f63",
            "translation": [
                2.6630802,
                3.5762786865234375e-07,
                -5.8731093
            ],
            "rotation": [
                0.7071068,
                0.0,
                0.7071067,
                0.0
            ],
            "motion_type": "static",
            "non_uniform_scale": [
                0.2440398,
                0.9999998,
                0.9999998
            ]
        },
        {
            "template_name": "04935a19ff917a71458e2550d1b6459119282f63",
            "translation": [
                2.8874099,
                3.5762786865234375e-07,
                -5.7679996
            ],
            "motion_type": "static",
            "non_uniform_scale": [
                0.44679,
                0.9999998,
                0.9999998
            ]
        },
        {
            "template_name": "59d4630af6aee8b19660537466b52f2c26a74c19",
            "translation": [
                18.1791801,
                9.5367431640625e-07,
                -16.0769977
            ],
            "rotation": [
                0.7071068,
                0.0,
                -0.7071067,
                0.0
            ],
            "motion_type": "static",
            "non_uniform_scale": [
                1.1518881,
                0.9999998,
                0.9999998
            ]
        },
        {
            "template_name": "9e2dc2a39745fc9e834a329d18c18f63db0ac0c9",
            "translation": [
                5.77745,
                1.1e-06,
                -19.1710376
            ],
            "motion_type": "static"
        },
        {
            "template_name": "3d3a3d0eab490f7c357ea068c39d2286e7807cb6",
            "translation": [
                5.0089898,
                0.8382008,
                -15.9135694
            ],
            "rotation": [
                0.9999917,
                0.0,
                0.0040433,
                0.0
            ],
            "motion_type": "static"
        },
        {
            "template_name": "4599c7245ffbda15ce5bf156b932d9d7b71040d1",
            "translation": [
                15.9739198,
                1.7500003,
                -10.8251791
            ],
            "rotation": [
                0.7071068,
                0.7071067,
                0.0,
                0.0
            ],
            "motion_type": "static"
        },
        {
            "template_name": "f9c97fa13ad1d2f311069af118476726a3b568d4",
            "translation": [
                12.7770071,
                3.5762786865234375e-07,
                -6.7887396
            ],
            "rotation": [
                0.0,
                0.0,
                1.0,
                0.0
            ],
            "motion_type": "static",
            "non_uniform_scale": [
                -1.0473332,
                0.9999998,
                1.2160139
            ]
        },
        {
            "template_name": "2002118dd15dda65a38edb49ee7808dedadc4a96",
            "translation": [
                16.29323,
                0.9144008,
                -15.1183099
            ],
            "rotation": [
                0.7071068,
                0.0,
                -0.7071067,
                0.0
            ],
            "motion_type": "static",
            "non_uniform_scale": [
                1.2918634,
                0.9999998,
                1.2626775
            ]
        },
        {
            "template_name": "9406d991d4c026e8ca08e5583634bed76b4cd9f0",
            "translation": [
                4.6514396,
                8.940696716308594e-07,
                -15.2005786
            ],
            "motion_type": "static"
        },
        {
            "template_name": "566f5cb3895ccaf20192b685f64b070658db775b",
            "translation": [
                17.8071098,
                1.4150009,
                -17.5199432
            ],
            "rotation": [
                0.7071068,
                0.7071067,
                0.0,
                0.0
            ],
            "motion_type": "static",
            "non_uniform_scale": [
                1.6801624,
                1.328269,
                0.9999998
            ]
        },
        {
            "template_name": "566f5cb3895ccaf20192b685f64b070658db775b",
            "translation": [
                17.8058204,
                1.9150009,
                -17.5199489
            ],
            "rotation": [
                0.7071068,
                0.7071067,
                0.0,
                0.0
            ],
            "motion_type": "static",
            "non_uniform_scale": [
                1.6833999,
                1.3009227,
                0.9999998
            ]
        },
        {
            "template_name": "8312990d94806a278f96710e662f98a9791fb892",
            "translation": [
                18.4791793,
                1.7500007,
                -13.5836687
            ],
            "rotation": [
                -0.5,
                -0.5,
                0.5,
                -0.4999999
            ],
            "motion_type": "static"
        },
        {
            "template_name": "9551b3c01602dbfa04ad9be0a4b47ac1b8cc650b",
            "translation": [
                16.0847206,
                6.877817213535309e-07,
                -11.5422887
            ],
            "rotation": [
                0.7071068,
                0.0,
                -0.7071067,
                0.0
            ],
            "motion_type": "static"
        },
        {
            "template_name": "ea233d6e83ef6d189dc92600b820430307b58cea",
            "translation": [
                14.7274999,
                1.0160001,
                -7.5165095
            ],
            "rotation": [
                0.7071068,
                0.0,
                -0.7071067,
                0.0
            ],
            "motion_type": "static"
        },
        {
            "template_name": "9f80137daec3d6e2c6fdfbd91b1350a24ad71916",
            "translation": [
                13.1468992,
                9.997747838497162e-07,
                -19.8777084
            ],
            "rotation": [
                0.700909,
                0.0,
                0.7132502,
                0.0
            ],
            "motion_type": "static"
        },
        {
            "template_name": "bc59d29d1dd89583b138da32dd3a25916c4dd684",
            "translation": [
                12.9454002,
                1.7500003,
                -9.2522687
            ],
            "rotation": [
                0.7071068,
                0.7071067,
                0.0,
                0.0
            ],
            "motion_type": "static"
        },
        {
            "template_name": "36def4dd118b2513c1c4153a5160263f191dcbb0",
            "translation": [
                17.3559703,
                1.7500003,
                -11.0151834
            ],
            "rotation": [
                0.0,
                0.0,
                0.7071068,
                -0.7071067
            ],
            "motion_type": "static"
        },
        {
            "template_name": "33f6ec08767e11d7dc6d51d2b3cb5d60b43c17b1",
            "translation": [
                15.9688301,
                1.7500003,
                -11.0151834
            ],
            "rotation": [
                0.0,
                0.0,
                0.7071068,
                -0.7071067
            ],
            "motion_type": "static"
        },
        {
            "template_name": "af08885f6ce657eff10dd899244cd628a73da63e",
            "translation": [
                18.3409538,
                1.9310009,
                -17.2762489
            ],
            "motion_type": "static"
        },
        {
            "template_name": "af08885f6ce657eff10dd899244cd628a73da63e",
            "translation": [
                5.5260148,
                0.8500006,
                -15.9843912
            ],
            "rotation": [
                0.9659258,
                0.0,
                0.258819,
                0.0
            ],
            "motion_type": "static"
        },
        {
            "template_name": "0234d7b08ff7e6bc20360183fbee9f9f1de895db",
            "translation": [
                12.3057804,
                1.7500002,
                -11.015089
            ],
            "rotation": [
                0.4999999,
                0.4999999,
                0.5,
                -0.5
            ],
            "motion_type": "static"
        },
        {
            "template_name": "be1129f24ec88d04fc8e003033efa3c97d40187b",
            "translation": [
                12.3392782,
                1.1e-06,
                -19.6547126
            ],
            "rotation": [
                0.9999619,
                0.0,
                0.0087264,
                0.0
            ],
            "motion_type": "static"
        },
        {
            "template_name": "074f67e54078e7d67afcc490f00e4004bdc73514",
            "translation": [
                4.31709,
                0.6400009,
                -21.4680385
            ],
            "motion_type": "static"
        },
        {
            "template_name": "d8b29a7849dcae6c2a016b4f76d4e918def7ca65",
            "translation": [
                6.5968799,
                8.195638656616211e-07,
                -13.7490644
            ],
            "rotation": [
                0.0,
                0.0,
                1.0,
                0.0
            ],
            "motion_type": "static"
        },
        {
            "template_name": "1102767fee01f1f093353f120f091d2cb2344245",
            "translation": [
                4.2638592,
                8.344650268554688e-07,
                -14.1991701
            ],
            "rotation": [
                -0.4656144,
                0.0,
                0.8849874,
                0.0
            ],
            "motion_type": "static",
            "non_uniform_scale": [
                0.8547104,
                0.9999998,
                0.8662564
            ]
        },
        {
            "template_name": "f1baec5e20e8368e3dfad52b1523ab0cb14800ce",
            "translation": [
                18.2960586,
                0.9000008,
                -17.0202674
            ],
            "motion_type": "static",
            "non_uniform_scale": [
                0.8135051,
                0.9999998,
                0.8000257
            ]
        },
        {
            "template_name": "3e2f125ae0bce7a56defdc98097ff70214eae0c0",
            "translation": [
                3.89783,
                2.8000006,
                -13.2606983
            ],
            "rotation": [
                0.0,
                0.0,
                1.0,
                0.0
            ],
            "motion_type": "static",
            "non_uniform_scale": [
                1.0,
                1.0,
                0.8982079
            ]
        },
        {
            "template_name": "3e2f125ae0bce7a56defdc98097ff70214eae0c0",
            "translation": [
                5.2718,
                2.8000006,
                -13.2606983
            ],
            "rotation": [
                0.0,
                0.0,
                1.0,
                0.0
            ],
            "motion_type": "static",
            "non_uniform_scale": [
                1.0,
                1.0,
                0.8982079
            ]
        },
        {
            "template_name": "3e2f125ae0bce7a56defdc98097ff70214eae0c0",
            "translation": [
                6.65381,
                2.8000006,
                -13.2606983
            ],
            "rotation": [
                0.0,
                0.0,
                1.0,
                0.0
            ],
            "motion_type": "static",
            "non_uniform_scale": [
                1.0,
                1.0,
                0.8982079
            ]
        },
        {
            "template_name": "3e2f125ae0bce7a56defdc98097ff70214eae0c0",
            "translation": [
                8.0743799,
                2.8000006,
                -13.2993984
            ],
            "rotation": [
                0.0,
                0.0,
                1.0,
                0.0
            ],
            "motion_type": "static",
            "non_uniform_scale": [
                1.0,
                1.0,
                0.8982079
            ]
        },
        {
            "template_name": "3e2f125ae0bce7a56defdc98097ff70214eae0c0",
            "translation": [
                9.5419397,
                2.8000006,
                -13.2606983
            ],
            "rotation": [
                0.0,
                0.0,
                1.0,
                0.0
            ],
            "motion_type": "static",
            "non_uniform_scale": [
                1.0,
                1.0,
                0.8982079
            ]
        },
        {
            "template_name": "3e2f125ae0bce7a56defdc98097ff70214eae0c0",
            "translation": [
                11.0390596,
                2.8000006,
                -13.2606983
            ],
            "rotation": [
                0.0,
                0.0,
                1.0,
                0.0
            ],
            "motion_type": "static",
            "non_uniform_scale": [
                1.0,
                1.0,
                0.8982079
            ]
        },
        {
            "template_name": "b672c86af96ff069503760f15485f4f6f7174eb2",
            "translation": [
                16.0473709,
                7.152557373046875e-07,
                -12.3389997
            ],
            "motion_type": "static"
        },
        {
            "template_name": "f4dfb1284c71db8a36d38366191b11bffc1a0aad",
            "translation": [
                10.9895801,
                9.5367431640625e-07,
                -19.6720943
            ],
            "motion_type": "static",
            "non_uniform_scale": [
                1.0,
                0.9999998,
                1.1550487
            ]
        },
        {
            "template_name": "424d7e7d258370736e6cfdbad2b253e521f80c79",
            "translation": [
                18.1791801,
                8.344650268554688e-07,
                -14.0500593
            ],
            "rotation": [
                0.7071068,
                0.0,
                0.7071067,
                0.0
            ],
            "motion_type": "static",
            "non_uniform_scale": [
                1.074318,
                0.9999998,
                0.9999998
            ]
        },
        {
            "template_name": "5277bce5d54fba0ab5ee869ed623932b447457d4",
            "translation": [
                4.26094,
                1e-06,
                -16.9518489
            ],
            "rotation": [
                0.2092466,
                0.0,
                0.9778627,
                0.0
            ],
            "motion_type": "static"
        },
        {
            "template_name": "0beacceb2745b82153ec62fed64b5dc6bc4a4bfb",
            "translation": [
                7.9255213,
                7.301568984985352e-07,
                -12.2153491
            ],
            "rotation": [
                0.9999904,
                0.0,
                -0.0043632,
                0.0
            ],
            "motion_type": "static"
        },
        {
            "template_name": "0e3f31820718c4195b9884dbdf9015035f66dae0",
            "translation": [
                18.3306388,
                6.258487701416016e-07,
                -10.5644989
            ],
            "rotation": [
                0.7071068,
                0.0,
                -0.7071067,
                0.0
            ],
            "motion_type": "static"
        },
        {
            "template_name": "26a38271fb04e01cc4ae5f6cabad71f37a69231b",
            "translation": [
                10.1800098,
                1e-06,
                -19.9008178
            ],
            "motion_type": "static"
        },
        {
            "template_name": "2aa77bff30ed984060db76a7b82bb755e2d3eebf",
            "translation": [
                16.3361988,
                8.940696716308594e-07,
                -14.8785982
            ],
            "rotation": [
                0.7071068,
                0.0,
                -0.7071067,
                0.0
            ],
            "motion_type": "static",
            "non_uniform_scale": [
                1.3412131,
                0.9999998,
                1.5779292
            ]
        },
        {
            "template_name": "a8d0478202624c27a666b36813e6c0758fa63913",
            "translation": [
                17.3914146,
                4.76837158203125e-07,
                -8.2196483
            ],
            "rotation": [
                0.7071068,
                0.0,
                -0.7071067,
                0.0
            ],
            "motion_type": "static",
            "non_uniform_scale": [
                1.0003496,
                0.9999998,
                0.9999998
            ]
        },
        {
            "template_name": "c362dc997e0028ee945c31994af1f650cd326204",
            "translation": [
                17.3484802,
                1.931001,
                -17.4094181
            ],
            "rotation": [
                0.0,
                0.0,
                1.0,
                0.0
            ],
            "motion_type": "static"
        },
        {
            "template_name": "2cf2504a8f09e07d65c3678b24b38730c673e0e8",
            "translation": [
                5.4611101,
                1.7500008,
                -15.8276042
            ],
            "rotation": [
                0.0,
                0.0,
                0.7071068,
                -0.7071067
            ],
            "motion_type": "static"
        },
        {
            "template_name": "9fabba5db21e2aa71b41ca30c03e6dd1fada44d5",
            "translation": [
                8.1161499,
                9.5367431640625e-07,
                -15.0756692
            ],
            "motion_type": "static"
        },
        {
            "template_name": "9fabba5db21e2aa71b41ca30c03e6dd1fada44d5",
            "translation": [
                7.8278002,
                1.3e-06,
                -21.2196483
            ],
            "rotation": [
                0.7071068,
                0.0,
                0.7071067,
                0.0
            ],
            "motion_type": "static"
        },
        {
            "template_name": "664b0b7e08d711a0462aea8be8463789fa091a26",
            "translation": [
                18.4791793,
                1.7499003,
                -11.8034782
            ],
            "rotation": [
                -0.5,
                -0.5,
                0.5,
                -0.4999999
            ],
            "motion_type": "static",
            "non_uniform_scale": [
                1.1598813,
                0.9999998,
                0.9999998
            ]
        },
        {
            "template_name": "5d12fb4282b751cbfb9388ee513d724f10e91750",
            "translation": [
                10.2933797,
                1.7500009,
                -21.1784572
            ],
            "rotation": [
                -0.5,
                -0.5,
                0.5,
                -0.4999999
            ],
            "motion_type": "static"
        },
        {
            "template_name": "d7c839146e84643d034b5eff9b1142e5445af7af",
            "translation": [
                9.3695497,
                1.1e-06,
                -21.2050876
            ],
            "motion_type": "static",
            "non_uniform_scale": [
                1.0300054,
                0.9999998,
                1.0158822
            ]
        },
        {
            "template_name": "524036b6b162680ba9847dce0c7ba2c6386f5dba",
            "translation": [
                4.26512,
                9.08970832824707e-07,
                -15.1265392
            ],
            "motion_type": "static"
        },
        {
            "template_name": "b6b95492f92d8ac159df347bc372a644f9cb21f4",
            "translation": [
                9.7834901,
                8.195638656616211e-07,
                -13.8113298
            ],
            "rotation": [
                0.7071068,
                0.0,
                -0.7071067,
                0.0
            ],
            "motion_type": "static"
        },
        {
            "template_name": "688eb70a1afb2467d04303fe35f9a59ebc47acc1",
            "translation": [
                13.9326906,
                1.3e-06,
                -22.1702976
            ],
            "rotation": [
                0.7071068,
                0.0,
                -0.7071067,
                0.0
            ],
            "motion_type": "static"
        },
        {
            "template_name": "688eb70a1afb2467d04303fe35f9a59ebc47acc1",
            "translation": [
                11.6452598,
                1.3e-06,
                -22.2070388
            ],
            "rotation": [
                0.7071068,
                0.0,
                0.7071067,
                0.0
            ],
            "motion_type": "static"
        },
        {
            "template_name": "18d33c5c5df8b177bab1b8d8673ff67e58de0bb8",
            "translation": [
                13.7838191,
                1.7500003,
                -9.2522687
            ],
            "rotation": [
                0.7071068,
                0.7071067,
                0.0,
                0.0
            ],
            "motion_type": "static"
        },
        {
            "template_name": "9a83e5e3d52cf0644b1819425d24119ca176e4d9",
            "translation": [
                5.7695951,
                1e-06,
                -20.5371398
            ],
            "motion_type": "static"
        },
        {
            "template_name": "5780377a36497db36e4a59049d08f5434b730a69",
            "translation": [
                16.2630596,
                8.936040103435516e-07,
                -14.9887084
            ],
            "rotation": [
                0.7071068,
                0.0,
                -0.7071067,
                0.0
            ],
            "motion_type": "static"
        },
        {
            "template_name": "f4ed79fe7493f976c65ef6ce0d054869a6744e8d",
            "translation": [
                16.3131389,
                1.6650005,
                -12.7881793
            ],
            "rotation": [
                0.0,
                0.0,
                0.7071068,
                -0.7071067
            ],
            "motion_type": "static"
        },
        {
            "template_name": "xxxx979e6d6dx9e4dx4a29xbba1xbb6bebeabdeb",
            "translation": [
                15.3621702,
                8.344650268554688e-07,
                -14.2422285
            ],
            "rotation": [
                0.7071068,
                0.0,
                0.7071067,
                0.0
            ],
            "motion_type": "static"
        },
        {
            "template_name": "xxxx979e6d6dx9e4dx4a29xbba1xbb6bebeabdeb",
            "translation": [
                15.3621702,
                9.5367431640625e-07,
                -15.6388778
            ],
            "rotation": [
                0.7071068,
                0.0,
                0.7071067,
                0.0
            ],
            "motion_type": "static"
        },
        {
            "template_name": "xxxx979e6d6dx9e4dx4a29xbba1xbb6bebeabdeb",
            "translation": [
                15.3621702,
                8.940696716308594e-07,
                -14.9520683
            ],
            "rotation": [
                0.7071068,
                0.0,
                0.7071067,
                0.0
            ],
            "motion_type": "static"
        },
        {
            "template_name": "223af36e92a0aa97bf08833dfb9365c20e3ec240",
            "translation": [
                3.9058899,
                8.940696716308594e-07,
                -15.0324687
            ],
            "motion_type": "static"
        },
        {
            "template_name": "223af36e92a0aa97bf08833dfb9365c20e3ec240",
            "translation": [
                3.9666597,
                0.6400011,
                -21.4198074
            ],
            "rotation": [
                0.7071068,
                0.0,
                0.7071067,
                0.0
            ],
            "motion_type": "static"
        },
        {
            "template_name": "10acec1913edd61dfc83259d278d7512b85b860d",
            "translation": [
                6.5307002,
                8.060596883296967e-07,
                -13.523179
            ],
            "rotation": [
                0.7071068,
                0.0,
                0.7071067,
                0.0
            ],
            "motion_type": "static",
            "non_uniform_scale": [
                1.3267643,
                0.9999998,
                1.3843828
            ]
        },
        {
            "template_name": "484775a87256c6e7ba3f806b26eecc874199f921",
            "translation": [
                10.1692695,
                9.927898645401e-07,
                -16.6603488
            ],
            "rotation": [
                0.0,
                0.0,
                1.0,
                0.0
            ],
            "motion_type": "static"
        },
        {
            "template_name": "484775a87256c6e7ba3f806b26eecc874199f921",
            "translation": [
                11.6692695,
                9.927898645401e-07,
                -16.6603488
            ],
            "rotation": [
                0.0,
                0.0,
                1.0,
                0.0
            ],
            "motion_type": "static"
        },
        {
            "template_name": "484775a87256c6e7ba3f806b26eecc874199f921",
            "translation": [
                13.3942203,
                6.631016731262207e-07,
                -11.1200799
            ],
            "rotation": [
                0.7071068,
                0.0,
                0.7071067,
                0.0
            ],
            "motion_type": "static"
        },
        {
            "template_name": "484775a87256c6e7ba3f806b26eecc874199f921",
            "translation": [
                13.3942203,
                7.525086402893066e-07,
                -12.6200799
            ],
            "rotation": [
                0.7071068,
                0.0,
                0.7071067,
                0.0
            ],
            "motion_type": "static"
        },
        {
            "template_name": "484775a87256c6e7ba3f806b26eecc874199f921",
            "translation": [
                13.3942203,
                8.419156074523926e-07,
                -14.1200799
            ],
            "rotation": [
                0.7071068,
                0.0,
                0.7071067,
                0.0
            ],
            "motion_type": "static"
        },
        {
            "template_name": "484775a87256c6e7ba3f806b26eecc874199f921",
            "translation": [
                8.6692695,
                9.927898645401e-07,
                -16.6603488
            ],
            "rotation": [
                0.0,
                0.0,
                1.0,
                0.0
            ],
            "motion_type": "static"
        },
        {
            "template_name": "6da53db5c9730fefc2507f1f76b85f7b4c037985",
            "translation": [
                15.2027273,
                1e-06,
                -17.1167621
            ],
            "motion_type": "static",
            "non_uniform_scale": [
                1.4282851,
                1.061571,
                1.0702985
            ]
        },
        {
            "template_name": "5d4c5918e8f7d301d36d21970d18786716dbbb1d",
            "translation": [
                10.0498199,
                1.5981005,
                -17.519947
            ],
            "rotation": [
                0.7071068,
                0.7071067,
                0.0,
                0.0
            ],
            "motion_type": "static"
        },
        {
            "template_name": "de98b1111f074c9927d9a0206b23b3df0969bd9b",
            "translation": [
                13.8289794,
                4.032626748085022e-07,
                -6.7656197
            ],
            "rotation": [
                0.0,
                0.0,
                1.0,
                0.0
            ],
            "motion_type": "static"
        },
        {
            "template_name": "de98b1111f074c9927d9a0206b23b3df0969bd9b",
            "translation": [
                13.4213695,
                4.98257577419281e-07,
                -8.3605594
            ],
            "rotation": [
                0.0,
                0.0,
                1.0,
                0.0
            ],
            "motion_type": "static"
        },
        {
            "template_name": "e0065d23c476ee49cce613cc83541b2181eb6ed6",
            "translation": [
                6.6089229,
                8.940696716308594e-07,
                -15.1246995
            ],
            "motion_type": "static",
            "non_uniform_scale": [
                1.1752796,
                1.2728041,
                1.2440526
            ]
        },
        {
            "template_name": "5bbfd9e1325ca8d3c59e23b35401eeec71424256",
            "translation": [
                16.3822498,
                1e-06,
                -17.2135372
            ],
            "motion_type": "static",
            "non_uniform_scale": [
                1.0,
                0.9999998,
                1.0213663
            ]
        },
        {
            "template_name": "c92c5a97e0aed174b71b174106cfdc9c29fc5d1f",
            "translation": [
                17.5647602,
                1.4310009,
                -17.4793224
            ],
            "rotation": [
                -0.0049434,
                0.0,
                0.9999877,
                0.0
            ],
            "motion_type": "static"
        },
        {
            "template_name": "fcb2d13a1d0e84a2ec046dad8317166fe84ecc89",
            "translation": [
                7.841412,
                7.599592208862305e-07,
                -12.6979036
            ],
            "rotation": [
                0.7101852,
                0.0,
                0.7040147,
                0.0
            ],
            "motion_type": "static"
        },
        {
            "template_name": "e946025ab4168c75d712294a44f37f11cd90ec2c",
            "translation": [
                16.9524307,
                1.7500003,
                -10.8251838
            ],
            "rotation": [
                0.7071068,
                0.7071067,
                0.0,
                0.0
            ],
            "motion_type": "static"
        },
        {
            "template_name": "5086845254b801fe41676cefb9673f7fc3ba8f04",
            "translation": [
                14.6149148,
                1.7500002,
                -9.364479
            ],
            "rotation": [
                0.4999999,
                0.4999999,
                0.5,
                -0.5
            ],
            "motion_type": "static"
        },
        {
            "template_name": "5b393e1c1d59d8877df7e84eb8a9e6bfd3ad5e16",
            "translation": [
                5.4388704,
                0.8382008,
                -16.0928688
            ],
            "rotation": [
                0.9999917,
                0.0,
                0.0040191,
                0.0
            ],
            "motion_type": "static"
        },
        {
            "template_name": "fd4e4f3981b13556a4e92de5efb8b107a92851aa",
            "translation": [
                18.4791793,
                2.0099,
                -7.9706196
            ],
            "rotation": [
                -0.5,
                -0.5,
                0.5,
                -0.4999999
            ],
            "motion_type": "static"
        },
        {
            "template_name": "ac05a558895d021774f34ed90ddbd9398d54ef57",
            "translation": [
                9.3079996,
                1.7500009,
                -17.7099437
            ],
            "rotation": [
                0.0,
                0.0,
                0.7071068,
                -0.7071067
            ],
            "motion_type": "static"
        },
        {
            "template_name": "b6841ebeda34eddf68c66baa380583ffd6bf83fe",
            "translation": [
                16.5025997,
                1.7500003,
                -12.5976543
            ],
            "rotation": [
                0.7071068,
                0.7071067,
                0.0,
                0.0
            ],
            "motion_type": "static"
        },
        {
            "template_name": "b6841ebeda34eddf68c66baa380583ffd6bf83fe",
            "translation": [
                15.5915098,
                1.7500003,
                -12.5976543
            ],
            "rotation": [
                0.7071068,
                0.7071067,
                0.0,
                0.0
            ],
            "motion_type": "static"
        },
        {
            "template_name": "b9be97e2da4e9abd6348004387fb4537112c8d15",
            "translation": [
                5.0507597,
                0.0200008,
                -17.3883972
            ],
            "rotation": [
                0.9662311,
                0.0,
                0.2576768,
                0.0
            ],
            "motion_type": "static"
        },
        {
            "template_name": "1c3ca195a923c9a2a65f1f73b6d6e3256c768399",
            "translation": [
                16.627449,
                6.258487701416016e-07,
                -10.5362396
            ],
            "rotation": [
                0.0,
                0.0,
                1.0,
                0.0
            ],
            "motion_type": "static"
        },
        {
            "template_name": "f7fa6c2b79f15729201201d5a23413aae5fb94c2",
            "translation": [
                11.9004516,
                1.1e-06,
                -20.6892414
            ],
            "rotation": [
                0.8617751,
                0.0,
                0.5072904,
                0.0
            ],
            "motion_type": "static"
        },
        {
            "template_name": "a52b590f3d162eb7d6d332255d7515238d42e307",
            "translation": [
                10.0134601,
                1e-06,
                -20.3146972
            ],
            "rotation": [
                0.7071068,
                0.0,
                -0.7071067,
                0.0
            ],
            "motion_type": "static"
        },
        {
            "template_name": "24b8d40f077e37de0fda3a2e63a5f8e0d7888995",
            "translation": [
                17.6548004,
                1.4310009,
                -17.3594379
            ],
            "rotation": [
                0.9914165,
                0.0,
                -0.1307397,
                0.0
            ],
            "motion_type": "static"
        },
        {
            "template_name": "b282e6a8f93d66a078bf03e16eaaa9821223d1f4",
            "translation": [
                10.0677299,
                9.5367431640625e-07,
                -18.6107082
            ],
            "rotation": [
                0.7071068,
                0.0,
                -0.7071067,
                0.0
            ],
            "motion_type": "static"
        },
        {
            "template_name": "072c0e8de2a9fac36b7a08d0f7f3608f563abcce",
            "translation": [
                14.2150344,
                4.76837158203125e-07,
                -8.3470392
            ],
            "rotation": [
                0.7071068,
                0.0,
                -0.7071067,
                0.0
            ],
            "motion_type": "static"
        },
        {
            "template_name": "a093a5341f0930a9fe1f4e56f337f21e40dbdc21",
            "translation": [
                5.4182395,
                9.5367431640625e-07,
                -16.0699291
            ],
            "rotation": [
                0.0,
                0.0,
                1.0,
                0.0
            ],
            "motion_type": "static"
        },
        {
            "template_name": "b1fa106541c328b43460dbce62396b06183d8e68",
            "translation": [
                17.514101,
                1.7500001,
                -5.9374489
            ],
            "rotation": [
                0.0,
                0.0,
                0.7071068,
                -0.7071067
            ],
            "motion_type": "static"
        },
        {
            "template_name": "c20a0e84afd93a3008f0df44bb00a7fc65913557",
            "translation": [
                4.16469,
                1.1e-06,
                -21.4082317
            ],
            "motion_type": "static"
        },
        {
            "template_name": "fdc07a59b1ffb24d6de5646547d6fe08da8ae5a4",
            "translation": [
                10.5281896,
                8.046627044677734e-07,
                -13.7377786
            ],
            "rotation": [
                0.7071068,
                0.0,
                0.7071067,
                0.0
            ],
            "motion_type": "static"
        },
        {
            "template_name": "02e404b057e77e5fa66690bc55ae14a72ce0635c",
            "translation": [
                4.7072706,
                8.642673492431641e-07,
                -14.6180047
            ],
            "rotation": [
                0.8850929,
                0.0,
                0.4654141,
                0.0
            ],
            "motion_type": "static"
        },
        {
            "template_name": "498ad9602ffa2854cc2e31a54988dbecc0e9d2a9",
            "translation": [
                18.01235,
                2.2206809,
                -17.5199489
            ],
            "rotation": [
                0.7071068,
                0.7071067,
                0.0,
                0.0
            ],
            "motion_type": "static"
        },
        {
            "template_name": "68c028d006d31e75f8d80317f28ab150572ced82",
            "translation": [
                11.4251699,
                1.7500009,
                -17.7099475
            ],
            "rotation": [
                0.0,
                0.0,
                0.7071068,
                -0.7071067
            ],
            "motion_type": "static"
        },
        {
            "template_name": "xxxx47126935x4c1ex4a75xbfa9x28190d1a805c",
            "translation": [
                18.2607803,
                0.9000007,
                -16.0648288
            ],
            "rotation": [
                0.7071068,
                0.0,
                0.7071067,
                0.0
            ],
            "motion_type": "static",
            "non_uniform_scale": [
                0.9999998,
                0.9999883,
                1.0000226
            ]
        },
        {
            "template_name": "3760-1",
            "translation": [
                3.2162299,
                1.5500011,
                -20.4061088
            ],
            "rotation": [
                0.7071067,
                0.0,
                0.7071067,
                0.0
            ],
            "motion_type": "static",
            "non_uniform_scale": [
                -0.9999998,
                0.9999998,
                0.9999998
            ]
        },
        {
            "template_name": "3760-1",
            "translation": [
                3.2162299,
                1.5500011,
                -18.6002483
            ],
            "rotation": [
                0.7071067,
                0.0,
                0.7071067,
                0.0
            ],
            "motion_type": "static",
            "non_uniform_scale": [
                -0.9999998,
                0.9999998,
                0.9999998
            ]
        },
        {
            "template_name": "4380-0",
            "translation": [
                12.8063898,
                1.1200013,
                -22.7847881
            ],
            "motion_type": "static",
            "non_uniform_scale": [
                -1.0,
                0.9999998,
                0.9999998
            ]
        },
        {
            "template_name": "4147-0",
            "translation": [
                16.5261611,
                1.6000008,
                -17.6149482
            ],
            "rotation": [
                0.0,
                0.0,
                1.0,
                0.0
            ],
            "motion_type": "static",
            "non_uniform_scale": [
                -1.0,
                0.9999998,
                0.9999998
            ]
        },
        {
            "template_name": "4147-0",
            "translation": [
                18.5741806,
                1.6000008,
                -14.6318206
            ],
            "rotation": [
                0.7071067,
                0.0,
                0.7071067,
                0.0
            ],
            "motion_type": "static",
            "non_uniform_scale": [
                -0.9999998,
                0.9999998,
                0.9999998
            ]
        },
        {
            "template_name": "4147-0",
            "translation": [
                18.5741806,
                1.6000008,
                -15.6484003
            ],
            "rotation": [
                0.7071067,
                0.0,
                0.7071067,
                0.0
            ],
            "motion_type": "static",
            "non_uniform_scale": [
                -0.9999998,
                0.9999998,
                0.9999998
            ]
        },
        {
            "template_name": "3754-0",
            "translation": [
                18.5741806,
                1.4500005,
                -10.0552787
            ],
            "rotation": [
                0.7071067,
                0.0,
                0.7071067,
                0.0
            ],
            "motion_type": "static",
            "non_uniform_scale": [
                -0.9999998,
                0.9999998,
                0.9999998
            ]
        },
        {
            "template_name": "3754-0",
            "translation": [
                18.5741806,
                1.4500004,
                -6.7540097
            ],
            "rotation": [
                0.7071067,
                0.0,
                0.7071067,
                0.0
            ],
            "motion_type": "static",
            "non_uniform_scale": [
                -0.9999998,
                0.9999998,
                0.9999998
            ]
        },
        {
            "template_name": "3756-0",
            "translation": [
                18.5741806,
                2.0700004,
                -11.813878
            ],
            "rotation": [
                0.7071067,
                0.0,
                0.7071067,
                0.0
            ],
            "motion_type": "static",
            "non_uniform_scale": [
                -0.9999998,
                0.9999998,
                0.9999998
            ]
        },
        {
            "template_name": "3760-1",
            "translation": [
                7.52111,
                1.5500011,
                -21.7318382
            ],
            "motion_type": "static",
            "non_uniform_scale": [
                -1.0,
                0.9999998,
                0.9999998
            ]
        },
        {
            "template_name": "3760-1",
            "translation": [
                4.0293498,
                1.5500011,
                -21.7318382
            ],
            "motion_type": "static",
            "non_uniform_scale": [
                -1.0,
                0.9999998,
                0.9999998
            ]
        },
        {
            "template_name": "3756-0",
            "translation": [
                9.4025602,
                2.0700011,
                -21.7318382
            ],
            "motion_type": "static",
            "non_uniform_scale": [
                -1.0,
                0.9999998,
                0.9999998
            ]
        },
        {
            "template_name": "3754-0",
            "translation": [
                15.8852596,
                1.45,
                -5.8424496
            ],
            "motion_type": "static",
            "non_uniform_scale": [
                -1.0,
                0.9999998,
                0.9999998
            ]
        },
        {
            "template_name": "3762-0",
            "translation": [
                4.5918798,
                1.1200006,
                -10.9201784
            ],
            "rotation": [
                0.0,
                0.0,
                1.0,
                0.0
            ],
            "motion_type": "static",
            "non_uniform_scale": [
                -1.0,
                0.9999998,
                0.9999998
            ]
        },
        {
            "template_name": "3762-0",
            "translation": [
                8.9287204,
                1.1200006,
                -10.9201784
            ],
            "rotation": [
                0.0,
                0.0,
                1.0,
                0.0
            ],
            "motion_type": "static",
            "non_uniform_scale": [
                -1.0,
                0.9999998,
                0.9999998
            ]
        },
        {
            "template_name": "3756-0",
            "translation": [
                12.2107801,
                2.0700001,
                -6.826209
            ],
            "rotation": [
                0.7071068,
                0.0,
                -0.7071067,
                0.0
            ],
            "motion_type": "static",
            "non_uniform_scale": [
                -0.9999998,
                0.9999998,
                0.9999998
            ]
        }
    ],
    "articulated_object_instances": [],
    "stage_instance": {
        "template_name": "stages/102344457",
        "motion_type": "static"
    },
    "user_defined": {
        "scene_filter_file": "scene_filter_files/102344457.rec_filter.json"
    }
}