{
    "translation_origin": "asset_local",
    "default_lighting": "",
    "navmesh_instance": "",
    "object_instances": [
        {
            "template_name": "a02fadd93f936a28bfdc192ccca0f6392c584a65",
            "translation": [
                0.64736,
                2.980232238769531e-07,
                -4.6972894
            ],
            "motion_type": "static"
        },
        {
            "template_name": "be81aaf999380d6654f0243a0d732c752fb4596b",
            "translation": [
                8.552,
                1.4729999,
                0.8303256
            ],
            "motion_type": "static",
            "non_uniform_scale": [
                -0.9985069,
                0.9999998,
                1.0004762
            ]
        },
        {
            "template_name": "cb47ce31bd4309c8b3c99a1d53db43f7046cb489",
            "translation": [
                -3.0070002,
                5.960464477539063e-08,
                -1.0609998
            ],
            "motion_type": "static",
            "non_uniform_scale": [
                1.0,
                0.9999998,
                1.0009646
            ]
        },
        {
            "template_name": "c1234ab69d64785a570dfa67d8dfb636a5a1a738",
            "translation": [
                -1.955,
                3.71,
                -2.3509995
            ],
            "rotation": [
                0.0,
                0.0,
                1.0,
                0.0
            ],
            "motion_type": "static",
            "non_uniform_scale": [
                2.575,
                0.9999998,
                2.4749996
            ]
        },
        {
            "template_name": "5dd6806c8bebc646c1e8467dd3c59b572d9f07af",
            "translation": [
                -2.0094974,
                0.5355489,
                -1.4400504
            ],
            "rotation": [
                0.0,
                0.0,
                0.7071068,
                -0.7071067
            ],
            "motion_type": "static",
            "non_uniform_scale": [
                1.9334193,
                1.0114629,
                1.2769228
            ]
        },
        {
            "template_name": "5204b3fd9affe5ddca8f7aa6e1e6dc823c3a0cf0",
            "translation": [
                -0.6869999,
                1.0690003,
                -7.3969998
            ],
            "rotation": [
                0.9612616,
                0.0,
                -0.2756373,
                0.0
            ],
            "motion_type": "static"
        },
        {
            "template_name": "6809778870743732d618efcd72bbabe37e79a905",
            "translation": [
                -0.442,
                0.0029997,
                3.7689998
            ],
            "rotation": [
                0.7071068,
                0.0,
                0.7071067,
                0.0
            ],
            "motion_type": "static"
        },
        {
            "template_name": "69b8f98ac24206541a5cc89429adc5493a8bff69",
            "translation": [
                -0.436,
                2.319549,
                -7.8949995
            ],
            "rotation": [
                -0.5,
                -0.5,
                0.5,
                -0.4999999
            ],
            "motion_type": "static",
            "non_uniform_scale": [
                0.9999998,
                1.0015172,
                0.9989482
            ]
        },
        {
            "template_name": "0924f26c04f22596eb14b8071dd3dcb60f786e69",
            "translation": [
                -0.606,
                1.0690003,
                -7.2639999
            ],
            "rotation": [
                0.7071068,
                0.0,
                -0.7071067,
                0.0
            ],
            "motion_type": "static"
        },
        {
            "template_name": "29ba050e69589907868d5a1909fa70ade849f0af",
            "translation": [
                -0.7059999,
                4.470348358154297e-07,
                -7.7239999
            ],
            "rotation": [
                0.0,
                0.0,
                1.0,
                0.0
            ],
            "motion_type": "static",
            "non_uniform_scale": [
                0.9995336,
                1.0006086,
                0.9999432
            ]
        },
        {
            "template_name": "2eb6bfe572131fbb6d614412da0a243d5a7d583c",
            "translation": [
                6.7010898,
                2.516,
                -3.1896121
            ],
            "motion_type": "static",
            "non_uniform_scale": [
                0.9984294,
                0.999194,
                0.9984613
            ]
        },
        {
            "template_name": "e84f2079afd9459ad7f7213ce33c23bb61dc4948",
            "translation": [
                8.9477348,
                -4.470348358154297e-08,
                0.8539765
            ],
            "motion_type": "static",
            "non_uniform_scale": [
                0.9992102,
                0.999432,
                0.99921
            ]
        },
        {
            "template_name": "fe989c1324374b664c439d5faf1db3eddd761701",
            "translation": [
                -2.24,
                -9.685754776000977e-08,
                1.6259999
            ],
            "motion_type": "static"
        },
        {
            "template_name": "26e2d9294ce1311bf117498e745addc47c703bdb",
            "translation": [
                -8.1199998,
                2.3189995,
                1.3202502
            ],
            "rotation": [
                -0.5,
                -0.5,
                0.5,
                -0.4999999
            ],
            "motion_type": "static",
            "non_uniform_scale": [
                1.0007731,
                0.9998456,
                0.9997332
            ]
        },
        {
            "template_name": "26e2d9294ce1311bf117498e745addc47c703bdb",
            "translation": [
                -10.2542505,
                2.3189995,
                1.6429998
            ],
            "rotation": [
                0.0,
                0.0,
                0.7071068,
                -0.7071067
            ],
            "motion_type": "static",
            "non_uniform_scale": [
                1.0007734,
                0.9998456,
                0.9997332
            ]
        },
        {
            "template_name": "d39d83b10a9034353d5b5fdb3d39dde23aef98a6",
            "translation": [
                -8.3299999,
                -2.9802322387695312e-08,
                0.5049999
            ],
            "rotation": [
                0.7071068,
                0.0,
                0.7071067,
                0.0
            ],
            "motion_type": "static",
            "non_uniform_scale": [
                1.1553781,
                0.9995212,
                0.6999998
            ]
        },
        {
            "template_name": "d39d83b10a9034353d5b5fdb3d39dde23aef98a6",
            "translation": [
                -10.3400001,
                -2.9802322387695312e-08,
                0.4999999
            ],
            "rotation": [
                0.7071068,
                0.0,
                -0.7071067,
                0.0
            ],
            "motion_type": "static",
            "non_uniform_scale": [
                1.1553781,
                0.9995212,
                0.7833331
            ]
        },
        {
            "template_name": "d39d83b10a9034353d5b5fdb3d39dde23aef98a6",
            "translation": [
                -10.3400001,
                0.0,
                -0.0799999
            ],
            "rotation": [
                0.7071068,
                0.0,
                -0.7071067,
                0.0
            ],
            "motion_type": "static",
            "non_uniform_scale": [
                1.1553781,
                0.9995212,
                0.7833331
            ]
        },
        {
            "template_name": "d39d83b10a9034353d5b5fdb3d39dde23aef98a6",
            "translation": [
                -10.3400001,
                2.9802322387695312e-08,
                -0.6599999
            ],
            "rotation": [
                0.7071068,
                0.0,
                -0.7071067,
                0.0
            ],
            "motion_type": "static",
            "non_uniform_scale": [
                1.1553781,
                0.9995212,
                0.7833331
            ]
        },
        {
            "template_name": "c62bd3f57959ef6e18c81d003f3c55fdde452e52",
            "translation": [
                1.1001199,
                2.384185791015625e-07,
                -3.9136798
            ],
            "rotation": [
                -0.2503799,
                0.0,
                0.9681476,
                0.0
            ],
            "motion_type": "static"
        },
        {
            "template_name": "584e1b94f98589eb4df1b66cb6e6ebab53a014d0",
            "translation": [
                -0.6669999,
                2.3345003,
                -8.2139997
            ],
            "rotation": [
                0.0,
                0.0,
                0.7071068,
                -0.7071067
            ],
            "motion_type": "static",
            "non_uniform_scale": [
                0.9991604,
                1.0007179,
                0.9999998
            ]
        },
        {
            "template_name": "584e1b94f98589eb4df1b66cb6e6ebab53a014d0",
            "translation": [
                -3.809,
                2.3345003,
                -8.2139997
            ],
            "rotation": [
                0.0,
                0.0,
                0.7071068,
                -0.7071067
            ],
            "motion_type": "static",
            "non_uniform_scale": [
                0.9991604,
                1.0007179,
                0.9999998
            ]
        },
        {
            "template_name": "31bc98d01d1e18361375f8f153d83e34a5a3dcc5",
            "translation": [
                -6.1188993,
                0.9941098,
                0.5977399
            ],
            "rotation": [
                0.7071068,
                0.0,
                -0.7071067,
                0.0
            ],
            "motion_type": "static"
        },
        {
            "template_name": "33c1689bc5fb3b6f599f261ad069d9510804deb9",
            "translation": [
                5.0199999,
                2.384185791015625e-07,
                -3.5299358
            ],
            "motion_type": "static",
            "non_uniform_scale": [
                1.46,
                1.2181872,
                1.1883441
            ]
        },
        {
            "template_name": "9d6f7ffc13419fcf23d54f272a6ef3f87684e53b",
            "translation": [
                -7.4889998,
                2.384185791015625e-07,
                -4.0409994
            ],
            "rotation": [
                0.7071068,
                0.0,
                0.7071067,
                0.0
            ],
            "motion_type": "static",
            "non_uniform_scale": [
                1.0003713,
                0.999935,
                1.0003165
            ]
        },
        {
            "template_name": "0de6d641b47727ad31bcc723282fca16686e3709",
            "translation": [
                9.1304044,
                -1.7881393432617188e-07,
                2.8504161
            ],
            "rotation": [
                -0.5519369,
                0.0,
                0.8338858,
                0.0
            ],
            "motion_type": "static",
            "non_uniform_scale": [
                0.9994589,
                0.9999997,
                1.0002875
            ]
        },
        {
            "template_name": "0de6d641b47727ad31bcc723282fca16686e3709",
            "translation": [
                9.0681447,
                -8.940696716308594e-08,
                1.6743561
            ],
            "rotation": [
                0.8910065,
                0.0,
                -0.4539905,
                0.0
            ],
            "motion_type": "static",
            "non_uniform_scale": [
                0.999459,
                0.9999997,
                1.0002875
            ]
        },
        {
            "template_name": "9e040bd2a3693d9a6d71f614b1c3599a7022a63a",
            "translation": [
                0.64736,
                3.71,
                -4.8658194
            ],
            "rotation": [
                0.0,
                0.0,
                1.0,
                0.0
            ],
            "motion_type": "static"
        },
        {
            "template_name": "68ff1097f76976c669353c9e85003ebaed75f7b0",
            "translation": [
                -10.3769998,
                1.1920928955078125e-07,
                -1.5039998
            ],
            "rotation": [
                0.7071068,
                0.0,
                0.7071067,
                0.0
            ],
            "motion_type": "static",
            "non_uniform_scale": [
                1.0002164,
                0.9999998,
                0.9988425
            ]
        },
        {
            "template_name": "f1a090d794cf38e36a584e07672edf7ad1a70f8a",
            "translation": [
                -2.0530002,
                0.0129997,
                4.6370005
            ],
            "rotation": [
                0.9659258,
                0.0,
                0.258819,
                0.0
            ],
            "motion_type": "static",
            "non_uniform_scale": [
                0.9997008,
                1.0,
                0.9997007
            ]
        },
        {
            "template_name": "003949689122adfc2370d64c0615edc1b257db83",
            "translation": [
                -2.266,
                0.0029997,
                4.6989994
            ],
            "motion_type": "static",
            "non_uniform_scale": [
                0.9998359,
                0.9999998,
                1.0
            ]
        },
        {
            "template_name": "623f97da1329d12e5c0e2826266a4d2920d8707c",
            "translation": [
                -2.0999999,
                1.6111880540847778e-07,
                -2.6959998
            ],
            "rotation": [
                0.0,
                0.0,
                1.0,
                0.0
            ],
            "motion_type": "static",
            "non_uniform_scale": [
                1.4468504,
                0.9999998,
                1.6076112
            ]
        },
        {
            "template_name": "ccc3a05acbdd0ca79a82f36a71cd775f2781eb62",
            "translation": [
                -5.6270003,
                -1.7881393432617188e-07,
                3.4849996
            ],
            "rotation": [
                0.7071068,
                0.0,
                0.7071067,
                0.0
            ],
            "motion_type": "static",
            "non_uniform_scale": [
                0.9997159,
                0.9997018,
                0.9999998
            ]
        },
        {
            "template_name": "e7acb1bad5a0e0d409cd8c8dc2ba82e3d823bd07",
            "translation": [
                -1.3005011,
                -3.2782554626464844e-07,
                5.2758464
            ],
            "motion_type": "static",
            "non_uniform_scale": [
                0.9980989,
                0.9997044,
                1.0005748
            ]
        },
        {
            "template_name": "9b2f527215b5f508680ff582ad412a68407c07bd",
            "translation": [
                -1.978,
                0.02,
                -1.1460049
            ],
            "motion_type": "static",
            "non_uniform_scale": [
                1.0,
                0.9996528,
                1.0003327
            ]
        },
        {
            "template_name": "fd4b4b071185294e4eb85d439012d21e96cafc33",
            "translation": [
                -4.9583501,
                0.0010002,
                -4.8874435
            ],
            "motion_type": "static",
            "non_uniform_scale": [
                1.0001084,
                1.0001769,
                0.9991295
            ]
        },
        {
            "template_name": "34170a3abede075d1e15942197394d95ee063bf7",
            "translation": [
                -0.3139999,
                2.384185791015625e-07,
                -4.9049997
            ],
            "rotation": [
                0.0,
                0.0,
                1.0,
                0.0
            ],
            "motion_type": "static",
            "non_uniform_scale": [
                1.000609,
                0.9999528,
                0.9991973
            ]
        },
        {
            "template_name": "34170a3abede075d1e15942197394d95ee063bf7",
            "translation": [
                -4.0999999,
                2.384185791015625e-07,
                -4.8959994
            ],
            "rotation": [
                0.1908089,
                0.0,
                0.9816271,
                0.0
            ],
            "motion_type": "static",
            "non_uniform_scale": [
                1.0006089,
                0.9999528,
                0.9991971
            ]
        },
        {
            "template_name": "d4e3e02c7f173b63983be9dd6754f3dc053f5490",
            "translation": [
                -4.6079998,
                -1.2991949915885925e-07,
                2.1799998
            ],
            "rotation": [
                0.0,
                0.0,
                1.0,
                0.0
            ],
            "motion_type": "static"
        },
        {
            "template_name": "01841f449f738c1e24fa15753d1fbc5fe0c6a92c",
            "translation": [
                5.8400001,
                2.384185791015625e-07,
                -3.5329997
            ],
            "motion_type": "static",
            "non_uniform_scale": [
                0.9994947,
                1.5210802,
                1.0005675
            ]
        },
        {
            "template_name": "1f148fddeb1bb6e9634f8d8be3c979e0d5405a65",
            "translation": [
                6.8130006,
                2.5159997,
                -0.4579998
            ],
            "motion_type": "static",
            "non_uniform_scale": [
                1.0,
                0.9997656,
                0.9996424
            ]
        },
        {
            "template_name": "1f148fddeb1bb6e9634f8d8be3c979e0d5405a65",
            "translation": [
                6.8499999,
                2.516,
                -2.3239998
            ],
            "motion_type": "static",
            "non_uniform_scale": [
                1.0,
                0.9997656,
                0.9996424
            ]
        },
        {
            "template_name": "b41e633bea9a1ea9aea95fa6102170157ffe54ca",
            "translation": [
                -7.7389998,
                -8.940696716308594e-08,
                1.5529998
            ],
            "rotation": [
                0.0,
                0.0,
                1.0,
                0.0
            ],
            "motion_type": "static",
            "non_uniform_scale": [
                1.0007364,
                0.9999861,
                0.9981145
            ]
        },
        {
            "template_name": "7182ebb50669d7f49ac8918b7a6d1404fe7b54b7",
            "translation": [
                -2.137,
                0.4949996,
                4.4450001
            ],
            "motion_type": "static",
            "non_uniform_scale": [
                0.9983646,
                0.9987152,
                0.999038
            ]
        },
        {
            "template_name": "7860ebefd88e4fc63ea3b158b9e6f330f2546f49",
            "translation": [
                -0.8029543,
                2.384185791015625e-07,
                -3.8894507
            ],
            "rotation": [
                0.7071068,
                0.0,
                0.7071067,
                0.0
            ],
            "motion_type": "static",
            "non_uniform_scale": [
                0.9983895,
                1.0002949,
                1.0006173
            ]
        },
        {
            "template_name": "e0214b176c483f50f701115aa182cf5926bb57bf",
            "translation": [
                0.4899997,
                -1.387670636177063e-07,
                2.3269493
            ],
            "rotation": [
                0.7071068,
                0.0,
                0.7071067,
                0.0
            ],
            "motion_type": "static",
            "non_uniform_scale": [
                1.0001212,
                0.9999998,
                1.0001255
            ]
        },
        {
            "template_name": "e0214b176c483f50f701115aa182cf5926bb57bf",
            "translation": [
                5.3270001,
                -1.3201497495174408e-07,
                2.21405
            ],
            "rotation": [
                0.7071068,
                0.0,
                -0.7071067,
                0.0
            ],
            "motion_type": "static",
            "non_uniform_scale": [
                1.0001212,
                0.9999998,
                1.0001255
            ]
        },
        {
            "template_name": "e0214b176c483f50f701115aa182cf5926bb57bf",
            "translation": [
                7.0324535,
                -1.3201497495174408e-07,
                2.2130501
            ],
            "rotation": [
                0.7071068,
                0.0,
                -0.7071067,
                0.0
            ],
            "motion_type": "static",
            "non_uniform_scale": [
                1.0001212,
                0.9999998,
                1.226569
            ]
        },
        {
            "template_name": "bc3032773a5f6d7ac6044529f808f6652d7cd5e9",
            "translation": [
                6.5700001,
                0.0200001,
                -1.3519998
            ],
            "rotation": [
                0.7071068,
                0.0,
                -0.7071067,
                0.0
            ],
            "motion_type": "static",
            "non_uniform_scale": [
                0.9999499,
                0.9996833,
                1.0008337
            ]
        },
        {
            "template_name": "7cba44fcae20074ad3f9c1ad77a7c16060e8949a",
            "translation": [
                6.9580001,
                2.1399998,
                -3.2009997
            ],
            "rotation": [
                -0.5,
                -0.5,
                0.5,
                -0.4999999
            ],
            "motion_type": "static",
            "non_uniform_scale": [
                0.7408335,
                0.9912563,
                0.9999998
            ]
        },
        {
            "template_name": "7cba44fcae20074ad3f9c1ad77a7c16060e8949a",
            "translation": [
                6.9700002,
                2.1399998,
                -2.2369997
            ],
            "rotation": [
                -0.5,
                -0.5,
                0.5,
                -0.4999999
            ],
            "motion_type": "static",
            "non_uniform_scale": [
                0.7408335,
                0.9912563,
                0.9999998
            ]
        },
        {
            "template_name": "7cba44fcae20074ad3f9c1ad77a7c16060e8949a",
            "translation": [
                6.6100001,
                2.1399998,
                -3.8799993
            ],
            "rotation": [
                0.7071068,
                0.7071067,
                0.0,
                0.0
            ],
            "motion_type": "static",
            "non_uniform_scale": [
                0.8915117,
                1.7283444,
                0.9999998
            ]
        },
        {
            "template_name": "7cba44fcae20074ad3f9c1ad77a7c16060e8949a",
            "translation": [
                6.9670004,
                2.1399996,
                0.3400001
            ],
            "rotation": [
                -0.5,
                -0.5,
                0.5,
                -0.4999999
            ],
            "motion_type": "static",
            "non_uniform_scale": [
                0.9291812,
                0.9912563,
                0.9999998
            ]
        },
        {
            "template_name": "7cba44fcae20074ad3f9c1ad77a7c16060e8949a",
            "translation": [
                6.9704999,
                2.1399998,
                -0.4079998
            ],
            "rotation": [
                -0.5,
                -0.5,
                0.5,
                -0.4999999
            ],
            "motion_type": "static",
            "non_uniform_scale": [
                0.9994975,
                0.9988813,
                0.9999998
            ]
        },
        {
            "template_name": "7cba44fcae20074ad3f9c1ad77a7c16060e8949a",
            "translation": [
                6.9580001,
                2.1399998,
                -2.7399997
            ],
            "rotation": [
                -0.5,
                -0.5,
                0.5,
                -0.4999999
            ],
            "motion_type": "static",
            "non_uniform_scale": [
                0.7408335,
                0.9912563,
                0.9999998
            ]
        },
        {
            "template_name": "0d6acbc9f35c8834a605e284167f44c84582a975",
            "translation": [
                -2.0009999,
                1.6059999,
                -1.4389996
            ],
            "rotation": [
                0.0,
                0.0,
                0.7071068,
                -0.7071067
            ],
            "motion_type": "static",
            "non_uniform_scale": [
                0.9999999,
                0.995575,
                0.9999998
            ]
        },
        {
            "template_name": "0d6acbc9f35c8834a605e284167f44c84582a975",
            "translation": [
                -2.1459999,
                1.3989995,
                5.5009994
            ],
            "rotation": [
                0.0,
                0.0,
                0.7071068,
                -0.7071067
            ],
            "motion_type": "static",
            "non_uniform_scale": [
                -0.9999999,
                0.995575,
                0.9999998
            ]
        },
        {
            "template_name": "9812cf1f7ced3de9596d88244068b628e346069c",
            "translation": [
                -2.138,
                -3.2782554626464844e-07,
                5.3719997
            ],
            "rotation": [
                0.0,
                0.0,
                1.0,
                0.0
            ],
            "motion_type": "static",
            "non_uniform_scale": [
                1.0,
                0.9994737,
                0.9989366
            ]
        },
        {
            "template_name": "c461ecb62efa4ef74eb34fb8152acf8cc8ac427d",
            "translation": [
                6.3765792,
                0.7969998,
                2.3093936
            ],
            "rotation": [
                0.9723699,
                0.0,
                -0.2334453,
                0.0
            ],
            "motion_type": "static",
            "non_uniform_scale": [
                1.0004445,
                1.0007667,
                0.997245
            ]
        },
        {
            "template_name": "c461ecb62efa4ef74eb34fb8152acf8cc8ac427d",
            "translation": [
                -0.8012621,
                1.0690003,
                -6.0789842
            ],
            "rotation": [
                -0.2334454,
                0.0,
                0.9723699,
                0.0
            ],
            "motion_type": "static",
            "non_uniform_scale": [
                1.0004445,
                1.0007667,
                0.997245
            ]
        },
        {
            "template_name": "e9edb28d115791f19325770915a00290c1e8da6d",
            "translation": [
                -0.7684242,
                0.0349998,
                2.3400454
            ],
            "rotation": [
                0.8660253,
                0.0,
                -0.5,
                0.0
            ],
            "motion_type": "static",
            "non_uniform_scale": [
                1.7100247,
                1.1811022,
                1.6594754
            ]
        },
        {
            "template_name": "a8bdceeb3b502b9755a0ec55b776a874d74cd343",
            "translation": [
                -6.5880117,
                0.0370002,
                -3.9952299
            ],
            "rotation": [
                0.7071068,
                0.0,
                0.7071067,
                0.0
            ],
            "motion_type": "static",
            "non_uniform_scale": [
                0.8201929,
                0.9998444,
                0.8939149
            ]
        },
        {
            "template_name": "78b924bb00208b4b76f499a459474660518bb2dc",
            "translation": [
                -1.3509999,
                0.7699999,
                -1.1499998
            ],
            "rotation": [
                0.9981347,
                0.0,
                -0.0610485,
                0.0
            ],
            "motion_type": "static",
            "non_uniform_scale": [
                1.0009844,
                1.0005053,
                1.0017234
            ]
        },
        {
            "template_name": "df653a0f0eec2d5edcfff4f33ec57157c4cf71d6",
            "translation": [
                -6.0080003,
                2.3326797,
                0.6020001
            ],
            "rotation": [
                -0.5,
                -0.5,
                0.5,
                -0.4999999
            ],
            "motion_type": "static"
        },
        {
            "template_name": "35fdc6d66950606f33262da718b378f7fe46923a",
            "translation": [
                -7.66438,
                -2.9802322387695312e-08,
                0.4984899
            ],
            "rotation": [
                0.7071068,
                0.0,
                -0.7071067,
                0.0
            ],
            "motion_type": "static"
        },
        {
            "template_name": "f7ea1b73af9150ac22d2a503e7ddc15ba34dbb67",
            "translation": [
                -1.108,
                0.0200001,
                -1.7759999
            ],
            "rotation": [
                -0.2419219,
                0.0,
                0.9702957,
                0.0
            ],
            "motion_type": "static",
            "non_uniform_scale": [
                0.9997794,
                0.9996296,
                0.9997027
            ]
        },
        {
            "template_name": "673afb3cf4defbd2c71573f88ab1bf1f164eacf0",
            "translation": [
                8.2559995,
                2.4759995,
                0.659
            ],
            "rotation": [
                0.7071068,
                0.7071067,
                0.0,
                0.0
            ],
            "motion_type": "static"
        },
        {
            "template_name": "47eff5480c4d3ff2ba5ec46cc2de3dc3813fdb64",
            "translation": [
                -6.1255202,
                0.8599998,
                0.8727599
            ],
            "rotation": [
                0.7071068,
                0.0,
                -0.7071067,
                0.0
            ],
            "motion_type": "static"
        },
        {
            "template_name": "4dbb221926b856e5c1c07a26b133690d47cd818d",
            "translation": [
                3.8040928,
                -1.7881393432617188e-07,
                3.493
            ],
            "rotation": [
                0.0,
                0.0,
                1.0,
                0.0
            ],
            "motion_type": "static",
            "non_uniform_scale": [
                1.000318,
                1.0001313,
                0.9999998
            ]
        },
        {
            "template_name": "4dbb221926b856e5c1c07a26b133690d47cd818d",
            "translation": [
                -4.5359067,
                0.0099999,
                1.0049999
            ],
            "rotation": [
                0.0,
                0.0,
                1.0,
                0.0
            ],
            "motion_type": "static",
            "non_uniform_scale": [
                1.000318,
                1.0001313,
                0.9999998
            ]
        },
        {
            "template_name": "14bdc1398760aef6d8757e2dd6a1c674d7851e66",
            "translation": [
                6.1890001,
                0.7969998,
                2.3139998
            ],
            "motion_type": "static",
            "non_uniform_scale": [
                1.0,
                0.9982013,
                0.9999998
            ]
        },
        {
            "template_name": "14bdc1398760aef6d8757e2dd6a1c674d7851e66",
            "translation": [
                -2.6630001,
                0.7899996,
                5.3139996
            ],
            "rotation": [
                0.0,
                0.0,
                1.0,
                0.0
            ],
            "motion_type": "static",
            "non_uniform_scale": [
                1.0,
                0.9982013,
                0.9999998
            ]
        },
        {
            "template_name": "9eccc1dea9b821181517b1bbea57d70c6fad51af",
            "translation": [
                9.4303932,
                -1.1920928955078125e-07,
                2.0068998
            ],
            "rotation": [
                0.0,
                0.0,
                1.0,
                0.0
            ],
            "motion_type": "static",
            "non_uniform_scale": [
                0.99925,
                1.0002747,
                0.9995735
            ]
        },
        {
            "template_name": "9eccc1dea9b821181517b1bbea57d70c6fad51af",
            "translation": [
                -5.53969,
                0.0099998,
                1.7938289
            ],
            "rotation": [
                0.9135454,
                0.0,
                -0.4067366,
                0.0
            ],
            "motion_type": "static",
            "non_uniform_scale": [
                0.9992499,
                1.0002747,
                0.9995735
            ]
        },
        {
            "template_name": "9eccc1dea9b821181517b1bbea57d70c6fad51af",
            "translation": [
                0.5150999,
                0.0,
                0.4083936
            ],
            "rotation": [
                0.7071068,
                0.0,
                0.7071067,
                0.0
            ],
            "motion_type": "static",
            "non_uniform_scale": [
                0.9992499,
                1.0002747,
                0.9995735
            ]
        },
        {
            "template_name": "9eccc1dea9b821181517b1bbea57d70c6fad51af",
            "translation": [
                -4.8546061,
                0.0,
                0.3709
            ],
            "rotation": [
                0.0,
                0.0,
                1.0,
                0.0
            ],
            "motion_type": "static",
            "non_uniform_scale": [
                0.99925,
                1.0002747,
                0.9995735
            ]
        },
        {
            "template_name": "5179ef077aa0158098250f6387a57458b7be5520",
            "translation": [
                1.4869999,
                3.7099997,
                -1.3939996
            ],
            "rotation": [
                0.7071068,
                0.0,
                -0.7071067,
                0.0
            ],
            "motion_type": "static",
            "non_uniform_scale": [
                0.9995877,
                0.9998497,
                0.9995877
            ]
        },
        {
            "template_name": "c787b4f8b9c770c1a1fe0cfb8f383bb5ce09b091",
            "translation": [
                1.73282,
                2.086162567138672e-07,
                -3.4959297
            ],
            "rotation": [
                0.0,
                0.0,
                1.0,
                0.0
            ],
            "motion_type": "static"
        },
        {
            "template_name": "b77f5895a941e7f07cf6c8bcd01b742038b93742",
            "translation": [
                8.3450002,
                1.0689998,
                0.795
            ],
            "rotation": [
                0.0,
                0.0,
                1.0,
                0.0
            ],
            "motion_type": "static"
        },
        {
            "template_name": "e7af9fee904b6d58efdcd8208a2d01d1f481af60",
            "translation": [
                -8.39085,
                0.0,
                -0.1889999
            ],
            "rotation": [
                0.7071068,
                0.0,
                -0.7071067,
                0.0
            ],
            "motion_type": "static",
            "non_uniform_scale": [
                1.0002473,
                1.0001341,
                0.9994466
            ]
        },
        {
            "template_name": "ab0b3cb143dd3f2921abee437c9cc629bd35887e",
            "translation": [
                -0.623,
                1.0690002,
                -5.8889999
            ],
            "rotation": [
                0.5224984,
                0.0,
                0.8526402,
                0.0
            ],
            "motion_type": "static",
            "non_uniform_scale": [
                0.9994361,
                1.0005635,
                1.0010011
            ]
        },
        {
            "template_name": "c3e45e226f51e328829dcf0afc2b3baf5de0ac0c",
            "translation": [
                -5.8414912,
                2.3180248,
                1.2680001
            ],
            "rotation": [
                0.4999999,
                0.4999999,
                0.5,
                -0.5
            ],
            "motion_type": "static",
            "non_uniform_scale": [
                0.9994638,
                0.9981282,
                0.9995265
            ]
        },
        {
            "template_name": "c3e45e226f51e328829dcf0afc2b3baf5de0ac0c",
            "translation": [
                -5.3200001,
                2.3180248,
                0.7225091
            ],
            "rotation": [
                0.7071068,
                0.7071067,
                0.0,
                0.0
            ],
            "motion_type": "static",
            "non_uniform_scale": [
                0.9994639,
                0.9981282,
                0.9995265
            ]
        },
        {
            "template_name": "2f90df0e7dcf3fda7a73bed143560e201278428f",
            "translation": [
                9.2349996,
                -2.384185791015625e-07,
                3.5089995
            ],
            "rotation": [
                0.8338858,
                0.0,
                0.5519369,
                0.0
            ],
            "motion_type": "static",
            "non_uniform_scale": [
                1.0006402,
                0.9997785,
                0.9993034
            ]
        },
        {
            "template_name": "ed4fbbb8cc877cea34ff946b05c9da8b3690ee74",
            "translation": [
                6.9139995,
                2.7509996,
                0.3410001
            ],
            "rotation": [
                -0.5,
                -0.5,
                0.5,
                -0.4999999
            ],
            "motion_type": "static",
            "non_uniform_scale": [
                1.0008289,
                1.0013027,
                1.0010756
            ]
        },
        {
            "template_name": "1f20f5194541179686f9bff3a01d002076751910",
            "translation": [
                -2.0169999,
                1.341104507446289e-07,
                -2.3079998
            ],
            "rotation": [
                0.4694716,
                0.0,
                0.8829475,
                0.0
            ],
            "motion_type": "static",
            "non_uniform_scale": [
                1.0002512,
                1.1071718,
                0.9997584
            ]
        },
        {
            "template_name": "7eddd26296313bc11e3548c24e6381bf6adef5c3",
            "translation": [
                -2.7079999,
                -1.832377165555954e-07,
                3.0739996
            ],
            "motion_type": "static",
            "non_uniform_scale": [
                1.4346988,
                0.9999998,
                1.0972672
            ]
        },
        {
            "template_name": "386b1c39b6ef1de85680350733c1211817e492d9",
            "translation": [
                4.9349999,
                0.889,
                -1.547
            ],
            "rotation": [
                0.7071068,
                0.0,
                -0.7071067,
                0.0
            ],
            "motion_type": "static",
            "non_uniform_scale": [
                0.9997763,
                0.9994916,
                1.0005623
            ]
        },
        {
            "template_name": "775a3ca949c41b0f143a1c919efa402817172e1f",
            "translation": [
                0.2674999,
                2.3190002,
                -7.6894993
            ],
            "rotation": [
                0.5,
                0.4999999,
                0.5,
                -0.5
            ],
            "motion_type": "static",
            "non_uniform_scale": [
                0.9999998,
                1.2499997,
                0.9999998
            ]
        },
        {
            "template_name": "775a3ca949c41b0f143a1c919efa402817172e1f",
            "translation": [
                0.0994999,
                2.3190002,
                -7.4944996
            ],
            "rotation": [
                0.5,
                0.4999999,
                0.5,
                -0.5
            ],
            "motion_type": "static",
            "non_uniform_scale": [
                0.9999998,
                1.2499997,
                0.9999998
            ]
        },
        {
            "template_name": "6bc5f6b5bb41f46c6a8ea4e33da446d739dca5de",
            "translation": [
                8.7271404,
                1.0689998,
                0.822995
            ],
            "rotation": [
                0.0,
                0.0,
                1.0,
                0.0
            ],
            "motion_type": "static",
            "non_uniform_scale": [
                1.0018359,
                1.0010671,
                0.9992448
            ]
        },
        {
            "template_name": "b15fac0004781e1257261e5a7cefa01036a149a9",
            "translation": [
                -11.1145,
                2.3184998,
                0.957
            ],
            "rotation": [
                -0.5,
                -0.5,
                0.5,
                -0.4999999
            ],
            "motion_type": "static"
        },
        {
            "template_name": "1c19a987e1bd8c206353d18066b117cc0b21e841",
            "translation": [
                -9.0069999,
                -8.940696716308594e-08,
                1.3810991
            ],
            "rotation": [
                0.0,
                0.0,
                1.0,
                0.0
            ],
            "motion_type": "static",
            "non_uniform_scale": [
                1.0003339,
                1.1988264,
                1.0007653
            ]
        },
        {
            "template_name": "1c19a987e1bd8c206353d18066b117cc0b21e841",
            "translation": [
                -9.6059999,
                -8.940696716308594e-08,
                1.3810991
            ],
            "rotation": [
                0.0,
                0.0,
                1.0,
                0.0
            ],
            "motion_type": "static",
            "non_uniform_scale": [
                1.0003339,
                1.1988264,
                1.0007653
            ]
        },
        {
            "template_name": "60152d95a146a73e7b1162c478aabbfc30b66e20",
            "translation": [
                -2.15608,
                0.0049997,
                3.5151748
            ],
            "rotation": [
                0.9304175,
                0.0,
                0.3665012,
                0.0
            ],
            "motion_type": "static",
            "non_uniform_scale": [
                0.9999585,
                1.00041,
                0.9998323
            ]
        },
        {
            "template_name": "cb0d27b5428679b54fc8bf347ccc168cba08092f",
            "translation": [
                -3.3559999,
                0.0200002,
                -3.5379998
            ],
            "rotation": [
                0.7071068,
                0.0,
                -0.7071067,
                0.0
            ],
            "motion_type": "static",
            "non_uniform_scale": [
                1.0004502,
                0.9999841,
                1.0001517
            ]
        },
        {
            "template_name": "8e0ed91a99dfa774e8e3b49d699bbc8135575dd3",
            "translation": [
                -6.2436246,
                -2.9802322387695312e-08,
                0.6041199
            ],
            "rotation": [
                0.7071068,
                0.0,
                -0.7071067,
                0.0
            ],
            "motion_type": "static"
        },
        {
            "template_name": "0af34cda233e590a19b3448a06ac6cb33be17f2f",
            "translation": [
                9.2060003,
                0.4999997,
                2.292
            ],
            "motion_type": "static"
        },
        {
            "template_name": "037c2aea5184e56ef6d240fabe3aee458ead4e52",
            "translation": [
                9.3489999,
                0.4999998,
                2.338
            ],
            "rotation": [
                0.9890158,
                0.0,
                0.1478094,
                0.0
            ],
            "motion_type": "static",
            "non_uniform_scale": [
                1.0008339,
                1.0007988,
                1.0008338
            ]
        },
        {
            "template_name": "004db3bd065eb72d8303f33c5bad163326cf1bd9",
            "translation": [
                9.444971,
                0.6884998,
                2.1448185
            ],
            "rotation": [
                0.5930297,
                0.5930296,
                -0.3851179,
                0.3851178
            ],
            "motion_type": "static",
            "non_uniform_scale": [
                0.999498,
                1.0009057,
                0.9997374
            ]
        },
        {
            "template_name": "0e48fad4f2a0e48200aeef0129e6e588b9400cc7",
            "translation": [
                -1.9919999,
                0.3400001,
                -2.2889997
            ],
            "rotation": [
                0.4694716,
                0.0,
                0.8829475,
                0.0
            ],
            "motion_type": "static",
            "non_uniform_scale": [
                1.0023955,
                1.0019439,
                1.0016578
            ]
        },
        {
            "template_name": "f670913b903c696d06b6d478e57e63d2f8919c5e",
            "translation": [
                -8.4119997,
                5.960464477539063e-08,
                -0.8429999
            ],
            "rotation": [
                0.7071068,
                0.0,
                0.7071067,
                0.0
            ],
            "motion_type": "static"
        },
        {
            "template_name": "8523b0c0c4a17a845cc33d92c7b3705f48db1efd",
            "translation": [
                6.2928872,
                3.7099995,
                2.3902449
            ],
            "rotation": [
                -0.0174523,
                0.0,
                0.9998477,
                0.0
            ],
            "motion_type": "static",
            "non_uniform_scale": [
                1.0,
                1.0001984,
                1.0001467
            ]
        },
        {
            "template_name": "8523b0c0c4a17a845cc33d92c7b3705f48db1efd",
            "translation": [
                -2.306113,
                3.7100002,
                -6.5097541
            ],
            "rotation": [
                -0.0174523,
                0.0,
                0.9998477,
                0.0
            ],
            "motion_type": "static",
            "non_uniform_scale": [
                1.0,
                1.0001984,
                1.0001467
            ]
        },
        {
            "template_name": "09b1df19e95ab47e50c8aac06137ef2f51144d34",
            "translation": [
                -5.6628327,
                2.3185994,
                1.13608
            ],
            "rotation": [
                0.4999999,
                0.4999999,
                0.5,
                -0.5
            ],
            "motion_type": "static",
            "non_uniform_scale": [
                0.9987164,
                0.9986209,
                1.0001856
            ]
        },
        {
            "template_name": "a7a0d68a04ca83618e899c167b20d007ab00cb11",
            "translation": [
                -5.830214,
                2.317419,
                0.879
            ],
            "rotation": [
                0.4999999,
                0.4999999,
                0.5,
                -0.5
            ],
            "motion_type": "static",
            "non_uniform_scale": [
                1.0006341,
                1.0002071,
                1.0003918
            ]
        },
        {
            "template_name": "3823106a2050bcc550bafa70d0dcdd1135673b5c",
            "translation": [
                0.3919999,
                2.3186495,
                0.7065
            ],
            "rotation": [
                0.7071068,
                0.7071067,
                0.0,
                0.0
            ],
            "motion_type": "static",
            "non_uniform_scale": [
                1.0045148,
                0.999684,
                0.9995645
            ]
        },
        {
            "template_name": "3823106a2050bcc550bafa70d0dcdd1135673b5c",
            "translation": [
                -4.7839999,
                2.3186495,
                0.7065
            ],
            "rotation": [
                0.7071068,
                0.7071067,
                0.0,
                0.0
            ],
            "motion_type": "static",
            "non_uniform_scale": [
                1.0045148,
                0.999684,
                0.9995645
            ]
        },
        {
            "template_name": "d5aacec3d3632e8f50c118dd2c9981f27ed917a2",
            "translation": [
                8.3520002,
                1.4969998,
                0.706
            ],
            "rotation": [
                0.7071068,
                0.7071067,
                0.0,
                0.0
            ],
            "motion_type": "static"
        },
        {
            "template_name": "d5aacec3d3632e8f50c118dd2c9981f27ed917a2",
            "translation": [
                3.2162899,
                2.3187501,
                -3.8979992
            ],
            "rotation": [
                0.7071068,
                0.7071067,
                0.0,
                0.0
            ],
            "motion_type": "static"
        },
        {
            "template_name": "d5aacec3d3632e8f50c118dd2c9981f27ed917a2",
            "translation": [
                2.5973,
                2.3187501,
                -3.8979992
            ],
            "rotation": [
                0.7071068,
                0.7071067,
                0.0,
                0.0
            ],
            "motion_type": "static"
        },
        {
            "template_name": "d5aacec3d3632e8f50c118dd2c9981f27ed917a2",
            "translation": [
                2.0169999,
                2.3187501,
                -3.8979992
            ],
            "rotation": [
                0.7071068,
                0.7071067,
                0.0,
                0.0
            ],
            "motion_type": "static"
        },
        {
            "template_name": "d5aacec3d3632e8f50c118dd2c9981f27ed917a2",
            "translation": [
                4.0663499,
                2.3187501,
                -3.8979992
            ],
            "rotation": [
                0.7071068,
                0.7071067,
                0.0,
                0.0
            ],
            "motion_type": "static"
        },
        {
            "template_name": "f589182a989168ab691b31d2513eb5218ec3ba52",
            "translation": [
                4.7969999,
                3.71,
                -1.9629997
            ],
            "rotation": [
                0.7071068,
                0.0,
                0.7071067,
                0.0
            ],
            "motion_type": "static",
            "non_uniform_scale": [
                1.0005432,
                0.9995912,
                1.0005432
            ]
        },
        {
            "template_name": "e48d64d1419319d5585081f9155e25e4b548586a",
            "translation": [
                8.0349998,
                1.4729999,
                0.823
            ],
            "rotation": [
                -0.5075384,
                0.0,
                0.8616291,
                0.0
            ],
            "motion_type": "static",
            "non_uniform_scale": [
                0.9999068,
                0.9999998,
                0.9973121
            ]
        },
        {
            "template_name": "02d70596905df1dae90b83e8b46c406a4a079296",
            "translation": [
                -0.4359999,
                2.0150001,
                -6.6343998
            ],
            "rotation": [
                -0.5,
                -0.5,
                0.5,
                -0.4999999
            ],
            "motion_type": "static",
            "non_uniform_scale": [
                1.0000821,
                1.0040981,
                0.9998723
            ]
        },
        {
            "template_name": "c0603b828055afbdd18960844443db8da9386a7f",
            "translation": [
                -2.2079999,
                0.4949997,
                4.4109997
            ],
            "rotation": [
                0.9876883,
                0.0,
                -0.1564344,
                0.0
            ],
            "motion_type": "static",
            "non_uniform_scale": [
                0.9996041,
                1.0053858,
                0.9987206
            ]
        },
        {
            "template_name": "18761d298787988ea4c77fea86e961415f1048e8",
            "translation": [
                1.4175,
                2.3189997,
                2.0429999
            ],
            "rotation": [
                -0.5,
                -0.5,
                0.5,
                -0.4999999
            ],
            "motion_type": "static",
            "non_uniform_scale": [
                0.9999998,
                1.0012134,
                0.9999998
            ]
        },
        {
            "template_name": "2157f81105d714a770039b4104a475a6b5253a8b",
            "translation": [
                -2.0179998,
                2.086162567138672e-07,
                -3.3439998
            ],
            "motion_type": "static",
            "non_uniform_scale": [
                0.9998247,
                1.0002242,
                0.9999297
            ]
        },
        {
            "template_name": "920e3797a52036dd338a603e25d46725ec257956",
            "translation": [
                4.2702898,
                2.3187499,
                -3.1880996
            ],
            "rotation": [
                0.7071068,
                0.7071067,
                0.0,
                0.0
            ],
            "motion_type": "static"
        },
        {
            "template_name": "3b77d0a7c6b76e39f050385d2548c0de327b76f2",
            "translation": [
                -3.7899951,
                0.0200001,
                -2.7089979
            ],
            "rotation": [
                0.8141155,
                0.0,
                0.5807029,
                0.0
            ],
            "motion_type": "static",
            "non_uniform_scale": [
                0.9998337,
                0.9998841,
                0.9999687
            ]
        },
        {
            "template_name": "23434bad597767536e19c5cf37c97bff4bf46bf0",
            "translation": [
                4.1669998,
                0.0200001,
                -1.4749999
            ],
            "rotation": [
                0.7071068,
                0.0,
                0.7071067,
                0.0
            ],
            "motion_type": "static",
            "non_uniform_scale": [
                1.0006881,
                1.0000103,
                1.001061
            ]
        },
        {
            "template_name": "23434bad597767536e19c5cf37c97bff4bf46bf0",
            "translation": [
                4.1649999,
                0.0200001,
                -2.0909998
            ],
            "rotation": [
                0.7071068,
                0.0,
                0.7071067,
                0.0
            ],
            "motion_type": "static",
            "non_uniform_scale": [
                1.0006881,
                1.0000103,
                1.001061
            ]
        },
        {
            "template_name": "23434bad597767536e19c5cf37c97bff4bf46bf0",
            "translation": [
                4.1620001,
                0.02,
                -0.961
            ],
            "rotation": [
                0.7071068,
                0.0,
                0.7071067,
                0.0
            ],
            "motion_type": "static",
            "non_uniform_scale": [
                1.0006881,
                1.0000103,
                1.001061
            ]
        },
        {
            "template_name": "23434bad597767536e19c5cf37c97bff4bf46bf0",
            "translation": [
                4.9099998,
                0.0199999,
                0.7049999
            ],
            "rotation": [
                0.0,
                0.0,
                1.0,
                0.0
            ],
            "motion_type": "static",
            "non_uniform_scale": [
                1.0006884,
                1.0000103,
                1.0010612
            ]
        },
        {
            "template_name": "23434bad597767536e19c5cf37c97bff4bf46bf0",
            "translation": [
                5.4660005,
                0.0199999,
                0.7019999
            ],
            "rotation": [
                0.0,
                0.0,
                1.0,
                0.0
            ],
            "motion_type": "static",
            "non_uniform_scale": [
                1.0006884,
                1.0000103,
                1.0010612
            ]
        },
        {
            "template_name": "3efb80a75720ef1848a6ddf5011959653e53b172",
            "translation": [
                -9.0699996,
                2.3189995,
                1.6449999
            ],
            "rotation": [
                0.0,
                0.0,
                0.7071068,
                -0.7071067
            ],
            "motion_type": "static",
            "non_uniform_scale": [
                1.12,
                0.9912563,
                0.9999998
            ]
        },
        {
            "template_name": "3efb80a75720ef1848a6ddf5011959653e53b172",
            "translation": [
                -9.6499996,
                2.3189995,
                1.6449999
            ],
            "rotation": [
                0.0,
                0.0,
                0.7071068,
                -0.7071067
            ],
            "motion_type": "static",
            "non_uniform_scale": [
                1.1399999,
                0.9912563,
                0.9999998
            ]
        },
        {
            "template_name": "3efb80a75720ef1848a6ddf5011959653e53b172",
            "translation": [
                -8.1199998,
                2.3189995,
                0.7190001
            ],
            "rotation": [
                -0.5,
                -0.5,
                0.5,
                -0.4999999
            ],
            "motion_type": "static",
            "non_uniform_scale": [
                1.1399997,
                0.9912563,
                0.9999998
            ]
        },
        {
            "template_name": "3efb80a75720ef1848a6ddf5011959653e53b172",
            "translation": [
                -10.5769996,
                2.3189995,
                0.7020001
            ],
            "rotation": [
                0.4999999,
                0.4999999,
                0.5,
                -0.5
            ],
            "motion_type": "static",
            "non_uniform_scale": [
                1.1399997,
                0.9912563,
                0.9999998
            ]
        },
        {
            "template_name": "51bf4c899c925cae53ee4d4305ac00beaec03a4b",
            "translation": [
                -10.2399997,
                -5.960464477539063e-08,
                1.2200049
            ],
            "rotation": [
                0.0,
                0.0,
                1.0,
                0.0
            ],
            "motion_type": "static",
            "non_uniform_scale": [
                0.7909897,
                0.9995212,
                1.0049061
            ]
        },
        {
            "template_name": "51bf4c899c925cae53ee4d4305ac00beaec03a4b",
            "translation": [
                -8.4099998,
                -5.960464477539063e-08,
                1.2200049
            ],
            "rotation": [
                0.0,
                0.0,
                1.0,
                0.0
            ],
            "motion_type": "static",
            "non_uniform_scale": [
                -0.6729316,
                0.9995212,
                1.0049061
            ]
        },
        {
            "template_name": "265bb358933e87d0b90bf7766b62e8a57dd7dda2",
            "translation": [
                -2.4189999,
                0.7699999,
                -1.2179999
            ],
            "motion_type": "static",
            "non_uniform_scale": [
                1.0,
                0.9999998,
                1.0039368
            ]
        },
        {
            "template_name": "06167b4898a357794dad99671ee7b4a7e8ee4641",
            "translation": [
                -3.4929997,
                3.7099995,
                4.6129999
            ],
            "rotation": [
                0.6946583,
                0.0,
                0.7193397,
                0.0
            ],
            "motion_type": "static",
            "non_uniform_scale": [
                1.0013788,
                1.0001585,
                1.0005812
            ]
        },
        {
            "template_name": "06167b4898a357794dad99671ee7b4a7e8ee4641",
            "translation": [
                -2.3059999,
                3.7099995,
                3.4939999
            ],
            "rotation": [
                0.6946583,
                0.0,
                0.7193397,
                0.0
            ],
            "motion_type": "static",
            "non_uniform_scale": [
                1.0013788,
                1.0001585,
                1.0005812
            ]
        },
        {
            "template_name": "06167b4898a357794dad99671ee7b4a7e8ee4641",
            "translation": [
                -4.8779997,
                3.7099995,
                3.5739998
            ],
            "rotation": [
                0.6946583,
                0.0,
                0.7193397,
                0.0
            ],
            "motion_type": "static",
            "non_uniform_scale": [
                1.0013788,
                1.0001585,
                1.0005812
            ]
        },
        {
            "template_name": "06167b4898a357794dad99671ee7b4a7e8ee4641",
            "translation": [
                0.134,
                3.7099995,
                3.437
            ],
            "rotation": [
                0.6946583,
                0.0,
                0.7193397,
                0.0
            ],
            "motion_type": "static",
            "non_uniform_scale": [
                1.0013788,
                1.0001585,
                1.0005812
            ]
        },
        {
            "template_name": "06167b4898a357794dad99671ee7b4a7e8ee4641",
            "translation": [
                -3.5959999,
                3.71,
                2.1019999
            ],
            "rotation": [
                0.6946583,
                0.0,
                0.7193397,
                0.0
            ],
            "motion_type": "static",
            "non_uniform_scale": [
                1.0013788,
                1.0001585,
                1.0005812
            ]
        },
        {
            "template_name": "06167b4898a357794dad99671ee7b4a7e8ee4641",
            "translation": [
                -1.016,
                3.7099995,
                4.6129999
            ],
            "rotation": [
                0.6946583,
                0.0,
                0.7193397,
                0.0
            ],
            "motion_type": "static",
            "non_uniform_scale": [
                1.0013788,
                1.0001585,
                1.0005812
            ]
        },
        {
            "template_name": "06167b4898a357794dad99671ee7b4a7e8ee4641",
            "translation": [
                -1.085,
                3.71,
                2.0599999
            ],
            "rotation": [
                0.6946583,
                0.0,
                0.7193397,
                0.0
            ],
            "motion_type": "static",
            "non_uniform_scale": [
                1.0013788,
                1.0001585,
                1.0005812
            ]
        },
        {
            "template_name": "4857100a62e0e8ae2bf7d58e34ce9a84f9c27bd2",
            "translation": [
                -5.2420625,
                -5.960464477539063e-08,
                1.1599565
            ],
            "rotation": [
                0.9335804,
                0.0,
                0.3583679,
                0.0
            ],
            "motion_type": "static",
            "non_uniform_scale": [
                0.9998434,
                0.9998632,
                1.0003876
            ]
        },
        {
            "template_name": "13157f9b66784e7a07f8d7fceecc5f59dc79a1bd",
            "translation": [
                4.6209998,
                9.592622518539429e-08,
                -1.6019998
            ],
            "rotation": [
                0.7071068,
                0.0,
                -0.7071067,
                0.0
            ],
            "motion_type": "static",
            "non_uniform_scale": [
                1.4238843,
                0.9999998,
                1.1811021
            ]
        },
        {
            "template_name": "2efebdcc1ba9514b0deb0dfb05951341432bd26a",
            "translation": [
                0.64736,
                0.7400002,
                -4.6866793
            ],
            "motion_type": "static"
        },
        {
            "template_name": "c7442c4162a5372fcbbcdba379a24967e35f5f97",
            "translation": [
                1.1180002,
                -2.384185791015625e-07,
                3.5970001
            ],
            "motion_type": "static",
            "non_uniform_scale": [
                0.9991216,
                0.9998763,
                0.9995496
            ]
        },
        {
            "template_name": "c7442c4162a5372fcbbcdba379a24967e35f5f97",
            "translation": [
                -3.9679999,
                -2.384185791015625e-07,
                3.9479997
            ],
            "motion_type": "static",
            "non_uniform_scale": [
                0.9991216,
                0.9998763,
                0.9995496
            ]
        },
        {
            "template_name": "a67e5e909d4229ddfbfed42896ba79f9a61750fb",
            "translation": [
                -5.8579998,
                2.3189997,
                -0.0079998
            ],
            "rotation": [
                0.4999999,
                0.4999999,
                0.5,
                -0.5
            ],
            "motion_type": "static"
        },
        {
            "template_name": "0f8535a9020861f1b7d13603645470a57d913ad9",
            "translation": [
                -2.815,
                3.71,
                -1.2609997
            ],
            "rotation": [
                0.7071068,
                0.0,
                -0.7071067,
                0.0
            ],
            "motion_type": "static",
            "non_uniform_scale": [
                1.0014433,
                0.9999698,
                1.0003224
            ]
        },
        {
            "template_name": "0f8535a9020861f1b7d13603645470a57d913ad9",
            "translation": [
                -1.2089999,
                3.71,
                -1.2359997
            ],
            "rotation": [
                0.9702957,
                0.0,
                0.2419219,
                0.0
            ],
            "motion_type": "static",
            "non_uniform_scale": [
                1.0014436,
                0.9999698,
                1.0003225
            ]
        },
        {
            "template_name": "5f14f2ce115a06697103cebfb005888f89a7ac0e",
            "translation": [
                8.0979995,
                3.2269999,
                0.7580001
            ],
            "motion_type": "static",
            "non_uniform_scale": [
                1.003978,
                0.9999998,
                1.0039778
            ]
        },
        {
            "template_name": "ce4c0195c0f836a2906ea79caf605e01d2ac444b",
            "translation": [
                6.6101403,
                8.940696716308594e-08,
                -1.3319998
            ],
            "rotation": [
                0.7071068,
                0.0,
                -0.7071067,
                0.0
            ],
            "motion_type": "static",
            "non_uniform_scale": [
                0.9999998,
                0.9995955,
                0.9997777
            ]
        },
        {
            "template_name": "ce4c0195c0f836a2906ea79caf605e01d2ac444b",
            "translation": [
                6.355,
                -2.9802322387695312e-08,
                0.3501399
            ],
            "rotation": [
                0.0,
                0.0,
                1.0,
                0.0
            ],
            "motion_type": "static",
            "non_uniform_scale": [
                1.0,
                0.9995955,
                0.9997777
            ]
        },
        {
            "template_name": "ce4c0195c0f836a2906ea79caf605e01d2ac444b",
            "translation": [
                5.1350002,
                -2.9802322387695312e-08,
                0.3501399
            ],
            "rotation": [
                0.0,
                0.0,
                1.0,
                0.0
            ],
            "motion_type": "static",
            "non_uniform_scale": [
                1.0,
                0.9995955,
                0.9997777
            ]
        },
        {
            "template_name": "ce4c0195c0f836a2906ea79caf605e01d2ac444b",
            "translation": [
                4.8118114,
                8.940696716308594e-08,
                -1.5339999
            ],
            "rotation": [
                0.7071068,
                0.0,
                0.7071067,
                0.0
            ],
            "motion_type": "static",
            "non_uniform_scale": [
                1.4672129,
                0.9995955,
                1.3469226
            ]
        },
        {
            "template_name": "ce4c0195c0f836a2906ea79caf605e01d2ac444b",
            "translation": [
                6.60014,
                1.7881393432617188e-07,
                -2.9199998
            ],
            "rotation": [
                0.7071068,
                0.0,
                -0.7071067,
                0.0
            ],
            "motion_type": "static",
            "non_uniform_scale": [
                1.5983604,
                0.9995955,
                0.9997777
            ]
        },
        {
            "template_name": "ce4c0195c0f836a2906ea79caf605e01d2ac444b",
            "translation": [
                6.6101403,
                2.9802322387695312e-08,
                -0.3868199
            ],
            "rotation": [
                0.7071068,
                0.0,
                -0.7071067,
                0.0
            ],
            "motion_type": "static",
            "non_uniform_scale": [
                0.754631,
                0.9995955,
                0.9997777
            ]
        },
        {
            "template_name": "ce9a682c6b8e7c3c0d12917829c3ca118b947035",
            "translation": [
                -5.4266653,
                0.0199999,
                0.1598133
            ],
            "rotation": [
                0.3173046,
                0.0,
                0.9483236,
                0.0
            ],
            "motion_type": "static",
            "non_uniform_scale": [
                0.9993512,
                0.9999998,
                0.9998693
            ]
        },
        {
            "template_name": "ce9a682c6b8e7c3c0d12917829c3ca118b947035",
            "translation": [
                1.0476332,
                0.0199999,
                0.166995
            ],
            "rotation": [
                -0.4461978,
                0.0,
                0.8949343,
                0.0
            ],
            "motion_type": "static",
            "non_uniform_scale": [
                0.999351,
                0.9999998,
                0.9998691
            ]
        },
        {
            "template_name": "e3eea412d1eee1cbd06a1f59f254e71b9771da1a",
            "translation": [
                7.9230003,
                1.0699999,
                0.8399999
            ],
            "rotation": [
                0.8386705,
                0.0,
                0.544639,
                0.0
            ],
            "motion_type": "static",
            "non_uniform_scale": [
                0.999624,
                1.0011678,
                1.002255
            ]
        },
        {
            "template_name": "211db69d8ea4174a4924c410b27ecd70be3bc06f",
            "translation": [
                -0.6359999,
                1.0690003,
                -6.1760001
            ],
            "rotation": [
                0.7071068,
                0.0,
                -0.7071067,
                0.0
            ],
            "motion_type": "static",
            "non_uniform_scale": [
                0.9990797,
                0.9997575,
                0.9970555
            ]
        },
        {
            "template_name": "72781e27d443c8e0b5bed1eee2d154e26fc610a5",
            "translation": [
                -7.6550002,
                -5.960464477539063e-08,
                1.2476198
            ],
            "rotation": [
                0.7071068,
                0.0,
                0.7071067,
                0.0
            ],
            "motion_type": "static"
        },
        {
            "template_name": "49cd31a1c9bb7819449fefb8b8ac45adc970de53",
            "translation": [
                -6.9516401,
                -3.725290298461914e-08,
                0.6219299
            ],
            "rotation": [
                0.7071068,
                0.0,
                0.7071067,
                0.0
            ],
            "motion_type": "static"
        },
        {
            "template_name": "d47aecdf01b6f6c79c7e3cad1c246e57a0c063f2",
            "translation": [
                -6.1120204,
                -7.450580596923828e-08,
                1.1272398
            ],
            "motion_type": "static"
        },
        {
            "template_name": "4bf52fbe56d0c50cdad08bcd4a717e590fb77373",
            "translation": [
                6.240724,
                0.7969998,
                2.1457443
            ],
            "rotation": [
                0.7071068,
                0.0,
                -0.7071067,
                0.0
            ],
            "motion_type": "static",
            "non_uniform_scale": [
                0.9966994,
                1.0003436,
                0.9970886
            ]
        },
        {
            "template_name": "b883b58bdd53fccec7153d88a98dea8e31158c64",
            "translation": [
                1.8619999,
                2.3187499,
                -3.1880996
            ],
            "rotation": [
                0.7071068,
                0.7071067,
                0.0,
                0.0
            ],
            "motion_type": "static"
        },
        {
            "template_name": "15a81c5727eba4e4a4161e1cf2c76fe2c601ae15",
            "translation": [
                8.4000005,
                -5.960464477539063e-08,
                0.9601145
            ],
            "motion_type": "static",
            "non_uniform_scale": [
                0.6588691,
                1.000187,
                0.9965412
            ]
        },
        {
            "template_name": "15a81c5727eba4e4a4161e1cf2c76fe2c601ae15",
            "translation": [
                -0.692115,
                4.172325134277344e-07,
                -6.6289997
            ],
            "rotation": [
                0.7071068,
                0.0,
                -0.7071067,
                0.0
            ],
            "motion_type": "static",
            "non_uniform_scale": [
                0.9997385,
                1.000187,
                1.0004491
            ]
        },
        {
            "template_name": "3631f4924b2008d86b4a02c6cbf4ef640a10c4e6_part_3",
            "translation": [
                6.6468324,
                0.0369998,
                2.8739337
            ],
            "rotation": [
                -0.0087265,
                0.0,
                0.9999619,
                0.0
            ],
            "motion_type": "static",
            "non_uniform_scale": [
                0.9999743,
                0.9995545,
                1.0000733
            ]
        },
        {
            "template_name": "3631f4924b2008d86b4a02c6cbf4ef640a10c4e6_part_3",
            "translation": [
                5.9990925,
                0.0369998,
                2.88524
            ],
            "rotation": [
                -0.0087263,
                0.0,
                0.9999619,
                0.0
            ],
            "motion_type": "static",
            "non_uniform_scale": [
                0.9999743,
                0.9995545,
                1.0000733
            ]
        },
        {
            "template_name": "3631f4924b2008d86b4a02c6cbf4ef640a10c4e6_part_3",
            "translation": [
                5.0800862,
                0.0369996,
                2.3194963
            ],
            "rotation": [
                0.7009093,
                0.0,
                0.7132503,
                0.0
            ],
            "motion_type": "static",
            "non_uniform_scale": [
                1.0000733,
                0.9995545,
                0.9999743
            ]
        },
        {
            "template_name": "3631f4924b2008d86b4a02c6cbf4ef640a10c4e6_part_3",
            "translation": [
                7.3764042,
                0.0369997,
                2.3306491
            ],
            "rotation": [
                0.7132503,
                0.0,
                -0.7009093,
                0.0
            ],
            "motion_type": "static",
            "non_uniform_scale": [
                1.0000733,
                0.9995545,
                0.9999743
            ]
        },
        {
            "template_name": "3631f4924b2008d86b4a02c6cbf4ef640a10c4e6_part_5",
            "translation": [
                6.2639112,
                0.0369997,
                1.9221394
            ],
            "rotation": [
                -0.0087265,
                0.0,
                0.9999619,
                0.0
            ],
            "motion_type": "static",
            "non_uniform_scale": [
                0.9999743,
                0.9995545,
                1.0000733
            ]
        },
        {
            "template_name": "3631f4924b2008d86b4a02c6cbf4ef640a10c4e6_part_6",
            "translation": [
                6.2774362,
                0.0369997,
                2.3969745
            ],
            "rotation": [
                -0.0087265,
                0.0,
                0.9999619,
                0.0
            ],
            "motion_type": "static",
            "non_uniform_scale": [
                0.9999743,
                0.9995545,
                1.0000733
            ]
        },
        {
            "template_name": "43cc99743f6d75e5f7b92ab8e5c9ba7f3e932ad0",
            "translation": [
                9.2864494,
                -1.341104507446289e-07,
                2.2632999
            ],
            "motion_type": "static",
            "non_uniform_scale": [
                1.0006822,
                0.9999998,
                1.0004546
            ]
        },
        {
            "template_name": "28a10fbd0e581dc064de1ae5cbc1f85b7c8b84a4",
            "translation": [
                4.7969999,
                3.7099997,
                -1.2649997
            ],
            "rotation": [
                0.0,
                0.0,
                1.0,
                0.0
            ],
            "motion_type": "static",
            "non_uniform_scale": [
                0.9997521,
                0.9995049,
                0.999752
            ]
        },
        {
            "template_name": "a4162d863d9da0ae83f31a9de7802dd1a15e1cf2",
            "translation": [
                -6.9637913,
                2.384185791015625e-07,
                -3.3799917
            ],
            "motion_type": "static",
            "non_uniform_scale": [
                1.0021688,
                0.9999377,
                0.8092197
            ]
        },
        {
            "template_name": "499ffdb8a280a0f0a3e6b6ac2b41ae3d191f8059",
            "translation": [
                -5.5567584,
                2.3184998,
                0.9113819
            ],
            "rotation": [
                0.6300367,
                0.6300367,
                0.3210198,
                -0.3210197
            ],
            "motion_type": "static",
            "non_uniform_scale": [
                1.0,
                0.9997435,
                0.9999998
            ]
        },
        {
            "template_name": "b2a8a367e54ebed0c0afacca857aafd5175043d6",
            "translation": [
                -1.7232502,
                0.7699999,
                -1.1380499
            ],
            "motion_type": "static",
            "non_uniform_scale": [
                1.0008459,
                0.9991235,
                1.0002833
            ]
        },
        {
            "template_name": "0a4577674fe517baf226f74c3703732095741f27",
            "translation": [
                -7.969995,
                2.3187499,
                1.36012
            ],
            "rotation": [
                0.4999999,
                0.4999999,
                0.5,
                -0.5
            ],
            "motion_type": "static"
        },
        {
            "template_name": "34f429667e91c7e3fc8c608be4f620fe095a0bc1",
            "translation": [
                -8.3229999,
                2.086162567138672e-07,
                -3.3989996
            ],
            "rotation": [
                0.7071068,
                0.0,
                0.7071067,
                0.0
            ],
            "motion_type": "static",
            "non_uniform_scale": [
                0.9997417,
                0.9993423,
                0.9990156
            ]
        },
        {
            "template_name": "1f075df0f17fcf4b885aa0c22714f383b5c9f014",
            "translation": [
                -6.9942197,
                3.7099997,
                0.6403501
            ],
            "rotation": [
                0.7071068,
                0.0,
                -0.7071067,
                0.0
            ],
            "motion_type": "static"
        },
        {
            "template_name": "4af2c5ee1be2e81ae2dc092bf4450675f4b9a587",
            "translation": [
                -7.9700002,
                2.3187496,
                0.2252001
            ],
            "rotation": [
                0.4999999,
                0.4999999,
                0.5,
                -0.5
            ],
            "motion_type": "static"
        },
        {
            "template_name": "224-4",
            "translation": [
                -2.009,
                2.7510001,
                -1.3639997
            ],
            "rotation": [
                0.0,
                0.0,
                1.0,
                0.0
            ],
            "motion_type": "static",
            "non_uniform_scale": [
                -1.0,
                0.9999998,
                0.9999998
            ]
        },
        {
            "template_name": "4718-1",
            "translation": [
                -10.6520004,
                1.5499998,
                -0.2660001
            ],
            "rotation": [
                0.7071067,
                0.0,
                0.7071067,
                0.0
            ],
            "motion_type": "static",
            "non_uniform_scale": [
                -0.9999998,
                0.9999998,
                0.9999998
            ]
        },
        {
            "template_name": "212-3",
            "translation": [
                -11.1999998,
                1.0900003,
                -7.0879993
            ],
            "rotation": [
                0.7071067,
                0.0,
                0.7071067,
                0.0
            ],
            "motion_type": "static",
            "non_uniform_scale": [
                -0.9999998,
                0.9999998,
                0.9999998
            ]
        },
        {
            "template_name": "4718-1",
            "translation": [
                7.045,
                1.5499999,
                -1.3459998
            ],
            "rotation": [
                0.7071068,
                0.0,
                -0.7071067,
                0.0
            ],
            "motion_type": "static",
            "non_uniform_scale": [
                -0.9999998,
                0.9999998,
                0.9999998
            ]
        },
        {
            "template_name": "4718-1",
            "translation": [
                0.8883593,
                1.5499995,
                4.4393081
            ],
            "rotation": [
                0.938567,
                0.0,
                0.3450969,
                0.0
            ],
            "motion_type": "static",
            "non_uniform_scale": [
                -0.9999999,
                0.9999998,
                0.9999998
            ]
        },
        {
            "template_name": "4718-1",
            "translation": [
                -4.1787276,
                1.5499995,
                5.1558561
            ],
            "rotation": [
                0.9712216,
                0.0,
                -0.2381772,
                0.0
            ],
            "motion_type": "static",
            "non_uniform_scale": [
                -1.0,
                0.9999998,
                0.9999998
            ]
        },
        {
            "template_name": "4718-1",
            "translation": [
                -5.2835478,
                1.5499995,
                4.4316477
            ],
            "rotation": [
                0.9449042,
                0.0,
                -0.327347,
                0.0
            ],
            "motion_type": "static",
            "non_uniform_scale": [
                -1.0,
                0.9999998,
                0.9999998
            ]
        },
        {
            "template_name": "4718-1",
            "translation": [
                -0.1627807,
                1.5499995,
                5.1701159
            ],
            "rotation": [
                0.9692818,
                0.0,
                0.2459526,
                0.0
            ],
            "motion_type": "static",
            "non_uniform_scale": [
                -0.9999999,
                0.9999998,
                0.9999998
            ]
        },
        {
            "template_name": "4718-1",
            "translation": [
                -1.4288284,
                1.5499994,
                5.6310305
            ],
            "rotation": [
                0.995655,
                0.0,
                0.0931184,
                0.0
            ],
            "motion_type": "static",
            "non_uniform_scale": [
                -1.0,
                0.9999998,
                0.9999998
            ]
        },
        {
            "template_name": "4718-1",
            "translation": [
                -2.8719794,
                1.5499994,
                5.6249966
            ],
            "rotation": [
                0.9954371,
                0.0,
                -0.0954193,
                0.0
            ],
            "motion_type": "static",
            "non_uniform_scale": [
                -1.0,
                0.9999998,
                0.9999998
            ]
        },
        {
            "template_name": "4718-1",
            "translation": [
                9.6099996,
                1.5499997,
                1.462
            ],
            "rotation": [
                0.7071068,
                0.0,
                -0.7071067,
                0.0
            ],
            "motion_type": "static",
            "non_uniform_scale": [
                -0.9999998,
                0.9999998,
                0.9999998
            ]
        },
        {
            "template_name": "4718-1",
            "translation": [
                9.6099996,
                1.5499997,
                2.9700002
            ],
            "rotation": [
                0.7071068,
                0.0,
                -0.7071067,
                0.0
            ],
            "motion_type": "static",
            "non_uniform_scale": [
                -0.9999998,
                0.9999998,
                0.9999998
            ]
        },
        {
            "template_name": "4718-1",
            "translation": [
                8.1899995,
                1.5499995,
                3.8709998
            ],
            "rotation": [
                0.0,
                0.0,
                1.0,
                0.0
            ],
            "motion_type": "static",
            "non_uniform_scale": [
                -1.0,
                0.9999998,
                0.9999998
            ]
        },
        {
            "template_name": "4718-1",
            "translation": [
                4.8569998,
                1.5499995,
                3.8709998
            ],
            "rotation": [
                0.0,
                0.0,
                1.0,
                0.0
            ],
            "motion_type": "static",
            "non_uniform_scale": [
                -1.0,
                0.9999998,
                0.9999998
            ]
        },
        {
            "template_name": "4718-1",
            "translation": [
                6.5220003,
                1.5499995,
                3.8709998
            ],
            "rotation": [
                0.0,
                0.0,
                1.0,
                0.0
            ],
            "motion_type": "static",
            "non_uniform_scale": [
                -1.0,
                0.9999998,
                0.9999998
            ]
        },
        {
            "template_name": "4718-1",
            "translation": [
                3.437,
                1.5499997,
                2.9989995
            ],
            "rotation": [
                0.7071067,
                0.0,
                0.7071067,
                0.0
            ],
            "motion_type": "static",
            "non_uniform_scale": [
                -0.9999998,
                0.9999998,
                0.9999998
            ]
        },
        {
            "template_name": "4718-1",
            "translation": [
                1.4919999,
                1.5499997,
                2.9130001
            ],
            "rotation": [
                0.7071067,
                0.0,
                0.7071067,
                0.0
            ],
            "motion_type": "static",
            "non_uniform_scale": [
                -0.9999998,
                0.9999998,
                0.9999998
            ]
        },
        {
            "template_name": "209-4",
            "translation": [
                2.4785001,
                1.2389997,
                2.0769999
            ],
            "rotation": [
                0.0,
                0.0,
                1.0,
                0.0
            ],
            "motion_type": "static",
            "non_uniform_scale": [
                -1.0,
                0.9999998,
                0.9999998
            ]
        },
        {
            "template_name": "209-4",
            "translation": [
                -2.2755,
                1.2390003,
                -8.1389989
            ],
            "motion_type": "static",
            "non_uniform_scale": [
                -1.0,
                0.9999998,
                0.9999998
            ]
        },
        {
            "template_name": "5775-1",
            "translation": [
                -3.4609999,
                1.2390003,
                -8.1389989
            ],
            "motion_type": "static",
            "non_uniform_scale": [
                -1.0,
                0.9999998,
                0.9999998
            ]
        },
        {
            "template_name": "5775-1",
            "translation": [
                -1.0269999,
                1.2390003,
                -8.1389989
            ],
            "motion_type": "static",
            "non_uniform_scale": [
                -1.0,
                0.9999998,
                0.9999998
            ]
        },
        {
            "template_name": "4373-0",
            "translation": [
                -4.9920001,
                1.9190001,
                -5.0819993
            ],
            "motion_type": "static",
            "non_uniform_scale": [
                -1.0,
                0.9999998,
                0.9999998
            ]
        },
        {
            "template_name": "4373-0",
            "translation": [
                -4.0830001,
                1.9190001,
                -6.6619997
            ],
            "rotation": [
                0.7071067,
                0.0,
                0.7071067,
                0.0
            ],
            "motion_type": "static",
            "non_uniform_scale": [
                -0.9999998,
                0.9999998,
                0.9999998
            ]
        },
        {
            "template_name": "4373-0",
            "translation": [
                0.5989999,
                1.9190001,
                -5.0819993
            ],
            "motion_type": "static",
            "non_uniform_scale": [
                -1.0,
                0.9999998,
                0.9999998
            ]
        },
        {
            "template_name": "5775-2",
            "translation": [
                -3.8459999,
                1.2389998,
                0.631
            ],
            "rotation": [
                0.0,
                0.0,
                1.0,
                0.0
            ],
            "motion_type": "static",
            "non_uniform_scale": [
                -1.0,
                0.9999998,
                0.9999998
            ]
        },
        {
            "template_name": "5775-2",
            "translation": [
                -0.5849999,
                1.2389998,
                0.631
            ],
            "rotation": [
                0.0,
                0.0,
                1.0,
                0.0
            ],
            "motion_type": "static",
            "non_uniform_scale": [
                -1.0,
                0.9999998,
                0.9999998
            ]
        },
        {
            "template_name": "4076-2",
            "translation": [
                -5.933,
                1.1199997,
                2.6059999
            ],
            "rotation": [
                0.7071067,
                0.0,
                0.7071067,
                0.0
            ],
            "motion_type": "static",
            "non_uniform_scale": [
                -0.9999998,
                0.9999998,
                0.9999998
            ]
        },
        {
            "template_name": "4718-1",
            "translation": [
                -6.9823498,
                1.5499997,
                1.718
            ],
            "rotation": [
                0.0,
                0.0,
                1.0,
                0.0
            ],
            "motion_type": "static",
            "non_uniform_scale": [
                -1.0,
                0.9999998,
                0.9999998
            ]
        }
    ],
    "articulated_object_instances": [],
    "stage_instance": {
        "template_name": "stages/102344529",
        "motion_type": "static"
    },
    "user_defined": {
        "scene_filter_file": "scene_filter_files/102344529.rec_filter.json"
    }
}