{
    "translation_origin": "asset_local",
    "default_lighting": "",
    "navmesh_instance": "",
    "object_instances": [
        {
            "template_name": "920a88649c59e1e7ee3f6210a7e0907d214f6442",
            "translation": [
                2.1871399,
                -3.129243850708008e-07,
                5.3603096
            ],
            "rotation": [
                0.7071068,
                0.0,
                -0.7071067,
                0.0
            ],
            "motion_type": "static",
            "non_uniform_scale": [
                0.8260315,
                0.9999998,
                0.7199397
            ]
        },
        {
            "template_name": "0a500013049449fc711c82c961cb71620c8fb8a5",
            "translation": [
                2.71824,
                0.0,
                -0.3132899
            ],
            "motion_type": "static"
        },
        {
            "template_name": "0a500013049449fc711c82c961cb71620c8fb8a5",
            "translation": [
                2.0027799,
                0.0,
                -0.3132899
            ],
            "motion_type": "static"
        },
        {
            "template_name": "0a500013049449fc711c82c961cb71620c8fb8a5",
            "translation": [
                1.2837699,
                0.0,
                -0.3132899
            ],
            "rotation": [
                0.0,
                0.0,
                1.0,
                0.0
            ],
            "motion_type": "static"
        },
        {
            "template_name": "c31004dabb96c33891e7d746f1e5603cb61430cf",
            "translation": [
                -2.59677,
                -4.76837158203125e-07,
                8.8162593
            ],
            "rotation": [
                0.7071068,
                0.0,
                0.7071067,
                0.0
            ],
            "motion_type": "static"
        },
        {
            "template_name": "78feeae49440fd1a7415a3b992796a446db40425",
            "translation": [
                -5.5566697,
                1.7500001,
                -6.4348292
            ],
            "rotation": [
                0.7071068,
                0.7071067,
                0.0,
                0.0
            ],
            "motion_type": "static"
        },
        {
            "template_name": "78feeae49440fd1a7415a3b992796a446db40425",
            "translation": [
                2.0794699,
                1.7499994,
                7.2007794
            ],
            "rotation": [
                0.0,
                0.0,
                0.7071068,
                -0.7071067
            ],
            "motion_type": "static"
        },
        {
            "template_name": "57f8514b427645988fcfc825d01f12ac3dba9d2c",
            "translation": [
                8.768835,
                1.7502901,
                -2.96422
            ],
            "rotation": [
                0.7071068,
                0.7071067,
                0.0,
                0.0
            ],
            "motion_type": "static"
        },
        {
            "template_name": "b5254863b004150dfa4cc86ea45edf8cbe8fa672",
            "translation": [
                -6.6396903,
                2.682209014892578e-07,
                -5.9268088
            ],
            "motion_type": "static"
        },
        {
            "template_name": "b5254863b004150dfa4cc86ea45edf8cbe8fa672",
            "translation": [
                -7.4278192,
                2.682209014892578e-07,
                -5.9472289
            ],
            "motion_type": "static"
        },
        {
            "template_name": "e460bdb42d7cc2ecf568be1a36df376b8ab69d05",
            "translation": [
                0.0539299,
                1.7501796,
                4.0183997
            ],
            "rotation": [
                0.4999999,
                0.4999999,
                0.5,
                -0.5
            ],
            "motion_type": "static"
        },
        {
            "template_name": "1d935e1cc10a5cc4d8f4a08b75079dc50bc9fbe0",
            "translation": [
                8.9268598,
                -1.1920928955078125e-07,
                1.7846298
            ],
            "rotation": [
                0.7071068,
                0.0,
                -0.7071067,
                0.0
            ],
            "motion_type": "static"
        },
        {
            "template_name": "72e5e40aab62624659c2e37f885e06718ca5f17a",
            "translation": [
                2.8104801,
                3.0687078833580017e-07,
                -5.148889
            ],
            "rotation": [
                0.0,
                0.0,
                1.0,
                0.0
            ],
            "motion_type": "static",
            "non_uniform_scale": [
                1.0055364,
                0.9999998,
                0.4280361
            ]
        },
        {
            "template_name": "7c3c32c496d7eb37286ff8ad3ddf5384ba30b2ae",
            "translation": [
                2.78062,
                3.5762786865234375e-07,
                -6.1048398
            ],
            "motion_type": "static"
        },
        {
            "template_name": "aeae32d8bdeefca3ed46e3f0e6b69106e226fe22",
            "translation": [
                -1.73694,
                -3.5762786865234375e-07,
                5.838499
            ],
            "rotation": [
                0.7071068,
                0.0,
                0.7071067,
                0.0
            ],
            "motion_type": "static"
        },
        {
            "template_name": "92e818d1866db50d30acc6463e5307ff6883186c",
            "translation": [
                3.21476,
                -2.9802322387695312e-08,
                0.6852599
            ],
            "rotation": [
                0.7071068,
                0.0,
                -0.7071067,
                0.0
            ],
            "motion_type": "static"
        },
        {
            "template_name": "856317b238f6a70ae6f0afffed1f6d5e3ab7b80c",
            "translation": [
                -0.4084349,
                -3.8743019104003906e-07,
                6.4518294
            ],
            "rotation": [
                0.0,
                0.0,
                1.0,
                0.0
            ],
            "motion_type": "static"
        },
        {
            "template_name": "856317b238f6a70ae6f0afffed1f6d5e3ab7b80c",
            "translation": [
                -1.0334049,
                -3.8743019104003906e-07,
                6.4518294
            ],
            "rotation": [
                0.0,
                0.0,
                1.0,
                0.0
            ],
            "motion_type": "static"
        },
        {
            "template_name": "c461ecb62efa4ef74eb34fb8152acf8cc8ac427d",
            "translation": [
                2.74199,
                1.016,
                -0.3816899
            ],
            "motion_type": "static"
        },
        {
            "template_name": "c461ecb62efa4ef74eb34fb8152acf8cc8ac427d",
            "translation": [
                1.23076,
                1.016,
                -0.2448899
            ],
            "rotation": [
                0.0,
                0.0,
                1.0,
                0.0
            ],
            "motion_type": "static"
        },
        {
            "template_name": "412c833d4428480466b704ce25bf06f519c8cf72",
            "translation": [
                -4.2918901,
                -2.384185791015625e-07,
                4.4591593
            ],
            "rotation": [
                0.0,
                0.0,
                1.0,
                0.0
            ],
            "motion_type": "static"
        },
        {
            "template_name": "dc3c96d6a8bdfd4facd1db4e309b7a06d8d8c6a0",
            "translation": [
                8.8665399,
                5.960464477539063e-08,
                -1.4976098
            ],
            "motion_type": "static"
        },
        {
            "template_name": "95d1e189e93694bb8eee73a64b0d84a8be5a5057",
            "translation": [
                5.6445899,
                0.0,
                -0.3575599
            ],
            "rotation": [
                0.7071068,
                0.0,
                -0.7071067,
                0.0
            ],
            "motion_type": "static",
            "non_uniform_scale": [
                0.557814,
                0.9999998,
                0.7681039
            ]
        },
        {
            "template_name": "95d1e189e93694bb8eee73a64b0d84a8be5a5057",
            "translation": [
                3.19388,
                -1.1920928955078125e-07,
                2.4991698
            ],
            "rotation": [
                0.7071068,
                0.0,
                -0.7071067,
                0.0
            ],
            "motion_type": "static",
            "non_uniform_scale": [
                0.557814,
                0.9999998,
                0.7681039
            ]
        },
        {
            "template_name": "e1139d8a4dcd3f1934ef70bbf013c2a61e06bdb4",
            "translation": [
                8.3748493,
                1.7500199,
                0.043395
            ],
            "rotation": [
                0.7071068,
                0.7071067,
                0.0,
                0.0
            ],
            "motion_type": "static"
        },
        {
            "template_name": "425767948124e3e49ecc69a2d25810d98a30e255",
            "translation": [
                -0.05959,
                -6.556510925292969e-07,
                10.9305191
            ],
            "rotation": [
                0.0,
                0.0,
                1.0,
                0.0
            ],
            "motion_type": "static"
        },
        {
            "template_name": "4fedffc6298261cd95ea6f8808c41bc5d499658e",
            "translation": [
                7.4407701,
                -1.341104507446289e-07,
                2.1740398
            ],
            "rotation": [
                0.7071068,
                0.0,
                -0.7071067,
                0.0
            ],
            "motion_type": "static"
        },
        {
            "template_name": "4fedffc6298261cd95ea6f8808c41bc5d499658e",
            "translation": [
                7.4407701,
                -8.940696716308594e-08,
                1.4319798
            ],
            "rotation": [
                0.0,
                0.0,
                1.0,
                0.0
            ],
            "motion_type": "static"
        },
        {
            "template_name": "131720513e4d71ac6099a11d89586ab001f4a1ac",
            "translation": [
                -9.1165103,
                -2.682209014892578e-07,
                4.5360293
            ],
            "rotation": [
                0.0,
                0.0,
                1.0,
                0.0
            ],
            "motion_type": "static"
        },
        {
            "template_name": "aeed66167e7b425a01bcc7a18334583e86be9e1d",
            "translation": [
                -9.5339202,
                1.7500001,
                -2.8790395
            ],
            "rotation": [
                0.7071068,
                0.7071067,
                0.0,
                0.0
            ],
            "motion_type": "static"
        },
        {
            "template_name": "e8e05338d973e1845aea18072e1086cadaf6a1e6",
            "translation": [
                0.0539299,
                1.7499997,
                3.2185299
            ],
            "rotation": [
                0.4999999,
                0.4999999,
                0.5,
                -0.5
            ],
            "motion_type": "static"
        },
        {
            "template_name": "e8e05338d973e1845aea18072e1086cadaf6a1e6",
            "translation": [
                4.4369702,
                1.7499996,
                3.61995
            ],
            "rotation": [
                0.7071068,
                0.7071067,
                0.0,
                0.0
            ],
            "motion_type": "static"
        },
        {
            "template_name": "49c76818a505500ecc2b923617d0d6dc13a74896",
            "translation": [
                -4.2069001,
                -2.016313374042511e-07,
                3.3831796
            ],
            "rotation": [
                0.7071068,
                0.0,
                0.7071067,
                0.0
            ],
            "motion_type": "static"
        },
        {
            "template_name": "9b6dca7b332efae3c2e3939ed628578874e1cb7d",
            "translation": [
                -0.0960649,
                1.75,
                -4.0053696
            ],
            "rotation": [
                -0.5,
                -0.5,
                0.5,
                -0.4999999
            ],
            "motion_type": "static"
        },
        {
            "template_name": "733ec61b660ef90ad4e97d33943251b04cb4735e",
            "translation": [
                8.2663402,
                7.35744833946228e-08,
                -1.2358398
            ],
            "rotation": [
                0.0,
                0.0,
                1.0,
                0.0
            ],
            "motion_type": "static"
        },
        {
            "template_name": "451e882aeb903af797a2298ae5fcc18ab87e0bb5",
            "translation": [
                0.1390299,
                1.7495501,
                -5.6000995
            ],
            "rotation": [
                0.4999999,
                0.4999999,
                0.5,
                -0.5
            ],
            "motion_type": "static"
        },
        {
            "template_name": "451e882aeb903af797a2298ae5fcc18ab87e0bb5",
            "translation": [
                0.1390299,
                1.7495501,
                -6.0420594
            ],
            "rotation": [
                0.4999999,
                0.4999999,
                0.5,
                -0.5
            ],
            "motion_type": "static"
        },
        {
            "template_name": "14bdc1398760aef6d8757e2dd6a1c674d7851e66",
            "translation": [
                1.9987699,
                1.016,
                -0.3570899
            ],
            "motion_type": "static"
        },
        {
            "template_name": "793b53d25a8b26dbe12430fe86e07f8cdeb3bb2f",
            "translation": [
                2.16436,
                -6.258487701416016e-07,
                10.3702287
            ],
            "rotation": [
                0.7071068,
                0.0,
                -0.7071067,
                0.0
            ],
            "motion_type": "static"
        },
        {
            "template_name": "3771316962563144faeda957e3349d794ca8b4d0",
            "translation": [
                6.5064949,
                1.7502899,
                -0.1065998
            ],
            "rotation": [
                0.0,
                0.0,
                0.7071068,
                -0.7071067
            ],
            "motion_type": "static"
        },
        {
            "template_name": "aec527eef8ce07f9b14aa36e43f173d3c0369f6f",
            "translation": [
                -10.1458301,
                1.7499998,
                -0.1065998
            ],
            "rotation": [
                0.0,
                0.0,
                0.7071068,
                -0.7071067
            ],
            "motion_type": "static"
        },
        {
            "template_name": "cd463940bfb1d224688f7ea6e1d7c2caae0ecd1c",
            "translation": [
                3.4794199,
                1.7499997,
                0.6927499
            ],
            "rotation": [
                -0.5,
                -0.5,
                0.5,
                -0.4999999
            ],
            "motion_type": "static"
        },
        {
            "template_name": "d68aaf2484eec4c754d3b6e07adc09293d8b36de",
            "translation": [
                -4.2526597,
                -1.7881393432617188e-07,
                3.1109397
            ],
            "rotation": [
                0.0,
                0.0,
                1.0,
                0.0
            ],
            "motion_type": "static"
        },
        {
            "template_name": "e4ee71b667832a51e6cfd3834fdaac3870b9fda8",
            "translation": [
                -0.3710699,
                -1.7881393432617188e-07,
                3.4329097
            ],
            "rotation": [
                0.7071068,
                0.0,
                -0.7071067,
                0.0
            ],
            "motion_type": "static"
        },
        {
            "template_name": "c7564571e612aed3f444a3066b7c063671a1bb29",
            "translation": [
                -0.0960649,
                1.7499996,
                3.4613699
            ],
            "rotation": [
                -0.5,
                -0.5,
                0.5,
                -0.4999999
            ],
            "motion_type": "static"
        },
        {
            "template_name": "ed4ed55a08fac410b09e2d1f351d84893eaa7136",
            "translation": [
                -5.3504648,
                2.086162567138672e-07,
                -3.3456695
            ],
            "rotation": [
                0.7071068,
                0.0,
                -0.7071067,
                0.0
            ],
            "motion_type": "static"
        },
        {
            "template_name": "3bf7999b730cb8624a4071d0bd708411cb947f78",
            "translation": [
                -0.50471,
                -4.172325134277344e-07,
                7.3583297
            ],
            "motion_type": "static"
        },
        {
            "template_name": "0ba2ffcba10f0e803712cb84f583c060efd8daf7",
            "translation": [
                -0.3120299,
                2.980232238769531e-07,
                -5.1147894
            ],
            "rotation": [
                0.7071068,
                0.0,
                -0.7071067,
                0.0
            ],
            "motion_type": "static"
        },
        {
            "template_name": "b15fac0004781e1257261e5a7cefa01036a149a9",
            "translation": [
                -0.74878,
                1.7499995,
                6.7841897
            ],
            "rotation": [
                0.0,
                0.0,
                0.7071068,
                -0.7071067
            ],
            "motion_type": "static"
        },
        {
            "template_name": "e1085698f8090a287a6115006d23e8f6dc68e92b",
            "translation": [
                5.1607193,
                1.7881393432617188e-07,
                -3.2114298
            ],
            "rotation": [
                0.7071068,
                0.0,
                -0.7071067,
                0.0
            ],
            "motion_type": "static"
        },
        {
            "template_name": "e1085698f8090a287a6115006d23e8f6dc68e92b",
            "translation": [
                4.5334,
                -1.7881393432617188e-07,
                3.1762497
            ],
            "rotation": [
                0.0,
                0.0,
                1.0,
                0.0
            ],
            "motion_type": "static"
        },
        {
            "template_name": "8a8bdffe852ba41130c874823fdab652d34bb970",
            "translation": [
                -0.3158499,
                2.384185791015625e-07,
                -3.9996597
            ],
            "rotation": [
                0.7071068,
                0.0,
                -0.7071067,
                0.0
            ],
            "motion_type": "static"
        },
        {
            "template_name": "d5c4ec52699e1d44a1db31b8c168bdad3cf19829",
            "translation": [
                -10.5633802,
                1.1920928955078125e-07,
                -1.5724698
            ],
            "rotation": [
                0.7071068,
                0.0,
                0.7071067,
                0.0
            ],
            "motion_type": "static"
        },
        {
            "template_name": "f4516669f6211ba19ad3b565caac0f471f781918",
            "translation": [
                -8.8296098,
                0.8200001,
                -3.3254096
            ],
            "rotation": [
                0.7071068,
                0.0,
                -0.7071067,
                0.0
            ],
            "motion_type": "static"
        },
        {
            "template_name": "f4516669f6211ba19ad3b565caac0f471f781918",
            "translation": [
                0.08893,
                0.9099997,
                5.3762292
            ],
            "rotation": [
                0.7071068,
                0.0,
                0.7071067,
                0.0
            ],
            "motion_type": "static"
        },
        {
            "template_name": "920e3797a52036dd338a603e25d46725ec257956",
            "translation": [
                -3.8280599,
                1.7499998,
                -0.1065998
            ],
            "rotation": [
                0.0,
                0.0,
                0.7071068,
                -0.7071067
            ],
            "motion_type": "static"
        },
        {
            "template_name": "c859b2b52d3f2acdde6a00b4f0767f63e0bccad5",
            "translation": [
                1.9859001,
                1.7499997,
                -0.4720899
            ],
            "rotation": [
                0.7071068,
                0.7071067,
                0.0,
                0.0
            ],
            "motion_type": "static"
        },
        {
            "template_name": "bd4d4877984d271dc122d924b4c733897095bfc8",
            "translation": [
                0.39283,
                1.7881393432617188e-07,
                -3.1423296
            ],
            "rotation": [
                0.7071068,
                0.0,
                0.7071067,
                0.0
            ],
            "motion_type": "static"
        },
        {
            "template_name": "bd4d4877984d271dc122d924b4c733897095bfc8",
            "translation": [
                3.8847196,
                -8.940696716308594e-08,
                1.7116398
            ],
            "rotation": [
                0.7071068,
                0.0,
                0.7071067,
                0.0
            ],
            "motion_type": "static"
        },
        {
            "template_name": "68a6193e3b67cedefb14ab590fc748bcc7955c5d",
            "translation": [
                6.6525297,
                2.9802322387695312e-08,
                -0.4121899
            ],
            "rotation": [
                0.7071068,
                0.0,
                -0.7071067,
                0.0
            ],
            "motion_type": "static"
        },
        {
            "template_name": "68a6193e3b67cedefb14ab590fc748bcc7955c5d",
            "translation": [
                -2.56603,
                -6.556510925292969e-07,
                11.0026092
            ],
            "rotation": [
                0.0,
                0.0,
                1.0,
                0.0
            ],
            "motion_type": "static"
        },
        {
            "template_name": "293c42d04758bffcc63070066170cbb1f09918cc",
            "translation": [
                4.3316202,
                4.172325134277344e-07,
                -6.8748793
            ],
            "motion_type": "static"
        },
        {
            "template_name": "293c42d04758bffcc63070066170cbb1f09918cc",
            "translation": [
                1.28675,
                4.172325134277344e-07,
                -6.8748793
            ],
            "motion_type": "static"
        },
        {
            "template_name": "c800ff5b3c40d93b26a1934a64c5fd4009c5cea2",
            "translation": [
                -6.9491004,
                1.9371509552001953e-07,
                -3.2241196
            ],
            "rotation": [
                0.7071068,
                0.0,
                -0.7071067,
                0.0
            ],
            "motion_type": "static"
        },
        {
            "template_name": "d16ff57d10f241153e3a6346be65058d6a843496",
            "translation": [
                -5.3700499,
                2.980232238769531e-07,
                -4.8239793
            ],
            "motion_type": "static"
        },
        {
            "template_name": "d16ff57d10f241153e3a6346be65058d6a843496",
            "translation": [
                -5.3811006,
                1.1920928955078125e-07,
                -1.8098299
            ],
            "motion_type": "static"
        },
        {
            "template_name": "d16ff57d10f241153e3a6346be65058d6a843496",
            "translation": [
                2.21548,
                -2.9802322387695312e-08,
                0.6911599
            ],
            "motion_type": "static",
            "non_uniform_scale": [
                1.613779,
                0.9999998,
                1.4919929
            ]
        },
        {
            "template_name": "044f69d8e2210c02ee7d6742b520cc3db99868b1",
            "translation": [
                -4.2629699,
                0.9099997,
                3.1270298
            ],
            "motion_type": "static"
        },
        {
            "template_name": "22f29a2b903f70be993dc569204965ceeb663196",
            "translation": [
                -5.37364,
                0.5100002,
                -4.8149442
            ],
            "motion_type": "static"
        },
        {
            "template_name": "2dbd13061836569068a31af0417c100360060a63",
            "translation": [
                7.9920301,
                1.7499997,
                -0.1065998
            ],
            "rotation": [
                0.0,
                0.0,
                0.7071068,
                -0.7071067
            ],
            "motion_type": "static"
        },
        {
            "template_name": "2dbd13061836569068a31af0417c100360060a63",
            "translation": [
                -1.6842399,
                1.7499994,
                7.0333495
            ],
            "rotation": [
                0.7071068,
                0.7071067,
                0.0,
                0.0
            ],
            "motion_type": "static"
        },
        {
            "template_name": "ce64089b08a3ba3e5a2c4c8e70c627c71c64cccc",
            "translation": [
                -3.15156,
                -1.7881393432617188e-07,
                3.0651798
            ],
            "rotation": [
                0.7071068,
                0.0,
                -0.7071067,
                0.0
            ],
            "motion_type": "static"
        },
        {
            "template_name": "ce64089b08a3ba3e5a2c4c8e70c627c71c64cccc",
            "translation": [
                -3.67826,
                -1.1920928955078125e-07,
                2.4162397
            ],
            "motion_type": "static"
        },
        {
            "template_name": "ce64089b08a3ba3e5a2c4c8e70c627c71c64cccc",
            "translation": [
                -4.5297799,
                -1.1920928955078125e-07,
                2.4162397
            ],
            "motion_type": "static"
        },
        {
            "template_name": "ce64089b08a3ba3e5a2c4c8e70c627c71c64cccc",
            "translation": [
                -5.3537597,
                -1.7881393432617188e-07,
                3.0881297
            ],
            "rotation": [
                0.7071068,
                0.0,
                0.7071067,
                0.0
            ],
            "motion_type": "static"
        },
        {
            "template_name": "4fcd286d4d54998814a3695a77190a715671b37a",
            "translation": [
                6.3576993,
                1.1920928955078125e-07,
                -2.6924197
            ],
            "motion_type": "static"
        },
        {
            "template_name": "4fcd286d4d54998814a3695a77190a715671b37a",
            "translation": [
                7.6463193,
                1.1920928955078125e-07,
                -2.6924197
            ],
            "motion_type": "static"
        },
        {
            "template_name": "4e09e146c881b9beba1b53f8188e6f3251db5ff9",
            "translation": [
                1.9857201,
                -4.76837158203125e-07,
                8.283679
            ],
            "motion_type": "static"
        },
        {
            "template_name": "b883b58bdd53fccec7153d88a98dea8e31158c64",
            "translation": [
                -8.1765899,
                1.7499998,
                -0.1065998
            ],
            "rotation": [
                0.0,
                0.0,
                0.7071068,
                -0.7071067
            ],
            "motion_type": "static"
        },
        {
            "template_name": "95e382d31b12e57aab88caeff004bf8a003baee8",
            "translation": [
                -7.6905097,
                1.7499995,
                4.7685599
            ],
            "rotation": [
                0.0,
                0.0,
                0.7071068,
                -0.7071067
            ],
            "motion_type": "static"
        },
        {
            "template_name": "95e382d31b12e57aab88caeff004bf8a003baee8",
            "translation": [
                0.1375299,
                1.75,
                -4.4322695
            ],
            "rotation": [
                0.4999999,
                0.4999999,
                0.5,
                -0.5
            ],
            "motion_type": "static"
        },
        {
            "template_name": "95e382d31b12e57aab88caeff004bf8a003baee8",
            "translation": [
                6.9376897,
                1.7499997,
                0.0434
            ],
            "rotation": [
                0.7071068,
                0.7071067,
                0.0,
                0.0
            ],
            "motion_type": "static"
        },
        {
            "template_name": "8f75a5a5837733b9a5beebf031f4cdc13a240782",
            "translation": [
                -1.5829901,
                -7.152557373046875e-07,
                12.3471488
            ],
            "rotation": [
                0.7071068,
                0.0,
                0.7071067,
                0.0
            ],
            "motion_type": "static",
            "non_uniform_scale": [
                0.8227029,
                0.9999998,
                0.8885932
            ]
        },
        {
            "template_name": "8f75a5a5837733b9a5beebf031f4cdc13a240782",
            "translation": [
                0.2275499,
                -7.152557373046875e-07,
                12.320199
            ],
            "rotation": [
                0.7071068,
                0.0,
                0.7071067,
                0.0
            ],
            "motion_type": "static",
            "non_uniform_scale": [
                0.8227029,
                0.9999998,
                0.8885932
            ]
        },
        {
            "template_name": "20b2dbd00a4d313d8f9baffa4e44a96ed8ff0921",
            "translation": [
                -1.6606299,
                -4.3213367462158203e-07,
                7.2838892
            ],
            "motion_type": "static"
        },
        {
            "template_name": "08f59d018f87b3d2222ba3135f92f3f6531c9c8c",
            "translation": [
                1.486145,
                -7.152557373046875e-07,
                12.2918195
            ],
            "rotation": [
                0.7071068,
                0.0,
                -0.7071067,
                0.0
            ],
            "motion_type": "static"
        },
        {
            "template_name": "08f59d018f87b3d2222ba3135f92f3f6531c9c8c",
            "translation": [
                -0.2832449,
                -7.152557373046875e-07,
                12.2918195
            ],
            "rotation": [
                0.7071068,
                0.0,
                -0.7071067,
                0.0
            ],
            "motion_type": "static"
        },
        {
            "template_name": "08f59d018f87b3d2222ba3135f92f3f6531c9c8c",
            "translation": [
                0.8259199,
                -7.748603820800781e-07,
                13.3356037
            ],
            "rotation": [
                0.0,
                0.0,
                1.0,
                0.0
            ],
            "motion_type": "static"
        },
        {
            "template_name": "08f59d018f87b3d2222ba3135f92f3f6531c9c8c",
            "translation": [
                -0.95585,
                -7.748603820800781e-07,
                13.3356037
            ],
            "rotation": [
                0.0,
                0.0,
                1.0,
                0.0
            ],
            "motion_type": "static"
        },
        {
            "template_name": "1092201726a867691b399631b88cea9720f371ac",
            "translation": [
                -6.9787507,
                1.9045546650886536e-07,
                -3.1960697
            ],
            "motion_type": "static"
        },
        {
            "template_name": "1388270c7f27a56d274c87614bfba00644d7b1aa_part_5",
            "translation": [
                -8.5053443,
                -5.960464477539063e-08,
                2.8128552
            ],
            "rotation": [
                0.7071068,
                0.0,
                0.7071067,
                0.0
            ],
            "motion_type": "static",
            "non_uniform_scale": [
                1.0379947,
                0.9999998,
                1.4278893
            ]
        },
        {
            "template_name": "1388270c7f27a56d274c87614bfba00644d7b1aa_part_5",
            "translation": [
                -9.7418756,
                -2.384185791015625e-07,
                2.1017415
            ],
            "rotation": [
                0.7071068,
                0.0,
                -0.7071067,
                0.0
            ],
            "motion_type": "static",
            "non_uniform_scale": [
                1.0379947,
                0.9999998,
                1.4278893
            ]
        },
        {
            "template_name": "1388270c7f27a56d274c87614bfba00644d7b1aa_part_5",
            "translation": [
                -9.7418756,
                -3.5762786865234375e-07,
                2.8125166
            ],
            "rotation": [
                0.7071068,
                0.0,
                -0.7071067,
                0.0
            ],
            "motion_type": "static",
            "non_uniform_scale": [
                1.0379947,
                0.9999998,
                1.4278893
            ]
        },
        {
            "template_name": "1388270c7f27a56d274c87614bfba00644d7b1aa_part_5",
            "translation": [
                -9.1219635,
                -2.384185791015625e-07,
                3.6059265
            ],
            "motion_type": "static",
            "non_uniform_scale": [
                1.4278893,
                0.9999998,
                1.0379947
            ]
        },
        {
            "template_name": "1388270c7f27a56d274c87614bfba00644d7b1aa_part_5",
            "translation": [
                -8.5053434,
                -8.940696716308594e-08,
                2.1032841
            ],
            "rotation": [
                0.7071067,
                0.0,
                0.7071068,
                0.0
            ],
            "motion_type": "static",
            "non_uniform_scale": [
                1.0379947,
                0.9999998,
                1.4278893
            ]
        },
        {
            "template_name": "1388270c7f27a56d274c87614bfba00644d7b1aa_part_5",
            "translation": [
                -9.1261186,
                -2.9802322387695312e-08,
                1.3083077
            ],
            "rotation": [
                0.0,
                0.0,
                1.0,
                0.0
            ],
            "motion_type": "static",
            "non_uniform_scale": [
                1.4278893,
                0.9999998,
                1.0379947
            ]
        },
        {
            "template_name": "1388270c7f27a56d274c87614bfba00644d7b1aa_part_7",
            "translation": [
                -9.1240119,
                -1.1920928955078125e-07,
                2.4569897
            ],
            "rotation": [
                0.7071068,
                0.0,
                0.7071067,
                0.0
            ],
            "motion_type": "static",
            "non_uniform_scale": [
                1.0379947,
                0.9999998,
                1.4278893
            ]
        },
        {
            "template_name": "708449f0a5b9e7c166b3e6d6c52d9c80cd17f717",
            "translation": [
                3.946875,
                -2.980232238769531e-07,
                5.4249043
            ],
            "rotation": [
                0.7071068,
                0.0,
                -0.7071067,
                0.0
            ],
            "motion_type": "static"
        },
        {
            "template_name": "7d625c430972d6778f120ef87e9e163fad23a778",
            "translation": [
                9.7347297,
                -2.9802322387695312e-08,
                0.4017999
            ],
            "rotation": [
                0.7071068,
                0.0,
                -0.7071067,
                0.0
            ],
            "motion_type": "static"
        },
        {
            "template_name": "7d625c430972d6778f120ef87e9e163fad23a778",
            "translation": [
                9.7347297,
                -1.7881393432617188e-07,
                3.0542697
            ],
            "rotation": [
                0.7071068,
                0.0,
                -0.7071067,
                0.0
            ],
            "motion_type": "static"
        },
        {
            "template_name": "61d4155613cdff2e36558a2c210452232eea676f",
            "translation": [
                0.2703399,
                -3.2782554626464844e-07,
                5.4110994
            ],
            "rotation": [
                0.7071068,
                0.0,
                0.7071067,
                0.0
            ],
            "motion_type": "static",
            "non_uniform_scale": [
                1.4395573,
                0.9999998,
                0.9999998
            ]
        },
        {
            "template_name": "dc2bf6dbff44a99b087ba5c987bab9ac4e28e53b",
            "translation": [
                -8.6287603,
                2.086162567138672e-07,
                -3.3186597
            ],
            "rotation": [
                0.7071068,
                0.0,
                0.7071067,
                0.0
            ],
            "motion_type": "static"
        },
        {
            "template_name": "f564f2a2e73741e74899b75e16df4d8555a0cae3",
            "translation": [
                -8.5952444,
                1.341104507446289e-07,
                -2.2335047
            ],
            "rotation": [
                0.7071068,
                0.0,
                0.7071067,
                0.0
            ],
            "motion_type": "static"
        },
        {
            "template_name": "f564f2a2e73741e74899b75e16df4d8555a0cae3",
            "translation": [
                6.8501243,
                -1.4901161193847656e-08,
                0.2519749
            ],
            "motion_type": "static"
        },
        {
            "template_name": "4380-0",
            "translation": [
                -1.5479599,
                1.1200003,
                -7.1769695
            ],
            "rotation": [
                0.0,
                0.0,
                1.0,
                0.0
            ],
            "motion_type": "static"
        },
        {
            "template_name": "3759-0",
            "translation": [
                4.3239398,
                1.3000004,
                -7.1769695
            ],
            "rotation": [
                0.0,
                0.0,
                1.0,
                0.0
            ],
            "motion_type": "static",
            "non_uniform_scale": [
                -1.0,
                0.9999998,
                0.9999998
            ]
        },
        {
            "template_name": "3759-0",
            "translation": [
                1.28337,
                1.3000004,
                -7.1769695
            ],
            "rotation": [
                0.0,
                0.0,
                1.0,
                0.0
            ],
            "motion_type": "static",
            "non_uniform_scale": [
                -1.0,
                0.9999998,
                0.9999998
            ]
        },
        {
            "template_name": "3759-0",
            "translation": [
                -10.4443302,
                1.2999997,
                3.9805197
            ],
            "rotation": [
                0.7071067,
                0.0,
                0.7071067,
                0.0
            ],
            "motion_type": "static",
            "non_uniform_scale": [
                -0.9999998,
                0.9999998,
                0.9999998
            ]
        },
        {
            "template_name": "3759-0",
            "translation": [
                -10.4443302,
                1.2999998,
                2.5617399
            ],
            "rotation": [
                0.7071067,
                0.0,
                0.7071067,
                0.0
            ],
            "motion_type": "static",
            "non_uniform_scale": [
                -0.9999998,
                0.9999998,
                0.9999998
            ]
        },
        {
            "template_name": "3759-0",
            "translation": [
                -10.4443302,
                1.2999999,
                1.0448801
            ],
            "rotation": [
                0.7071067,
                0.0,
                0.7071067,
                0.0
            ],
            "motion_type": "static",
            "non_uniform_scale": [
                -0.9999998,
                0.9999998,
                0.9999998
            ]
        },
        {
            "template_name": "3759-0",
            "translation": [
                4.6086602,
                1.2999995,
                7.2757797
            ],
            "motion_type": "static",
            "non_uniform_scale": [
                -1.0,
                0.9999998,
                0.9999998
            ]
        },
        {
            "template_name": "3759-0",
            "translation": [
                3.34889,
                1.2999995,
                7.2757797
            ],
            "motion_type": "static",
            "non_uniform_scale": [
                -1.0,
                0.9999998,
                0.9999998
            ]
        },
        {
            "template_name": "3759-0",
            "translation": [
                8.7739601,
                1.2999998,
                3.5449497
            ],
            "motion_type": "static",
            "non_uniform_scale": [
                -1.0,
                0.9999998,
                0.9999998
            ]
        },
        {
            "template_name": "3759-0",
            "translation": [
                6.7993397,
                1.2999998,
                3.5449497
            ],
            "motion_type": "static",
            "non_uniform_scale": [
                -1.0,
                0.9999998,
                0.9999998
            ]
        },
        {
            "template_name": "3759-0",
            "translation": [
                -8.9396095,
                1.3000003,
                -5.667129
            ],
            "rotation": [
                0.7071067,
                0.0,
                0.7071067,
                0.0
            ],
            "motion_type": "static",
            "non_uniform_scale": [
                -0.9999998,
                0.9999998,
                0.9999998
            ]
        },
        {
            "template_name": "3759-0",
            "translation": [
                -4.16433,
                1.3000004,
                -6.509829
            ],
            "motion_type": "static",
            "non_uniform_scale": [
                -1.0,
                0.9999998,
                0.9999998
            ]
        },
        {
            "template_name": "3759-0",
            "translation": [
                -7.1664299,
                1.3000004,
                -6.509829
            ],
            "motion_type": "static",
            "non_uniform_scale": [
                -1.0,
                0.9999998,
                0.9999998
            ]
        }
    ],
    "articulated_object_instances": [],
    "stage_instance": {
        "template_name": "stages/102344280",
        "motion_type": "static"
    },
    "user_defined": {
        "scene_filter_file": "scene_filter_files/102344280.rec_filter.json"
    }
}