{
    "translation_origin": "asset_local",
    "default_lighting": "",
    "navmesh_instance": "",
    "semantic_scene_instance": "hssd_ssd_map",
    "default_pbr_shader_config": "./data/default.pbr_config.json",
    "object_instances": [
        {
            "template_name": "0f58bea68d073b81deb36a8339cd9cac77094ffc",
            "translation": [
                -13.3409996,
                1.7500003,
                -9.4188194
            ],
            "rotation": [
                0.0,
                0.0,
                0.7071068,
                -0.7071067
            ],
            "motion_type": "static"
        },
        {
            "template_name": "4b88358f9e5e92dd9664a4a0719afc269819df0e",
            "translation": [
                -5.3042893,
                0.9000003,
                -7.6720995
            ],
            "rotation": [
                -0.653746,
                0.0,
                0.7567139,
                0.0
            ],
            "motion_type": "static"
        },
        {
            "template_name": "11fd63d5a503c501cec76681060ad45549dd07d5",
            "translation": [
                -9.5845804,
                4.470348358154297e-7,
                -7.5494093
            ],
            "rotation": [
                -0.2503798,
                0.0,
                0.9681475,
                0.0
            ],
            "motion_type": "static"
        },
        {
            "template_name": "a88edd11e8996c7e09faa02c72afd5a613006a18",
            "translation": [
                -4.9535546,
                0.9000002,
                -8.0449132
            ],
            "rotation": [
                0.7071068,
                0.0,
                -0.7071067,
                0.0
            ],
            "motion_type": "static"
        },
        {
            "template_name": "f0e33b1a4cd351440e55a745a88fa3d3f1b1df4e",
            "translation": [
                -3.08886,
                2.086162567138672e-7,
                -3.4733798
            ],
            "rotation": [
                0.9625518,
                0.0,
                0.2710973,
                0.0
            ],
            "motion_type": "static"
        },
        {
            "template_name": "f0e33b1a4cd351440e55a745a88fa3d3f1b1df4e",
            "translation": [
                -4.2054209,
                4.172325134277344e-7,
                -6.6513986
            ],
            "rotation": [
                0.9625518,
                0.0,
                0.2710973,
                0.0
            ],
            "motion_type": "static"
        },
        {
            "template_name": "700e8bb0f2f6f76ba26a2909fe520a31e8d94dd9",
            "translation": [
                -10.2137699,
                6.854534149169922e-7,
                -11.3602495
            ],
            "rotation": [
                0.7071068,
                0.0,
                -0.7071067,
                0.0
            ],
            "motion_type": "static"
        },
        {
            "template_name": "cbc8b75de1f3f1ec1d4ad261e8e27842aeb33b68",
            "translation": [
                -13.5535202,
                0.7400004,
                -10.2339839
            ],
            "rotation": [
                0.4308306,
                0.0,
                0.9024326,
                0.0
            ],
            "motion_type": "static"
        },
        {
            "template_name": "fcbd5b4248b9d224b000d36ec0a923993d8d69d7_part_11",
            "translation": [
                -4.72544,
                2.086162567138672e-7,
                -10.2231693
            ],
            "motion_type": "static"
        },
        {
            "template_name": "694d64889ab8999c2ada361050a00d89675f7781",
            "translation": [
                -3.65928,
                4.76837158203125e-7,
                -8.3477191
            ],
            "motion_type": "static"
        },
        {
            "template_name": "694d64889ab8999c2ada361050a00d89675f7781",
            "translation": [
                -4.8234801,
                1.1920928955078126e-7,
                -1.3674398
            ],
            "rotation": [
                0.0,
                0.0,
                1.0,
                0.0
            ],
            "motion_type": "static"
        },
        {
            "template_name": "f926c93e4a75dfebb9dc4afc1ae2efff644b9620",
            "translation": [
                -4.19949,
                1.0700006,
                -12.3375291
            ],
            "rotation": [
                0.7071068,
                0.0,
                -0.7071067,
                0.0
            ],
            "motion_type": "static"
        },
        {
            "template_name": "b24b092de7adb8251ce9417f4c923cd0482c8855",
            "translation": [
                -2.65123,
                0.8100001,
                -3.1784296
            ],
            "rotation": [
                0.7071068,
                0.0,
                -0.7071067,
                0.0
            ],
            "motion_type": "static"
        },
        {
            "template_name": "fa4d3f93f58c79cfa36d5065c771e3fa8ffa3e10",
            "translation": [
                -11.7566499,
                2.2351741790771485e-7,
                -3.7956094
            ],
            "motion_type": "static"
        },
        {
            "template_name": "b81dcd700c8c00192b1907ed3bacd8d0ece4788f",
            "translation": [
                -13.059699,
                1.7000006,
                -12.7128353
            ],
            "rotation": [
                -0.0981234,
                0.0,
                0.9951742,
                0.0
            ],
            "motion_type": "static"
        },
        {
            "template_name": "b81dcd700c8c00192b1907ed3bacd8d0ece4788f",
            "translation": [
                -6.190555,
                1.1699999,
                -1.5916502
            ],
            "rotation": [
                0.7306697,
                0.0,
                -0.6827309,
                0.0
            ],
            "motion_type": "static"
        },
        {
            "template_name": "a9bbdf30c010dc048bb6752a2ee0ecfb8ec81fbf",
            "translation": [
                -7.7217893,
                0.7600005,
                -11.5124893
            ],
            "rotation": [
                0.9883131,
                0.0,
                -0.1524365,
                0.0
            ],
            "motion_type": "static"
        },
        {
            "template_name": "0c4ab4d4ccdc801b4093f10a9aa9c0bfd08ab584",
            "translation": [
                -3.6077001,
                3.8743019104003908e-7,
                -6.5149393
            ],
            "rotation": [
                0.0,
                0.0,
                1.0,
                0.0
            ],
            "motion_type": "static"
        },
        {
            "template_name": "0c4ab4d4ccdc801b4093f10a9aa9c0bfd08ab584",
            "translation": [
                -2.887,
                1.7881393432617188e-7,
                -3.0787098
            ],
            "rotation": [
                0.7071068,
                0.0,
                -0.7071067,
                0.0
            ],
            "motion_type": "static"
        },
        {
            "template_name": "2062844edfe9dd8e787d98762b1f02e636309835",
            "translation": [
                -4.3445701,
                1.7500001,
                -4.4758796
            ],
            "rotation": [
                0.0,
                0.0,
                0.7071068,
                -0.7071067
            ],
            "motion_type": "static"
        },
        {
            "template_name": "a273e452eb4b0a43999b2ec7bfefe4b412d5aa06",
            "translation": [
                -6.1423401,
                5.662441253662109e-7,
                -9.6320791
            ],
            "rotation": [
                0.0,
                0.0,
                1.0,
                0.0
            ],
            "motion_type": "static"
        },
        {
            "template_name": "c2c17462cc5cba5908d12060aaa28efbff652888",
            "translation": [
                -1.849575,
                1.4901161193847657e-7,
                -2.4664099
            ],
            "rotation": [
                0.0,
                0.0,
                1.0,
                0.0
            ],
            "motion_type": "static"
        },
        {
            "template_name": "a0aee66ebcbeac2e2937109356c7463b1252b668",
            "translation": [
                -5.2136497,
                3.5762786865234377e-7,
                -6.7238893
            ],
            "rotation": [
                0.7071068,
                0.0,
                -0.7071067,
                0.0
            ],
            "motion_type": "static"
        },
        {
            "template_name": "ca8c1111a38843f3d2d1818f2e04217a11e97884",
            "translation": [
                -5.821105,
                4.76837158203125e-7,
                -8.6168594
            ],
            "rotation": [
                0.7071068,
                0.0,
                -0.7071067,
                0.0
            ],
            "motion_type": "static"
        },
        {
            "template_name": "a536e8f30b7941256dfd8a5b8d93903011987572",
            "translation": [
                -3.0533199,
                2.384185791015625e-7,
                -3.9725296
            ],
            "motion_type": "static"
        },
        {
            "template_name": "5d4283a6a8a80d30b44eb71d77ffaec7de686ec5",
            "translation": [
                -3.2401847,
                1.1920928955078126e-7,
                -1.6153948
            ],
            "rotation": [
                0.0,
                0.0,
                1.0,
                0.0
            ],
            "motion_type": "static"
        },
        {
            "template_name": "ed2577473eb3a3f196124bab22cd0b12e665447f",
            "translation": [
                -8.35118,
                1.1920928955078126e-7,
                -1.5018497
            ],
            "rotation": [
                0.0,
                0.0,
                1.0,
                0.0
            ],
            "motion_type": "static"
        },
        {
            "template_name": "fc34254f2aac6da46964ede7efc727a33a755919",
            "translation": [
                -4.8612446,
                1.4508904,
                -9.2378492
            ],
            "rotation": [
                -0.5,
                -0.5,
                0.5,
                -0.4999999
            ],
            "motion_type": "static"
        },
        {
            "template_name": "dec28234dd4886042b5b1a3563cbb942471692cd",
            "translation": [
                -11.9438896,
                5.960464477539063e-8,
                -1.2081599
            ],
            "rotation": [
                0.0,
                0.0,
                1.0,
                0.0
            ],
            "motion_type": "static"
        },
        {
            "template_name": "a5faa788a66067bdb536364b705735ba7c5547af",
            "translation": [
                -0.0996,
                4.3213367462158205e-7,
                -7.1290793
            ],
            "rotation": [
                0.7071068,
                0.0,
                -0.7071067,
                0.0
            ],
            "motion_type": "static"
        },
        {
            "template_name": "a5faa788a66067bdb536364b705735ba7c5547af",
            "translation": [
                -8.3899803,
                1.7881393432617188e-7,
                -2.8987998
            ],
            "motion_type": "static"
        },
        {
            "template_name": "a5ea5df5ba2e5235b43d9e17858a328146668a58_part_4",
            "translation": [
                -5.8082571,
                1.2353985,
                -2.1654462
            ],
            "rotation": [
                0.4999999,
                0.4999999,
                0.5,
                -0.5
            ],
            "motion_type": "static"
        },
        {
            "template_name": "a5ea5df5ba2e5235b43d9e17858a328146668a58_part_2",
            "translation": [
                -5.8025941,
                1.4410053,
                -2.1649043
            ],
            "rotation": [
                0.4999999,
                0.4999999,
                0.5,
                -0.5
            ],
            "motion_type": "static"
        },
        {
            "template_name": "a5ea5df5ba2e5235b43d9e17858a328146668a58_part_1",
            "translation": [
                -5.8082571,
                1.4784196,
                -2.1656129
            ],
            "rotation": [
                0.4999999,
                0.4999999,
                0.5,
                -0.5
            ],
            "motion_type": "static"
        },
        {
            "template_name": "a5ea5df5ba2e5235b43d9e17858a328146668a58_part_5",
            "translation": [
                -5.806282,
                1.2016477,
                -2.1655466
            ],
            "rotation": [
                0.4999999,
                0.4999999,
                0.5,
                -0.5
            ],
            "motion_type": "static"
        },
        {
            "template_name": "a5ea5df5ba2e5235b43d9e17858a328146668a58_part_3",
            "translation": [
                -5.7993216,
                1.4074882,
                -2.1653664
            ],
            "rotation": [
                0.4999999,
                0.4999999,
                0.5,
                -0.5
            ],
            "motion_type": "static"
        },
        {
            "template_name": "a5ea5df5ba2e5235b43d9e17858a328146668a58_part_3",
            "translation": [
                -5.7993216,
                1.1639909,
                -2.1653656
            ],
            "rotation": [
                0.4999952,
                0.5,
                0.5000244,
                -0.49998
            ],
            "motion_type": "static"
        },
        {
            "template_name": "a5ea5df5ba2e5235b43d9e17858a328146668a58_part_14",
            "translation": [
                -5.826106,
                1.75,
                -2.1681196
            ],
            "rotation": [
                0.4999999,
                0.4999999,
                0.5,
                -0.5
            ],
            "motion_type": "static"
        },
        {
            "template_name": "0d6acbc9f35c8834a605e284167f44c84582a975",
            "translation": [
                -15.2642602,
                1.7500001,
                -6.7394995
            ],
            "rotation": [
                0.4999999,
                0.4999999,
                0.5,
                -0.5
            ],
            "motion_type": "static"
        },
        {
            "template_name": "6c1ba9752bd62342932d7d80b49773968f03deae",
            "translation": [
                -11.3186483,
                0.7777001,
                -4.1386322
            ],
            "rotation": [
                0.9411699,
                0.0,
                -0.3379335,
                0.0
            ],
            "motion_type": "static"
        },
        {
            "template_name": "8b077d33cef990dc960c432a63273f7bed76d6ac",
            "translation": [
                -13.0069837,
                6.556510925292969e-7,
                -11.2161092
            ],
            "rotation": [
                0.8349773,
                0.0,
                -0.5502842,
                0.0
            ],
            "motion_type": "static"
        },
        {
            "template_name": "7a6def1426f562d3c426c0aa5531b0470cb5fb7a",
            "translation": [
                -10.2106704,
                2.980232238769531e-7,
                -4.7558894
            ],
            "rotation": [
                0.0,
                0.0,
                1.0,
                0.0
            ],
            "motion_type": "static"
        },
        {
            "template_name": "2d32a2527dcdc614eceab2a6131b19362f6fc674_part_29",
            "translation": [
                -5.8466601,
                5.364418029785156e-7,
                -4.6508793
            ],
            "rotation": [
                0.0,
                0.0,
                1.0,
                0.0
            ],
            "motion_type": "static"
        },
        {
            "template_name": "98084b64acc48f75a49974245f0158bcd1e338fd",
            "translation": [
                -11.3203573,
                7.152557373046875e-7,
                -12.4412498
            ],
            "rotation": [
                0.9890568,
                0.0,
                -0.1475342,
                0.0
            ],
            "motion_type": "static"
        },
        {
            "template_name": "eedc60093cc3519ed6b7891469ad7097bd9867c0",
            "translation": [
                -4.15419,
                6.556510925292969e-7,
                -11.2929401
            ],
            "rotation": [
                0.7071068,
                0.0,
                -0.7071067,
                0.0
            ],
            "motion_type": "static"
        },
        {
            "template_name": "eedc60093cc3519ed6b7891469ad7097bd9867c0",
            "translation": [
                -4.5188798,
                7.152557373046875e-7,
                -12.3595294
            ],
            "motion_type": "static"
        },
        {
            "template_name": "eedc60093cc3519ed6b7891469ad7097bd9867c0",
            "translation": [
                -4.15419,
                7.152557373046875e-7,
                -11.9948387
            ],
            "rotation": [
                0.7071068,
                0.0,
                -0.7071067,
                0.0
            ],
            "motion_type": "static"
        },
        {
            "template_name": "6fca7a83e4c397830a0db5b86f0beab46ab2f33a",
            "translation": [
                -4.4651899,
                2.384185791015625e-7,
                -3.8336596
            ],
            "rotation": [
                0.0,
                0.0,
                1.0,
                0.0
            ],
            "motion_type": "static"
        },
        {
            "template_name": "53317cc22d22eeb608e3cad7d45aa9c9153ed17b",
            "translation": [
                -3.63946,
                1.0100002,
                -5.7332091
            ],
            "rotation": [
                -0.1489291,
                0.0,
                0.9888477,
                0.0
            ],
            "motion_type": "static"
        },
        {
            "template_name": "610b7e66197c5b75f12419bb78f3843497652844",
            "translation": [
                -7.2548503,
                4.470348358154297e-7,
                -7.1771683
            ],
            "rotation": [
                0.7064632,
                0.0,
                0.7077496,
                0.0
            ],
            "motion_type": "static"
        },
        {
            "template_name": "610b7e66197c5b75f12419bb78f3843497652844",
            "translation": [
                -7.26621,
                4.76837158203125e-7,
                -7.8167686
            ],
            "rotation": [
                0.7064632,
                0.0,
                0.7077496,
                0.0
            ],
            "motion_type": "static"
        },
        {
            "template_name": "b2414f3ff69c153c9c9b0095108c7277fd1eadb5",
            "translation": [
                -6.2026801,
                1.1920928955078126e-7,
                -1.5982898
            ],
            "rotation": [
                0.7071068,
                0.0,
                -0.7071067,
                0.0
            ],
            "motion_type": "static"
        },
        {
            "template_name": "76ae9b47590b35c68e8ab908e4641d523f083b0c_part_2",
            "translation": [
                -13.4923925,
                2.0346596,
                -1.798271
            ],
            "rotation": [
                0.4999999,
                0.4999999,
                0.5,
                -0.5
            ],
            "motion_type": "static"
        },
        {
            "template_name": "76ae9b47590b35c68e8ab908e4641d523f083b0c_part_2",
            "translation": [
                -13.4923925,
                2.0344934,
                -1.9028922
            ],
            "rotation": [
                0.4999999,
                0.4999999,
                0.5,
                -0.5
            ],
            "motion_type": "static"
        },
        {
            "template_name": "76ae9b47590b35c68e8ab908e4641d523f083b0c_part_2",
            "translation": [
                -13.4923925,
                2.0354764,
                -1.9959632
            ],
            "rotation": [
                0.5,
                0.4999999,
                0.5,
                -0.5
            ],
            "motion_type": "static"
        },
        {
            "template_name": "76ae9b47590b35c68e8ab908e4641d523f083b0c_part_2",
            "translation": [
                -13.4923925,
                2.0355775,
                -2.0757546
            ],
            "rotation": [
                0.5000044,
                0.5000042,
                0.4999955,
                -0.4999954
            ],
            "motion_type": "static"
        },
        {
            "template_name": "76ae9b47590b35c68e8ab908e4641d523f083b0c_part_2",
            "translation": [
                -13.4923915,
                2.0347175,
                -2.1660931
            ],
            "rotation": [
                0.4999999,
                0.4999999,
                0.5,
                -0.5
            ],
            "motion_type": "static"
        },
        {
            "template_name": "76ae9b47590b35c68e8ab908e4641d523f083b0c_part_7",
            "translation": [
                -13.5562114,
                1.978898,
                -1.6786123
            ],
            "rotation": [
                0.4999999,
                0.4999999,
                0.5,
                -0.5
            ],
            "motion_type": "static"
        },
        {
            "template_name": "76ae9b47590b35c68e8ab908e4641d523f083b0c_part_7",
            "translation": [
                -13.5569257,
                1.9789184,
                -1.5064355
            ],
            "rotation": [
                0.5000013,
                0.4999985,
                0.5000013,
                -0.4999985
            ],
            "motion_type": "static"
        },
        {
            "template_name": "76ae9b47590b35c68e8ab908e4641d523f083b0c_part_7",
            "translation": [
                -13.555149,
                1.9761737,
                -2.3263399
            ],
            "rotation": [
                0.5000013,
                0.4999985,
                0.5000013,
                -0.4999985
            ],
            "motion_type": "static"
        },
        {
            "template_name": "76ae9b47590b35c68e8ab908e4641d523f083b0c_part_7",
            "translation": [
                -13.5555372,
                1.9774208,
                -2.4440362
            ],
            "rotation": [
                0.5000107,
                0.5000072,
                0.4999918,
                -0.4999898
            ],
            "motion_type": "static"
        },
        {
            "template_name": "76ae9b47590b35c68e8ab908e4641d523f083b0c_part_7",
            "translation": [
                -13.5548238,
                1.9773988,
                -2.6014764
            ],
            "rotation": [
                0.5000007,
                0.4999982,
                0.5000017,
                -0.4999989
            ],
            "motion_type": "static"
        },
        {
            "template_name": "76ae9b47590b35c68e8ab908e4641d523f083b0c_part_7",
            "translation": [
                -13.5565366,
                1.9776722,
                -1.3750505
            ],
            "rotation": [
                0.5000107,
                0.5000072,
                0.4999918,
                -0.4999898
            ],
            "motion_type": "static"
        },
        {
            "template_name": "76ae9b47590b35c68e8ab908e4641d523f083b0c_part_27",
            "translation": [
                -13.6959199,
                2.117906,
                -1.9791108
            ],
            "rotation": [
                0.4999999,
                0.4999999,
                0.5,
                -0.5
            ],
            "motion_type": "static"
        },
        {
            "template_name": "76ae9b47590b35c68e8ab908e4641d523f083b0c_part_2",
            "translation": [
                -13.4923925,
                2.0346596,
                -3.6416683
            ],
            "rotation": [
                0.4999999,
                0.4999999,
                0.5,
                -0.5
            ],
            "motion_type": "static",
            "non_uniform_scale": [
                -0.9999998,
                0.9999998,
                0.9999998
            ]
        },
        {
            "template_name": "76ae9b47590b35c68e8ab908e4641d523f083b0c_part_2",
            "translation": [
                -13.4923925,
                2.0344936,
                -3.5370473
            ],
            "rotation": [
                0.4999999,
                0.4999999,
                0.5,
                -0.5
            ],
            "motion_type": "static",
            "non_uniform_scale": [
                -0.9999998,
                0.9999998,
                0.9999998
            ]
        },
        {
            "template_name": "76ae9b47590b35c68e8ab908e4641d523f083b0c_part_2",
            "translation": [
                -13.4923925,
                2.0354766,
                -3.4439764
            ],
            "rotation": [
                0.4999999,
                0.4999999,
                0.5000001,
                -0.4999999
            ],
            "motion_type": "static",
            "non_uniform_scale": [
                -0.9999998,
                0.9999998,
                0.9999998
            ]
        },
        {
            "template_name": "76ae9b47590b35c68e8ab908e4641d523f083b0c_part_2",
            "translation": [
                -13.4923915,
                2.0355775,
                -3.3641848
            ],
            "rotation": [
                0.4999954,
                0.4999954,
                0.5000044,
                -0.5000044
            ],
            "motion_type": "static",
            "non_uniform_scale": [
                -0.9999998,
                0.9999998,
                0.9999998
            ]
        },
        {
            "template_name": "76ae9b47590b35c68e8ab908e4641d523f083b0c_part_2",
            "translation": [
                -13.4923915,
                2.0347175,
                -3.2738463
            ],
            "rotation": [
                0.4999999,
                0.4999999,
                0.5,
                -0.5
            ],
            "motion_type": "static",
            "non_uniform_scale": [
                -0.9999998,
                0.9999998,
                0.9999998
            ]
        },
        {
            "template_name": "76ae9b47590b35c68e8ab908e4641d523f083b0c_part_7",
            "translation": [
                -13.5562114,
                1.978898,
                -3.761327
            ],
            "rotation": [
                0.4999999,
                0.4999999,
                0.5,
                -0.5
            ],
            "motion_type": "static",
            "non_uniform_scale": [
                -0.9999998,
                0.9999998,
                0.9999998
            ]
        },
        {
            "template_name": "76ae9b47590b35c68e8ab908e4641d523f083b0c_part_7",
            "translation": [
                -13.5569257,
                1.9789185,
                -3.9335038
            ],
            "rotation": [
                0.5000013,
                0.4999985,
                0.5000013,
                -0.4999985
            ],
            "motion_type": "static",
            "non_uniform_scale": [
                -0.9999998,
                0.9999998,
                0.9999998
            ]
        },
        {
            "template_name": "76ae9b47590b35c68e8ab908e4641d523f083b0c_part_7",
            "translation": [
                -13.555149,
                1.9761738,
                -3.1135995
            ],
            "rotation": [
                0.5000013,
                0.4999985,
                0.5000013,
                -0.4999985
            ],
            "motion_type": "static",
            "non_uniform_scale": [
                -0.9999998,
                0.9999998,
                0.9999998
            ]
        },
        {
            "template_name": "76ae9b47590b35c68e8ab908e4641d523f083b0c_part_7",
            "translation": [
                -13.5555372,
                1.9774208,
                -2.9959032
            ],
            "rotation": [
                0.4999918,
                0.4999898,
                0.5000109,
                -0.5000072
            ],
            "motion_type": "static",
            "non_uniform_scale": [
                -0.9999998,
                0.9999998,
                0.9999998
            ]
        },
        {
            "template_name": "76ae9b47590b35c68e8ab908e4641d523f083b0c_part_7",
            "translation": [
                -13.5548238,
                1.9773987,
                -2.838463
            ],
            "rotation": [
                0.5000017,
                0.4999989,
                0.5000008,
                -0.4999982
            ],
            "motion_type": "static",
            "non_uniform_scale": [
                -0.9999998,
                0.9999998,
                0.9999998
            ]
        },
        {
            "template_name": "76ae9b47590b35c68e8ab908e4641d523f083b0c_part_7",
            "translation": [
                -13.5565376,
                1.9776724,
                -4.0648889
            ],
            "rotation": [
                0.4999918,
                0.4999898,
                0.5000109,
                -0.5000072
            ],
            "motion_type": "static",
            "non_uniform_scale": [
                -0.9999998,
                0.9999998,
                0.9999998
            ]
        },
        {
            "template_name": "76ae9b47590b35c68e8ab908e4641d523f083b0c_part_27",
            "translation": [
                -13.6959199,
                2.117906,
                -3.4608285
            ],
            "rotation": [
                0.4999999,
                0.4999999,
                0.5,
                -0.5
            ],
            "motion_type": "static",
            "non_uniform_scale": [
                -0.9999998,
                0.9999998,
                0.9999998
            ]
        },
        {
            "template_name": "9c5db6e77b1207d689e035d957bff9216d1615e5",
            "translation": [
                -5.2389941,
                0.9000004,
                -9.5945529
            ],
            "rotation": [
                -0.0140095,
                0.0,
                0.9999017,
                0.0
            ],
            "motion_type": "static"
        },
        {
            "template_name": "d97c7ae5ab600872266f89c8a5b375ce72ecf3f9",
            "translation": [
                -9.52534,
                2.9802322387695315e-8,
                -0.5663998
            ],
            "motion_type": "static"
        },
        {
            "template_name": "d97c7ae5ab600872266f89c8a5b375ce72ecf3f9",
            "translation": [
                -7.1751694,
                2.9802322387695315e-8,
                -0.5663998
            ],
            "motion_type": "static"
        },
        {
            "template_name": "xxxx5ab79b21xbc0bx48c3x8a8dxe3114f2777bc",
            "translation": [
                -7.7965793,
                0.7799999,
                -1.4577399
            ],
            "rotation": [
                0.7071068,
                0.0,
                0.7071067,
                0.0
            ],
            "motion_type": "static"
        },
        {
            "template_name": "3decb47c18fe70b36d5411b088de1de67aba84b2",
            "translation": [
                -3.92279,
                1.7500004,
                -11.7596387
            ],
            "rotation": [
                -0.5,
                -0.5,
                0.5,
                -0.4999999
            ],
            "motion_type": "static"
        },
        {
            "template_name": "b1b383a38b8f74f677cabb81886e84a9c6bc8196",
            "translation": [
                -13.48777,
                0.7400006,
                -11.986289
            ],
            "rotation": [
                0.1521234,
                0.0,
                0.9883614,
                0.0
            ],
            "motion_type": "static"
        },
        {
            "template_name": "b1b383a38b8f74f677cabb81886e84a9c6bc8196",
            "translation": [
                -9.5356903,
                0.6549999,
                -0.5569499
            ],
            "rotation": [
                0.1521234,
                0.0,
                0.9883614,
                0.0
            ],
            "motion_type": "static"
        },
        {
            "template_name": "b1b383a38b8f74f677cabb81886e84a9c6bc8196",
            "translation": [
                -7.1350598,
                0.6549999,
                -0.5569499
            ],
            "rotation": [
                0.1521234,
                0.0,
                0.9883614,
                0.0
            ],
            "motion_type": "static"
        },
        {
            "template_name": "a8d5c2a789290c41ec2d7f939d616ecdd685c367",
            "translation": [
                -3.2300901,
                3.0999999,
                -5.0135293
            ],
            "rotation": [
                0.0,
                0.0,
                1.0,
                0.0
            ],
            "motion_type": "static"
        },
        {
            "template_name": "e2b864afaedc066a273e9328d90288c6aba3f989",
            "translation": [
                -7.85394,
                2.8000001,
                -7.6137194
            ],
            "rotation": [
                0.8064445,
                0.0,
                -0.5913096,
                0.0
            ],
            "motion_type": "static"
        },
        {
            "template_name": "e2b864afaedc066a273e9328d90288c6aba3f989",
            "translation": [
                -11.80832,
                2.8000006,
                -11.1946678
            ],
            "rotation": [
                0.8064445,
                0.0,
                -0.5913096,
                0.0
            ],
            "motion_type": "static"
        },
        {
            "template_name": "e2b864afaedc066a273e9328d90288c6aba3f989",
            "translation": [
                -11.9356698,
                2.8000001,
                -2.7780597
            ],
            "rotation": [
                0.8064445,
                0.0,
                -0.5913096,
                0.0
            ],
            "motion_type": "static"
        },
        {
            "template_name": "e2b864afaedc066a273e9328d90288c6aba3f989",
            "translation": [
                -4.20932,
                2.8000001,
                -2.7143898
            ],
            "rotation": [
                0.8064445,
                0.0,
                -0.5913096,
                0.0
            ],
            "motion_type": "static"
        },
        {
            "template_name": "e2b864afaedc066a273e9328d90288c6aba3f989",
            "translation": [
                -1.0686198,
                2.8000001,
                -3.4423694
            ],
            "rotation": [
                0.8064445,
                0.0,
                -0.5913096,
                0.0
            ],
            "motion_type": "static"
        },
        {
            "template_name": "e2b864afaedc066a273e9328d90288c6aba3f989",
            "translation": [
                -3.6093299,
                2.8000001,
                -7.4285993
            ],
            "rotation": [
                0.8064445,
                0.0,
                -0.5913096,
                0.0
            ],
            "motion_type": "static"
        },
        {
            "template_name": "bb730ede5c3c6ccaae4f652308fea653d91eeadb",
            "translation": [
                -11.8055496,
                2.384185791015625e-7,
                -4.0473093
            ],
            "rotation": [
                0.9999986,
                0.0,
                0.0016657,
                0.0
            ],
            "motion_type": "static"
        },
        {
            "template_name": "46dd28dc74535f9a2b692ecae0253c9b0e3b40cc",
            "translation": [
                -4.0234198,
                3.5762786865234377e-7,
                -5.7950797
            ],
            "motion_type": "static"
        },
        {
            "template_name": "46dd28dc74535f9a2b692ecae0253c9b0e3b40cc",
            "translation": [
                -3.2526001,
                3.5762786865234377e-7,
                -5.7950797
            ],
            "motion_type": "static"
        },
        {
            "template_name": "d6f74ac26ab18691b1c20529a58fec8e9fae7179",
            "translation": [
                0.18433,
                1.7499102,
                -6.2970147
            ],
            "rotation": [
                -0.5,
                -0.5,
                0.5,
                -0.4999999
            ],
            "motion_type": "static"
        },
        {
            "template_name": "55953d070a408aefc4293d90084452aa168f3ddc",
            "translation": [
                0.18433,
                1.7499103,
                -7.0654644
            ],
            "rotation": [
                -0.5,
                -0.5,
                0.5,
                -0.4999999
            ],
            "motion_type": "static"
        },
        {
            "template_name": "951066357cfa1737d330d826c616e17dc98c668a",
            "translation": [
                -3.1575303,
                2.384185791015625e-7,
                -4.5012993
            ],
            "rotation": [
                0.0,
                0.0,
                1.0,
                0.0
            ],
            "motion_type": "static"
        },
        {
            "template_name": "951066357cfa1737d330d826c616e17dc98c668a",
            "translation": [
                -10.5172195,
                1.1920928955078126e-7,
                -1.1910299
            ],
            "rotation": [
                0.7071068,
                0.0,
                0.7071067,
                0.0
            ],
            "motion_type": "static"
        },
        {
            "template_name": "7796fab886b31054bced0b263eaa4051afad1406",
            "translation": [
                -13.0963697,
                2.384185791015625e-7,
                -4.4949493
            ],
            "rotation": [
                0.0,
                0.0,
                1.0,
                0.0
            ],
            "motion_type": "static"
        },
        {
            "template_name": "7796fab886b31054bced0b263eaa4051afad1406",
            "translation": [
                -14.1382799,
                2.384185791015625e-7,
                -4.4949493
            ],
            "rotation": [
                0.0,
                0.0,
                1.0,
                0.0
            ],
            "motion_type": "static"
        },
        {
            "template_name": "624582512f10cf3295b68b658ba624352107f9c6",
            "translation": [
                -7.7021398,
                6.854534149169922e-7,
                -11.5114879
            ],
            "rotation": [
                0.0,
                0.0,
                1.0,
                0.0
            ],
            "motion_type": "static",
            "non_uniform_scale": [
                1.2561404,
                0.9999998,
                1.1898856
            ]
        },
        {
            "template_name": "2efebdcc1ba9514b0deb0dfb05951341432bd26a",
            "translation": [
                -13.4709901,
                0.7400006,
                -11.0912189
            ],
            "rotation": [
                0.6669213,
                0.0,
                0.7451279,
                0.0
            ],
            "motion_type": "static"
        },
        {
            "template_name": "e184964d6ed3e020cdb6faa8210f625fb933bf93",
            "translation": [
                -8.3315801,
                1.4435499906539918e-7,
                -2.4252498
            ],
            "motion_type": "static"
        },
        {
            "template_name": "edf025908e9c5059076723f5edfa3d14a3bb7714",
            "translation": [
                -4.9172701,
                0.9000003,
                -8.8806285
            ],
            "rotation": [
                0.6179398,
                0.0,
                0.7862253,
                0.0
            ],
            "motion_type": "static"
        },
        {
            "template_name": "858b5652dfc7338566912c4f5bc6406806565dd7",
            "translation": [
                -4.4450101,
                2.0023435354232789e-7,
                -3.3607096
            ],
            "rotation": [
                0.7071068,
                0.0,
                -0.7071067,
                0.0
            ],
            "motion_type": "static"
        },
        {
            "template_name": "858b5652dfc7338566912c4f5bc6406806565dd7",
            "translation": [
                -3.23216,
                1.41095370054245e-7,
                -2.3680298
            ],
            "rotation": [
                0.7071068,
                0.0,
                -0.7071067,
                0.0
            ],
            "motion_type": "static"
        },
        {
            "template_name": "5dd39208b6f9445636cde76e069f678c990c5f47",
            "translation": [
                -9.1302499,
                3.5762786865234377e-7,
                -6.8812694
            ],
            "rotation": [
                -0.251122,
                0.0,
                0.9679554,
                0.0
            ],
            "motion_type": "static"
        },
        {
            "template_name": "c1eb50298ff734470f53763d12f8bebde8d61764",
            "translation": [
                -6.8002009,
                4.470348358154297e-7,
                -7.5274186
            ],
            "rotation": [
                0.7071068,
                0.0,
                -0.7071067,
                0.0
            ],
            "motion_type": "static"
        },
        {
            "template_name": "727b69d668c4d6412ac1f3d051fb4fda8e44d13a",
            "translation": [
                -11.8387699,
                1.2500007,
                -12.646759
            ],
            "motion_type": "static"
        },
        {
            "template_name": "dd56f602c6c29a97bbff71f4e48f07454ec97b62_part_2",
            "translation": [
                -2.3443064,
                1.5950119,
                -3.2037487
            ],
            "rotation": [
                0.4999999,
                0.4999999,
                0.5,
                -0.5
            ],
            "motion_type": "static"
        },
        {
            "template_name": "dd56f602c6c29a97bbff71f4e48f07454ec97b62_part_3",
            "translation": [
                -2.3391666,
                1.5437661,
                -3.2044329
            ],
            "rotation": [
                0.4999999,
                0.4999999,
                0.5,
                -0.5
            ],
            "motion_type": "static"
        },
        {
            "template_name": "dd56f602c6c29a97bbff71f4e48f07454ec97b62_part_4",
            "translation": [
                -2.1464633,
                1.7338081,
                -3.2581522
            ],
            "rotation": [
                0.4999999,
                0.4999999,
                0.5,
                -0.5
            ],
            "motion_type": "static"
        },
        {
            "template_name": "dd56f602c6c29a97bbff71f4e48f07454ec97b62_part_4",
            "translation": [
                -2.1328587,
                1.7339422,
                -3.1977632
            ],
            "rotation": [
                0.580586,
                0.7247967,
                0.2840349,
                -0.2385655
            ],
            "motion_type": "static"
        },
        {
            "template_name": "dd56f602c6c29a97bbff71f4e48f07454ec97b62_part_4",
            "translation": [
                -2.1615939,
                1.7159953,
                -3.1330707
            ],
            "rotation": [
                -0.0681003,
                0.3629485,
                0.9136751,
                0.1697887
            ],
            "motion_type": "static"
        },
        {
            "template_name": "dd56f602c6c29a97bbff71f4e48f07454ec97b62_part_7",
            "translation": [
                -2.2963552,
                1.7026149,
                -3.2140886
            ],
            "rotation": [
                0.4999999,
                0.4999999,
                0.5,
                -0.5
            ],
            "motion_type": "static"
        },
        {
            "template_name": "dd56f602c6c29a97bbff71f4e48f07454ec97b62_part_16",
            "translation": [
                -2.3947687,
                1.7499996,
                -3.2100164
            ],
            "rotation": [
                0.4999999,
                0.4999999,
                0.5,
                -0.5
            ],
            "motion_type": "static"
        },
        {
            "template_name": "dd56f602c6c29a97bbff71f4e48f07454ec97b62_part_16",
            "translation": [
                -2.3947687,
                1.7499996,
                -3.8496823
            ],
            "rotation": [
                0.4999999,
                0.4999999,
                0.5,
                -0.5
            ],
            "motion_type": "static"
        },
        {
            "template_name": "0447294ccfcb2ae3908ef4e09dde75184cbf9f65",
            "translation": [
                -13.5255603,
                6.556510925292969e-7,
                -11.1619386
            ],
            "rotation": [
                0.7071068,
                0.0,
                0.7071067,
                0.0
            ],
            "motion_type": "static"
        },
        {
            "template_name": "2f5adf1fd1ca54088d55c4a70f771101f9690144",
            "translation": [
                -7.4656434,
                1.7881393432617188e-7,
                -3.0563859
            ],
            "rotation": [
                0.5913096,
                0.0,
                0.8064445,
                0.0
            ],
            "motion_type": "static"
        },
        {
            "template_name": "3eb10a8dbf25170940689afef981f5e665375542",
            "translation": [
                -2.54673,
                1.7500001,
                -3.1175999
            ],
            "rotation": [
                -0.5,
                -0.5,
                0.5,
                -0.4999999
            ],
            "motion_type": "static"
        },
        {
            "template_name": "5f1ba5121c4df5897880f1a5dccaa10b844c0461",
            "translation": [
                -9.8387699,
                1.7500003,
                -11.327569
            ],
            "rotation": [
                -0.5,
                -0.5,
                0.5,
                -0.4999999
            ],
            "motion_type": "static"
        },
        {
            "template_name": "95b8150d24f5b594a700fa80fa7ced0c21dadc51",
            "translation": [
                -12.4720401,
                1.1920928955078126e-7,
                -1.9899797
            ],
            "rotation": [
                0.2173074,
                0.0,
                0.9761031,
                0.0
            ],
            "motion_type": "static"
        },
        {
            "template_name": "c15b77b30e7c5436d7fa008fc0dbf3bd7c8ff11d",
            "translation": [
                -13.4165792,
                3.3999996,
                -6.8234691
            ],
            "rotation": [
                0.7071068,
                0.0,
                -0.7071067,
                0.0
            ],
            "motion_type": "static"
        },
        {
            "template_name": "c15b77b30e7c5436d7fa008fc0dbf3bd7c8ff11d",
            "translation": [
                -1.07648,
                3.3999996,
                -7.4333295
            ],
            "rotation": [
                0.7071068,
                0.0,
                -0.7071067,
                0.0
            ],
            "motion_type": "static"
        },
        {
            "template_name": "c15b77b30e7c5436d7fa008fc0dbf3bd7c8ff11d",
            "translation": [
                -8.4117002,
                2.7999999,
                -2.2279896
            ],
            "rotation": [
                0.7071068,
                0.0,
                -0.7071067,
                0.0
            ],
            "motion_type": "static"
        },
        {
            "template_name": "c15b77b30e7c5436d7fa008fc0dbf3bd7c8ff11d",
            "translation": [
                -7.7067198,
                2.8000004,
                -10.812849
            ],
            "rotation": [
                0.7071068,
                0.0,
                -0.7071067,
                0.0
            ],
            "motion_type": "static"
        },
        {
            "template_name": "16c33cffd5b62d0d5df5ed6dd607f690ce2ee7c7",
            "translation": [
                -1.2590699,
                1.4901161193847657e-7,
                -2.4726297
            ],
            "rotation": [
                0.0,
                0.0,
                1.0,
                0.0
            ],
            "motion_type": "static"
        },
        {
            "template_name": "efae3a49f3ac0374763ed6407520bdeb699df4b8",
            "translation": [
                -12.9101953,
                4.172325134277344e-7,
                -6.4977979
            ],
            "rotation": [
                0.7071068,
                0.0,
                -0.7071067,
                0.0
            ],
            "motion_type": "static",
            "non_uniform_scale": [
                0.9999998,
                1.0364128,
                1.0000153
            ]
        },
        {
            "template_name": "243ac5fe74cc8d66973e785706f9dbd10eb917a7",
            "translation": [
                -3.6283645,
                1.7500599,
                -6.1746644
            ],
            "rotation": [
                0.0,
                0.0,
                0.7071068,
                -0.7071067
            ],
            "motion_type": "static"
        },
        {
            "template_name": "ef77ce4011d1236705688d74763c078a013ba7b9",
            "translation": [
                0.18433,
                1.7499103,
                -7.8498644
            ],
            "rotation": [
                -0.5,
                -0.5,
                0.5,
                -0.4999999
            ],
            "motion_type": "static"
        },
        {
            "template_name": "accf2e18058047f89e4113486b40cfca3e7cb261",
            "translation": [
                -12.099102,
                1.648440957069397e-7,
                -2.7673439
            ],
            "rotation": [
                0.9880993,
                0.0,
                0.1538161,
                0.0
            ],
            "motion_type": "static"
        },
        {
            "template_name": "accf2e18058047f89e4113486b40cfca3e7cb261",
            "translation": [
                -13.4410114,
                4.0978193283081057e-7,
                -6.5787935
            ],
            "motion_type": "static"
        },
        {
            "template_name": "843c70ec93a45b19af1fa6981ea23a6f1a66cad6",
            "translation": [
                -7.1719999,
                7.152557373046875e-7,
                -12.1432685
            ],
            "motion_type": "static"
        },
        {
            "template_name": "843c70ec93a45b19af1fa6981ea23a6f1a66cad6",
            "translation": [
                -8.2239599,
                7.152557373046875e-7,
                -12.126769
            ],
            "motion_type": "static"
        },
        {
            "template_name": "843c70ec93a45b19af1fa6981ea23a6f1a66cad6",
            "translation": [
                -7.21248,
                6.556510925292969e-7,
                -10.9407482
            ],
            "rotation": [
                0.0,
                0.0,
                1.0,
                0.0
            ],
            "motion_type": "static"
        },
        {
            "template_name": "843c70ec93a45b19af1fa6981ea23a6f1a66cad6",
            "translation": [
                -8.2199497,
                6.556510925292969e-7,
                -10.9549694
            ],
            "rotation": [
                0.0,
                0.0,
                1.0,
                0.0
            ],
            "motion_type": "static"
        },
        {
            "template_name": "4380-0",
            "translation": [
                -1.10766,
                1.1200003,
                -9.8357391
            ],
            "rotation": [
                0.0,
                0.0,
                1.0,
                0.0
            ],
            "motion_type": "static",
            "non_uniform_scale": [
                -1.0,
                0.9999998,
                0.9999998
            ]
        },
        {
            "template_name": "218-46",
            "translation": [
                -2.4717299,
                1.2999999,
                -1.5631196
            ],
            "rotation": [
                0.7071068,
                0.0,
                -0.7071067,
                0.0
            ],
            "motion_type": "static",
            "non_uniform_scale": [
                -0.9999998,
                0.9999998,
                0.9999998
            ]
        },
        {
            "template_name": "218-47",
            "translation": [
                0.2593398,
                1.2000005,
                -8.8882589
            ],
            "rotation": [
                0.7071067,
                0.0,
                0.7071067,
                0.0
            ],
            "motion_type": "static",
            "non_uniform_scale": [
                -0.9999998,
                0.9999998,
                0.9999998
            ]
        },
        {
            "template_name": "218-47",
            "translation": [
                0.2593398,
                1.2000001,
                -5.246519
            ],
            "rotation": [
                0.7071067,
                0.0,
                0.7071067,
                0.0
            ],
            "motion_type": "static",
            "non_uniform_scale": [
                -0.9999998,
                0.9999998,
                0.9999998
            ]
        },
        {
            "template_name": "218-47",
            "translation": [
                -15.3392601,
                1.2000001,
                -5.0577497
            ],
            "rotation": [
                0.7071067,
                0.0,
                0.7071067,
                0.0
            ],
            "motion_type": "static",
            "non_uniform_scale": [
                -0.9999998,
                0.9999998,
                0.9999998
            ]
        },
        {
            "template_name": "218-47",
            "translation": [
                -15.3392601,
                1.2000005,
                -8.599699
            ],
            "rotation": [
                0.7071067,
                0.0,
                0.7071067,
                0.0
            ],
            "motion_type": "static",
            "non_uniform_scale": [
                -0.9999998,
                0.9999998,
                0.9999998
            ]
        },
        {
            "template_name": "218-47",
            "translation": [
                -10.2280302,
                1.2,
                -0.2838999
            ],
            "motion_type": "static",
            "non_uniform_scale": [
                -1.0,
                0.9999998,
                0.9999998
            ]
        },
        {
            "template_name": "218-47",
            "translation": [
                -6.4293098,
                1.2,
                -0.2838999
            ],
            "motion_type": "static",
            "non_uniform_scale": [
                -1.0,
                0.9999998,
                0.9999998
            ]
        },
        {
            "template_name": "218-47",
            "translation": [
                -14.1005601,
                1.2000005,
                -10.0906887
            ],
            "rotation": [
                0.7071067,
                0.0,
                0.7071067,
                0.0
            ],
            "motion_type": "static",
            "non_uniform_scale": [
                -0.9999998,
                0.9999998,
                0.9999998
            ]
        },
        {
            "template_name": "218-47",
            "translation": [
                -14.1005601,
                1.2000006,
                -12.2512493
            ],
            "rotation": [
                0.7071067,
                0.0,
                0.7071067,
                0.0
            ],
            "motion_type": "static",
            "non_uniform_scale": [
                -0.9999998,
                0.9999998,
                0.9999998
            ]
        },
        {
            "template_name": "218-48",
            "translation": [
                -14.1005601,
                1.2000006,
                -11.1825389
            ],
            "rotation": [
                0.7071067,
                0.0,
                0.7071067,
                0.0
            ],
            "motion_type": "static",
            "non_uniform_scale": [
                -0.9999998,
                0.9999998,
                0.9999998
            ]
        },
        {
            "template_name": "218-49",
            "translation": [
                -6.3288798,
                0.9550005,
                -12.9713487
            ],
            "motion_type": "static",
            "non_uniform_scale": [
                -1.0,
                0.9999998,
                0.9999998
            ]
        },
        {
            "template_name": "218-50",
            "translation": [
                -7.6734099,
                0.9550005,
                -12.9713487
            ],
            "motion_type": "static",
            "non_uniform_scale": [
                -1.0,
                0.9999998,
                0.9999998
            ]
        },
        {
            "template_name": "218-49",
            "translation": [
                -8.99547,
                0.9550005,
                -12.9713487
            ],
            "motion_type": "static",
            "non_uniform_scale": [
                -1.0,
                0.9999998,
                0.9999998
            ]
        }
    ],
    "articulated_object_instances": [],
    "stage_instance": {
        "template_name": "stages/102817053",
        "motion_type": "static"
    },
    "pbr_shader_region_configs": {},
    "user_defined": {
        "scene_filter_file": "scene_filter_files/102817053.rec_filter.json"
    }
}