{
    "translation_origin": "asset_local",
    "default_lighting": "",
    "navmesh_instance": "",
    "semantic_scene_instance": "hssd_ssd_map",
    "default_pbr_shader_config": "./data/default.pbr_config.json",
    "object_instances": [
        {
            "template_name": "2217a617f24c6aa99968981aa33c12d386bedf9d",
            "translation": [
                -7.9983801,
                0.7399996,
                5.1617193
            ],
            "motion_type": "static"
        },
        {
            "template_name": "49793cec056d084592ad23345e466c9ba0077b55",
            "translation": [
                -5.4579701,
                -1.7881393432617188e-7,
                3.0440795
            ],
            "rotation": [
                0.7071068,
                0.0,
                -0.7071067,
                0.0
            ],
            "motion_type": "static",
            "non_uniform_scale": [
                1.1607843,
                1.1965689,
                1.7003933
            ]
        },
        {
            "template_name": "4efb32a00a08f03b8c7ef314332cdb6b6a1cbc8c",
            "translation": [
                -3.70968,
                4.470348358154297e-7,
                -7.3096594
            ],
            "rotation": [
                0.9993469,
                0.0,
                0.036134,
                0.0
            ],
            "motion_type": "static",
            "non_uniform_scale": [
                1.3607143,
                1.2699998,
                1.2699998
            ]
        },
        {
            "template_name": "4efb32a00a08f03b8c7ef314332cdb6b6a1cbc8c",
            "translation": [
                -3.3105301,
                4.470348358154297e-7,
                -7.2975597
            ],
            "motion_type": "static",
            "non_uniform_scale": [
                1.3607143,
                1.2699998,
                1.2699998
            ]
        },
        {
            "template_name": "4f39018055469182e25789274a17987a2243dcd3",
            "translation": [
                -4.2307925,
                1.8588701,
                -5.0473794
            ],
            "rotation": [
                0.0,
                0.0,
                0.7071068,
                -0.7071067
            ],
            "motion_type": "static",
            "non_uniform_scale": [
                0.9189046,
                0.9999998,
                0.9999998
            ]
        },
        {
            "template_name": "b6269374895fd9fdc7c86da11ad46a03e8b87682",
            "translation": [
                -2.3925499,
                4.76837158203125e-7,
                -7.9961395
            ],
            "motion_type": "static"
        },
        {
            "template_name": "54142b3debb81cb03d03c8b021f959b78e166091",
            "translation": [
                -12.6265554,
                -5.960464477539063e-8,
                0.9494099
            ],
            "motion_type": "static"
        },
        {
            "template_name": "e83e7b87c5d3b188d547ddac07caf71ac6f2d69c",
            "translation": [
                -15.0728902,
                0.0,
                0.0324599
            ],
            "rotation": [
                0.0,
                0.0,
                1.0,
                0.0
            ],
            "motion_type": "static",
            "non_uniform_scale": [
                1.9321712,
                0.9999998,
                0.6800454
            ]
        },
        {
            "template_name": "7e4ad8ed943b48e6f5af221467312a79056008d1",
            "translation": [
                -0.7115499,
                0.0,
                -0.2367099
            ],
            "rotation": [
                0.0,
                0.0,
                1.0,
                0.0
            ],
            "motion_type": "static",
            "non_uniform_scale": [
                1.0,
                0.5670749,
                0.9999998
            ]
        },
        {
            "template_name": "7f07a78dd7eb1fe2fed4aa01a7b470213f2cf5f8",
            "translation": [
                -7.8741593,
                5.960464477539063e-8,
                -0.8816699
            ],
            "rotation": [
                0.0,
                0.0,
                1.0,
                0.0
            ],
            "motion_type": "static"
        },
        {
            "template_name": "7f07a78dd7eb1fe2fed4aa01a7b470213f2cf5f8",
            "translation": [
                -8.6704196,
                5.960464477539063e-8,
                -0.8500099
            ],
            "rotation": [
                0.0,
                0.0,
                1.0,
                0.0
            ],
            "motion_type": "static"
        },
        {
            "template_name": "93845075e1c4e220eea68160d6028072985ccce8",
            "translation": [
                -9.3879451,
                -5.960464477539063e-8,
                0.9068599
            ],
            "motion_type": "static"
        },
        {
            "template_name": "55334e9b4834d5bdebda88364bf5260677904136",
            "translation": [
                -12.2736597,
                4.76837158203125e-7,
                -7.0770497
            ],
            "rotation": [
                0.0,
                0.0,
                1.0,
                0.0
            ],
            "motion_type": "static"
        },
        {
            "template_name": "ccd92dda462cb380a92851ccfe000079bc3c82c8",
            "translation": [
                -11.56254,
                2.682209014892578e-7,
                -4.5861997
            ],
            "motion_type": "static"
        },
        {
            "template_name": "ccd92dda462cb380a92851ccfe000079bc3c82c8",
            "translation": [
                -11.9225597,
                2.682209014892578e-7,
                -4.5861997
            ],
            "motion_type": "static"
        },
        {
            "template_name": "ccd92dda462cb380a92851ccfe000079bc3c82c8",
            "translation": [
                -12.1914196,
                2.682209014892578e-7,
                -4.5861997
            ],
            "motion_type": "static",
            "non_uniform_scale": [
                0.4935837,
                0.9999998,
                0.9999998
            ]
        },
        {
            "template_name": "57f8514b427645988fcfc825d01f12ac3dba9d2c",
            "translation": [
                -5.2420201,
                0.42172,
                -1.686285
            ],
            "rotation": [
                -0.5,
                -0.5,
                0.5,
                -0.4999999
            ],
            "motion_type": "static"
        },
        {
            "template_name": "2fb166ae425eabf093f3b7b3d37c2c8a9b13835f",
            "translation": [
                -7.1838397,
                0.9273304,
                -9.7724084
            ],
            "rotation": [
                0.7071068,
                0.7071067,
                0.0,
                0.0
            ],
            "motion_type": "static"
        },
        {
            "template_name": "2fb166ae425eabf093f3b7b3d37c2c8a9b13835f",
            "translation": [
                -10.2542896,
                0.9099004,
                -9.7724084
            ],
            "rotation": [
                0.7071068,
                0.7071067,
                0.0,
                0.0
            ],
            "motion_type": "static"
        },
        {
            "template_name": "e71b1c50fc7edb99c67849438d91ad8cbc3a7bb5",
            "translation": [
                -12.1057796,
                0.0,
                0.1778449
            ],
            "rotation": [
                0.0,
                0.0,
                1.0,
                0.0
            ],
            "motion_type": "static"
        },
        {
            "template_name": "576f0a57271ccc62554b2603a48047854254119d",
            "translation": [
                -3.7631599,
                1.7500004,
                -9.9240093
            ],
            "rotation": [
                0.0,
                0.0,
                0.7071068,
                -0.7071067
            ],
            "motion_type": "static"
        },
        {
            "template_name": "a5fd4c64bf0d72530a68902e5b07d79e2877ce0d",
            "translation": [
                -10.5087842,
                -2.9802322387695315e-8,
                0.4626799
            ],
            "rotation": [
                0.0,
                0.0,
                1.0,
                0.0
            ],
            "motion_type": "static"
        },
        {
            "template_name": "b0dac93072ce252e3cfbc1ee7bdf4670478ac76b",
            "translation": [
                -12.8075866,
                2.384185791015625e-7,
                -4.0779509
            ],
            "rotation": [
                -0.4823183,
                0.0,
                0.8759959,
                0.0
            ],
            "motion_type": "static"
        },
        {
            "template_name": "6b499036ebbe4c10a01d5fb7667d26f5a3049c42",
            "translation": [
                -5.2420144,
                1.1040499,
                -1.7068898
            ],
            "rotation": [
                -0.5,
                -0.5,
                0.5,
                -0.4999999
            ],
            "motion_type": "static"
        },
        {
            "template_name": "175c2b4dce31f4f1ea0ce2579a46eb1cc8090299",
            "translation": [
                -10.08327,
                1.1920928955078126e-7,
                -2.1414697
            ],
            "motion_type": "static"
        },
        {
            "template_name": "175c2b4dce31f4f1ea0ce2579a46eb1cc8090299",
            "translation": [
                -6.1826906,
                -2.682209014892578e-7,
                4.3893795
            ],
            "rotation": [
                -0.3460123,
                0.0,
                0.9382299,
                0.0
            ],
            "motion_type": "static"
        },
        {
            "template_name": "5a1920df7272c5018207ab1d633d458f8ab4a15b",
            "translation": [
                -15.0910091,
                -2.868473529815674e-7,
                4.8101496
            ],
            "rotation": [
                0.7071068,
                0.0,
                0.7071067,
                0.0
            ],
            "motion_type": "static"
        },
        {
            "template_name": "2d873abfc7319c4b6533025ea11795de8b4971e7",
            "translation": [
                -12.4799995,
                2.4493783712387087e-7,
                -4.1138796
            ],
            "motion_type": "static"
        },
        {
            "template_name": "2d873abfc7319c4b6533025ea11795de8b4971e7",
            "translation": [
                -12.4799995,
                -2.7567148208618166e-7,
                4.6191697
            ],
            "rotation": [
                0.0,
                0.0,
                1.0,
                0.0
            ],
            "motion_type": "static"
        },
        {
            "template_name": "3f1c992440ec4014a37aa208b32124415d1a1aec",
            "translation": [
                -7.4287943,
                4.470348358154297e-7,
                -7.4749889
            ],
            "rotation": [
                0.7071068,
                0.0,
                -0.7071067,
                0.0
            ],
            "motion_type": "static"
        },
        {
            "template_name": "3f1c992440ec4014a37aa208b32124415d1a1aec",
            "translation": [
                -7.9451098,
                4.172325134277344e-7,
                -6.8738241
            ],
            "rotation": [
                0.0,
                0.0,
                1.0,
                0.0
            ],
            "motion_type": "static"
        },
        {
            "template_name": "3f1c992440ec4014a37aa208b32124415d1a1aec",
            "translation": [
                -9.5729503,
                4.172325134277344e-7,
                -6.8846344
            ],
            "rotation": [
                0.0,
                0.0,
                1.0,
                0.0
            ],
            "motion_type": "static"
        },
        {
            "template_name": "3f1c992440ec4014a37aa208b32124415d1a1aec",
            "translation": [
                -9.0481901,
                4.172325134277344e-7,
                -6.8738241
            ],
            "rotation": [
                0.0,
                0.0,
                1.0,
                0.0
            ],
            "motion_type": "static"
        },
        {
            "template_name": "3f1c992440ec4014a37aa208b32124415d1a1aec",
            "translation": [
                -8.4816503,
                4.172325134277344e-7,
                -6.8738241
            ],
            "rotation": [
                0.0,
                0.0,
                1.0,
                0.0
            ],
            "motion_type": "static"
        },
        {
            "template_name": "3f1c992440ec4014a37aa208b32124415d1a1aec",
            "translation": [
                -10.103775,
                4.470348358154297e-7,
                -7.4154596
            ],
            "rotation": [
                0.7071068,
                0.0,
                0.7071067,
                0.0
            ],
            "motion_type": "static"
        },
        {
            "template_name": "3f1c992440ec4014a37aa208b32124415d1a1aec",
            "translation": [
                -9.5729503,
                4.76837158203125e-7,
                -7.9462947
            ],
            "motion_type": "static"
        },
        {
            "template_name": "3f1c992440ec4014a37aa208b32124415d1a1aec",
            "translation": [
                -7.95963,
                4.76837158203125e-7,
                -8.005824
            ],
            "motion_type": "static"
        },
        {
            "template_name": "3f1c992440ec4014a37aa208b32124415d1a1aec",
            "translation": [
                -9.0060997,
                4.76837158203125e-7,
                -7.9858641
            ],
            "motion_type": "static"
        },
        {
            "template_name": "3f1c992440ec4014a37aa208b32124415d1a1aec",
            "translation": [
                -8.4995603,
                4.76837158203125e-7,
                -7.9858641
            ],
            "motion_type": "static"
        },
        {
            "template_name": "c17be1c2c06a77201fb00f71669a2a4b7ee28a40",
            "translation": [
                -11.3825349,
                1.2942903,
                -8.5556535
            ],
            "rotation": [
                0.4999999,
                0.4999999,
                0.5,
                -0.5
            ],
            "motion_type": "static"
        },
        {
            "template_name": "9ec20a6a8bff09c75c671a69b1fc3adf28f3fcce",
            "translation": [
                -4.185337,
                5.960464477539063e-8,
                -0.9300532
            ],
            "rotation": [
                0.4556747,
                0.0,
                0.8901463,
                0.0
            ],
            "motion_type": "static"
        },
        {
            "template_name": "06a829f5adcb128338196a8d95b288e8f5921610",
            "translation": [
                -13.5391597,
                2.1713702,
                -4.7299795
            ],
            "rotation": [
                0.7071068,
                0.0,
                -0.7071067,
                0.0
            ],
            "motion_type": "static"
        },
        {
            "template_name": "70f6aea16c599180fd536f77d9c1de69c95301e4",
            "translation": [
                -1.0165899,
                0.8900004,
                -8.8685693
            ],
            "rotation": [
                0.7071068,
                0.0,
                -0.7071067,
                0.0
            ],
            "motion_type": "static"
        },
        {
            "template_name": "c96b2c23c84e0cafea2843ea938842942e9a1912",
            "translation": [
                -9.4175796,
                5.960464477539063e-7,
                -9.5384092
            ],
            "motion_type": "static"
        },
        {
            "template_name": "c96b2c23c84e0cafea2843ea938842942e9a1912",
            "translation": [
                -7.9821195,
                5.960464477539063e-7,
                -9.5384092
            ],
            "motion_type": "static"
        },
        {
            "template_name": "86a9949d804e73fa59f4fd8537be725cb8e9c2c2",
            "translation": [
                -8.6851997,
                2.8000001,
                -7.4003095
            ],
            "rotation": [
                0.0,
                0.0,
                1.0,
                0.0
            ],
            "motion_type": "static"
        },
        {
            "template_name": "d2b8718d53f422f10d4c83c4bd2f3662a940bf73",
            "translation": [
                -9.3792695,
                -2.384185791015625e-7,
                4.2335095
            ],
            "rotation": [
                0.0,
                0.0,
                1.0,
                0.0
            ],
            "motion_type": "static",
            "non_uniform_scale": [
                0.9999998,
                1.1015062,
                0.9999998
            ]
        },
        {
            "template_name": "406d76745e25ec42f3695bbe550bc882ea932d71",
            "translation": [
                -13.4279003,
                5.364418029785156e-7,
                -8.5141286
            ],
            "rotation": [
                0.7071068,
                0.0,
                0.7071067,
                0.0
            ],
            "motion_type": "static"
        },
        {
            "template_name": "406d76745e25ec42f3695bbe550bc882ea932d71",
            "translation": [
                -14.1205005,
                -2.980232238769531e-7,
                4.9766693
            ],
            "rotation": [
                0.7071068,
                0.0,
                -0.7071067,
                0.0
            ],
            "motion_type": "static"
        },
        {
            "template_name": "3408d21f1207ad4d09bf518fdcbabe2b333d6b1e",
            "translation": [
                -13.3343858,
                0.0,
                -0.2581075
            ],
            "rotation": [
                0.396245,
                0.0,
                0.9181448,
                0.0
            ],
            "motion_type": "static"
        },
        {
            "template_name": "b397f2eaef6293142be8b6c8abca16ec4dd51bd9",
            "translation": [
                -8.2000703,
                0.0,
                0.38073
            ],
            "rotation": [
                0.0,
                0.0,
                1.0,
                0.0
            ],
            "motion_type": "static",
            "non_uniform_scale": [
                1.47316,
                1.5472372,
                0.9999998
            ]
        },
        {
            "template_name": "0d6acbc9f35c8834a605e284167f44c84582a975",
            "translation": [
                -8.0589799,
                1.4027597,
                0.53073
            ],
            "rotation": [
                0.0,
                0.0,
                0.7071068,
                -0.7071067
            ],
            "motion_type": "static"
        },
        {
            "template_name": "0d6acbc9f35c8834a605e284167f44c84582a975",
            "translation": [
                -9.3642797,
                1.9576997,
                0.6807299
            ],
            "rotation": [
                0.7071068,
                0.7071067,
                0.0,
                0.0
            ],
            "motion_type": "static"
        },
        {
            "template_name": "a4ee814e1017f4dd36e69e162487016e940aaec6",
            "translation": [
                -12.6632108,
                5.960464477539063e-7,
                -9.547039
            ],
            "motion_type": "static"
        },
        {
            "template_name": "a4ee814e1017f4dd36e69e162487016e940aaec6",
            "translation": [
                -16.1039695,
                -2.384185791015625e-7,
                4.9291696
            ],
            "rotation": [
                0.7071068,
                0.0,
                0.7071067,
                0.0
            ],
            "motion_type": "static"
        },
        {
            "template_name": "a17474ee5c21671b30a73d9203a763d901de6352",
            "translation": [
                -5.2420101,
                1.0590997,
                0.32305
            ],
            "rotation": [
                -0.5,
                -0.5,
                0.5,
                -0.4999999
            ],
            "motion_type": "static"
        },
        {
            "template_name": "06f96d142a549b91840a5034e1529f477b97a59c",
            "translation": [
                -7.1948299,
                1.5333005,
                -9.7724084
            ],
            "rotation": [
                0.7071068,
                0.7071067,
                0.0,
                0.0
            ],
            "motion_type": "static"
        },
        {
            "template_name": "06f96d142a549b91840a5034e1529f477b97a59c",
            "translation": [
                -10.2512092,
                1.5261604,
                -9.7724084
            ],
            "rotation": [
                0.7071068,
                0.7071067,
                0.0,
                0.0
            ],
            "motion_type": "static"
        },
        {
            "template_name": "837e3e20c4ad389dd54574235d59abb8907b336d",
            "translation": [
                -5.2420144,
                2.48071,
                -1.5662397
            ],
            "rotation": [
                -0.5,
                -0.5,
                0.5,
                -0.4999999
            ],
            "motion_type": "static"
        },
        {
            "template_name": "96a324899117e87637271e74d9bb8d4870380333",
            "translation": [
                -12.5469799,
                1.7500002,
                -4.8758797
            ],
            "rotation": [
                0.7071068,
                0.7071067,
                0.0,
                0.0
            ],
            "motion_type": "static"
        },
        {
            "template_name": "96a324899117e87637271e74d9bb8d4870380333",
            "translation": [
                -5.96812,
                2.0991506,
                -12.8435192
            ],
            "rotation": [
                0.4999999,
                0.4999999,
                0.5,
                -0.5
            ],
            "motion_type": "static"
        },
        {
            "template_name": "649be1e411a498bc8169918c661cb52da347051f",
            "translation": [
                -13.6992006,
                1.72194,
                -3.7348597
            ],
            "rotation": [
                0.4999999,
                0.4999999,
                0.5,
                -0.5
            ],
            "motion_type": "static"
        },
        {
            "template_name": "649be1e411a498bc8169918c661cb52da347051f",
            "translation": [
                -5.96812,
                1.2747005,
                -11.7526588
            ],
            "rotation": [
                0.4999999,
                0.4999999,
                0.5,
                -0.5
            ],
            "motion_type": "static"
        },
        {
            "template_name": "cb88813ef78001887105294c74675cc7438c8e17",
            "translation": [
                -3.72561,
                7.152557373046875e-7,
                -12.3446092
            ],
            "motion_type": "static"
        },
        {
            "template_name": "6307285e5f2c4825969758ded4ac020ed093ac53",
            "translation": [
                -8.7466201,
                4.4889748096466067e-7,
                -7.5260195
            ],
            "motion_type": "static"
        },
        {
            "template_name": "6307285e5f2c4825969758ded4ac020ed093ac53",
            "translation": [
                -9.3761701,
                -2.4028122425079348e-7,
                4.0349693
            ],
            "rotation": [
                0.0,
                0.0,
                1.0,
                0.0
            ],
            "motion_type": "static"
        },
        {
            "template_name": "fe6005bcffd5c9075fd114affb749f0268779208",
            "translation": [
                -3.7115399,
                7.050111889839172e-7,
                -11.8352899
            ],
            "motion_type": "static"
        },
        {
            "template_name": "3991fc8cf0d437edb68b823550fb62a7ebbf7c63",
            "translation": [
                -4.2052497,
                5.662441253662109e-7,
                -9.2762889
            ],
            "rotation": [
                0.7071068,
                0.0,
                0.7071067,
                0.0
            ],
            "motion_type": "static"
        },
        {
            "template_name": "3991fc8cf0d437edb68b823550fb62a7ebbf7c63",
            "translation": [
                -4.2052497,
                5.066394805908203e-7,
                -8.7055892
            ],
            "rotation": [
                0.7071068,
                0.0,
                0.7071067,
                0.0
            ],
            "motion_type": "static"
        },
        {
            "template_name": "3991fc8cf0d437edb68b823550fb62a7ebbf7c63",
            "translation": [
                -4.2052497,
                4.76837158203125e-7,
                -8.1514892
            ],
            "rotation": [
                0.7071068,
                0.0,
                0.7071067,
                0.0
            ],
            "motion_type": "static"
        },
        {
            "template_name": "3991fc8cf0d437edb68b823550fb62a7ebbf7c63",
            "translation": [
                -4.2052497,
                4.470348358154297e-7,
                -7.581079
            ],
            "rotation": [
                0.7071068,
                0.0,
                0.7071067,
                0.0
            ],
            "motion_type": "static"
        },
        {
            "template_name": "3bd0e65f7e1c55fe38c4b6101e30f44fe392151a",
            "translation": [
                -16.1007404,
                0.0,
                -0.0175899
            ],
            "motion_type": "static",
            "non_uniform_scale": [
                0.5079999,
                0.9999998,
                0.9999998
            ]
        },
        {
            "template_name": "7c9a87b5f09ef11c66f8563598239ffa52e6fe9f",
            "translation": [
                -1.7673499,
                7.152557373046875e-7,
                -11.7707691
            ],
            "rotation": [
                0.7071068,
                0.0,
                -0.7071067,
                0.0
            ],
            "motion_type": "static"
        },
        {
            "template_name": "15fad5341bfbead54df27ce800a09727afcee8d7",
            "translation": [
                -1.1679999,
                2.7999999,
                -2.2352998
            ],
            "motion_type": "static"
        },
        {
            "template_name": "15fad5341bfbead54df27ce800a09727afcee8d7",
            "translation": [
                -8.1855897,
                2.7685,
                -2.0301396
            ],
            "rotation": [
                0.0,
                0.0,
                1.0,
                0.0
            ],
            "motion_type": "static",
            "non_uniform_scale": [
                1.2699999,
                0.9999998,
                1.2699998
            ]
        },
        {
            "template_name": "ed4fbbb8cc877cea34ff946b05c9da8b3690ee74",
            "translation": [
                -4.1186399,
                1.8324604,
                -9.7724094
            ],
            "rotation": [
                0.7071068,
                0.7071067,
                0.0,
                0.0
            ],
            "motion_type": "static"
        },
        {
            "template_name": "4712d33155aa41e40520e838e4cab54c4622f397",
            "translation": [
                -1.5392099,
                1.0957105,
                -11.7578687
            ],
            "rotation": [
                -0.5,
                -0.5,
                0.5,
                -0.4999999
            ],
            "motion_type": "static"
        },
        {
            "template_name": "fb2f74adad7f712babad7f809f8da2e0463d0443",
            "translation": [
                -7.1853499,
                2.1291003,
                -9.7724084
            ],
            "rotation": [
                0.7071068,
                0.7071067,
                0.0,
                0.0
            ],
            "motion_type": "static"
        },
        {
            "template_name": "fb2f74adad7f712babad7f809f8da2e0463d0443",
            "translation": [
                -10.2442197,
                2.0876603,
                -9.7724084
            ],
            "rotation": [
                0.7071068,
                0.7071067,
                0.0,
                0.0
            ],
            "motion_type": "static"
        },
        {
            "template_name": "3771316962563144faeda957e3349d794ca8b4d0",
            "translation": [
                -5.2420101,
                0.4095799,
                0.395315
            ],
            "rotation": [
                -0.5,
                -0.5,
                0.5,
                -0.4999999
            ],
            "motion_type": "static"
        },
        {
            "template_name": "f38789e88b2f8b182f9f5ee8211f1a5b987703cb",
            "translation": [
                -13.6991996,
                1.75,
                -4.7009296
            ],
            "rotation": [
                0.4999999,
                0.4999999,
                0.5,
                -0.5
            ],
            "motion_type": "static"
        },
        {
            "template_name": "f38789e88b2f8b182f9f5ee8211f1a5b987703cb",
            "translation": [
                -13.6991996,
                2.1513702,
                -4.7009296
            ],
            "rotation": [
                0.4999999,
                0.4999999,
                0.5,
                -0.5
            ],
            "motion_type": "static"
        },
        {
            "template_name": "f38789e88b2f8b182f9f5ee8211f1a5b987703cb",
            "translation": [
                -13.6991996,
                1.3000801,
                -4.7009296
            ],
            "rotation": [
                0.4999999,
                0.4999999,
                0.5,
                -0.5
            ],
            "motion_type": "static"
        },
        {
            "template_name": "b6807fa0030f1222fc9af08c2e0685ff0e44990b",
            "translation": [
                -14.3329496,
                -2.384185791015625e-7,
                3.1748747
            ],
            "motion_type": "static"
        },
        {
            "template_name": "6656fab678d3142e423ef59ce75c30e1cf5895cf",
            "translation": [
                -5.2420144,
                1.7078198,
                0.21973
            ],
            "rotation": [
                -0.5,
                -0.5,
                0.5,
                -0.4999999
            ],
            "motion_type": "static"
        },
        {
            "template_name": "808c7e4eaf9986ecfff6c955c8788fc5827f9ac7",
            "translation": [
                -6.6801452,
                3.5762786865234377e-7,
                -6.1389346
            ],
            "rotation": [
                0.7071068,
                0.0,
                -0.7071067,
                0.0
            ],
            "motion_type": "static"
        },
        {
            "template_name": "ab8938657b4250e5ee9adf6eb764fa30d4313383",
            "translation": [
                -12.1449203,
                -2.980232238769531e-7,
                4.7776665
            ],
            "motion_type": "static",
            "non_uniform_scale": [
                0.8681851,
                0.9996101,
                0.8734387
            ]
        },
        {
            "template_name": "3303632d475f16ba7c32dad5c1e932ca22d920d5",
            "translation": [
                -11.5325298,
                1.2511203,
                -8.7644786
            ],
            "rotation": [
                -0.5,
                -0.5,
                0.5,
                -0.4999999
            ],
            "motion_type": "static"
        },
        {
            "template_name": "26dcf95ab84ca558a39163e8d4843edd19a7e47c",
            "translation": [
                -6.8035206,
                1.7499994,
                5.3811697
            ],
            "rotation": [
                0.0,
                0.0,
                0.7071068,
                -0.7071067
            ],
            "motion_type": "static"
        },
        {
            "template_name": "bc59d29d1dd89583b138da32dd3a25916c4dd684",
            "translation": [
                -10.5901212,
                0.7172502,
                -5.5819993
            ],
            "rotation": [
                0.0,
                0.0,
                0.7071068,
                -0.7071067
            ],
            "motion_type": "static"
        },
        {
            "template_name": "b274bfd325fbb81cd00043f7d6164776f68de85f",
            "translation": [
                2.4437899,
                1.1920928955078126e-7,
                -1.6459698
            ],
            "rotation": [
                0.7071068,
                0.0,
                -0.7071067,
                0.0
            ],
            "motion_type": "static",
            "non_uniform_scale": [
                0.9999998,
                0.8940902,
                0.9999998
            ]
        },
        {
            "template_name": "b274bfd325fbb81cd00043f7d6164776f68de85f",
            "translation": [
                1.3546299,
                2.980232238769531e-7,
                -4.9063596
            ],
            "rotation": [
                0.0,
                0.0,
                1.0,
                0.0
            ],
            "motion_type": "static",
            "non_uniform_scale": [
                0.4823938,
                0.8940902,
                0.9999998
            ]
        },
        {
            "template_name": "b274bfd325fbb81cd00043f7d6164776f68de85f",
            "translation": [
                1.3869299,
                -5.960464477539063e-8,
                0.6237499
            ],
            "rotation": [
                0.0,
                0.0,
                1.0,
                0.0
            ],
            "motion_type": "static",
            "non_uniform_scale": [
                0.4823938,
                0.8940902,
                0.9999998
            ]
        },
        {
            "template_name": "e7af9fee904b6d58efdcd8208a2d01d1f481af60",
            "translation": [
                -11.8035306,
                3.2782554626464846e-7,
                -5.42978
            ],
            "rotation": [
                0.7071068,
                0.0,
                -0.7071067,
                0.0
            ],
            "motion_type": "static"
        },
        {
            "template_name": "5295cc18c0fd3117b54623ec7c40006e4756a091",
            "translation": [
                -16.0793399,
                -1.7881393432617188e-7,
                2.5244398
            ],
            "rotation": [
                0.7071068,
                0.0,
                0.7071067,
                0.0
            ],
            "motion_type": "static"
        },
        {
            "template_name": "5295cc18c0fd3117b54623ec7c40006e4756a091",
            "translation": [
                -16.0793399,
                -1.1920928955078126e-7,
                1.5744398
            ],
            "rotation": [
                0.7071068,
                0.0,
                0.7071067,
                0.0
            ],
            "motion_type": "static"
        },
        {
            "template_name": "5295cc18c0fd3117b54623ec7c40006e4756a091",
            "translation": [
                -16.0793399,
                -5.960464477539063e-8,
                0.6244399
            ],
            "rotation": [
                0.7071068,
                0.0,
                0.7071067,
                0.0
            ],
            "motion_type": "static"
        },
        {
            "template_name": "bf0fab68fcaf4142b983ae6f806b3820cfb042d3",
            "translation": [
                -10.98353,
                2.980232238769531e-7,
                -5.0284194
            ],
            "rotation": [
                0.0,
                0.0,
                1.0,
                0.0
            ],
            "motion_type": "static"
        },
        {
            "template_name": "c8a430c096719c94051b441a026620df1bcb42d5",
            "translation": [
                -13.2953605,
                4.172325134277344e-7,
                -7.3555693
            ],
            "rotation": [
                0.7071068,
                0.0,
                0.7071067,
                0.0
            ],
            "motion_type": "static"
        },
        {
            "template_name": "c8a430c096719c94051b441a026620df1bcb42d5",
            "translation": [
                -15.9223203,
                -2.384185791015625e-7,
                3.5532798
            ],
            "motion_type": "static",
            "non_uniform_scale": [
                1.0,
                1.1670588,
                0.9999998
            ]
        },
        {
            "template_name": "f4007c38d282f04fb0510f305199e7ed8c2dddb9",
            "translation": [
                -3.6935896,
                1.75,
                -1.8190299
            ],
            "rotation": [
                0.7071068,
                0.7071067,
                0.0,
                0.0
            ],
            "motion_type": "static"
        },
        {
            "template_name": "2927c8cac046ff495be915b34040d4dcf018abc8",
            "translation": [
                -6.5813899,
                2.980232238769531e-7,
                -4.9711594
            ],
            "motion_type": "static"
        },
        {
            "template_name": "51824f2ecd931fbed1389e715e8184354c6f62d4_part_1",
            "translation": [
                -13.8888702,
                2.5224473,
                0.1079681
            ],
            "rotation": [
                -0.5,
                -0.5,
                0.5,
                -0.4999999
            ],
            "motion_type": "static"
        },
        {
            "template_name": "51824f2ecd931fbed1389e715e8184354c6f62d4_part_1",
            "translation": [
                -13.8888702,
                2.4861402,
                0.1079681
            ],
            "rotation": [
                -0.5,
                -0.5,
                0.5,
                -0.4999999
            ],
            "motion_type": "static"
        },
        {
            "template_name": "51824f2ecd931fbed1389e715e8184354c6f62d4_part_1",
            "translation": [
                -13.8888702,
                2.4498331,
                0.1079681
            ],
            "rotation": [
                -0.4999999,
                -0.4999999,
                0.5,
                -0.5
            ],
            "motion_type": "static"
        },
        {
            "template_name": "51824f2ecd931fbed1389e715e8184354c6f62d4_part_4",
            "translation": [
                -13.8724288,
                2.5094923,
                0.6323723
            ],
            "rotation": [
                -0.5,
                -0.5,
                0.5,
                -0.4999999
            ],
            "motion_type": "static"
        },
        {
            "template_name": "51824f2ecd931fbed1389e715e8184354c6f62d4_part_4",
            "translation": [
                -13.8724288,
                2.4549355,
                0.6323723
            ],
            "rotation": [
                -0.5,
                -0.5,
                0.5,
                -0.4999999
            ],
            "motion_type": "static"
        },
        {
            "template_name": "51824f2ecd931fbed1389e715e8184354c6f62d4_part_4",
            "translation": [
                -13.8724288,
                2.4822139,
                0.6323723
            ],
            "rotation": [
                -0.5,
                -0.5,
                0.5,
                -0.4999999
            ],
            "motion_type": "static"
        },
        {
            "template_name": "51824f2ecd931fbed1389e715e8184354c6f62d4_part_7",
            "translation": [
                -13.8492012,
                2.3895108,
                0.3793101
            ],
            "rotation": [
                -0.5,
                -0.5,
                0.5,
                -0.4999999
            ],
            "motion_type": "static"
        },
        {
            "template_name": "51824f2ecd931fbed1389e715e8184354c6f62d4_part_1",
            "translation": [
                -13.8888702,
                2.2324473,
                0.1079681
            ],
            "rotation": [
                -0.5,
                -0.5,
                0.5,
                -0.4999999
            ],
            "motion_type": "static"
        },
        {
            "template_name": "51824f2ecd931fbed1389e715e8184354c6f62d4_part_1",
            "translation": [
                -13.8888702,
                2.1961402,
                0.1079681
            ],
            "rotation": [
                -0.5,
                -0.5,
                0.5,
                -0.4999999
            ],
            "motion_type": "static"
        },
        {
            "template_name": "51824f2ecd931fbed1389e715e8184354c6f62d4_part_1",
            "translation": [
                -13.8888702,
                2.1598331,
                0.1079681
            ],
            "rotation": [
                -0.4999999,
                -0.4999999,
                0.5,
                -0.5
            ],
            "motion_type": "static"
        },
        {
            "template_name": "51824f2ecd931fbed1389e715e8184354c6f62d4_part_4",
            "translation": [
                -13.8724288,
                2.2194924,
                0.6323723
            ],
            "rotation": [
                -0.5,
                -0.5,
                0.5,
                -0.4999999
            ],
            "motion_type": "static"
        },
        {
            "template_name": "51824f2ecd931fbed1389e715e8184354c6f62d4_part_4",
            "translation": [
                -13.8724288,
                2.1649355,
                0.6323723
            ],
            "rotation": [
                -0.5,
                -0.5,
                0.5,
                -0.4999999
            ],
            "motion_type": "static"
        },
        {
            "template_name": "51824f2ecd931fbed1389e715e8184354c6f62d4_part_4",
            "translation": [
                -13.8724288,
                2.192214,
                0.6323723
            ],
            "rotation": [
                -0.5,
                -0.5,
                0.5,
                -0.4999999
            ],
            "motion_type": "static"
        },
        {
            "template_name": "51824f2ecd931fbed1389e715e8184354c6f62d4_part_7",
            "translation": [
                -13.8492012,
                2.0995109,
                0.3793101
            ],
            "rotation": [
                -0.5,
                -0.5,
                0.5,
                -0.4999999
            ],
            "motion_type": "static"
        },
        {
            "template_name": "51824f2ecd931fbed1389e715e8184354c6f62d4_part_7",
            "translation": [
                -13.8492012,
                1.8214808,
                0.3793101
            ],
            "rotation": [
                -0.5,
                -0.5,
                0.5,
                -0.4999999
            ],
            "motion_type": "static"
        },
        {
            "template_name": "51824f2ecd931fbed1389e715e8184354c6f62d4_part_7",
            "translation": [
                -13.8492012,
                0.4949209,
                0.37931
            ],
            "rotation": [
                -0.5,
                -0.5,
                0.5,
                -0.4999999
            ],
            "motion_type": "static"
        },
        {
            "template_name": "51824f2ecd931fbed1389e715e8184354c6f62d4_part_7",
            "translation": [
                -13.8492012,
                0.892881,
                0.3793101
            ],
            "rotation": [
                -0.5,
                -0.5,
                0.5,
                -0.4999999
            ],
            "motion_type": "static"
        },
        {
            "template_name": "51824f2ecd931fbed1389e715e8184354c6f62d4_part_7",
            "translation": [
                -13.8492012,
                1.2128709,
                0.3793101
            ],
            "rotation": [
                -0.5,
                -0.5,
                0.5,
                -0.4999999
            ],
            "motion_type": "static"
        },
        {
            "template_name": "51824f2ecd931fbed1389e715e8184354c6f62d4_part_7",
            "translation": [
                -13.8492012,
                1.4837509,
                0.3793101
            ],
            "rotation": [
                -0.5,
                -0.5,
                0.5,
                -0.4999999
            ],
            "motion_type": "static"
        },
        {
            "template_name": "51824f2ecd931fbed1389e715e8184354c6f62d4_part_7",
            "translation": [
                -13.8492012,
                0.136591,
                0.37931
            ],
            "rotation": [
                -0.5,
                -0.5,
                0.5,
                -0.4999999
            ],
            "motion_type": "static"
        },
        {
            "template_name": "8eaa500219509f554d5cbc1efbe1ecd30faba282",
            "translation": [
                -12.0953197,
                -5.960464477539063e-8,
                0.8737097
            ],
            "motion_type": "static"
        },
        {
            "template_name": "ada34426e17dfdc354b71d6a407b9029989cf4d7",
            "translation": [
                -13.2499904,
                -5.960464477539063e-8,
                1.1216799
            ],
            "rotation": [
                0.9401612,
                0.0,
                0.3407297,
                0.0
            ],
            "motion_type": "static"
        },
        {
            "template_name": "6b301d925f4f21f78a0f5efe391d699165ac398d",
            "translation": [
                -8.19213,
                1.1920928955078126e-7,
                -2.0258798
            ],
            "rotation": [
                0.0,
                0.0,
                1.0,
                0.0
            ],
            "motion_type": "static"
        },
        {
            "template_name": "69d7057448064caa17bc872873aa3221d2c3532b_part_5",
            "translation": [
                -5.9681291,
                1.6061481,
                -8.8685693
            ],
            "rotation": [
                0.4999999,
                0.4999999,
                0.5,
                -0.5
            ],
            "motion_type": "static"
        },
        {
            "template_name": "69d7057448064caa17bc872873aa3221d2c3532b_part_5",
            "translation": [
                -5.9681291,
                1.135168,
                -8.826929
            ],
            "rotation": [
                0.4999999,
                0.4999999,
                0.5,
                -0.5
            ],
            "motion_type": "static"
        },
        {
            "template_name": "69d7057448064caa17bc872873aa3221d2c3532b_part_5",
            "translation": [
                -5.9681291,
                2.0599679,
                -8.8580389
            ],
            "rotation": [
                0.4999999,
                0.4999999,
                0.5,
                -0.5
            ],
            "motion_type": "static"
        },
        {
            "template_name": "69d7057448064caa17bc872873aa3221d2c3532b_part_5",
            "translation": [
                -5.9681291,
                1.2316879,
                -5.9341993
            ],
            "rotation": [
                0.4999999,
                0.4999999,
                0.5,
                -0.5
            ],
            "motion_type": "static"
        },
        {
            "template_name": "69d7057448064caa17bc872873aa3221d2c3532b_part_5",
            "translation": [
                -5.9681291,
                1.6902178,
                -5.9323396
            ],
            "rotation": [
                0.4999999,
                0.4999999,
                0.5,
                -0.5
            ],
            "motion_type": "static"
        },
        {
            "template_name": "69d7057448064caa17bc872873aa3221d2c3532b_part_5",
            "translation": [
                -5.9681291,
                2.1246976,
                -5.9436697
            ],
            "rotation": [
                0.4999999,
                0.4999999,
                0.5,
                -0.5
            ],
            "motion_type": "static"
        },
        {
            "template_name": "69d7057448064caa17bc872873aa3221d2c3532b_part_5",
            "translation": [
                -12.3105897,
                1.6061478,
                -5.0258793
            ],
            "rotation": [
                0.0,
                0.0,
                0.7071068,
                -0.7071067
            ],
            "motion_type": "static"
        },
        {
            "template_name": "69d7057448064caa17bc872873aa3221d2c3532b_part_5",
            "translation": [
                -12.2760801,
                1.2064478,
                -5.0258793
            ],
            "rotation": [
                0.0,
                0.0,
                0.7071068,
                -0.7071067
            ],
            "motion_type": "static"
        },
        {
            "template_name": "69d7057448064caa17bc872873aa3221d2c3532b_part_5",
            "translation": [
                -12.3327798,
                2.0298175,
                -5.0258793
            ],
            "rotation": [
                0.0,
                0.0,
                0.7071068,
                -0.7071067
            ],
            "motion_type": "static"
        },
        {
            "template_name": "69d7057448064caa17bc872873aa3221d2c3532b_part_5",
            "translation": [
                -7.8124198,
                1.7330174,
                0.6807206
            ],
            "rotation": [
                0.7071068,
                0.7071067,
                0.0,
                0.0
            ],
            "motion_type": "static"
        },
        {
            "template_name": "69d7057448064caa17bc872873aa3221d2c3532b_part_5",
            "translation": [
                -11.0023612,
                1.7196675,
                0.6807206
            ],
            "rotation": [
                0.7071068,
                0.7071067,
                0.0,
                0.0
            ],
            "motion_type": "static"
        },
        {
            "template_name": "ec6d929832a895b456fd6cca745a18c192c41f4b",
            "translation": [
                -1.0521999,
                3.5762786865234377e-7,
                -5.5431389
            ],
            "rotation": [
                0.7071068,
                0.0,
                -0.7071067,
                0.0
            ],
            "motion_type": "static"
        },
        {
            "template_name": "db2898f0ca03bd9754d809c8fa66b6b183222671",
            "translation": [
                -6.4281201,
                5.960464477539063e-7,
                -9.4623889
            ],
            "rotation": [
                0.7071068,
                0.0,
                -0.7071067,
                0.0
            ],
            "motion_type": "static"
        },
        {
            "template_name": "db2898f0ca03bd9754d809c8fa66b6b183222671",
            "translation": [
                -11.0725889,
                5.960464477539063e-7,
                -9.4623289
            ],
            "motion_type": "static"
        },
        {
            "template_name": "db2898f0ca03bd9754d809c8fa66b6b183222671",
            "translation": [
                -1.84923,
                5.960464477539063e-7,
                -10.2341394
            ],
            "rotation": [
                0.0,
                0.0,
                1.0,
                0.0
            ],
            "motion_type": "static"
        },
        {
            "template_name": "17ddb4738090f1d3f93d45865fcfaa2cae376d3f",
            "translation": [
                -5.2420196,
                0.7543199,
                -0.6453099
            ],
            "rotation": [
                -0.5,
                -0.5,
                0.5,
                -0.4999999
            ],
            "motion_type": "static"
        },
        {
            "template_name": "fd99e8af0aab94cafa5ec73787d55cfb330623fa",
            "translation": [
                -8.7076396,
                0.7600004,
                -7.3972897
            ],
            "rotation": [
                0.0,
                0.0,
                1.0,
                0.0
            ],
            "motion_type": "static"
        },
        {
            "template_name": "fd99e8af0aab94cafa5ec73787d55cfb330623fa",
            "translation": [
                -10.75739,
                0.7399996,
                5.1464796
            ],
            "motion_type": "static"
        },
        {
            "template_name": "51cd1976549241666bcf3cc27e6c4c580352361b",
            "translation": [
                -1.79381,
                0.7700005,
                -11.2235193
            ],
            "rotation": [
                0.7071068,
                0.0,
                0.7071067,
                0.0
            ],
            "motion_type": "static"
        },
        {
            "template_name": "018f52ea0b259b9134aaa3685171d7ffe624c3dc",
            "translation": [
                -5.53412,
                -2.384185791015625e-7,
                4.1658897
            ],
            "rotation": [
                0.0,
                0.0,
                1.0,
                0.0
            ],
            "motion_type": "static"
        },
        {
            "template_name": "0a26ac2c73d55251c3e7d042a4c0eac6ff17e39b",
            "translation": [
                -12.6584196,
                0.0,
                -0.4203999
            ],
            "rotation": [
                0.304515,
                0.0,
                0.9525075,
                0.0
            ],
            "motion_type": "static"
        },
        {
            "template_name": "9db3c2db8a6638573798b524d959ab6c2bbd61b9",
            "translation": [
                -8.2692346,
                2.086162567138672e-7,
                -3.4099249
            ],
            "motion_type": "static"
        },
        {
            "template_name": "d4865105150beb177b8bd8c4bd87e8d5958c8868",
            "translation": [
                -12.6361503,
                4.98257577419281e-7,
                -8.3601493
            ],
            "rotation": [
                0.7071068,
                0.0,
                0.7071067,
                0.0
            ],
            "motion_type": "static"
        },
        {
            "template_name": "7716edab9419207cdad0e48548fdccf25ed883ea",
            "translation": [
                -6.1181249,
                1.3455803,
                -8.710844
            ],
            "rotation": [
                -0.5,
                -0.5,
                0.5,
                -0.4999999
            ],
            "motion_type": "static"
        },
        {
            "template_name": "9f3813bf3ab0830b6a2d2b6b739fd14c7f04d1b3",
            "translation": [
                -15.0893697,
                -3.5762786865234377e-7,
                5.9761099
            ],
            "motion_type": "static"
        },
        {
            "template_name": "2efebdcc1ba9514b0deb0dfb05951341432bd26a",
            "translation": [
                -12.7796297,
                0.7620002,
                -4.0803394
            ],
            "rotation": [
                -0.4771587,
                0.0,
                0.8788171,
                0.0
            ],
            "motion_type": "static"
        },
        {
            "template_name": "0270712b9b5ba0bcb1ad14e15b61c3d8f2e75a90",
            "translation": [
                -8.2860002,
                1.1688098311424256e-7,
                -1.9613598
            ],
            "rotation": [
                0.0,
                0.0,
                1.0,
                0.0
            ],
            "motion_type": "static"
        },
        {
            "template_name": "222364e8fb6c086b9b08c15bcd8bbfa561665e9f",
            "translation": [
                -1.8521432,
                7.748603820800781e-7,
                -13.3266534
            ],
            "rotation": [
                0.9164919,
                0.0,
                -0.4000532,
                0.0
            ],
            "motion_type": "static"
        },
        {
            "template_name": "f832cb286a2550d725eea7a535eda4066f479f08_part_3",
            "translation": [
                -13.84972,
                2.1830482,
                6.3305959
            ],
            "rotation": [
                -0.5,
                -0.5,
                0.5,
                -0.4999999
            ],
            "motion_type": "static"
        },
        {
            "template_name": "f832cb286a2550d725eea7a535eda4066f479f08_part_4",
            "translation": [
                -13.8497209,
                1.8635174,
                6.3305959
            ],
            "rotation": [
                -0.5,
                -0.5,
                0.5,
                -0.4999999
            ],
            "motion_type": "static"
        },
        {
            "template_name": "f832cb286a2550d725eea7a535eda4066f479f08_part_7",
            "translation": [
                -13.8497209,
                1.4269504,
                5.9928035
            ],
            "rotation": [
                -0.5,
                -0.5,
                0.5,
                -0.4999999
            ],
            "motion_type": "static"
        },
        {
            "template_name": "f832cb286a2550d725eea7a535eda4066f479f08_part_3",
            "translation": [
                -16.3288192,
                2.1830482,
                6.0578036
            ],
            "rotation": [
                0.4999999,
                0.4999999,
                0.5,
                -0.5
            ],
            "motion_type": "static"
        },
        {
            "template_name": "f832cb286a2550d725eea7a535eda4066f479f08_part_4",
            "translation": [
                -16.3288192,
                1.8635174,
                6.0578036
            ],
            "rotation": [
                0.4999999,
                0.4999999,
                0.5,
                -0.5
            ],
            "motion_type": "static"
        },
        {
            "template_name": "f832cb286a2550d725eea7a535eda4066f479f08_part_7",
            "translation": [
                -16.3288192,
                1.4269504,
                6.3955955
            ],
            "rotation": [
                0.4999999,
                0.4999999,
                0.5,
                -0.5
            ],
            "motion_type": "static"
        },
        {
            "template_name": "79bd7ea173156c5e2581f7c3e7caa2bcee9b289a",
            "translation": [
                -13.4592008,
                -2.980232238769531e-7,
                5.2011694
            ],
            "rotation": [
                0.7071068,
                0.0,
                0.7071067,
                0.0
            ],
            "motion_type": "static"
        },
        {
            "template_name": "79bd7ea173156c5e2581f7c3e7caa2bcee9b289a",
            "translation": [
                -13.4592008,
                -2.980232238769531e-7,
                4.8411693
            ],
            "rotation": [
                0.7071068,
                0.0,
                0.7071067,
                0.0
            ],
            "motion_type": "static"
        },
        {
            "template_name": "79bd7ea173156c5e2581f7c3e7caa2bcee9b289a",
            "translation": [
                -13.4592008,
                -2.384185791015625e-7,
                4.4811697
            ],
            "rotation": [
                0.7071068,
                0.0,
                0.7071067,
                0.0
            ],
            "motion_type": "static"
        },
        {
            "template_name": "19ff8cf0a77b67a87ba9959cfc39212a9c9dfc72",
            "translation": [
                -5.2420201,
                2.0577199,
                -0.6919648
            ],
            "rotation": [
                -0.5,
                -0.5,
                0.5,
                -0.4999999
            ],
            "motion_type": "static"
        },
        {
            "template_name": "ea4826625a4ad17e2bd2f4013acdb1c26b568999",
            "translation": [
                -4.139245,
                5.960464477539063e-8,
                -0.8409399
            ],
            "motion_type": "static"
        },
        {
            "template_name": "614f9fa85b5783baed560a3123dec8e7deaffa2c",
            "translation": [
                -2.6533899,
                8.046627044677734e-7,
                -13.4000492
            ],
            "motion_type": "static"
        },
        {
            "template_name": "614f9fa85b5783baed560a3123dec8e7deaffa2c",
            "translation": [
                -4.7740402,
                8.046627044677734e-7,
                -13.3995389
            ],
            "rotation": [
                0.0,
                0.0,
                1.0,
                0.0
            ],
            "motion_type": "static"
        },
        {
            "template_name": "cc17054d09c889e72d32457505e032dedf054b71",
            "translation": [
                -13.6991996,
                1.7499995,
                4.8467798
            ],
            "rotation": [
                0.4999999,
                0.4999999,
                0.5,
                -0.5
            ],
            "motion_type": "static"
        },
        {
            "template_name": "667a58a96b908e9b79a8db793352400d672970f2",
            "translation": [
                -13.8492002,
                1.7499995,
                5.0529499
            ],
            "rotation": [
                -0.5,
                -0.5,
                0.5,
                -0.4999999
            ],
            "motion_type": "static"
        },
        {
            "template_name": "18d33c5c5df8b177bab1b8d8673ff67e58de0bb8",
            "translation": [
                -10.5539903,
                2.2831602,
                -5.5819993
            ],
            "rotation": [
                0.0,
                0.0,
                0.7071068,
                -0.7071067
            ],
            "motion_type": "static"
        },
        {
            "template_name": "1fed03ca5b84ba5de9d2be405050acec4cfeaf10",
            "translation": [
                -3.5650799,
                0.762,
                -1.3120597
            ],
            "rotation": [
                0.7071068,
                0.0,
                -0.7071067,
                0.0
            ],
            "motion_type": "static"
        },
        {
            "template_name": "1d39918807757bae1e51a42b54c044cda8d4cfeb",
            "translation": [
                -4.1995902,
                3.2782554626464846e-7,
                -5.3236398
            ],
            "rotation": [
                0.0,
                0.0,
                1.0,
                0.0
            ],
            "motion_type": "static"
        },
        {
            "template_name": "4e3775d0f91cc1d50cdab5877f36e5a1f6080360",
            "translation": [
                -1.2000499,
                0.8900005,
                -9.5039892
            ],
            "rotation": [
                0.9021654,
                0.0,
                -0.4313902,
                0.0
            ],
            "motion_type": "static"
        },
        {
            "template_name": "4e3775d0f91cc1d50cdab5877f36e5a1f6080360",
            "translation": [
                -12.12644,
                0.6857996,
                5.0262594
            ],
            "motion_type": "static"
        },
        {
            "template_name": "31e06a2a9707d676ee319308f22f1f7c4c840196",
            "translation": [
                -9.8281002,
                0.9468799,
                0.42762
            ],
            "rotation": [
                0.0,
                0.0,
                1.0,
                0.0
            ],
            "motion_type": "static"
        },
        {
            "template_name": "13fb5e59f1f43a212565ecccb938cef340453b13",
            "translation": [
                -12.1486902,
                -2.980232238769531e-7,
                5.0763692
            ],
            "rotation": [
                0.0,
                0.0,
                1.0,
                0.0
            ],
            "motion_type": "static"
        },
        {
            "template_name": "c5046dfe8edc365aa500c43bb357b0a7926dcb48",
            "translation": [
                -6.8798594,
                1.7500002,
                -5.5819993
            ],
            "rotation": [
                0.0,
                0.0,
                0.7071068,
                -0.7071067
            ],
            "motion_type": "static"
        },
        {
            "template_name": "377f1c4c021d211ed2150e3cd1a7649d21f11957",
            "translation": [
                -12.1359901,
                1.1737096,
                5.3799648
            ],
            "rotation": [
                0.0,
                0.0,
                0.7071068,
                -0.7071067
            ],
            "motion_type": "static"
        },
        {
            "template_name": "8e8ee0dd9685dbe4ca546f8ed3f4a2219fd8dfd2",
            "translation": [
                -11.8800687,
                0.7000002,
                -4.734579
            ],
            "motion_type": "static"
        },
        {
            "template_name": "5d9d99d5281840568022132ae37ac8bb3420fff8",
            "translation": [
                -9.3863935,
                1.739166,
                5.381165
            ],
            "rotation": [
                0.0,
                0.0,
                0.7071068,
                -0.7071067
            ],
            "motion_type": "static",
            "non_uniform_scale": [
                1.251622,
                0.9999998,
                1.254548
            ]
        },
        {
            "template_name": "17491889757d08d979aa84c6d88c8cd7f4e00c0e",
            "translation": [
                -16.3294296,
                1.7499996,
                4.08885
            ],
            "rotation": [
                0.4999999,
                0.4999999,
                0.5,
                -0.5
            ],
            "motion_type": "static"
        },
        {
            "template_name": "e9597e32600022ebbae20264d1fed4b7d6b89b37",
            "translation": [
                -13.853754,
                2.1978697,
                1.5254399
            ],
            "rotation": [
                -0.5,
                -0.5,
                0.5,
                -0.4999999
            ],
            "motion_type": "static"
        },
        {
            "template_name": "e9597e32600022ebbae20264d1fed4b7d6b89b37",
            "translation": [
                -13.853754,
                1.9042497,
                1.5161299
            ],
            "rotation": [
                -0.5,
                -0.5,
                0.5,
                -0.4999999
            ],
            "motion_type": "static"
        },
        {
            "template_name": "e9597e32600022ebbae20264d1fed4b7d6b89b37",
            "translation": [
                -13.853754,
                1.6044298,
                1.5161299
            ],
            "rotation": [
                -0.5,
                -0.5,
                0.5,
                -0.4999999
            ],
            "motion_type": "static"
        },
        {
            "template_name": "e9597e32600022ebbae20264d1fed4b7d6b89b37",
            "translation": [
                -13.853754,
                1.3047499,
                1.5161299
            ],
            "rotation": [
                -0.5,
                -0.5,
                0.5,
                -0.4999999
            ],
            "motion_type": "static"
        },
        {
            "template_name": "e9597e32600022ebbae20264d1fed4b7d6b89b37",
            "translation": [
                -13.853754,
                0.9759998,
                1.49444
            ],
            "rotation": [
                -0.5,
                -0.5,
                0.5,
                -0.4999999
            ],
            "motion_type": "static"
        },
        {
            "template_name": "e9597e32600022ebbae20264d1fed4b7d6b89b37",
            "translation": [
                -13.853754,
                0.5871898,
                1.5254399
            ],
            "rotation": [
                -0.5,
                -0.5,
                0.5,
                -0.4999999
            ],
            "motion_type": "static"
        },
        {
            "template_name": "e9597e32600022ebbae20264d1fed4b7d6b89b37",
            "translation": [
                -13.853754,
                2.4928998,
                1.5347399
            ],
            "rotation": [
                -0.5,
                -0.5,
                0.5,
                -0.4999999
            ],
            "motion_type": "static"
        },
        {
            "template_name": "e9597e32600022ebbae20264d1fed4b7d6b89b37",
            "translation": [
                -13.853754,
                0.2101898,
                1.5254397
            ],
            "rotation": [
                -0.5,
                -0.5,
                0.5,
                -0.4999999
            ],
            "motion_type": "static"
        },
        {
            "template_name": "6259c15cd203482a76fae0470894e4b049d2f193",
            "translation": [
                -13.5924644,
                1.2913702,
                -4.7993941
            ],
            "motion_type": "static"
        },
        {
            "template_name": "c67a9e6aa36de67d7fc1a0d7ca14e671c6686fbe",
            "translation": [
                -13.6214303,
                1.7668101,
                -4.7985396
            ],
            "motion_type": "static"
        },
        {
            "template_name": "fd8e82f013bf0b3cbeac233a43db84f119e5e431",
            "translation": [
                -8.7504796,
                4.470348358154297e-7,
                -7.4360594
            ],
            "motion_type": "static",
            "non_uniform_scale": [
                1.0804145,
                1.1323251,
                1.0714284
            ]
        },
        {
            "template_name": "76eb8317661751dd4897b39db29df5db517e2d5c",
            "translation": [
                -5.52987,
                7.748603820800781e-7,
                -13.2509889
            ],
            "rotation": [
                0.0,
                0.0,
                1.0,
                0.0
            ],
            "motion_type": "static",
            "non_uniform_scale": [
                1.1306015,
                1.627492,
                0.9999998
            ]
        },
        {
            "template_name": "529306eb57506f3b52134f9d866bd32d61f27628",
            "translation": [
                -13.3920602,
                3.5762786865234377e-7,
                -5.924304
            ],
            "rotation": [
                0.7071068,
                0.0,
                0.7071067,
                0.0
            ],
            "motion_type": "static",
            "non_uniform_scale": [
                0.9999998,
                1.3328915,
                0.9999998
            ]
        },
        {
            "template_name": "529306eb57506f3b52134f9d866bd32d61f27628",
            "translation": [
                -13.3920602,
                3.5762786865234377e-7,
                -5.3249745
            ],
            "rotation": [
                0.7071068,
                0.0,
                0.7071067,
                0.0
            ],
            "motion_type": "static",
            "non_uniform_scale": [
                0.9999998,
                1.3328915,
                0.9999998
            ]
        },
        {
            "template_name": "529306eb57506f3b52134f9d866bd32d61f27628",
            "translation": [
                -13.3920602,
                3.5762786865234377e-7,
                -6.5236344
            ],
            "rotation": [
                0.7071068,
                0.0,
                0.7071067,
                0.0
            ],
            "motion_type": "static",
            "non_uniform_scale": [
                0.9999998,
                1.3328915,
                0.9999998
            ]
        },
        {
            "template_name": "4c08cdfed62696b0d20013c08a9131286450788e",
            "translation": [
                -8.69985,
                5.662441253662109e-7,
                -9.4996891
            ],
            "rotation": [
                0.0,
                0.0,
                1.0,
                0.0
            ],
            "motion_type": "static"
        },
        {
            "template_name": "a46ed979bc467c63532515b763cb72495931c8a3",
            "translation": [
                -10.7455797,
                -2.980232238769531e-7,
                5.1558694
            ],
            "rotation": [
                0.0,
                0.0,
                1.0,
                0.0
            ],
            "motion_type": "static"
        },
        {
            "template_name": "a46ed979bc467c63532515b763cb72495931c8a3",
            "translation": [
                -8.0129604,
                -2.980232238769531e-7,
                5.1558694
            ],
            "rotation": [
                0.0,
                0.0,
                1.0,
                0.0
            ],
            "motion_type": "static"
        },
        {
            "template_name": "91238b52cec5f006f7dd6a0c7ae462ec065b93a6",
            "translation": [
                -8.2031354,
                -5.960464477539063e-8,
                0.8292549
            ],
            "motion_type": "static"
        },
        {
            "template_name": "ee183f1fc138f6269b7d1ab90dd22969538a22aa",
            "translation": [
                -13.2453413,
                2.682209014892578e-7,
                -4.3582844
            ],
            "rotation": [
                0.8780975,
                0.0,
                0.4784815,
                0.0
            ],
            "motion_type": "static"
        },
        {
            "template_name": "10408dc19e01319deb64e2eb4e8ed1ee07cde83f",
            "translation": [
                -15.13554,
                -8.940696716308594e-8,
                1.5008398
            ],
            "rotation": [
                0.7071068,
                0.0,
                0.7071067,
                0.0
            ],
            "motion_type": "static"
        },
        {
            "template_name": "498ad9602ffa2854cc2e31a54988dbecc0e9d2a9",
            "translation": [
                -10.5689506,
                1.5123502,
                -5.5819993
            ],
            "rotation": [
                0.0,
                0.0,
                0.7071068,
                -0.7071067
            ],
            "motion_type": "static"
        },
        {
            "template_name": "e38673f1648b9606a41abc76b90c9681b6c7fefb",
            "translation": [
                -12.4167003,
                1.7500003,
                -6.7985544
            ],
            "rotation": [
                0.7071068,
                0.7071067,
                0.0,
                0.0
            ],
            "motion_type": "static"
        },
        {
            "template_name": "e38673f1648b9606a41abc76b90c9681b6c7fefb",
            "translation": [
                -5.9681243,
                2.0167703,
                -10.5553588
            ],
            "rotation": [
                0.4999999,
                0.4999999,
                0.5,
                -0.5
            ],
            "motion_type": "static"
        },
        {
            "template_name": "b9491afc9c0cbe43b31f6f9b3791c98c88a6ae3b",
            "translation": [
                -5.2420144,
                1.7868499,
                -1.6157448
            ],
            "rotation": [
                -0.5,
                -0.5,
                0.5,
                -0.4999999
            ],
            "motion_type": "static"
        },
        {
            "template_name": "5fd20a6033b0843026268435ff3a207af65252a7",
            "translation": [
                -5.2420144,
                2.3945496,
                0.2246451
            ],
            "rotation": [
                -0.5,
                -0.5,
                0.5,
                -0.4999999
            ],
            "motion_type": "static"
        },
        {
            "template_name": "dfefd7abfc58df9f16eac562b399e52add53386f",
            "translation": [
                -6.1181197,
                1.7392002,
                -6.1959896
            ],
            "rotation": [
                -0.5,
                -0.5,
                0.5,
                -0.4999999
            ],
            "motion_type": "static"
        },
        {
            "template_name": "220-4",
            "translation": [
                -0.6914499,
                1.6135004,
                -8.262309
            ],
            "rotation": [
                0.7071068,
                0.0,
                -0.7071067,
                0.0
            ],
            "motion_type": "static",
            "non_uniform_scale": [
                -0.9999998,
                0.9999998,
                0.9999998
            ]
        },
        {
            "template_name": "220-4",
            "translation": [
                -8.7109203,
                1.4500005,
                -9.8474092
            ],
            "motion_type": "static",
            "non_uniform_scale": [
                -1.0,
                0.9999998,
                0.9999998
            ]
        },
        {
            "template_name": "219-4",
            "translation": [
                -1.46421,
                1.4500006,
                -11.753849
            ],
            "rotation": [
                0.7071068,
                0.0,
                -0.7071067,
                0.0
            ],
            "motion_type": "static",
            "non_uniform_scale": [
                -0.9999998,
                0.9999998,
                0.9999998
            ]
        },
        {
            "template_name": "220-4",
            "translation": [
                -3.7764999,
                1.4500007,
                -13.7252378
            ],
            "rotation": [
                0.0,
                0.0,
                1.0,
                0.0
            ],
            "motion_type": "static",
            "non_uniform_scale": [
                -1.0,
                0.9999998,
                0.9999998
            ]
        },
        {
            "template_name": "209-2",
            "translation": [
                0.1224099,
                1.1200001,
                -2.1241297
            ],
            "rotation": [
                0.7071068,
                0.0,
                -0.7071067,
                0.0
            ],
            "motion_type": "static",
            "non_uniform_scale": [
                -0.9999998,
                0.9999998,
                0.9999998
            ]
        },
        {
            "template_name": "3760-1",
            "translation": [
                0.1224099,
                1.5499999,
                -0.3654597
            ],
            "rotation": [
                0.7071068,
                0.0,
                -0.7071067,
                0.0
            ],
            "motion_type": "static",
            "non_uniform_scale": [
                -0.9999998,
                0.9999998,
                0.9999998
            ]
        },
        {
            "template_name": "3760-1",
            "translation": [
                0.1224099,
                1.5500001,
                -4.0268397
            ],
            "rotation": [
                0.7071068,
                0.0,
                -0.7071067,
                0.0
            ],
            "motion_type": "static",
            "non_uniform_scale": [
                -0.9999998,
                0.9999998,
                0.9999998
            ]
        },
        {
            "template_name": "219-4",
            "translation": [
                -13.7742004,
                1.4500005,
                -8.5272789
            ],
            "rotation": [
                0.7071067,
                0.0,
                0.7071067,
                0.0
            ],
            "motion_type": "static",
            "non_uniform_scale": [
                -0.9999998,
                0.9999998,
                0.9999998
            ]
        },
        {
            "template_name": "220-4",
            "translation": [
                -15.1310195,
                1.4499999,
                -0.2456898
            ],
            "motion_type": "static",
            "non_uniform_scale": [
                -1.0,
                0.9999998,
                0.9999998
            ]
        },
        {
            "template_name": "211-7",
            "translation": [
                -13.7792005,
                1.12,
                -1.9260097
            ],
            "rotation": [
                0.7071067,
                0.0,
                0.7071067,
                0.0
            ],
            "motion_type": "static",
            "non_uniform_scale": [
                -0.9999998,
                0.9999998,
                0.9999998
            ]
        },
        {
            "template_name": "220-4",
            "translation": [
                -15.0870103,
                1.4499995,
                6.5755996
            ],
            "rotation": [
                0.0,
                0.0,
                1.0,
                0.0
            ],
            "motion_type": "static",
            "non_uniform_scale": [
                -1.0,
                0.9999998,
                0.9999998
            ]
        },
        {
            "template_name": "220-4",
            "translation": [
                -9.3802795,
                1.4499996,
                5.4561696
            ],
            "rotation": [
                0.0,
                0.0,
                1.0,
                0.0
            ],
            "motion_type": "static",
            "non_uniform_scale": [
                -1.0,
                0.9999998,
                0.9999998
            ]
        },
        {
            "template_name": "220-4",
            "translation": [
                -5.1670198,
                1.4499998,
                3.05182
            ],
            "rotation": [
                0.7071068,
                0.0,
                -0.7071067,
                0.0
            ],
            "motion_type": "static",
            "non_uniform_scale": [
                -0.9999998,
                0.9999998,
                0.9999998
            ]
        },
        {
            "template_name": "220-4",
            "translation": [
                -1.0402998,
                1.4499999,
                0.60573
            ],
            "rotation": [
                0.0,
                0.0,
                1.0,
                0.0
            ],
            "motion_type": "static",
            "non_uniform_scale": [
                -1.0,
                0.9999998,
                0.9999998
            ]
        },
        {
            "template_name": "3756-1",
            "translation": [
                -2.97054,
                1.7699998,
                0.60573
            ],
            "rotation": [
                0.0,
                0.0,
                1.0,
                0.0
            ],
            "motion_type": "static",
            "non_uniform_scale": [
                -1.0,
                0.9999998,
                0.9999998
            ]
        },
        {
            "template_name": "3756-1",
            "translation": [
                -4.3877201,
                1.7699998,
                0.60573
            ],
            "rotation": [
                0.0,
                0.0,
                1.0,
                0.0
            ],
            "motion_type": "static",
            "non_uniform_scale": [
                -1.0,
                0.9999998,
                0.9999998
            ]
        }
    ],
    "articulated_object_instances": [],
    "stage_instance": {
        "template_name": "stages/102816786",
        "motion_type": "static"
    },
    "pbr_shader_region_configs": {},
    "user_defined": {
        "scene_filter_file": "scene_filter_files/102816786.rec_filter.json"
    }
}