{
    "translation_origin": "asset_local",
    "default_lighting": "",
    "navmesh_instance": "",
    "semantic_scene_instance": "hssd_ssd_map",
    "default_pbr_shader_config": "./data/default.pbr_config.json",
    "object_instances": [
        {
            "template_name": "5e19cedd75f0bd34807b6ec0d258fa59daaac602",
            "translation": [
                -1.7835299,
                0.000001,
                -17.7867488
            ],
            "rotation": [
                0.0,
                0.0,
                1.0,
                0.0
            ],
            "motion_type": "static"
        },
        {
            "template_name": "29ba050e69589907868d5a1909fa70ade849f0af",
            "translation": [
                -3.78235,
                0.6700003,
                -5.8984894
            ],
            "motion_type": "static"
        },
        {
            "template_name": "eccf8ba37c804b9067e675f09eec2c13e951f61c",
            "translation": [
                -4.6816501,
                5.066394805908203e-7,
                -8.6677589
            ],
            "rotation": [
                0.7071068,
                0.0,
                0.7071067,
                0.0
            ],
            "motion_type": "static"
        },
        {
            "template_name": "eccf8ba37c804b9067e675f09eec2c13e951f61c",
            "translation": [
                -4.6916499,
                0.8600004,
                -8.6677589
            ],
            "rotation": [
                0.7071068,
                0.0,
                0.7071067,
                0.0
            ],
            "motion_type": "static"
        },
        {
            "template_name": "f241dee9e941d76422357e42149e0ad5902df1ae",
            "translation": [
                -1.7354701,
                0.0150001,
                -2.1830396
            ],
            "rotation": [
                0.7071068,
                0.0,
                0.7071067,
                0.0
            ],
            "motion_type": "static"
        },
        {
            "template_name": "18907e173849a4276315f8932a121033906d5c70",
            "translation": [
                -3.7435801,
                3.5762786865234377e-7,
                -5.8636593
            ],
            "motion_type": "static"
        },
        {
            "template_name": "8c954243c13de92fa04541108e5aa295812b808d",
            "translation": [
                -4.70436,
                1.7881393432617188e-7,
                -3.0777897
            ],
            "rotation": [
                0.7071068,
                0.0,
                0.7071067,
                0.0
            ],
            "motion_type": "static"
        },
        {
            "template_name": "a3aa7554c42e688abc9ad7def329df5891c3cd74",
            "translation": [
                -3.8628199,
                2.2351741790771485e-7,
                -3.8743999
            ],
            "rotation": [
                0.7071068,
                0.0,
                0.7071067,
                0.0
            ],
            "motion_type": "static"
        },
        {
            "template_name": "db234c4cb0f0833ae253d5c9b77d68c89e0842a3",
            "translation": [
                -6.3326702,
                1.75,
                -1.9999997
            ],
            "rotation": [
                0.0,
                0.0,
                0.7071068,
                -0.7071067
            ],
            "motion_type": "static"
        },
        {
            "template_name": "cc85c356e547d86975d71f5405415e1019706178",
            "translation": [
                -4.9209899,
                3.5762786865234377e-7,
                -5.7713594
            ],
            "rotation": [
                0.0,
                0.0,
                1.0,
                0.0
            ],
            "motion_type": "static"
        },
        {
            "template_name": "cc85c356e547d86975d71f5405415e1019706178",
            "translation": [
                -4.38099,
                3.5762786865234377e-7,
                -5.7713594
            ],
            "rotation": [
                0.0,
                0.0,
                1.0,
                0.0
            ],
            "motion_type": "static",
            "non_uniform_scale": [
                -1.0,
                0.9999998,
                0.9999998
            ]
        },
        {
            "template_name": "a9bbdf30c010dc048bb6752a2ee0ecfb8ec81fbf",
            "translation": [
                -6.6775798,
                1.1600002,
                -4.2604293
            ],
            "rotation": [
                0.7071068,
                0.0,
                0.7071067,
                0.0
            ],
            "motion_type": "static"
        },
        {
            "template_name": "b728919209b8c5814a281fa82aba7bdaa9a9f298",
            "translation": [
                -4.3234701,
                0.6,
                -1.4168897
            ],
            "rotation": [
                0.7071068,
                0.0,
                -0.7071067,
                0.0
            ],
            "motion_type": "static"
        },
        {
            "template_name": "cc48920ec3355dff3e8d1a26a7328884e74028e7",
            "translation": [
                -1.4138854,
                3.2782554626464846e-7,
                -5.5169796
            ],
            "rotation": [
                0.9999148,
                0.0,
                0.0130461,
                0.0
            ],
            "motion_type": "static"
        },
        {
            "template_name": "cc48920ec3355dff3e8d1a26a7328884e74028e7",
            "translation": [
                -1.562914,
                2.682209014892578e-7,
                -4.3921794
            ],
            "rotation": [
                0.016633,
                0.0,
                0.9998616,
                0.0
            ],
            "motion_type": "static"
        },
        {
            "template_name": "cc48920ec3355dff3e8d1a26a7328884e74028e7",
            "translation": [
                -1.9867501,
                2.980232238769531e-7,
                -5.0079755
            ],
            "rotation": [
                0.7146376,
                0.0,
                0.6994947,
                0.0
            ],
            "motion_type": "static"
        },
        {
            "template_name": "0dfca0a4e90bc2b410b6f9bd708526c4b66aea92",
            "translation": [
                -5.7076897,
                1.4901161193847657e-7,
                -2.6276898
            ],
            "rotation": [
                -0.3014707,
                0.0,
                0.9534754,
                0.0
            ],
            "motion_type": "static"
        },
        {
            "template_name": "33db2a34d62e1e686f72a5cb0b071b2734d2e3b0",
            "translation": [
                -5.1052446,
                1.7500003,
                -8.2950239
            ],
            "rotation": [
                -0.5,
                -0.5,
                0.5,
                -0.4999999
            ],
            "motion_type": "static"
        },
        {
            "template_name": "xxxx348c8a50xc87ex47c3xa75dx05bd90748dd3",
            "translation": [
                -2.0122299,
                0.9456503,
                -9.2711248
            ],
            "rotation": [
                0.7071068,
                0.7071067,
                0.0,
                0.0
            ],
            "motion_type": "static"
        },
        {
            "template_name": "xxxxe1827ba4x0e3ex41bdxbb27xef1df3236902",
            "translation": [
                -1.5286899,
                0.9330603,
                -7.693984
            ],
            "rotation": [
                0.0,
                0.0,
                0.7071068,
                -0.7071067
            ],
            "motion_type": "static"
        },
        {
            "template_name": "xxxx3e44791axdec8x4e01xabc8x244e8337733e",
            "translation": [
                -6.8690547,
                1.3285206,
                -12.2364892
            ],
            "rotation": [
                0.4999999,
                0.4999999,
                0.5,
                -0.5
            ],
            "motion_type": "static"
        },
        {
            "template_name": "xxxx3e44791axdec8x4e01xabc8x244e8337733e",
            "translation": [
                -6.8690547,
                1.3285208,
                -14.847289
            ],
            "rotation": [
                0.4999999,
                0.4999999,
                0.5,
                -0.5
            ],
            "motion_type": "static"
        },
        {
            "template_name": "2c924aaa02c24da3ad6147b51290eb251414ce19",
            "translation": [
                -6.7066698,
                0.9000005,
                -8.401699
            ],
            "rotation": [
                0.7071068,
                0.0,
                0.7071067,
                0.0
            ],
            "motion_type": "static"
        },
        {
            "template_name": "7618f89a88ec34181bc360a234208afffaeb786f",
            "translation": [
                -6.8691244,
                2.0467505,
                -11.296319
            ],
            "rotation": [
                0.4999999,
                0.4999999,
                0.5,
                -0.5
            ],
            "motion_type": "static"
        },
        {
            "template_name": "7618f89a88ec34181bc360a234208afffaeb786f",
            "translation": [
                -5.9488096,
                2.0467505,
                -11.8071537
            ],
            "rotation": [
                0.7071068,
                0.7071067,
                0.0,
                0.0
            ],
            "motion_type": "static"
        },
        {
            "template_name": "1943726018bc88e96a8fa16fd6f8d88523d75abc",
            "translation": [
                -0.7411299,
                1.0100007,
                -12.9080381
            ],
            "rotation": [
                0.7071068,
                0.0,
                0.7071067,
                0.0
            ],
            "motion_type": "static"
        },
        {
            "template_name": "4ec05101980a9e1fcba442a03563a0db08829b61",
            "translation": [
                -6.8689785,
                0.1531301,
                -3.6276595
            ],
            "rotation": [
                0.4999999,
                0.4999999,
                0.5000001,
                -0.4999999
            ],
            "motion_type": "static",
            "non_uniform_scale": [
                4.8203978,
                0.3249917,
                0.9999998
            ]
        },
        {
            "template_name": "4ec05101980a9e1fcba442a03563a0db08829b61",
            "translation": [
                -5.4237904,
                0.1531302,
                -5.2996654
            ],
            "rotation": [
                0.7071068,
                0.7071067,
                0.0,
                0.0
            ],
            "motion_type": "static",
            "non_uniform_scale": [
                4.1982946,
                0.4943125,
                0.9999998
            ]
        },
        {
            "template_name": "4ec05101980a9e1fcba442a03563a0db08829b61",
            "translation": [
                -3.61535,
                0.15313,
                -1.000141
            ],
            "rotation": [
                0.0,
                0.0,
                0.7071068,
                -0.7071067
            ],
            "motion_type": "static",
            "non_uniform_scale": [
                5.8929762,
                0.6184593,
                0.9999998
            ]
        },
        {
            "template_name": "4ec05101980a9e1fcba442a03563a0db08829b61",
            "translation": [
                -0.500421,
                0.1531302,
                -3.9658997
            ],
            "rotation": [
                -0.5,
                -0.5,
                0.5,
                -0.4999999
            ],
            "motion_type": "static",
            "non_uniform_scale": [
                5.976077,
                0.6184593,
                0.9999998
            ]
        },
        {
            "template_name": "78698029ec14d07e77264262ea2341904526d610",
            "translation": [
                -0.8844599,
                0.750001,
                -17.8313884
            ],
            "motion_type": "static"
        },
        {
            "template_name": "ece16169137eb187ae004edde20b0f475d1ad862",
            "translation": [
                -2.33837,
                0.000001,
                -16.9737377
            ],
            "motion_type": "static",
            "non_uniform_scale": [
                1.3502694,
                0.9999998,
                1.317431
            ]
        },
        {
            "template_name": "ad811aa2475dd7263ab824210e8d3bf1a31d8566",
            "translation": [
                -6.8590998,
                5.960464477539063e-7,
                -10.2751445
            ],
            "rotation": [
                0.7071068,
                0.0,
                0.7071067,
                0.0
            ],
            "motion_type": "static"
        },
        {
            "template_name": "39f24d83b5ab476d0880cb19fb218f7029f11840",
            "translation": [
                -1.42768,
                0.7620002,
                -4.9426593
            ],
            "rotation": [
                0.9999143,
                0.0,
                0.0130895,
                0.0
            ],
            "motion_type": "static"
        },
        {
            "template_name": "8b0722bd02e26bf71c7218d68a29d545d90e8746",
            "translation": [
                -6.0094099,
                3.5762786865234377e-7,
                -5.7715048
            ],
            "rotation": [
                0.0,
                0.0,
                1.0,
                0.0
            ],
            "motion_type": "static"
        },
        {
            "template_name": "8b0722bd02e26bf71c7218d68a29d545d90e8746",
            "translation": [
                -5.3316497,
                5.066394805908203e-7,
                -8.6680049
            ],
            "motion_type": "static"
        },
        {
            "template_name": "f401c614970ada44d00ce79eb53eb5f5522df350",
            "translation": [
                -6.5630798,
                3.8743019104003908e-7,
                -6.3901195
            ],
            "rotation": [
                0.7071068,
                0.0,
                0.7071067,
                0.0
            ],
            "motion_type": "static"
        },
        {
            "template_name": "f401c614970ada44d00ce79eb53eb5f5522df350",
            "translation": [
                -6.5630798,
                4.470348358154297e-7,
                -7.5997595
            ],
            "rotation": [
                0.7071068,
                0.0,
                0.7071067,
                0.0
            ],
            "motion_type": "static"
        },
        {
            "template_name": "f401c614970ada44d00ce79eb53eb5f5522df350",
            "translation": [
                -6.5630798,
                4.76837158203125e-7,
                -8.0493993
            ],
            "rotation": [
                0.7071068,
                0.0,
                0.7071067,
                0.0
            ],
            "motion_type": "static"
        },
        {
            "template_name": "392df3314e0d67f75a6d3187f7b4d03c7da28ee5",
            "translation": [
                -6.5190706,
                3.5762786865234377e-7,
                -5.8153195
            ],
            "rotation": [
                0.0,
                0.0,
                1.0,
                0.0
            ],
            "motion_type": "static"
        },
        {
            "template_name": "392df3314e0d67f75a6d3187f7b4d03c7da28ee5",
            "translation": [
                -6.5190706,
                5.066394805908203e-7,
                -8.6241989
            ],
            "rotation": [
                0.7071068,
                0.0,
                0.7071067,
                0.0
            ],
            "motion_type": "static"
        },
        {
            "template_name": "e4d32d37fb98def0c95c79a2f337785c63829074",
            "translation": [
                -3.31006,
                0.0200005,
                -8.9879589
            ],
            "rotation": [
                0.7071068,
                0.0,
                0.7071067,
                0.0
            ],
            "motion_type": "static"
        },
        {
            "template_name": "bf73abd017c591e5cbae7f0cc8d96b18945fefa4",
            "translation": [
                -2.2769999,
                8.940696716308594e-8,
                -1.6007099
            ],
            "rotation": [
                -0.0011963,
                0.0,
                0.9999992,
                0.0
            ],
            "motion_type": "static"
        },
        {
            "template_name": "bf73abd017c591e5cbae7f0cc8d96b18945fefa4",
            "translation": [
                -3.0833604,
                8.940696716308594e-8,
                -1.6280398
            ],
            "rotation": [
                -0.0011963,
                0.0,
                0.9999992,
                0.0
            ],
            "motion_type": "static"
        },
        {
            "template_name": "13c6bb06c803e021b8fd9b6244a065b795cd05b5",
            "translation": [
                -3.7206325,
                9.5367431640625e-7,
                -15.7821111
            ],
            "rotation": [
                0.5615143,
                0.0,
                0.827467,
                0.0
            ],
            "motion_type": "static"
        },
        {
            "template_name": "b87936a4a52e2a0b805369a0763a536c719ca7d6",
            "translation": [
                -0.7514399,
                7.748603820800781e-7,
                -12.6719989
            ],
            "rotation": [
                0.7071068,
                0.0,
                -0.7071067,
                0.0
            ],
            "motion_type": "static"
        },
        {
            "template_name": "494398746b964969eb0d25f950c2beae9faecf06",
            "translation": [
                -2.9773051,
                8.344650268554688e-7,
                -14.1160287
            ],
            "rotation": [
                0.7071068,
                0.0,
                -0.7071067,
                0.0
            ],
            "motion_type": "static"
        },
        {
            "template_name": "b35a7b24cc984d6e9d6a15dd55bb64f2359eb845",
            "translation": [
                -6.3896999,
                1.7500003,
                -9.1180038
            ],
            "rotation": [
                0.0,
                0.0,
                0.7071068,
                -0.7071067
            ],
            "motion_type": "static"
        },
        {
            "template_name": "b35a7b24cc984d6e9d6a15dd55bb64f2359eb845",
            "translation": [
                -5.3158397,
                1.7500003,
                -9.1180038
            ],
            "rotation": [
                0.0,
                0.0,
                0.7071068,
                -0.7071067
            ],
            "motion_type": "static"
        },
        {
            "template_name": "a19e842593852d0614648a3acb3f1fcc117f7407",
            "translation": [
                -0.87455,
                1.7500002,
                -5.9999995
            ],
            "rotation": [
                0.7071068,
                0.7071067,
                0.0,
                0.0
            ],
            "motion_type": "static"
        },
        {
            "template_name": "35fdc6d66950606f33262da718b378f7fe46923a",
            "translation": [
                -3.6984798,
                0.000001,
                -17.8874988
            ],
            "rotation": [
                0.7071068,
                0.0,
                -0.7071067,
                0.0
            ],
            "motion_type": "static"
        },
        {
            "template_name": "c1bdae17057dfa88d5e3894433642030fd66c7d6",
            "translation": [
                -5.86278,
                5.066394805908203e-7,
                -8.6457986
            ],
            "motion_type": "static"
        },
        {
            "template_name": "e98b0eed4926c2fec2d9d5230ba796174e17c937",
            "translation": [
                -4.4982199,
                1.7500004,
                -9.1180086
            ],
            "rotation": [
                0.0,
                0.0,
                0.7071068,
                -0.7071067
            ],
            "motion_type": "static"
        },
        {
            "template_name": "04935a19ff917a71458e2550d1b6459119282f63",
            "translation": [
                -7.0159349,
                0.000001,
                -17.9634075
            ],
            "rotation": [
                0.7071068,
                0.0,
                0.7071067,
                0.0
            ],
            "motion_type": "static",
            "non_uniform_scale": [
                5.3338289,
                0.9999998,
                1.3194997
            ]
        },
        {
            "template_name": "04935a19ff917a71458e2550d1b6459119282f63",
            "translation": [
                -3.6888298,
                0.0000011,
                -20.6303272
            ],
            "rotation": [
                0.0,
                0.0,
                1.0,
                0.0
            ],
            "motion_type": "static",
            "non_uniform_scale": [
                6.65421,
                0.9999998,
                1.8219997
            ]
        },
        {
            "template_name": "04935a19ff917a71458e2550d1b6459119282f63",
            "translation": [
                -0.3617199,
                0.0000011,
                -19.4962177
            ],
            "rotation": [
                0.7071068,
                0.0,
                0.7071067,
                0.0
            ],
            "motion_type": "static",
            "non_uniform_scale": [
                2.3410894,
                0.9999998,
                0.9999998
            ]
        },
        {
            "template_name": "39443cc1873a0b4954ce7a2c357f296e98bf86a7",
            "translation": [
                -5.8566303,
                5.662441253662109e-7,
                -9.399209
            ],
            "rotation": [
                0.0,
                0.0,
                1.0,
                0.0
            ],
            "motion_type": "static",
            "non_uniform_scale": [
                0.9193889,
                0.9999998,
                0.5632209
            ]
        },
        {
            "template_name": "038f37d5b8351b29fdc8173d219ca5a503715ccc",
            "translation": [
                -6.6590504,
                8.940696716308594e-7,
                -14.8446693
            ],
            "rotation": [
                0.7071068,
                0.0,
                0.7071067,
                0.0
            ],
            "motion_type": "static"
        },
        {
            "template_name": "038f37d5b8351b29fdc8173d219ca5a503715ccc",
            "translation": [
                -6.6590504,
                7.152557373046875e-7,
                -12.2420787
            ],
            "rotation": [
                0.7071068,
                0.0,
                0.7071067,
                0.0
            ],
            "motion_type": "static"
        },
        {
            "template_name": "7dee59f5bd3358d99f394d5ca25acdd07030d2db",
            "translation": [
                -6.6788501,
                1.4901161193847657e-7,
                -2.2593994
            ],
            "motion_type": "static"
        },
        {
            "template_name": "6f26eb169111a17c566bfb1ed56bd82adc2db686",
            "translation": [
                -2.5964002,
                3.795139491558075e-7,
                -6.3638496
            ],
            "rotation": [
                0.7071068,
                0.0,
                0.7071067,
                0.0
            ],
            "motion_type": "static",
            "non_uniform_scale": [
                0.7844958,
                0.9999998,
                0.8257678
            ]
        },
        {
            "template_name": "762d42fce4ff28d319112e66bde33c3f4329c175",
            "translation": [
                -5.9977793,
                7.152557373046875e-7,
                -11.2533292
            ],
            "motion_type": "static",
            "non_uniform_scale": [
                -2.2487869,
                1.1715087,
                1.3204957
            ]
        },
        {
            "template_name": "6cbae88d39aac82b80e2345da72d16978f51f384",
            "translation": [
                -5.2488102,
                5.960464477539063e-8,
                -1.4775999
            ],
            "motion_type": "static"
        },
        {
            "template_name": "19b181ef136dd9cbbea4505899f9015c58dca260",
            "translation": [
                -5.4823899,
                3.5762786865234377e-7,
                -5.8420391
            ],
            "rotation": [
                0.0,
                0.0,
                1.0,
                0.0
            ],
            "motion_type": "static"
        },
        {
            "template_name": "67b958a5263c73693978ddac57e429b18925ee38",
            "translation": [
                -3.7650699,
                7.003545761108398e-7,
                -11.8682193
            ],
            "rotation": [
                0.7040147,
                0.0,
                0.7101853,
                0.0
            ],
            "motion_type": "static"
        },
        {
            "template_name": "fd763e1ae97291f1eadeac9e31e627ae34925737",
            "translation": [
                -2.2530999,
                1.1920928955078126e-7,
                -1.1100798
            ],
            "rotation": [
                0.0,
                0.0,
                1.0,
                0.0
            ],
            "motion_type": "static",
            "non_uniform_scale": [
                -1.0000001,
                0.9999998,
                0.9999998
            ]
        },
        {
            "template_name": "fd763e1ae97291f1eadeac9e31e627ae34925737",
            "translation": [
                -6.7460699,
                1.1920928955078126e-7,
                -2.5769894
            ],
            "rotation": [
                0.7071068,
                0.0,
                0.7071067,
                0.0
            ],
            "motion_type": "static",
            "non_uniform_scale": [
                -0.9999999,
                0.9999998,
                0.9999998
            ]
        },
        {
            "template_name": "fd763e1ae97291f1eadeac9e31e627ae34925737",
            "translation": [
                -5.0699601,
                1.1920928955078126e-7,
                -1.1301199
            ],
            "rotation": [
                0.0,
                0.0,
                1.0,
                0.0
            ],
            "motion_type": "static"
        },
        {
            "template_name": "6d388f7879ad367c2e6bd854b7e2450717b81769",
            "translation": [
                -5.1586399,
                4.0605664253234865e-7,
                -6.8088793
            ],
            "rotation": [
                0.0,
                0.0,
                1.0,
                0.0
            ],
            "motion_type": "static"
        },
        {
            "template_name": "36def4dd118b2513c1c4153a5160263f191dcbb0",
            "translation": [
                -0.5002849,
                1.40851,
                -3.0235898
            ],
            "rotation": [
                -0.5,
                -0.5,
                0.5,
                -0.4999999
            ],
            "motion_type": "static"
        },
        {
            "template_name": "ea5d508ed930bac843d729a15da80aa04a374cde",
            "translation": [
                -2.3027899,
                8.642673492431641e-7,
                -14.4888792
            ],
            "rotation": [
                0.7071068,
                0.0,
                0.7071067,
                0.0
            ],
            "motion_type": "static"
        },
        {
            "template_name": "a30a539c3f7a251cc7fae365a24ec4228df336a0",
            "translation": [
                -6.4084,
                0.9000004,
                -9.3724594
            ],
            "rotation": [
                0.0,
                0.0,
                1.0,
                0.0
            ],
            "motion_type": "static"
        },
        {
            "template_name": "a30a539c3f7a251cc7fae365a24ec4228df336a0",
            "translation": [
                -5.3012499,
                0.9000004,
                -9.3724594
            ],
            "rotation": [
                0.0,
                0.0,
                1.0,
                0.0
            ],
            "motion_type": "static"
        },
        {
            "template_name": "0356ddbfa55a90611ee1f6ecbf851dd5b8d3cee9",
            "translation": [
                -6.5629506,
                4.172325134277344e-7,
                -6.9949393
            ],
            "rotation": [
                0.7071068,
                0.0,
                0.7071067,
                0.0
            ],
            "motion_type": "static"
        },
        {
            "template_name": "0356ddbfa55a90611ee1f6ecbf851dd5b8d3cee9",
            "translation": [
                -4.68896,
                4.76837158203125e-7,
                -8.0398588
            ],
            "rotation": [
                0.7071068,
                0.0,
                0.7071067,
                0.0
            ],
            "motion_type": "static",
            "non_uniform_scale": [
                0.8622235,
                0.9999998,
                0.869928
            ]
        },
        {
            "template_name": "e8547e73e4873b76eff0eb2b6488e815d7dbf41c",
            "translation": [
                -4.955245,
                1.7500003,
                -8.0394592
            ],
            "rotation": [
                0.4999999,
                0.4999999,
                0.5,
                -0.5
            ],
            "motion_type": "static",
            "non_uniform_scale": [
                0.9091446,
                0.9999998,
                0.9999998
            ]
        },
        {
            "template_name": "e8547e73e4873b76eff0eb2b6488e815d7dbf41c",
            "translation": [
                -6.3316593,
                1.7500002,
                -5.4653348
            ],
            "rotation": [
                0.0,
                0.0,
                0.7071068,
                -0.7071067
            ],
            "motion_type": "static"
        },
        {
            "template_name": "e8547e73e4873b76eff0eb2b6488e815d7dbf41c",
            "translation": [
                -0.88028,
                2.2715301,
                -7.6939845
            ],
            "rotation": [
                0.0,
                0.0,
                0.7071068,
                -0.7071067
            ],
            "motion_type": "static"
        },
        {
            "template_name": "e8547e73e4873b76eff0eb2b6488e815d7dbf41c",
            "translation": [
                -2.1692299,
                2.2715301,
                -7.6939845
            ],
            "rotation": [
                0.0,
                0.0,
                0.7071068,
                -0.7071067
            ],
            "motion_type": "static"
        },
        {
            "template_name": "e8547e73e4873b76eff0eb2b6488e815d7dbf41c",
            "translation": [
                -2.1692299,
                2.2715303,
                -9.2711238
            ],
            "rotation": [
                0.7071068,
                0.7071067,
                0.0,
                0.0
            ],
            "motion_type": "static"
        },
        {
            "template_name": "e8547e73e4873b76eff0eb2b6488e815d7dbf41c",
            "translation": [
                -1.82201,
                2.2715303,
                -9.2711238
            ],
            "rotation": [
                0.7071068,
                0.7071067,
                0.0,
                0.0
            ],
            "motion_type": "static"
        },
        {
            "template_name": "e8547e73e4873b76eff0eb2b6488e815d7dbf41c",
            "translation": [
                -1.5216799,
                2.2715301,
                -7.6939845
            ],
            "rotation": [
                0.0,
                0.0,
                0.7071068,
                -0.7071067
            ],
            "motion_type": "static",
            "non_uniform_scale": [
                0.7038947,
                0.9999998,
                0.9999998
            ]
        },
        {
            "template_name": "f1baec5e20e8368e3dfad52b1523ab0cb14800ce",
            "translation": [
                -6.6439499,
                0.9000005,
                -8.7245187
            ],
            "rotation": [
                0.0,
                0.0,
                1.0,
                0.0
            ],
            "motion_type": "static"
        },
        {
            "template_name": "b4934a67247a1d1dfc53320eeb47b62ecb560dba",
            "translation": [
                -5.95723,
                0.9000002,
                -5.6563191
            ],
            "rotation": [
                0.0,
                0.0,
                1.0,
                0.0
            ],
            "motion_type": "static"
        },
        {
            "template_name": "385fc3f83a93e3fb3de0333364e667377596e6d5",
            "translation": [
                -4.6083297,
                1.7500003,
                -7.5439796
            ],
            "rotation": [
                0.7071068,
                0.7071067,
                0.0,
                0.0
            ],
            "motion_type": "static"
        },
        {
            "template_name": "751d615dead13c404161886269e305e03079183f",
            "translation": [
                -1.88317,
                0.000001,
                -17.770298
            ],
            "motion_type": "static",
            "non_uniform_scale": [
                2.3047997,
                0.9999998,
                1.8746664
            ]
        },
        {
            "template_name": "b6ec8f40a7e189e29dab623aeb9efac53de71809",
            "translation": [
                -6.2751007,
                2.682209014892578e-7,
                -4.4139094
            ],
            "rotation": [
                0.7071068,
                0.0,
                0.7071067,
                0.0
            ],
            "motion_type": "static"
        },
        {
            "template_name": "b60059cc4c6fac5d74326d0fdfcf0f0799ae6f77",
            "translation": [
                -2.0592699,
                1.7500003,
                -7.5439796
            ],
            "rotation": [
                0.7071068,
                0.7071067,
                0.0,
                0.0
            ],
            "motion_type": "static"
        },
        {
            "template_name": "79bd7ea173156c5e2581f7c3e7caa2bcee9b289a",
            "translation": [
                -2.30923,
                4.76837158203125e-7,
                -8.3253288
            ],
            "rotation": [
                0.7071068,
                0.0,
                0.7071067,
                0.0
            ],
            "motion_type": "static"
        },
        {
            "template_name": "79bd7ea173156c5e2581f7c3e7caa2bcee9b289a",
            "translation": [
                -2.30923,
                5.364418029785156e-7,
                -8.6853294
            ],
            "rotation": [
                0.7071068,
                0.0,
                0.7071067,
                0.0
            ],
            "motion_type": "static"
        },
        {
            "template_name": "980f777fb6df794f7fab3e644e85c91e879a0758",
            "translation": [
                -0.7793599,
                6.556510925292969e-7,
                -10.9926586
            ],
            "rotation": [
                0.7071068,
                0.0,
                -0.7071067,
                0.0
            ],
            "motion_type": "static"
        },
        {
            "template_name": "61942d8b26f0cfa5591274e562baf4835835e07a",
            "translation": [
                -5.841845,
                9.5367431640625e-7,
                -15.0267381
            ],
            "motion_type": "static"
        },
        {
            "template_name": "61942d8b26f0cfa5591274e562baf4835835e07a",
            "translation": [
                -0.62996,
                9.5367431640625e-7,
                -16.5929317
            ],
            "rotation": [
                0.7071068,
                0.0,
                -0.7071067,
                0.0
            ],
            "motion_type": "static"
        },
        {
            "template_name": "c5ed807cf55b7de3985d4b6b5770692c83852631",
            "translation": [
                -1.8011699,
                6.644986569881439e-7,
                -11.1459388
            ],
            "rotation": [
                0.7071068,
                0.0,
                0.7071067,
                0.0
            ],
            "motion_type": "static"
        },
        {
            "template_name": "951066357cfa1737d330d826c616e17dc98c668a",
            "translation": [
                -5.1923699,
                3.5762786865234377e-7,
                -5.2582693
            ],
            "rotation": [
                0.9999998,
                0.0,
                -0.0006395,
                0.0
            ],
            "motion_type": "static"
        },
        {
            "template_name": "951066357cfa1737d330d826c616e17dc98c668a",
            "translation": [
                -2.5283401,
                7.152557373046875e-7,
                -11.2916498
            ],
            "rotation": [
                0.7075588,
                0.0,
                0.7066543,
                0.0
            ],
            "motion_type": "static"
        },
        {
            "template_name": "c70bd1ccbbc01c9e8354858deb36b5a61df1b0ae",
            "translation": [
                -1.0279899,
                1.1920928955078126e-7,
                -2.2158696
            ],
            "motion_type": "static"
        },
        {
            "template_name": "7425bd61005d86128b0ca59218ad8a2981b53503",
            "translation": [
                -6.3270401,
                2.4812898,
                -1.9999946
            ],
            "rotation": [
                0.0,
                0.0,
                0.7071068,
                -0.7071067
            ],
            "motion_type": "static"
        },
        {
            "template_name": "7425bd61005d86128b0ca59218ad8a2981b53503",
            "translation": [
                -0.500285,
                1.88894,
                -3.0152397
            ],
            "rotation": [
                -0.5,
                -0.5,
                0.5,
                -0.4999999
            ],
            "motion_type": "static"
        },
        {
            "template_name": "7425bd61005d86128b0ca59218ad8a2981b53503",
            "translation": [
                -2.6992254,
                2.2809104,
                -8.4177894
            ],
            "rotation": [
                -0.5,
                -0.5,
                0.5,
                -0.4999999
            ],
            "motion_type": "static"
        },
        {
            "template_name": "dc8c0884341279d6fce22bc121dca894ca71be98",
            "translation": [
                -2.6992249,
                1.7500003,
                -8.3936586
            ],
            "rotation": [
                -0.5,
                -0.5,
                0.5,
                -0.4999999
            ],
            "motion_type": "static"
        },
        {
            "template_name": "51cd1976549241666bcf3cc27e6c4c580352361b",
            "translation": [
                -6.7232298,
                0.9000002,
                -5.6141295
            ],
            "motion_type": "static"
        },
        {
            "template_name": "f9bf8f78c76d99ddee527a0921a29087c76baa03",
            "translation": [
                -2.9765,
                6.556510925292969e-7,
                -11.0949277
            ],
            "rotation": [
                0.7071068,
                0.0,
                -0.7071067,
                0.0
            ],
            "motion_type": "static"
        },
        {
            "template_name": "406dc5c9cf5499f0e865f41a7a18f8a2acc1a5b4",
            "translation": [
                -1.41085,
                2.980232238769531e-7,
                -4.9509596
            ],
            "rotation": [
                0.538641,
                0.0,
                0.8425353,
                0.0
            ],
            "motion_type": "static"
        },
        {
            "template_name": "b6b95492f92d8ac159df347bc372a644f9cb21f4",
            "translation": [
                -0.7412499,
                2.980232238769531e-7,
                -4.9766793
            ],
            "rotation": [
                0.7071068,
                0.0,
                -0.7071067,
                0.0
            ],
            "motion_type": "static"
        },
        {
            "template_name": "accc88670c8f2386be65ce719a65b1bdad5dcce9",
            "translation": [
                -3.37746,
                2.100132405757904e-7,
                -3.5239996
            ],
            "rotation": [
                0.0,
                0.0,
                1.0,
                0.0
            ],
            "motion_type": "static"
        },
        {
            "template_name": "df67345cedaab86582d28c630e7c2744b93df17c",
            "translation": [
                -6.8690552,
                1.75,
                -4.5191593
            ],
            "rotation": [
                0.4999999,
                0.4999999,
                0.5,
                -0.5
            ],
            "motion_type": "static"
        },
        {
            "template_name": "0dfaa44f08fed0a199e31fb64292366140dc410b",
            "translation": [
                -5.8614001,
                2.8000001,
                -8.7062587
            ],
            "motion_type": "static",
            "non_uniform_scale": [
                0.766511,
                1.0,
                0.7654713
            ]
        },
        {
            "template_name": "5ab23038ca9b97a04f7ba5cea8b6023331d8dee8",
            "translation": [
                -4.4935498,
                5.364418029785156e-7,
                -9.2317485
            ],
            "rotation": [
                0.0,
                0.0,
                1.0,
                0.0
            ],
            "motion_type": "static"
        },
        {
            "template_name": "e0065d23c476ee49cce613cc83541b2181eb6ed6",
            "translation": [
                -0.80228,
                1.7881393432617188e-7,
                -3.0411896
            ],
            "rotation": [
                0.7071068,
                0.0,
                -0.7071067,
                0.0
            ],
            "motion_type": "static"
        },
        {
            "template_name": "43515f36c795743f118fa52fbdf4f43ff0605c38",
            "translation": [
                -5.7690501,
                8.344650268554688e-7,
                -13.5485792
            ],
            "rotation": [
                0.7071068,
                0.0,
                0.7071067,
                0.0
            ],
            "motion_type": "static"
        },
        {
            "template_name": "eca22063e1b8a2f68a78c50cb87a044f6ed44bc2",
            "translation": [
                -5.4068498,
                0.0150004,
                -7.3727593
            ],
            "rotation": [
                0.0,
                0.0,
                1.0,
                0.0
            ],
            "motion_type": "static"
        },
        {
            "template_name": "9c61e7e98634fda17cd2276857cea3c03ad1024d",
            "translation": [
                -0.704715,
                8.344650268554688e-7,
                -14.084918
            ],
            "rotation": [
                0.7071068,
                0.0,
                -0.7071067,
                0.0
            ],
            "motion_type": "static"
        },
        {
            "template_name": "9c61e7e98634fda17cd2276857cea3c03ad1024d",
            "translation": [
                -0.704715,
                9.5367431640625e-7,
                -15.1529588
            ],
            "rotation": [
                0.7071068,
                0.0,
                -0.7071067,
                0.0
            ],
            "motion_type": "static"
        },
        {
            "template_name": "f52acce6de591668fafb96e5f5ab0bbdc8bb9e06",
            "translation": [
                -3.9539251,
                1.7500002,
                -5.8102693
            ],
            "rotation": [
                0.4999999,
                0.4999999,
                0.5,
                -0.5
            ],
            "motion_type": "static"
        },
        {
            "template_name": "08fdbbfdde3f0129634448602a16a2e8afa069fd",
            "translation": [
                -5.5606489,
                1.1920928955078126e-7,
                -2.0919826
            ],
            "rotation": [
                -0.5703964,
                0.0,
                0.8213695,
                0.0
            ],
            "motion_type": "static"
        },
        {
            "template_name": "c1230b54c3b732617601d2413eeb180c5d29f2e2",
            "translation": [
                -2.0719599,
                4.470348358154297e-7,
                -7.3715739
            ],
            "motion_type": "static",
            "non_uniform_scale": [
                1.0,
                0.9999998,
                0.848452
            ]
        },
        {
            "template_name": "97e2497662dccaa2d8bb3445ea20cd9ebd8368a3",
            "translation": [
                -6.5514502,
                2.384185791015625e-7,
                -4.3957695
            ],
            "rotation": [
                0.7071068,
                0.0,
                0.7071067,
                0.0
            ],
            "motion_type": "static"
        },
        {
            "template_name": "5b07a7fc736be391c3a4b6b8712a4f5b003cc04d",
            "translation": [
                -1.4746099,
                0.000001,
                -17.1791973
            ],
            "rotation": [
                -0.1676699,
                0.0,
                0.9858431,
                0.0
            ],
            "motion_type": "static"
        },
        {
            "template_name": "6ff98df2b10264b0a85025401c2a5fcdb0dc769c",
            "translation": [
                -4.3185601,
                8.940696716308594e-8,
                -1.4373798
            ],
            "rotation": [
                0.0,
                0.0,
                1.0,
                0.0
            ],
            "motion_type": "static"
        },
        {
            "template_name": "498ad9602ffa2854cc2e31a54988dbecc0e9d2a9",
            "translation": [
                -1.6327199,
                1.7500699,
                -1.5181295
            ],
            "rotation": [
                -0.5,
                -0.5,
                0.5,
                -0.4999999
            ],
            "motion_type": "static"
        },
        {
            "template_name": "xxxxfa501229xf083x4e96x9403xb9d72bfee777",
            "translation": [
                -0.99807,
                6.556510925292969e-7,
                -10.9469194
            ],
            "rotation": [
                0.7071068,
                0.0,
                -0.7071067,
                0.0
            ],
            "motion_type": "static"
        },
        {
            "template_name": "3759-0",
            "translation": [
                -0.42528,
                1.3000003,
                -4.9645695
            ],
            "rotation": [
                0.7071068,
                0.0,
                -0.7071067,
                0.0
            ],
            "motion_type": "static",
            "non_uniform_scale": [
                -0.9999998,
                0.9999998,
                0.9999998
            ]
        },
        {
            "template_name": "4141-2",
            "translation": [
                -1.2979701,
                0.9200003,
                -6.7588496
            ],
            "rotation": [
                0.7071067,
                0.0,
                0.7071068,
                0.0
            ],
            "motion_type": "static"
        },
        {
            "template_name": "3759-0",
            "translation": [
                -3.6619799,
                1.3,
                -0.9249998
            ],
            "rotation": [
                0.0,
                0.0,
                1.0,
                0.0
            ],
            "motion_type": "static",
            "non_uniform_scale": [
                -1.0,
                0.9999998,
                0.9999998
            ]
        },
        {
            "template_name": "3759-0",
            "translation": [
                -4.9259805,
                1.3,
                -0.9249998
            ],
            "rotation": [
                0.0,
                0.0,
                1.0,
                0.0
            ],
            "motion_type": "static",
            "non_uniform_scale": [
                -1.0,
                0.9999998,
                0.9999998
            ]
        },
        {
            "template_name": "3759-0",
            "translation": [
                -2.38419,
                1.3,
                -0.9249998
            ],
            "rotation": [
                0.0,
                0.0,
                1.0,
                0.0
            ],
            "motion_type": "static",
            "non_uniform_scale": [
                -1.0,
                0.9999998,
                0.9999998
            ]
        },
        {
            "template_name": "3759-0",
            "translation": [
                -6.9440498,
                1.3000001,
                -2.9408099
            ],
            "rotation": [
                0.7071067,
                0.0,
                0.7071067,
                0.0
            ],
            "motion_type": "static",
            "non_uniform_scale": [
                -0.9999998,
                0.9999998,
                0.9999998
            ]
        },
        {
            "template_name": "3759-0",
            "translation": [
                -6.9440498,
                1.5500004,
                -6.6997094
            ],
            "rotation": [
                0.7071067,
                0.0,
                0.7071067,
                0.0
            ],
            "motion_type": "static",
            "non_uniform_scale": [
                -0.9999998,
                0.9999998,
                0.9999998
            ]
        },
        {
            "template_name": "3759-0",
            "translation": [
                -6.9440498,
                1.5500004,
                -7.9205193
            ],
            "rotation": [
                0.7071067,
                0.0,
                0.7071067,
                0.0
            ],
            "motion_type": "static",
            "non_uniform_scale": [
                -0.9999998,
                0.9999998,
                0.9999998
            ]
        },
        {
            "template_name": "3759-0",
            "translation": [
                -6.9440498,
                1.3000005,
                -10.1795787
            ],
            "rotation": [
                0.7071067,
                0.0,
                0.7071067,
                0.0
            ],
            "motion_type": "static",
            "non_uniform_scale": [
                -0.9999998,
                0.9999998,
                0.9999998
            ]
        },
        {
            "template_name": "4076-2",
            "translation": [
                -5.8671598,
                1.1200008,
                -15.2314186
            ],
            "motion_type": "static",
            "non_uniform_scale": [
                -1.0,
                0.9999998,
                0.9999998
            ]
        },
        {
            "template_name": "3759-0",
            "translation": [
                -2.6220695,
                1.300001,
                -18.2670974
            ],
            "motion_type": "static",
            "non_uniform_scale": [
                -1.0,
                0.9999998,
                0.9999998
            ]
        },
        {
            "template_name": "3759-0",
            "translation": [
                -0.42528,
                1.300001,
                -16.5935688
            ],
            "rotation": [
                0.7071068,
                0.0,
                -0.7071067,
                0.0
            ],
            "motion_type": "static",
            "non_uniform_scale": [
                -0.9999998,
                0.9999998,
                0.9999998
            ]
        },
        {
            "template_name": "3759-0",
            "translation": [
                -0.42528,
                1.3000006,
                -10.974699
            ],
            "rotation": [
                0.7071068,
                0.0,
                -0.7071067,
                0.0
            ],
            "motion_type": "static",
            "non_uniform_scale": [
                -0.9999998,
                0.9999998,
                0.9999998
            ]
        }
    ],
    "articulated_object_instances": [],
    "stage_instance": {
        "template_name": "stages/102816852",
        "motion_type": "static"
    },
    "pbr_shader_region_configs": {},
    "user_defined": {
        "scene_filter_file": "scene_filter_files/102816852.rec_filter.json"
    }
}