{
    "translation_origin": "asset_local",
    "default_lighting": "",
    "navmesh_instance": "",
    "semantic_scene_instance": "hssd_ssd_map",
    "default_pbr_shader_config": "./data/default.pbr_config.json",
    "object_instances": [
        {
            "template_name": "ca1d9e341342fd9a6fe8c74f1bebda2a06610339",
            "translation": [
                -0.4483999,
                1.9812499,
                -1.6969896
            ],
            "rotation": [
                0.7071068,
                0.7071067,
                0.0,
                0.0
            ],
            "motion_type": "static"
        },
        {
            "template_name": "ca1d9e341342fd9a6fe8c74f1bebda2a06610339",
            "translation": [
                -0.10028,
                1.7899998,
                -1.6969896
            ],
            "rotation": [
                0.7071068,
                0.7071067,
                0.0,
                0.0
            ],
            "motion_type": "static"
        },
        {
            "template_name": "e1d30ae83996db2ab653f342d27a5b316b762979",
            "translation": [
                -6.25881,
                1.341104507446289e-7,
                -2.1422996
            ],
            "rotation": [
                0.0921398,
                0.0,
                0.995746,
                0.0
            ],
            "motion_type": "static"
        },
        {
            "template_name": "d6624608fa15c1bfe4e424eba4c5dd455bc84050",
            "translation": [
                -2.5949027,
                0.0655499,
                0.6363816
            ],
            "rotation": [
                0.436959,
                0.0,
                0.8994812,
                0.0
            ],
            "motion_type": "static",
            "non_uniform_scale": [
                0.748525,
                0.9999998,
                0.936007
            ]
        },
        {
            "template_name": "34582c45760b7519bea143e2a47b0544b276653b",
            "translation": [
                -2.6817998,
                4.470348358154297e-7,
                -7.2952795
            ],
            "motion_type": "static"
        },
        {
            "template_name": "7f320769e548eb6ddc0d2526af162732a13201f0",
            "translation": [
                -5.2971801,
                1.9812504,
                -8.8474893
            ],
            "rotation": [
                0.4999999,
                0.4999999,
                0.5,
                -0.5
            ],
            "motion_type": "static",
            "non_uniform_scale": [
                0.5028933,
                0.9999998,
                0.9999998
            ]
        },
        {
            "template_name": "7f320769e548eb6ddc0d2526af162732a13201f0",
            "translation": [
                -5.2971801,
                1.9812504,
                -7.4966397
            ],
            "rotation": [
                0.4999999,
                0.4999999,
                0.5,
                -0.5
            ],
            "motion_type": "static",
            "non_uniform_scale": [
                0.5028933,
                0.9999998,
                0.9999998
            ]
        },
        {
            "template_name": "807b4b90e8db3613e508a745cd0b821b780bd8cb",
            "translation": [
                -1.5688395,
                1.98125,
                -1.6969809
            ],
            "rotation": [
                0.7070876,
                0.7070876,
                -0.0051874,
                0.0051874
            ],
            "motion_type": "static",
            "non_uniform_scale": [
                1.4748859,
                0.6544799,
                0.9999998
            ]
        },
        {
            "template_name": "9f760d35bc37926ed620c4bcc9051e1cc6d1f0d4",
            "translation": [
                -3.43452,
                3.1700003,
                -6.3958497
            ],
            "rotation": [
                0.9940562,
                0.0,
                -0.1088668,
                0.0
            ],
            "motion_type": "static"
        },
        {
            "template_name": "abd34aacf398e2d12913c0051c3e26ecb01afdb7",
            "translation": [
                -2.3991,
                2.384185791015625e-7,
                -3.9630298
            ],
            "rotation": [
                0.0,
                0.0,
                1.0,
                0.0
            ],
            "motion_type": "static",
            "non_uniform_scale": [
                0.57805,
                0.9999998,
                0.6366499
            ]
        },
        {
            "template_name": "0b522ff4a86b7059622cf0ae289d9f08b09864b9",
            "translation": [
                -0.70714,
                1.1920928955078126e-7,
                -2.9867897
            ],
            "rotation": [
                0.7071068,
                0.0,
                -0.7071067,
                0.0
            ],
            "motion_type": "static",
            "non_uniform_scale": [
                0.9999998,
                1.1222412,
                0.9999998
            ]
        },
        {
            "template_name": "cb00ebb224822113239b0ad246940f7f208570b3",
            "translation": [
                -3.0618,
                1.9812504,
                -8.1363191
            ],
            "rotation": [
                -0.5,
                -0.5,
                0.5,
                -0.4999999
            ],
            "motion_type": "static"
        },
        {
            "template_name": "9466d3a66c069769eed26dfc3cedc33969a001ca",
            "translation": [
                -4.936325,
                1.9497298,
                0.9797599
            ],
            "rotation": [
                -0.5,
                -0.5,
                0.5,
                -0.4999999
            ],
            "motion_type": "static",
            "non_uniform_scale": [
                1.7254135,
                0.6833049,
                0.9999998
            ]
        },
        {
            "template_name": "84f3e455116910537b312718620493db2c6c5149",
            "translation": [
                -5.6063299,
                5.364418029785156e-7,
                -8.6890487
            ],
            "rotation": [
                0.7071068,
                0.0,
                -0.7071067,
                0.0
            ],
            "motion_type": "static",
            "non_uniform_scale": [
                0.8591845,
                0.9999998,
                0.8209108
            ]
        },
        {
            "template_name": "0b0e6df6479ffd5c48f58de1330e7f2ab1248620",
            "translation": [
                -2.4758999,
                1.98125,
                -5.4698095
            ],
            "rotation": [
                0.0,
                0.0,
                0.7071068,
                -0.7071067
            ],
            "motion_type": "static",
            "non_uniform_scale": [
                1.1962838,
                0.9999998,
                0.9999998
            ]
        },
        {
            "template_name": "316d7bc87db3c6ee1fdc26601bcda7d18c5110fb",
            "translation": [
                -4.4909148,
                5.066394805908203e-7,
                -8.647149
            ],
            "motion_type": "static"
        },
        {
            "template_name": "316d7bc87db3c6ee1fdc26601bcda7d18c5110fb",
            "translation": [
                -4.4651999,
                0.0,
                0.1742749
            ],
            "rotation": [
                0.7071068,
                0.0,
                0.7071067,
                0.0
            ],
            "motion_type": "static"
        },
        {
            "template_name": "e726400daa4521c93b85a0e8e8bb239fcb7635e7",
            "translation": [
                -8.1674499,
                0.7599997,
                -0.1982198
            ],
            "rotation": [
                0.7071068,
                0.0,
                0.7071067,
                0.0
            ],
            "motion_type": "static"
        },
        {
            "template_name": "3a980d14b78db306cf27d014a6eb3dc98b6b8d4c",
            "translation": [
                -3.4467399,
                0.0,
                0.0469799
            ],
            "rotation": [
                0.7071068,
                0.0,
                -0.7071067,
                0.0
            ],
            "motion_type": "static"
        },
        {
            "template_name": "e56819a302075d53ac8e2e72c9957b2b3b72439e",
            "translation": [
                0.5755,
                4.76837158203125e-7,
                -8.2584991
            ],
            "rotation": [
                0.7071068,
                0.0,
                -0.7071067,
                0.0
            ],
            "motion_type": "static",
            "non_uniform_scale": [
                -0.9999998,
                0.9999998,
                0.8433483
            ]
        },
        {
            "template_name": "e56819a302075d53ac8e2e72c9957b2b3b72439e",
            "translation": [
                0.5755,
                3.5762786865234377e-7,
                -6.2010993
            ],
            "rotation": [
                0.7071068,
                0.0,
                -0.7071067,
                0.0
            ],
            "motion_type": "static",
            "non_uniform_scale": [
                0.9999998,
                0.9999998,
                0.8433483
            ]
        },
        {
            "template_name": "e56819a302075d53ac8e2e72c9957b2b3b72439e",
            "translation": [
                0.5755,
                -1.1920928955078126e-7,
                1.4438698
            ],
            "rotation": [
                0.7071068,
                0.0,
                -0.7071067,
                0.0
            ],
            "motion_type": "static",
            "non_uniform_scale": [
                0.9999998,
                0.9999998,
                0.8433483
            ]
        },
        {
            "template_name": "31f80ef0ceba074486af4881ed8efa403340229f",
            "translation": [
                -0.9890748,
                4.76837158203125e-7,
                -7.8961992
            ],
            "motion_type": "static"
        },
        {
            "template_name": "a50a4618218d207822655304b02711b63bd4e2f4",
            "translation": [
                -7.2703495,
                1.9812504,
                -8.9682788
            ],
            "rotation": [
                0.7071068,
                0.7071067,
                0.0,
                0.0
            ],
            "motion_type": "static"
        },
        {
            "template_name": "d564a9dfddaed66661ac318ff1e3c7b62b99f0ee",
            "translation": [
                -2.4270598,
                3.17,
                -3.9203298
            ],
            "rotation": [
                0.0,
                0.0,
                1.0,
                0.0
            ],
            "motion_type": "static"
        },
        {
            "template_name": "571e64a27135494960e739c85eb0027caa16a7be",
            "translation": [
                -3.60676,
                2.7749502,
                -5.4698095
            ],
            "rotation": [
                0.0,
                0.0,
                0.7071068,
                -0.7071067
            ],
            "motion_type": "static",
            "non_uniform_scale": [
                1.0,
                0.9339795,
                0.9999998
            ]
        },
        {
            "template_name": "571e64a27135494960e739c85eb0027caa16a7be",
            "translation": [
                -1.9718699,
                2.7749497,
                2.2714898
            ],
            "rotation": [
                0.0,
                0.0,
                0.7071068,
                -0.7071067
            ],
            "motion_type": "static",
            "non_uniform_scale": [
                1.0,
                0.9339795,
                0.9999998
            ]
        },
        {
            "template_name": "571e64a27135494960e739c85eb0027caa16a7be",
            "translation": [
                -5.75075,
                2.77495,
                -1.6969897
            ],
            "rotation": [
                0.7071068,
                0.7071067,
                0.0,
                0.0
            ],
            "motion_type": "static",
            "non_uniform_scale": [
                1.0,
                0.9339795,
                0.9999998
            ]
        },
        {
            "template_name": "a59e34f65be7226af0d42d41d8da31674415eeee",
            "translation": [
                -4.3110399,
                3.17,
                -3.6296596
            ],
            "motion_type": "static"
        },
        {
            "template_name": "1e304e0bf4394d239b133ed2875760ccfa110295",
            "translation": [
                -4.7863302,
                1.9812495,
                2.10714
            ],
            "rotation": [
                0.4999999,
                0.4999999,
                0.5,
                -0.5
            ],
            "motion_type": "static",
            "non_uniform_scale": [
                0.5570846,
                0.9999998,
                0.9999998
            ]
        },
        {
            "template_name": "c43cfcfcf9b8cb403e4145b10d6e2377abb39822",
            "translation": [
                -1.7548898,
                -1.1920928955078126e-7,
                2.0611996
            ],
            "rotation": [
                -0.6946796,
                0.0,
                0.7193192,
                0.0
            ],
            "motion_type": "static",
            "non_uniform_scale": [
                0.8145713,
                0.9999998,
                0.9999998
            ]
        },
        {
            "template_name": "9e644adad704ea8bfa75c422b9e6e0144d6ccd04",
            "translation": [
                -3.5241549,
                0.3910002,
                -5.3198041
            ],
            "rotation": [
                0.7071068,
                0.7071067,
                0.0,
                0.0
            ],
            "motion_type": "static"
        },
        {
            "template_name": "xxxxed8471c7x236cx488bxb738xb43e206f618e",
            "translation": [
                -1.75749,
                1.9812498,
                -1.8469897
            ],
            "rotation": [
                0.0,
                0.0,
                0.7071068,
                -0.7071067
            ],
            "motion_type": "static"
        },
        {
            "template_name": "96db5eb0e7224668340616b68979e577dc819954",
            "translation": [
                -3.4294099,
                4.041939973831177e-7,
                -6.7784595
            ],
            "motion_type": "static",
            "non_uniform_scale": [
                0.5450384,
                0.9999998,
                0.5039768
            ]
        },
        {
            "template_name": "325dcc499225fa8565cc8204bd18127cdbb1b727",
            "translation": [
                -4.0278601,
                1.2584804,
                -8.9682846
            ],
            "rotation": [
                0.7071068,
                0.7071067,
                0.0,
                0.0
            ],
            "motion_type": "static",
            "non_uniform_scale": [
                0.8147273,
                0.6321262,
                0.9999998
            ]
        },
        {
            "template_name": "76ccae3a9f9d6013809496549a91b74c579015ce",
            "translation": [
                -4.02918,
                1.4063503,
                -8.9682788
            ],
            "rotation": [
                0.7071068,
                0.7071067,
                0.0,
                0.0
            ],
            "motion_type": "static",
            "non_uniform_scale": [
                1.2074146,
                1.35783,
                0.9999998
            ]
        },
        {
            "template_name": "391b8235ecdb4220e93279c89d7b3c9f4daf2c7b",
            "translation": [
                -6.6078777,
                2.384185791015625e-7,
                -3.8883078
            ],
            "motion_type": "static",
            "non_uniform_scale": [
                0.8533985,
                0.9999998,
                0.9240676
            ]
        },
        {
            "template_name": "391b8235ecdb4220e93279c89d7b3c9f4daf2c7b",
            "translation": [
                -6.0984978,
                2.384185791015625e-7,
                -3.8883078
            ],
            "motion_type": "static",
            "non_uniform_scale": [
                0.8533985,
                0.9999998,
                0.9240676
            ]
        },
        {
            "template_name": "44a3ee33a175f1fdc6fb1cfab6d8c71588e7f24b",
            "translation": [
                -8.0236597,
                1.1920928955078126e-7,
                -2.1992897
            ],
            "rotation": [
                0.0,
                0.0,
                1.0,
                0.0
            ],
            "motion_type": "static"
        },
        {
            "template_name": "03ec07ddbb7262844606d7a97d7b6b35d7f6ec00",
            "translation": [
                -2.3719999,
                3.1700003,
                -8.8876295
            ],
            "rotation": [
                0.0,
                0.0,
                1.0,
                0.0
            ],
            "motion_type": "static",
            "non_uniform_scale": [
                0.5376998,
                0.9999998,
                0.5377331
            ]
        },
        {
            "template_name": "03ec07ddbb7262844606d7a97d7b6b35d7f6ec00",
            "translation": [
                0.5985599,
                3.1700003,
                -8.8876295
            ],
            "rotation": [
                0.0,
                0.0,
                1.0,
                0.0
            ],
            "motion_type": "static",
            "non_uniform_scale": [
                0.5376998,
                0.9999998,
                0.5377331
            ]
        },
        {
            "template_name": "03ec07ddbb7262844606d7a97d7b6b35d7f6ec00",
            "translation": [
                -5.1725401,
                3.1700003,
                -7.1013593
            ],
            "rotation": [
                0.0,
                0.0,
                1.0,
                0.0
            ],
            "motion_type": "static",
            "non_uniform_scale": [
                0.5376998,
                0.9999998,
                0.5377331
            ]
        },
        {
            "template_name": "03ec07ddbb7262844606d7a97d7b6b35d7f6ec00",
            "translation": [
                -3.99407,
                3.1699998,
                0.1349601
            ],
            "rotation": [
                0.7071068,
                0.0,
                0.7071067,
                0.0
            ],
            "motion_type": "static"
        },
        {
            "template_name": "03ec07ddbb7262844606d7a97d7b6b35d7f6ec00",
            "translation": [
                0.5985599,
                3.1700003,
                -5.5504693
            ],
            "rotation": [
                0.0,
                0.0,
                1.0,
                0.0
            ],
            "motion_type": "static",
            "non_uniform_scale": [
                0.5376998,
                0.9999998,
                0.5377331
            ]
        },
        {
            "template_name": "03ec07ddbb7262844606d7a97d7b6b35d7f6ec00",
            "translation": [
                -0.5953,
                3.1700003,
                -5.239149
            ],
            "rotation": [
                0.0,
                0.0,
                1.0,
                0.0
            ],
            "motion_type": "static",
            "non_uniform_scale": [
                0.5376998,
                0.9999998,
                0.5377331
            ]
        },
        {
            "template_name": "03ec07ddbb7262844606d7a97d7b6b35d7f6ec00",
            "translation": [
                -8.3877696,
                3.1700003,
                -6.9043793
            ],
            "rotation": [
                0.0,
                0.0,
                1.0,
                0.0
            ],
            "motion_type": "static",
            "non_uniform_scale": [
                0.5376998,
                0.9999998,
                0.5377331
            ]
        },
        {
            "template_name": "03ec07ddbb7262844606d7a97d7b6b35d7f6ec00",
            "translation": [
                0.5985599,
                3.17,
                -1.6163295
            ],
            "rotation": [
                0.0,
                0.0,
                1.0,
                0.0
            ],
            "motion_type": "static",
            "non_uniform_scale": [
                0.5376998,
                0.9999998,
                0.5377331
            ]
        },
        {
            "template_name": "03ec07ddbb7262844606d7a97d7b6b35d7f6ec00",
            "translation": [
                0.5985599,
                3.1699998,
                2.1908299
            ],
            "rotation": [
                0.0,
                0.0,
                1.0,
                0.0
            ],
            "motion_type": "static",
            "non_uniform_scale": [
                0.5376998,
                0.9999998,
                0.5377331
            ]
        },
        {
            "template_name": "03ec07ddbb7262844606d7a97d7b6b35d7f6ec00",
            "translation": [
                -2.83114,
                3.1699998,
                0.6325401
            ],
            "rotation": [
                0.0,
                0.0,
                1.0,
                0.0
            ],
            "motion_type": "static",
            "non_uniform_scale": [
                0.5376998,
                0.9999998,
                0.5377331
            ]
        },
        {
            "template_name": "03ec07ddbb7262844606d7a97d7b6b35d7f6ec00",
            "translation": [
                -5.0610699,
                3.1699998,
                2.1908299
            ],
            "rotation": [
                0.0,
                0.0,
                1.0,
                0.0
            ],
            "motion_type": "static",
            "non_uniform_scale": [
                0.5376998,
                0.9999998,
                0.5377331
            ]
        },
        {
            "template_name": "03ec07ddbb7262844606d7a97d7b6b35d7f6ec00",
            "translation": [
                -8.3877696,
                3.1699998,
                2.1908299
            ],
            "rotation": [
                0.0,
                0.0,
                1.0,
                0.0
            ],
            "motion_type": "static",
            "non_uniform_scale": [
                0.5376998,
                0.9999998,
                0.5377331
            ]
        },
        {
            "template_name": "03ec07ddbb7262844606d7a97d7b6b35d7f6ec00",
            "translation": [
                -8.3877696,
                3.17,
                -1.5965596
            ],
            "rotation": [
                0.0,
                0.0,
                1.0,
                0.0
            ],
            "motion_type": "static",
            "non_uniform_scale": [
                0.5376998,
                0.9999998,
                0.5377331
            ]
        },
        {
            "template_name": "03ec07ddbb7262844606d7a97d7b6b35d7f6ec00",
            "translation": [
                -5.2150602,
                3.17,
                -1.6163295
            ],
            "rotation": [
                0.0,
                0.0,
                1.0,
                0.0
            ],
            "motion_type": "static",
            "non_uniform_scale": [
                0.5376998,
                0.9999998,
                0.5377331
            ]
        },
        {
            "template_name": "03ec07ddbb7262844606d7a97d7b6b35d7f6ec00",
            "translation": [
                -3.97738,
                3.1699998,
                -1.0609598
            ],
            "rotation": [
                0.0,
                0.0,
                1.0,
                0.0
            ],
            "motion_type": "static",
            "non_uniform_scale": [
                0.5376998,
                0.9999998,
                0.5377331
            ]
        },
        {
            "template_name": "03ec07ddbb7262844606d7a97d7b6b35d7f6ec00",
            "translation": [
                -4.6265602,
                3.1700003,
                -5.377459
            ],
            "rotation": [
                0.0,
                0.0,
                1.0,
                0.0
            ],
            "motion_type": "static",
            "non_uniform_scale": [
                0.5376998,
                0.9999998,
                0.5377331
            ]
        },
        {
            "template_name": "03ec07ddbb7262844606d7a97d7b6b35d7f6ec00",
            "translation": [
                -5.43966,
                3.1700003,
                -6.2682995
            ],
            "rotation": [
                0.0,
                0.0,
                1.0,
                0.0
            ],
            "motion_type": "static",
            "non_uniform_scale": [
                0.5376998,
                0.9999998,
                0.5377331
            ]
        },
        {
            "template_name": "03ec07ddbb7262844606d7a97d7b6b35d7f6ec00",
            "translation": [
                -0.5953,
                3.17,
                -1.9276496
            ],
            "rotation": [
                0.0,
                0.0,
                1.0,
                0.0
            ],
            "motion_type": "static",
            "non_uniform_scale": [
                0.5376998,
                0.9999998,
                0.5377331
            ]
        },
        {
            "template_name": "03ec07ddbb7262844606d7a97d7b6b35d7f6ec00",
            "translation": [
                -4.2728199,
                3.1700003,
                -5.5504693
            ],
            "rotation": [
                0.0,
                0.0,
                1.0,
                0.0
            ],
            "motion_type": "static",
            "non_uniform_scale": [
                0.5376998,
                0.9999998,
                0.5377331
            ]
        },
        {
            "template_name": "051e7613c71593d5d91bac3b3d03a36e51dd0c23",
            "translation": [
                -8.0700502,
                3.1700003,
                -7.9928693
            ],
            "rotation": [
                0.7071068,
                0.0,
                0.7071067,
                0.0
            ],
            "motion_type": "static"
        },
        {
            "template_name": "588ddc58a77c05c0a8d92232d30b6b197663dbdf",
            "translation": [
                -0.6938899,
                0.7599998,
                2.0329699
            ],
            "rotation": [
                0.0,
                0.0,
                1.0,
                0.0
            ],
            "motion_type": "static"
        },
        {
            "template_name": "d013183b915887390add467c73cfc20e61d4dd24",
            "translation": [
                -3.5115897,
                1.5449997,
                0.5029907
            ],
            "rotation": [
                0.7071048,
                0.7071048,
                0.0016519,
                -0.0016519
            ],
            "motion_type": "static",
            "non_uniform_scale": [
                0.8222969,
                0.9999997,
                1.6327824
            ]
        },
        {
            "template_name": "d013183b915887390add467c73cfc20e61d4dd24",
            "translation": [
                -4.5873389,
                1.5449997,
                0.4905403
            ],
            "rotation": [
                0.7071056,
                0.7071055,
                0.0012335,
                -0.0012335
            ],
            "motion_type": "static",
            "non_uniform_scale": [
                0.3303636,
                0.9999997,
                1.6327824
            ]
        },
        {
            "template_name": "e8bf2263502ed710b6025d0edb003dceb7399e2b",
            "translation": [
                -2.4721603,
                2.3795291781425477e-7,
                -3.9956598
            ],
            "motion_type": "static",
            "non_uniform_scale": [
                1.7855435,
                0.9999998,
                1.0592564
            ]
        },
        {
            "template_name": "a93cadff07a074a9bd121bf6ef22e74572d08fd6",
            "translation": [
                -6.3111805,
                1.1920928955078126e-7,
                -2.1583197
            ],
            "rotation": [
                0.0,
                0.0,
                1.0,
                0.0
            ],
            "motion_type": "static",
            "non_uniform_scale": [
                0.8703628,
                1.1244828,
                0.9999998
            ]
        },
        {
            "template_name": "54ff94b631874019138af5091e41c386e6183749",
            "translation": [
                -0.5479,
                5.3085386753082278e-8,
                -0.8931499
            ],
            "rotation": [
                0.7071068,
                0.0,
                0.7071067,
                0.0
            ],
            "motion_type": "static",
            "non_uniform_scale": [
                0.7860999,
                0.9999998,
                0.8219199
            ]
        },
        {
            "template_name": "df62d7e394181a9529004fe07e714eb42312bd17",
            "translation": [
                -6.7049298,
                -5.960464477539063e-8,
                0.9992299
            ],
            "motion_type": "static",
            "non_uniform_scale": [
                2.028841,
                1.0,
                1.9573149
            ]
        },
        {
            "template_name": "0edf3065ba2b0299d7eafd6fcf2e659176e54160",
            "translation": [
                -7.4481554,
                1.606265,
                -7.2677211
            ],
            "rotation": [
                0.4999999,
                0.4999999,
                0.5000001,
                -0.5
            ],
            "motion_type": "static",
            "non_uniform_scale": [
                0.1538763,
                0.147244,
                0.2529695
            ]
        },
        {
            "template_name": "709a782aac7df3698f3d2c28eb8364fb942ffc9a",
            "translation": [
                -6.6687316,
                -1.1920928955078126e-7,
                2.1014451
            ],
            "rotation": [
                0.7071068,
                0.0,
                0.7071067,
                0.0
            ],
            "motion_type": "static",
            "non_uniform_scale": [
                0.8130124,
                0.9999998,
                0.7329592
            ]
        },
        {
            "template_name": "77cb5f32d1a0768d6352866a2f03fcde8ce0d34e",
            "translation": [
                0.1057849,
                0.5000004,
                -8.7735433
            ],
            "rotation": [
                0.7071068,
                0.0,
                0.7071067,
                0.0
            ],
            "motion_type": "static"
        },
        {
            "template_name": "c12f57b775a79bd595c6b6b60060f4dbb3c718b5",
            "translation": [
                -2.4375948,
                1.4901161193847657e-7,
                -2.7258596
            ],
            "rotation": [
                0.0,
                0.0,
                1.0,
                0.0
            ],
            "motion_type": "static"
        },
        {
            "template_name": "35be91b930f2e20fc86c0fda15f386171818f6bb",
            "translation": [
                -4.5318498,
                4.847534000873566e-7,
                -8.1289491
            ],
            "motion_type": "static"
        },
        {
            "template_name": "35be91b930f2e20fc86c0fda15f386171818f6bb",
            "translation": [
                -4.3006801,
                -8.195638656616211e-8,
                1.3771698
            ],
            "rotation": [
                0.7071068,
                0.0,
                -0.7071067,
                0.0
            ],
            "motion_type": "static"
        },
        {
            "template_name": "615d7946331a8b3444253965d4cd36a338d08ad7",
            "translation": [
                -6.5280699,
                5.257315933704376e-7,
                -8.8183994
            ],
            "motion_type": "static",
            "non_uniform_scale": [
                0.4370751,
                0.9999998,
                0.2997699
            ]
        },
        {
            "template_name": "bae5f0cfa7da0c12f0ffe456946f5a92347f46a8",
            "translation": [
                -1.0017298,
                4.4750049710273745e-7,
                -7.5074791
            ],
            "rotation": [
                0.7071068,
                0.0,
                0.7071067,
                0.0
            ],
            "motion_type": "static",
            "non_uniform_scale": [
                3.3843567,
                0.9999998,
                3.3977565
            ]
        },
        {
            "template_name": "7085b4004190c7be381525d7341f0390b20add51",
            "translation": [
                -3.44279,
                4.172325134277344e-7,
                -6.9879994
            ],
            "motion_type": "static",
            "non_uniform_scale": [
                1.0,
                0.9999998,
                0.7354667
            ]
        },
        {
            "template_name": "0408927888d894832d62589d945d600dad793e90",
            "translation": [
                -4.9362401,
                0.8749998,
                -0.0578798
            ],
            "rotation": [
                -0.5,
                -0.5,
                0.5,
                -0.4999999
            ],
            "motion_type": "static",
            "non_uniform_scale": [
                1.327548,
                0.9999998,
                1.944617
            ]
        },
        {
            "template_name": "0408927888d894832d62589d945d600dad793e90",
            "translation": [
                -2.2126801,
                0.8749998,
                2.2715799
            ],
            "rotation": [
                0.0,
                0.0,
                0.7071068,
                -0.7071067
            ],
            "motion_type": "static",
            "non_uniform_scale": [
                1.3275481,
                0.9999998,
                1.944617
            ]
        },
        {
            "template_name": "0491b9ede319cf663bcf2690efb55817be7f2bb6",
            "translation": [
                -3.4219901,
                4.76837158203125e-7,
                -8.1708488
            ],
            "rotation": [
                0.7071068,
                0.0,
                -0.7071067,
                0.0
            ],
            "motion_type": "static",
            "non_uniform_scale": [
                0.7490838,
                0.9999998,
                0.8376315
            ]
        },
        {
            "template_name": "00ff4e2d38b8c28bd0e02607b698ae80ddb497ef",
            "translation": [
                -6.9914302,
                -1.1920928955078126e-7,
                2.1025097
            ],
            "rotation": [
                0.7071068,
                0.0,
                -0.7071067,
                0.0
            ],
            "motion_type": "static"
        },
        {
            "template_name": "00ff4e2d38b8c28bd0e02607b698ae80ddb497ef",
            "translation": [
                -6.3993101,
                -1.1920928955078126e-7,
                1.9615997
            ],
            "rotation": [
                0.5521242,
                0.0,
                0.8337618,
                0.0
            ],
            "motion_type": "static"
        },
        {
            "template_name": "00ff4e2d38b8c28bd0e02607b698ae80ddb497ef",
            "translation": [
                0.54843,
                0.0,
                -0.2574399
            ],
            "rotation": [
                -0.2635307,
                0.0,
                0.9646509,
                0.0
            ],
            "motion_type": "static"
        },
        {
            "template_name": "fa5562e2e06d5c189107ed10f1c3e05552cb1bb2",
            "translation": [
                -6.2291197,
                2.086162567138672e-7,
                -3.4780097
            ],
            "motion_type": "static",
            "non_uniform_scale": [
                0.926872,
                0.9999998,
                0.8079497
            ]
        },
        {
            "template_name": "fa5562e2e06d5c189107ed10f1c3e05552cb1bb2",
            "translation": [
                -7.3418202,
                2.086162567138672e-7,
                -3.4780097
            ],
            "motion_type": "static",
            "non_uniform_scale": [
                0.926872,
                0.9999998,
                0.8079497
            ]
        },
        {
            "template_name": "eae23b6121e974982ec521d9118e0034134c37f8",
            "translation": [
                -2.4519,
                2.980232238769531e-7,
                -5.1056494
            ],
            "motion_type": "static",
            "non_uniform_scale": [
                1.2740874,
                0.9999998,
                0.9999998
            ]
        },
        {
            "template_name": "9a83f86ed492c9283fed9baa9a97e1cfdc5140f3",
            "translation": [
                -3.9296801,
                1.4137003,
                -8.8788785
            ],
            "rotation": [
                0.0,
                0.0,
                1.0,
                0.0
            ],
            "motion_type": "static"
        },
        {
            "template_name": "11f6ff3dbfc997ba5c70d59905246f7fa5b5c7fb",
            "translation": [
                -5.447175,
                1.9812501,
                -7.5930395
            ],
            "rotation": [
                -0.5,
                -0.5,
                0.5,
                -0.4999999
            ],
            "motion_type": "static"
        },
        {
            "template_name": "dbdfb654815d60d03a61ac7af859360fa3210900",
            "translation": [
                -7.7926096,
                2.9802322387695315e-8,
                -0.5569298
            ],
            "rotation": [
                0.7071068,
                0.0,
                -0.7071067,
                0.0
            ],
            "motion_type": "static"
        },
        {
            "template_name": "dbdfb654815d60d03a61ac7af859360fa3210900",
            "translation": [
                -0.68992,
                -8.940696716308594e-8,
                1.7281497
            ],
            "motion_type": "static"
        },
        {
            "template_name": "75837d57167448213b092af97562cf08a590a417",
            "translation": [
                -5.2756099,
                2.5157399,
                -1.8469947
            ],
            "rotation": [
                0.0,
                0.0,
                0.7071068,
                -0.7071067
            ],
            "motion_type": "static",
            "non_uniform_scale": [
                0.9414399,
                0.8213955,
                0.9999998
            ]
        },
        {
            "template_name": "75837d57167448213b092af97562cf08a590a417",
            "translation": [
                -5.7432498,
                2.5150001,
                -1.8469847
            ],
            "rotation": [
                0.0,
                0.0,
                0.7071068,
                -0.7071067
            ],
            "motion_type": "static",
            "non_uniform_scale": [
                0.9414399,
                0.8213955,
                0.9999998
            ]
        },
        {
            "template_name": "75837d57167448213b092af97562cf08a590a417",
            "translation": [
                -6.2064099,
                2.51338,
                -1.8469947
            ],
            "rotation": [
                0.0,
                0.0,
                0.7071068,
                -0.7071067
            ],
            "motion_type": "static",
            "non_uniform_scale": [
                0.9414399,
                0.8213955,
                0.9999998
            ]
        },
        {
            "template_name": "d37560d3af2a7c1b45cf7d77ee4cbe2d24ba050f",
            "translation": [
                -7.5145802,
                3.2782554626464846e-7,
                -5.6487793
            ],
            "rotation": [
                0.7071068,
                0.0,
                -0.7071067,
                0.0
            ],
            "motion_type": "static",
            "non_uniform_scale": [
                0.7266525,
                0.9999998,
                0.8787876
            ]
        },
        {
            "template_name": "bf87bea088e8fa4b89eabcaa6b925094cfe910ab",
            "translation": [
                -7.5150799,
                3.1700003,
                -5.6924896
            ],
            "rotation": [
                0.7071068,
                0.0,
                0.7071067,
                0.0
            ],
            "motion_type": "static"
        },
        {
            "template_name": "18fdedbda00326005b6dc1690e05a523d8a191ec",
            "translation": [
                -7.598155,
                1.4410003,
                -8.7131147
            ],
            "rotation": [
                -0.5,
                -0.5,
                0.5,
                -0.4999999
            ],
            "motion_type": "static"
        },
        {
            "template_name": "18fdedbda00326005b6dc1690e05a523d8a191ec",
            "translation": [
                -5.0835027,
                1.4409998,
                -0.4972681
            ],
            "rotation": [
                0.6395463,
                0.6395462,
                -0.3016296,
                0.3016295
            ],
            "motion_type": "static"
        },
        {
            "template_name": "c1141602bbec5838900a52cf21c42599326b355e",
            "translation": [
                -7.5281558,
                1.4410003,
                -7.0181641
            ],
            "rotation": [
                0.7071068,
                0.7071067,
                0.0,
                0.0
            ],
            "motion_type": "static"
        },
        {
            "template_name": "10fe98d6dff038606af0875ee5b18f90f5aa9d04",
            "translation": [
                -1.683055,
                1.4410002,
                -5.4698448
            ],
            "rotation": [
                0.0,
                0.0,
                0.7071068,
                -0.7071067
            ],
            "motion_type": "static"
        },
        {
            "template_name": "10fe98d6dff038606af0875ee5b18f90f5aa9d04",
            "translation": [
                -4.9843549,
                1.4409998,
                -1.6568949
            ],
            "rotation": [
                0.4999999,
                0.4999999,
                0.5,
                -0.5
            ],
            "motion_type": "static"
        },
        {
            "template_name": "10fe98d6dff038606af0875ee5b18f90f5aa9d04",
            "translation": [
                -2.584856,
                1.4409998,
                -1.6575607
            ],
            "rotation": [
                0.6838046,
                0.6838045,
                0.1800307,
                -0.1800307
            ],
            "motion_type": "static"
        },
        {
            "template_name": "10fe98d6dff038606af0875ee5b18f90f5aa9d04",
            "translation": [
                -5.0252079,
                1.4391697,
                -0.4255853
            ],
            "rotation": [
                0.6395463,
                0.6395462,
                -0.3016296,
                0.3016295
            ],
            "motion_type": "static"
        },
        {
            "template_name": "6ac0179bc4fa54d842212a4f46c6df06e43f0385",
            "translation": [
                -8.04776,
                3.2782554626464846e-7,
                -5.6606688
            ],
            "rotation": [
                0.7071068,
                0.0,
                0.7071067,
                0.0
            ],
            "motion_type": "static",
            "non_uniform_scale": [
                0.7193536,
                0.9999998,
                0.6246203
            ]
        },
        {
            "template_name": "6ac0179bc4fa54d842212a4f46c6df06e43f0385",
            "translation": [
                -7.55023,
                2.980232238769531e-7,
                -4.8262195
            ],
            "rotation": [
                0.0,
                0.0,
                1.0,
                0.0
            ],
            "motion_type": "static",
            "non_uniform_scale": [
                0.7193536,
                0.9999998,
                0.6246203
            ]
        },
        {
            "template_name": "6ac0179bc4fa54d842212a4f46c6df06e43f0385",
            "translation": [
                -6.927,
                3.2782554626464846e-7,
                -5.5506496
            ],
            "rotation": [
                0.7071068,
                0.0,
                -0.7071067,
                0.0
            ],
            "motion_type": "static",
            "non_uniform_scale": [
                0.7193536,
                0.9999998,
                0.6246203
            ]
        },
        {
            "template_name": "6ac0179bc4fa54d842212a4f46c6df06e43f0385",
            "translation": [
                -7.5139098,
                3.8743019104003908e-7,
                -6.5707497
            ],
            "motion_type": "static",
            "non_uniform_scale": [
                0.7193536,
                0.9999998,
                0.6246203
            ]
        },
        {
            "template_name": "75a47e132a99a8576b16f0a6d84ed7533cffe954",
            "translation": [
                -4.23528,
                3.1700003,
                -8.1360187
            ],
            "rotation": [
                0.7071068,
                0.0,
                0.7071067,
                0.0
            ],
            "motion_type": "static"
        },
        {
            "template_name": "75a47e132a99a8576b16f0a6d84ed7533cffe954",
            "translation": [
                -3.97156,
                3.1699998,
                1.3768402
            ],
            "rotation": [
                0.7071068,
                0.0,
                -0.7071067,
                0.0
            ],
            "motion_type": "static"
        },
        {
            "template_name": "9a2b70dcc3e51aac58a2ed970ce2d2318ce138de",
            "translation": [
                -8.4684305,
                1.6049997,
                -4.4366693
            ],
            "rotation": [
                0.4999999,
                0.4999999,
                0.5000001,
                -0.5
            ],
            "motion_type": "static",
            "non_uniform_scale": [
                1.401859,
                0.9999998,
                1.2918776
            ]
        },
        {
            "template_name": "9a2b70dcc3e51aac58a2ed970ce2d2318ce138de",
            "translation": [
                -8.4684305,
                1.6848297,
                1.3283598
            ],
            "rotation": [
                0.4999999,
                0.4999999,
                0.5,
                -0.5
            ],
            "motion_type": "static",
            "non_uniform_scale": [
                0.4937191,
                0.9999998,
                0.9999998
            ]
        },
        {
            "template_name": "9a2b70dcc3e51aac58a2ed970ce2d2318ce138de",
            "translation": [
                -8.4684305,
                1.6962096,
                -0.5709097
            ],
            "rotation": [
                0.4999999,
                0.4999999,
                0.5,
                -0.5
            ],
            "motion_type": "static",
            "non_uniform_scale": [
                0.4925186,
                0.9999998,
                0.9999998
            ]
        },
        {
            "template_name": "9a2b70dcc3e51aac58a2ed970ce2d2318ce138de",
            "translation": [
                -0.74711,
                1.6872797,
                2.27149
            ],
            "rotation": [
                0.0,
                0.0,
                0.7071068,
                -0.7071067
            ],
            "motion_type": "static",
            "non_uniform_scale": [
                0.5679699,
                0.9999998,
                0.9999998
            ]
        },
        {
            "template_name": "d0a90cf190c1fc60f0446c1855ab5e4dcfa51125",
            "translation": [
                -8.2587203,
                4.470348358154297e-7,
                -7.3288497
            ],
            "rotation": [
                0.0,
                0.0,
                1.0,
                0.0
            ],
            "motion_type": "static",
            "non_uniform_scale": [
                0.5709142,
                0.9999998,
                0.5636293
            ]
        },
        {
            "template_name": "56f36105d7bf84f7f796bd6272391e16a2e11c5c",
            "translation": [
                0.0706,
                5.21540641784668e-7,
                -8.7679786
            ],
            "rotation": [
                0.0,
                0.0,
                1.0,
                0.0
            ],
            "motion_type": "static"
        },
        {
            "template_name": "95c48a9ba1e1531fe26ca7068d11f3e3ebdf178c",
            "translation": [
                -2.6822299,
                4.76837158203125e-7,
                -8.2467794
            ],
            "rotation": [
                0.7071068,
                0.0,
                0.7071067,
                0.0
            ],
            "motion_type": "static",
            "non_uniform_scale": [
                0.9999998,
                0.9999998,
                0.6802073
            ]
        },
        {
            "template_name": "95c48a9ba1e1531fe26ca7068d11f3e3ebdf178c",
            "translation": [
                -6.9714198,
                1.1920928955078126e-7,
                -1.4674198
            ],
            "motion_type": "static",
            "non_uniform_scale": [
                1.0,
                0.9999998,
                0.6802073
            ]
        },
        {
            "template_name": "95c48a9ba1e1531fe26ca7068d11f3e3ebdf178c",
            "translation": [
                -2.6822299,
                -1.1920928955078126e-7,
                1.5499899
            ],
            "rotation": [
                0.7071068,
                0.0,
                0.7071067,
                0.0
            ],
            "motion_type": "static",
            "non_uniform_scale": [
                0.9999998,
                0.9999998,
                0.6802073
            ]
        },
        {
            "template_name": "81ef70dbef87705b4e0e5051197da71c5e1bd4b4",
            "translation": [
                -2.7236299,
                1.2850002,
                -5.3198094
            ],
            "rotation": [
                0.7071068,
                0.7071067,
                0.0,
                0.0
            ],
            "motion_type": "static",
            "non_uniform_scale": [
                1.1342331,
                0.9999998,
                1.4310492
            ]
        },
        {
            "template_name": "cb143444f831ecf796490c5c9572cdfec841d7dd",
            "translation": [
                0.4438199,
                -5.960464477539063e-8,
                0.8072298
            ],
            "rotation": [
                0.7117034,
                0.0,
                -0.7024798,
                0.0
            ],
            "motion_type": "static"
        },
        {
            "template_name": "de8991d1328cb1a9e7e3042a7a281672586f0131",
            "translation": [
                -8.2934303,
                4.023313522338867e-7,
                -6.8716297
            ],
            "motion_type": "static"
        },
        {
            "template_name": "9bfd01b7a7f4fb8e1388551d237763778d4b3862",
            "translation": [
                -5.6870493,
                4.470348358154297e-7,
                -7.6130795
            ],
            "rotation": [
                0.7071068,
                0.0,
                -0.7071067,
                0.0
            ],
            "motion_type": "static",
            "non_uniform_scale": [
                0.9841278,
                0.9999998,
                0.6795691
            ]
        },
        {
            "template_name": "141dd97fde5601e6c4fb47e9e08b4b489686a500",
            "translation": [
                -7.7231502,
                5.21540641784668e-7,
                -8.8432788
            ],
            "rotation": [
                0.7071068,
                0.0,
                -0.7071067,
                0.0
            ],
            "motion_type": "static"
        },
        {
            "template_name": "3e02e844975990aa6f86ffefa25e68936e460d82",
            "translation": [
                -5.9799203,
                8.940696716308594e-8,
                -1.4219899
            ],
            "motion_type": "static"
        },
        {
            "template_name": "99665804218804022bc87b9e8edf35221a0bb8ee",
            "translation": [
                -4.7846751,
                0.3810099,
                -0.1849098
            ],
            "rotation": [
                0.4999999,
                0.4999999,
                0.5,
                -0.5
            ],
            "motion_type": "static"
        },
        {
            "template_name": "99665804218804022bc87b9e8edf35221a0bb8ee",
            "translation": [
                -4.8188099,
                0.4710103,
                -8.9666242
            ],
            "rotation": [
                0.7071068,
                0.7071067,
                0.0,
                0.0
            ],
            "motion_type": "static"
        },
        {
            "template_name": "9ffac3243f57a60cc08fd960e5a2824fcf9a101f",
            "translation": [
                -8.3184299,
                7.450580596923828e-8,
                -1.3609
            ],
            "rotation": [
                0.7071068,
                0.0,
                -0.7071067,
                0.0
            ],
            "motion_type": "static"
        },
        {
            "template_name": "9ffac3243f57a60cc08fd960e5a2824fcf9a101f",
            "translation": [
                0.21509,
                -1.1920928955078126e-7,
                2.1164896
            ],
            "rotation": [
                0.7071068,
                0.0,
                -0.7071067,
                0.0
            ],
            "motion_type": "static"
        },
        {
            "template_name": "9ffac3243f57a60cc08fd960e5a2824fcf9a101f",
            "translation": [
                -4.6620497,
                -4.470348358154297e-8,
                0.7600299
            ],
            "rotation": [
                0.7071068,
                0.0,
                -0.7071067,
                0.0
            ],
            "motion_type": "static",
            "non_uniform_scale": [
                0.7455804,
                0.9999998,
                0.8285331
            ]
        },
        {
            "template_name": "9ffac3243f57a60cc08fd960e5a2824fcf9a101f",
            "translation": [
                -1.4249398,
                3.2782554626464846e-7,
                -5.6248097
            ],
            "rotation": [
                0.7071068,
                0.0,
                -0.7071067,
                0.0
            ],
            "motion_type": "static"
        },
        {
            "template_name": "09b1df19e95ab47e50c8aac06137ef2f51144d34",
            "translation": [
                -0.0712898,
                1.9808497,
                -1.8997347
            ],
            "rotation": [
                0.0,
                0.0,
                0.7071068,
                -0.7071067
            ],
            "motion_type": "static"
        },
        {
            "template_name": "35164b6db5fd27255e62e3c3a887b90b6a5aeba9",
            "translation": [
                -0.4019598,
                5.960464477539063e-8,
                -1.0118596
            ],
            "rotation": [
                0.7071068,
                0.0,
                -0.7071067,
                0.0
            ],
            "motion_type": "static"
        },
        {
            "template_name": "2281225b42551fd15d106a76c717d23a3406f63a",
            "translation": [
                -6.7515501,
                3.17,
                -2.8398246
            ],
            "rotation": [
                0.0,
                0.0,
                1.0,
                0.0
            ],
            "motion_type": "static"
        },
        {
            "template_name": "9bbe665ffd8ae57251265df4b5ecc078f98afec6",
            "translation": [
                -6.6663899,
                1.9812494,
                2.2714898
            ],
            "rotation": [
                0.0,
                0.0,
                0.7071068,
                -0.7071067
            ],
            "motion_type": "static"
        },
        {
            "template_name": "f719e6f9cc9fa51fdcf651e9e1664b45b33e61f5",
            "translation": [
                -8.1693401,
                5.364418029785156e-7,
                -8.6875686
            ],
            "motion_type": "static"
        },
        {
            "template_name": "ec5a7b51f7301d831b35da3e857ce1e189e34cce",
            "translation": [
                -0.7587898,
                1.1920928955078126e-7,
                -2.1267397
            ],
            "rotation": [
                0.0,
                0.0,
                1.0,
                0.0
            ],
            "motion_type": "static"
        },
        {
            "template_name": "96b45aaaa0eda36505a39bf6679406ce2303f564",
            "translation": [
                -6.6492795,
                2.41,
                -1.5171947
            ],
            "motion_type": "static"
        },
        {
            "template_name": "78218988eaa22d4e96fbf13517ec92f8897c5a2d",
            "translation": [
                -5.181775,
                1.4410002,
                -6.3770546
            ],
            "rotation": [
                0.2847849,
                0.2847849,
                0.6472229,
                -0.6472228
            ],
            "motion_type": "static"
        },
        {
            "template_name": "78218988eaa22d4e96fbf13517ec92f8897c5a2d",
            "translation": [
                -0.5146349,
                1.4410002,
                -4.6064848
            ],
            "rotation": [
                -0.5,
                -0.5,
                0.5,
                -0.4999999
            ],
            "motion_type": "static"
        },
        {
            "template_name": "78218988eaa22d4e96fbf13517ec92f8897c5a2d",
            "translation": [
                -2.685806,
                1.4409998,
                -1.6004281
            ],
            "rotation": [
                0.6838046,
                0.6838045,
                0.1800307,
                -0.1800307
            ],
            "motion_type": "static"
        },
        {
            "template_name": "78218988eaa22d4e96fbf13517ec92f8897c5a2d",
            "translation": [
                -3.2111499,
                1.4409997,
                0.3199942
            ],
            "rotation": [
                0.6092637,
                0.6092637,
                -0.3588837,
                0.3588837
            ],
            "motion_type": "static"
        },
        {
            "template_name": "78218988eaa22d4e96fbf13517ec92f8897c5a2d",
            "translation": [
                -4.9804048,
                1.4410003,
                -7.3758544
            ],
            "rotation": [
                0.0,
                0.0,
                0.7071068,
                -0.7071067
            ],
            "motion_type": "static"
        },
        {
            "template_name": "78218988eaa22d4e96fbf13517ec92f8897c5a2d",
            "translation": [
                -4.4969749,
                1.4438202,
                -5.4049944
            ],
            "rotation": [
                0.6472228,
                0.6472228,
                -0.2847849,
                0.2847847
            ],
            "motion_type": "static"
        },
        {
            "template_name": "78218988eaa22d4e96fbf13517ec92f8897c5a2d",
            "translation": [
                -8.4684257,
                1.3762099,
                -2.6012446
            ],
            "rotation": [
                0.4999999,
                0.4999999,
                0.5,
                -0.5
            ],
            "motion_type": "static"
        },
        {
            "template_name": "222c9b3e52f81bb06d523720bd0ec8a5d7b899d6",
            "translation": [
                -4.7863349,
                0.7432698,
                2.1264901
            ],
            "rotation": [
                0.4999999,
                0.4999999,
                0.5,
                -0.5
            ],
            "motion_type": "static"
        },
        {
            "template_name": "222c9b3e52f81bb06d523720bd0ec8a5d7b899d6",
            "translation": [
                -5.1521801,
                0.7432702,
                -7.3758544
            ],
            "rotation": [
                0.0,
                0.0,
                0.7071068,
                -0.7071067
            ],
            "motion_type": "static"
        },
        {
            "template_name": "33d882aa224a49f9f0971862e71d46b452111fd1",
            "translation": [
                -1.7838748,
                0.3360004,
                -8.9682836
            ],
            "rotation": [
                0.7071068,
                0.7071067,
                0.0,
                0.0
            ],
            "motion_type": "static"
        },
        {
            "template_name": "33d882aa224a49f9f0971862e71d46b452111fd1",
            "translation": [
                -1.255295,
                0.3360002,
                -5.4698047
            ],
            "rotation": [
                0.0,
                0.0,
                0.7071068,
                -0.7071067
            ],
            "motion_type": "static"
        },
        {
            "template_name": "33d882aa224a49f9f0971862e71d46b452111fd1",
            "translation": [
                -8.4684247,
                0.3360002,
                -6.2968044
            ],
            "rotation": [
                0.4999999,
                0.4999999,
                0.5,
                -0.5
            ],
            "motion_type": "static"
        },
        {
            "template_name": "33d882aa224a49f9f0971862e71d46b452111fd1",
            "translation": [
                -2.2677049,
                0.3359999,
                -1.8469947
            ],
            "rotation": [
                0.0,
                0.0,
                0.7071068,
                -0.7071067
            ],
            "motion_type": "static"
        },
        {
            "template_name": "33d882aa224a49f9f0971862e71d46b452111fd1",
            "translation": [
                0.6792148,
                0.3359999,
                0.278205
            ],
            "rotation": [
                -0.5,
                -0.5,
                0.5,
                -0.4999999
            ],
            "motion_type": "static"
        },
        {
            "template_name": "33d882aa224a49f9f0971862e71d46b452111fd1",
            "translation": [
                -1.516595,
                0.3359997,
                2.271485
            ],
            "rotation": [
                0.0,
                0.0,
                0.7071068,
                -0.7071067
            ],
            "motion_type": "static"
        },
        {
            "template_name": "33d882aa224a49f9f0971862e71d46b452111fd1",
            "translation": [
                -6.3269047,
                0.3359997,
                2.271485
            ],
            "rotation": [
                0.0,
                0.0,
                0.7071068,
                -0.7071067
            ],
            "motion_type": "static"
        },
        {
            "template_name": "33d882aa224a49f9f0971862e71d46b452111fd1",
            "translation": [
                -7.0200452,
                0.3359997,
                2.271485
            ],
            "rotation": [
                0.0,
                0.0,
                0.7071068,
                -0.7071067
            ],
            "motion_type": "static"
        },
        {
            "template_name": "33d882aa224a49f9f0971862e71d46b452111fd1",
            "translation": [
                -8.4684247,
                0.3359999,
                -1.3047647
            ],
            "rotation": [
                0.4999999,
                0.4999999,
                0.5,
                -0.5
            ],
            "motion_type": "static"
        },
        {
            "template_name": "33d882aa224a49f9f0971862e71d46b452111fd1",
            "translation": [
                -7.2549247,
                1.2159998,
                -1.8469947
            ],
            "rotation": [
                0.0,
                0.0,
                0.7071068,
                -0.7071067
            ],
            "motion_type": "static"
        },
        {
            "template_name": "33d882aa224a49f9f0971862e71d46b452111fd1",
            "translation": [
                -1.3518251,
                0.3360002,
                -5.3198046
            ],
            "rotation": [
                0.0,
                0.0,
                0.7071068,
                -0.7071067
            ],
            "motion_type": "static"
        },
        {
            "template_name": "5059d366671fec33cd939234c9f97a8d2e4a41b6",
            "translation": [
                -1.5517426,
                1.3505603,
                -5.3198041
            ],
            "rotation": [
                0.7071068,
                0.7071067,
                0.0,
                0.0
            ],
            "motion_type": "static",
            "non_uniform_scale": [
                1.4200359,
                0.9999998,
                2.2499995
            ]
        },
        {
            "template_name": "xxxx230ea233x3f7fx40a1x848cxd6d1b0d9713b",
            "translation": [
                -8.4684295,
                1.9812502,
                -7.8504095
            ],
            "rotation": [
                0.4999999,
                0.4999999,
                0.5,
                -0.5
            ],
            "motion_type": "static"
        },
        {
            "template_name": "7c1ae5f6bae2af8398c69fed363bc7fc1fb4baf6",
            "translation": [
                -0.9451149,
                3.7599997,
                -6.8424196
            ],
            "rotation": [
                0.7071068,
                0.0,
                -0.7071067,
                0.0
            ],
            "motion_type": "static"
        },
        {
            "template_name": "da563ad88ad4606e27514b55efb1032ccd9fa5b2",
            "translation": [
                -3.0618,
                1.9812501,
                -7.9727401
            ],
            "rotation": [
                -0.5,
                -0.5,
                0.5,
                -0.4999999
            ],
            "motion_type": "static"
        },
        {
            "template_name": "3897af564168953eedff5c040579e9756218d3a0",
            "translation": [
                -3.09994,
                1.9812495,
                -0.0666697
            ],
            "rotation": [
                0.4999999,
                0.4999999,
                0.5,
                -0.5
            ],
            "motion_type": "static"
        },
        {
            "template_name": "4c5bc843ec5845f24a0c5d5fa572189a4de797f9",
            "translation": [
                -3.9901497,
                2.5318052,
                -0.4186697
            ],
            "rotation": [
                0.0,
                0.0,
                0.7071068,
                -0.7071067
            ],
            "motion_type": "static",
            "non_uniform_scale": [
                2.0714285,
                2.6971426,
                2.0714282
            ]
        },
        {
            "template_name": "6c034939bb050ad41f1eaa313a5769ddb2dedcaf",
            "translation": [
                0.42745,
                3.2782554626464846e-7,
                -5.7322897
            ],
            "rotation": [
                0.7071068,
                0.0,
                -0.7071067,
                0.0
            ],
            "motion_type": "static"
        },
        {
            "template_name": "651fc361885a72d4c83553e3c0e85bb24026b4af",
            "translation": [
                -3.9511802,
                2.980232238769531e-7,
                -5.0205693
            ],
            "rotation": [
                0.7071068,
                0.0,
                -0.7071067,
                0.0
            ],
            "motion_type": "static",
            "non_uniform_scale": [
                0.6789026,
                1.0,
                0.8910077
            ]
        },
        {
            "template_name": "b96c6f86f7bedaa223209216b6d0900ceeceea66",
            "translation": [
                0.6792148,
                1.99,
                -0.9939398
            ],
            "rotation": [
                -0.5,
                -0.5,
                0.5,
                -0.4999999
            ],
            "motion_type": "static",
            "non_uniform_scale": [
                1.5397212,
                0.6804997,
                1.3455413
            ]
        },
        {
            "template_name": "a3adcc07e1656ec5f67c332587ad30ce080a3e89",
            "translation": [
                -7.8191099,
                4.172325134277344e-7,
                -7.3103594
            ],
            "rotation": [
                0.0,
                0.0,
                1.0,
                0.0
            ],
            "motion_type": "static",
            "non_uniform_scale": [
                0.5523998,
                0.9999998,
                0.8122856
            ]
        },
        {
            "template_name": "cc22182ec83fb0d00a1fbd5e1b6b550d1beae125",
            "translation": [
                -0.47104,
                1.98294,
                -5.4698095
            ],
            "rotation": [
                0.0,
                0.0,
                0.7071068,
                -0.7071067
            ],
            "motion_type": "static"
        },
        {
            "template_name": "a03950b825727e90b3d5708ad1b67aff723d3a2e",
            "translation": [
                -7.51688,
                3.41096892952919e-7,
                -5.7230291
            ],
            "rotation": [
                0.7071068,
                0.0,
                0.7071067,
                0.0
            ],
            "motion_type": "static",
            "non_uniform_scale": [
                0.5236665,
                0.9999998,
                0.3451538
            ]
        },
        {
            "template_name": "e4698d6fea992077792db1dfa7483575829d1f80",
            "translation": [
                -5.2971749,
                1.0681002,
                -6.9253296
            ],
            "rotation": [
                0.4999999,
                0.4999999,
                0.5,
                -0.5
            ],
            "motion_type": "static"
        },
        {
            "template_name": "0ec347ace227bceb95f066f6ef949bed13981ce7",
            "translation": [
                0.1787683,
                -5.960464477539063e-8,
                1.0224416
            ],
            "rotation": [
                0.7101852,
                0.0,
                -0.7040147,
                0.0
            ],
            "motion_type": "static"
        },
        {
            "template_name": "2ce041a8820c00f66ea8350c535cc2c5727ad7ac",
            "translation": [
                -8.0325403,
                1.7673399,
                -2.1739997
            ],
            "rotation": [
                0.0,
                0.0,
                1.0,
                0.0
            ],
            "motion_type": "static"
        },
        {
            "template_name": "f4791ce40dbb8b07724e9024efbd8db267edf1ac",
            "translation": [
                -5.02603,
                5.289912223815918e-7,
                -8.8719892
            ],
            "motion_type": "static"
        },
        {
            "template_name": "a3fa19dee8b4fc9ad8005d9e9d6d458e31888041",
            "translation": [
                -5.5993299,
                -5.960464477539063e-8,
                1.2329849
            ],
            "rotation": [
                0.0,
                0.0,
                1.0,
                0.0
            ],
            "motion_type": "static"
        },
        {
            "template_name": "a32ed32cc5693cb1ccd4792b7c3f0340cc8eda91",
            "translation": [
                -0.6700698,
                -1.1920928955078126e-7,
                1.9971742
            ],
            "rotation": [
                0.0,
                0.0,
                1.0,
                0.0
            ],
            "motion_type": "static",
            "non_uniform_scale": [
                0.9802132,
                0.9999998,
                0.8440322
            ]
        },
        {
            "template_name": "a32ed32cc5693cb1ccd4792b7c3f0340cc8eda91",
            "translation": [
                -8.1528892,
                2.9802322387695315e-8,
                -0.5878698
            ],
            "rotation": [
                0.7071068,
                0.0,
                0.7071067,
                0.0
            ],
            "motion_type": "static",
            "non_uniform_scale": [
                0.8240398,
                0.9999998,
                0.7489864
            ]
        },
        {
            "template_name": "fcaebfe141f5a16bffdb8599c50551150353010c",
            "translation": [
                -5.0883297,
                4.76837158203125e-7,
                -8.1673688
            ],
            "rotation": [
                0.7071068,
                0.0,
                0.7071067,
                0.0
            ],
            "motion_type": "static",
            "non_uniform_scale": [
                0.7202491,
                0.9999998,
                0.7589824
            ]
        },
        {
            "template_name": "fcaebfe141f5a16bffdb8599c50551150353010c",
            "translation": [
                -4.5637202,
                -1.1920928955078126e-7,
                1.3999197
            ],
            "rotation": [
                0.7071068,
                0.0,
                0.7071067,
                0.0
            ],
            "motion_type": "static",
            "non_uniform_scale": [
                0.8159973,
                0.9999998,
                0.8656476
            ]
        },
        {
            "template_name": "4cbbd13374f324d6d910ae87a3dfa9e713af63e6",
            "translation": [
                0.0181856,
                0.3500001,
                -2.4747672
            ],
            "rotation": [
                0.2489514,
                0.0,
                0.9685158,
                0.0
            ],
            "motion_type": "static",
            "non_uniform_scale": [
                0.9441182,
                0.9999998,
                0.8900148
            ]
        },
        {
            "template_name": "93c69372708aca0d01ac13f43b030f9cb85e42c7",
            "translation": [
                -4.2877302,
                3.17,
                -3.0387597
            ],
            "motion_type": "static"
        },
        {
            "template_name": "173e5601f4ccf2f9db8cfd5829f9df5313525492",
            "translation": [
                -6.5717201,
                3.1700003,
                -7.5920195
            ],
            "rotation": [
                0.7071068,
                0.0,
                -0.7071067,
                0.0
            ],
            "motion_type": "static"
        },
        {
            "template_name": "2c0d3b1f712185ebacd6cb5e39e1551e13e6ee60",
            "translation": [
                -3.4203996,
                -1.1920928955078126e-7,
                1.4712797
            ],
            "rotation": [
                0.7071068,
                0.0,
                -0.7071067,
                0.0
            ],
            "motion_type": "static",
            "non_uniform_scale": [
                -0.9999997,
                0.9999998,
                0.8068692
            ]
        },
        {
            "template_name": "8d9054ad97c768ff4bb422135502208920a8512e",
            "translation": [
                -7.7984199,
                -5.960464477539063e-8,
                1.1799899
            ],
            "rotation": [
                0.0,
                0.0,
                1.0,
                0.0
            ],
            "motion_type": "static"
        },
        {
            "template_name": "0463153d9be9a8603ecd0e9af7e7763f42ee6c92",
            "translation": [
                -2.47108,
                3.2782554626464846e-7,
                -5.6763696
            ],
            "rotation": [
                0.0,
                0.0,
                1.0,
                0.0
            ],
            "motion_type": "static",
            "non_uniform_scale": [
                0.7290161,
                0.9999998,
                0.8791068
            ]
        },
        {
            "template_name": "xxxx5ae6c084xa11bx48a9xbcf2xc6a3faff10ea",
            "translation": [
                -0.9700499,
                1.9812501,
                -8.9682788
            ],
            "rotation": [
                0.7071068,
                0.7071067,
                0.0,
                0.0
            ],
            "motion_type": "static"
        },
        {
            "template_name": "219-31",
            "translation": [
                -0.7296798,
                1.6649997,
                2.3464899
            ],
            "rotation": [
                0.0,
                0.0,
                1.0,
                0.0
            ],
            "motion_type": "static",
            "non_uniform_scale": [
                -1.0,
                0.9999998,
                0.9999998
            ]
        },
        {
            "template_name": "3758-8",
            "translation": [
                -4.4669299,
                1.4499998,
                2.3464899
            ],
            "rotation": [
                0.0,
                0.0,
                1.0,
                0.0
            ],
            "motion_type": "static",
            "non_uniform_scale": [
                -1.0,
                0.9999998,
                0.9999998
            ]
        },
        {
            "template_name": "219-32",
            "translation": [
                0.7542198,
                1.6650002,
                -6.4061193
            ],
            "rotation": [
                0.7071068,
                0.0,
                -0.7071067,
                0.0
            ],
            "motion_type": "static",
            "non_uniform_scale": [
                -0.9999998,
                0.9999998,
                0.9999998
            ]
        },
        {
            "template_name": "219-33",
            "translation": [
                0.7542198,
                1.6650003,
                -7.9793996
            ],
            "rotation": [
                0.7071068,
                0.0,
                -0.7071067,
                0.0
            ],
            "motion_type": "static",
            "non_uniform_scale": [
                -0.9999998,
                0.9999998,
                0.9999998
            ]
        },
        {
            "template_name": "201-2",
            "translation": [
                -6.51336,
                1.1200003,
                -9.0432786
            ],
            "rotation": [
                0.0,
                0.0,
                1.0,
                0.0
            ],
            "motion_type": "static"
        },
        {
            "template_name": "208-7",
            "translation": [
                -0.4396398,
                1.3950001,
                -3.5605096
            ],
            "rotation": [
                0.7071067,
                0.0,
                0.7071068,
                0.0
            ],
            "motion_type": "static"
        },
        {
            "template_name": "219-31",
            "translation": [
                0.7542198,
                1.6649997,
                1.3489098
            ],
            "rotation": [
                0.7071068,
                0.0,
                -0.7071067,
                0.0
            ],
            "motion_type": "static",
            "non_uniform_scale": [
                -0.9999998,
                0.9999998,
                0.9999998
            ]
        },
        {
            "template_name": "219-31",
            "translation": [
                -8.5434303,
                1.6649997,
                1.34888
            ],
            "rotation": [
                0.7071067,
                0.0,
                0.7071067,
                0.0
            ],
            "motion_type": "static",
            "non_uniform_scale": [
                -0.9999998,
                0.9999998,
                0.9999998
            ]
        },
        {
            "template_name": "219-31",
            "translation": [
                -8.5434303,
                1.6649998,
                -0.5711097
            ],
            "rotation": [
                0.7071067,
                0.0,
                0.7071067,
                0.0
            ],
            "motion_type": "static",
            "non_uniform_scale": [
                -0.9999998,
                0.9999998,
                0.9999998
            ]
        },
        {
            "template_name": "4373-2",
            "translation": [
                -8.5434303,
                1.58,
                -4.4287695
            ],
            "rotation": [
                0.7071067,
                0.0,
                0.7071067,
                0.0
            ],
            "motion_type": "static",
            "non_uniform_scale": [
                -0.9999998,
                0.9999998,
                0.9999998
            ]
        }
    ],
    "articulated_object_instances": [],
    "stage_instance": {
        "template_name": "stages/103997643_171030747",
        "motion_type": "static"
    },
    "pbr_shader_region_configs": {},
    "user_defined": {
        "scene_filter_file": "scene_filter_files/103997643_171030747.rec_filter.json"
    }
}