{
    "translation_origin": "asset_local",
    "default_lighting": "",
    "navmesh_instance": "",
    "object_instances": [
        {
            "template_name": "c492bd41185b54c67b1616ac3ffd920be0d77977",
            "translation": [
                -6.9710302,
                1.2898817658424377e-07,
                -2.1609396
            ],
            "rotation": [
                0.7071068,
                0.0,
                0.7071067,
                0.0
            ],
            "motion_type": "static"
        },
        {
            "template_name": "c492bd41185b54c67b1616ac3ffd920be0d77977",
            "translation": [
                -8.2785196,
                1.2898817658424377e-07,
                -2.1609396
            ],
            "rotation": [
                0.7071068,
                0.0,
                0.7071067,
                0.0
            ],
            "motion_type": "static"
        },
        {
            "template_name": "0f58bea68d073b81deb36a8339cd9cac77094ffc",
            "translation": [
                -6.5208296,
                1.5717102,
                -7.4639496
            ],
            "rotation": [
                -0.5,
                -0.5,
                0.5,
                -0.4999999
            ],
            "motion_type": "static"
        },
        {
            "template_name": "ced51760e36e33d31c5a793d326597c322213c53",
            "translation": [
                -6.7210998,
                4.470348358154297e-07,
                -7.4557294
            ],
            "rotation": [
                0.7071068,
                0.0,
                -0.7071067,
                0.0
            ],
            "motion_type": "static"
        },
        {
            "template_name": "803ac565bad745f9121d9e77592c453ec1272069",
            "translation": [
                -0.0471799,
                1.4550697,
                2.5435099
            ],
            "rotation": [
                -0.5,
                -0.5,
                0.5,
                -0.4999999
            ],
            "motion_type": "static"
        },
        {
            "template_name": "7a45c8eb410d510348f6593f04a9269d25b32f35",
            "translation": [
                -0.0471799,
                1.4516798,
                1.9595398
            ],
            "rotation": [
                -0.5,
                -0.5,
                0.5,
                -0.4999999
            ],
            "motion_type": "static"
        },
        {
            "template_name": "39dddc5b62e3132b56cd4ad075467af619155973",
            "translation": [
                -0.0471799,
                2.2216496,
                2.3129398
            ],
            "rotation": [
                -0.5,
                -0.5,
                0.5,
                -0.4999999
            ],
            "motion_type": "static"
        },
        {
            "template_name": "a18e4a5fb440c03400faea4b8e9ddc4793071dde",
            "translation": [
                -6.6048998,
                1.9141703,
                -7.8004693
            ],
            "rotation": [
                0.7071068,
                0.0,
                -0.7071067,
                0.0
            ],
            "motion_type": "static"
        },
        {
            "template_name": "cedadc462593d61a36ca5d0f9856b44b73866e48",
            "translation": [
                -5.3120493,
                -1.448206603527069e-07,
                2.4279298
            ],
            "rotation": [
                0.7071068,
                0.0,
                0.7071067,
                0.0
            ],
            "motion_type": "static"
        },
        {
            "template_name": "cad4f138344f6fc378d72b05e0584155649f1ad6",
            "translation": [
                -9.0551347,
                2.384185791015625e-07,
                -4.0518345
            ],
            "rotation": [
                0.0,
                0.0,
                1.0,
                0.0
            ],
            "motion_type": "static"
        },
        {
            "template_name": "cad4f138344f6fc378d72b05e0584155649f1ad6",
            "translation": [
                -6.111155,
                2.384185791015625e-07,
                -3.9414548
            ],
            "motion_type": "static"
        },
        {
            "template_name": "6e8ba0503682447c09014295ae4e35b1f3fc1f5f",
            "translation": [
                -0.0471849,
                1.3765898,
                0.7134001
            ],
            "rotation": [
                -0.5,
                -0.5,
                0.5,
                -0.4999999
            ],
            "motion_type": "static"
        },
        {
            "template_name": "316d7bc87db3c6ee1fdc26601bcda7d18c5110fb",
            "translation": [
                -0.36831,
                -3.5762786865234375e-07,
                5.7584247
            ],
            "rotation": [
                0.7071068,
                0.0,
                -0.7071067,
                0.0
            ],
            "motion_type": "static"
        },
        {
            "template_name": "63fdda1d91015a6cdab90f532154abbdb9d8b868",
            "translation": [
                -7.7475199,
                1.7193697,
                -0.1162399
            ],
            "rotation": [
                0.7071068,
                0.7071067,
                0.0,
                0.0
            ],
            "motion_type": "static"
        },
        {
            "template_name": "7b8043690d248ad6a666dfd03dd92a046ee2950d",
            "translation": [
                -7.6072402,
                0.48,
                -2.1264197
            ],
            "rotation": [
                0.7071068,
                0.0,
                0.7071067,
                0.0
            ],
            "motion_type": "static"
        },
        {
            "template_name": "deae2fd69a0752bc5da79083dad3a4b9f7317da6",
            "translation": [
                -8.2485647,
                -5.960464477539063e-08,
                0.9503099
            ],
            "rotation": [
                0.7071068,
                0.0,
                0.7071067,
                0.0
            ],
            "motion_type": "static"
        },
        {
            "template_name": "deae2fd69a0752bc5da79083dad3a4b9f7317da6",
            "translation": [
                -8.2522649,
                -1.7881393432617188e-07,
                3.0901098
            ],
            "rotation": [
                0.7071068,
                0.0,
                0.7071067,
                0.0
            ],
            "motion_type": "static"
        },
        {
            "template_name": "c599885fbfa5229ee9b7d254bd4c55544d58650a",
            "translation": [
                -8.5771799,
                -4.069879651069641e-07,
                6.8266596
            ],
            "rotation": [
                0.0,
                0.0,
                1.0,
                0.0
            ],
            "motion_type": "static"
        },
        {
            "template_name": "c599885fbfa5229ee9b7d254bd4c55544d58650a",
            "translation": [
                -8.5771799,
                -3.2782554626464844e-07,
                5.5020499
            ],
            "rotation": [
                0.0,
                0.0,
                1.0,
                0.0
            ],
            "motion_type": "static"
        },
        {
            "template_name": "948e5085232e643a2d1db6e242e33cb504939353",
            "translation": [
                -0.0471899,
                2.1714799,
                0.91758
            ],
            "rotation": [
                -0.5,
                -0.5,
                0.5,
                -0.4999999
            ],
            "motion_type": "static"
        },
        {
            "template_name": "2c924aaa02c24da3ad6147b51290eb251414ce19",
            "translation": [
                -6.6397995,
                1.9149403,
                -7.3056302
            ],
            "rotation": [
                0.7071068,
                0.0,
                0.7071067,
                0.0
            ],
            "motion_type": "static"
        },
        {
            "template_name": "183616ff4a41ac27ce0b8456acb0837c5135ca76",
            "translation": [
                -3.8912999,
                -1.4901161193847656e-08,
                0.2627499
            ],
            "motion_type": "static"
        },
        {
            "template_name": "183616ff4a41ac27ce0b8456acb0837c5135ca76",
            "translation": [
                -6.7736401,
                -1.4901161193847656e-08,
                0.2627499
            ],
            "motion_type": "static"
        },
        {
            "template_name": "9ea576f777e725c6339a559b2016e507ca315445",
            "translation": [
                -9.9644498,
                1.9158799,
                -2.3792498
            ],
            "rotation": [
                0.4999999,
                0.4999999,
                0.5,
                -0.5
            ],
            "motion_type": "static"
        },
        {
            "template_name": "55cdd89c54340c91ae14f798ac91e0e17e12acec",
            "translation": [
                -9.9644498,
                1.7119003,
                -7.0153841
            ],
            "rotation": [
                0.4999999,
                0.4999999,
                0.5,
                -0.5
            ],
            "motion_type": "static"
        },
        {
            "template_name": "9ba404814ba1c98960f3ea4ea50af8b1d3f01003",
            "translation": [
                -5.32135,
                -1.4901161193847656e-07,
                2.4886498
            ],
            "motion_type": "static"
        },
        {
            "template_name": "a4ee814e1017f4dd36e69e162487016e940aaec6",
            "translation": [
                -2.8485898,
                -2.384185791015625e-07,
                4.3534193
            ],
            "motion_type": "static"
        },
        {
            "template_name": "95d1e189e93694bb8eee73a64b0d84a8be5a5057",
            "translation": [
                -1.9788498,
                0.0,
                -0.5266299
            ],
            "rotation": [
                0.7071068,
                0.0,
                0.7071067,
                0.0
            ],
            "motion_type": "static"
        },
        {
            "template_name": "95d1e189e93694bb8eee73a64b0d84a8be5a5057",
            "translation": [
                -5.1550502,
                0.0,
                -0.4922899
            ],
            "rotation": [
                0.5913096,
                0.0,
                0.8064445,
                0.0
            ],
            "motion_type": "static"
        },
        {
            "template_name": "d7a3dde8404ee343b4f7e1415055a5af0330bbe6",
            "translation": [
                -3.5937798,
                8.940696716308594e-08,
                -1.7071198
            ],
            "rotation": [
                0.0,
                0.0,
                1.0,
                0.0
            ],
            "motion_type": "static",
            "non_uniform_scale": [
                0.7414698,
                1.0367453,
                1.0990812
            ]
        },
        {
            "template_name": "5f34ecd96bc47d523bc77ef89369819e7d697fb5",
            "translation": [
                -3.5987799,
                1.4901161193847656e-07,
                -2.5604896
            ],
            "motion_type": "static"
        },
        {
            "template_name": "209ec1724b1dc00bc94122ff60f947a94485824b",
            "translation": [
                -5.3820896,
                -1.1920928955078125e-07,
                1.1353549
            ],
            "motion_type": "static"
        },
        {
            "template_name": "59e2098bdf649cd68c660a4ef8c31c70c0c9fe26",
            "translation": [
                -3.11747,
                5.960464477539063e-08,
                -0.8088549
            ],
            "rotation": [
                0.0,
                0.0,
                1.0,
                0.0
            ],
            "motion_type": "static"
        },
        {
            "template_name": "59e2098bdf649cd68c660a4ef8c31c70c0c9fe26",
            "translation": [
                -4.1546998,
                5.960464477539063e-08,
                -0.8335348
            ],
            "rotation": [
                0.0,
                0.0,
                1.0,
                0.0
            ],
            "motion_type": "static"
        },
        {
            "template_name": "59e2098bdf649cd68c660a4ef8c31c70c0c9fe26",
            "translation": [
                -5.0195946,
                1.1920928955078125e-07,
                -1.8466799
            ],
            "rotation": [
                0.7071068,
                0.0,
                0.7071067,
                0.0
            ],
            "motion_type": "static"
        },
        {
            "template_name": "59e2098bdf649cd68c660a4ef8c31c70c0c9fe26",
            "translation": [
                -2.1679751,
                1.1920928955078125e-07,
                -1.7283998
            ],
            "rotation": [
                0.7071068,
                0.0,
                -0.7071067,
                0.0
            ],
            "motion_type": "static"
        },
        {
            "template_name": "33b8f704a5c49dd40b82ae9df6715200937e4c9a",
            "translation": [
                -8.6997146,
                2.9802322387695312e-08,
                -0.65777
            ],
            "rotation": [
                0.2630312,
                0.0,
                0.9647873,
                0.0
            ],
            "motion_type": "static"
        },
        {
            "template_name": "33b8f704a5c49dd40b82ae9df6715200937e4c9a",
            "translation": [
                -6.7105545,
                2.9802322387695312e-08,
                -0.6170769
            ],
            "rotation": [
                -0.1521234,
                0.0,
                0.9883614,
                0.0
            ],
            "motion_type": "static"
        },
        {
            "template_name": "0175aa74c194cf1c634ee79498cd4afc793badfe",
            "translation": [
                -7.7422499,
                2.9802322387695312e-08,
                -0.2835899
            ],
            "rotation": [
                0.0,
                0.0,
                1.0,
                0.0
            ],
            "motion_type": "static"
        },
        {
            "template_name": "482351496548bc89258838f6630d0c73afe3a158",
            "translation": [
                -9.0300397,
                -2.3096799850463867e-07,
                3.8230497
            ],
            "rotation": [
                0.0,
                0.0,
                1.0,
                0.0
            ],
            "motion_type": "static"
        },
        {
            "template_name": "482351496548bc89258838f6630d0c73afe3a158",
            "translation": [
                -10.4682397,
                -2.3096799850463867e-07,
                3.8230497
            ],
            "motion_type": "static"
        },
        {
            "template_name": "482351496548bc89258838f6630d0c73afe3a158",
            "translation": [
                -9.72824,
                -2.3096799850463867e-07,
                3.8230497
            ],
            "motion_type": "static"
        },
        {
            "template_name": "482351496548bc89258838f6630d0c73afe3a158",
            "translation": [
                -9.0300397,
                -1.4901161193847656e-08,
                0.2282599
            ],
            "motion_type": "static"
        },
        {
            "template_name": "482351496548bc89258838f6630d0c73afe3a158",
            "translation": [
                -9.7700395,
                -1.4901161193847656e-08,
                0.2282599
            ],
            "motion_type": "static"
        },
        {
            "template_name": "482351496548bc89258838f6630d0c73afe3a158",
            "translation": [
                -10.5111112,
                -1.4901161193847656e-08,
                0.2282599
            ],
            "motion_type": "static"
        },
        {
            "template_name": "6b7a97410962beeaac98352e4c73f61b49f04f8a",
            "translation": [
                -2.9381649,
                -4.470348358154297e-07,
                7.5191888
            ],
            "rotation": [
                0.1736482,
                0.0,
                0.9848077,
                0.0
            ],
            "motion_type": "static"
        },
        {
            "template_name": "14bdc1398760aef6d8757e2dd6a1c674d7851e66",
            "translation": [
                -3.6029601,
                0.76,
                -1.6797199
            ],
            "rotation": [
                0.0,
                0.0,
                1.0,
                0.0
            ],
            "motion_type": "static"
        },
        {
            "template_name": "7b9bd3aa9feb6c9d38f33ee9406746b33e0c76c8",
            "translation": [
                -3.6296851,
                2.7999999,
                -1.6884596
            ],
            "rotation": [
                0.0,
                0.0,
                1.0,
                0.0
            ],
            "motion_type": "static"
        },
        {
            "template_name": "c52452b350951c3985cda3e780b11002133e9e7d",
            "translation": [
                -3.87273,
                0.4599999,
                0.21176
            ],
            "rotation": [
                0.0,
                0.0,
                1.0,
                0.0
            ],
            "motion_type": "static"
        },
        {
            "template_name": "c52452b350951c3985cda3e780b11002133e9e7d",
            "translation": [
                -6.7550702,
                0.4599999,
                0.21176
            ],
            "rotation": [
                0.0,
                0.0,
                1.0,
                0.0
            ],
            "motion_type": "static"
        },
        {
            "template_name": "e7b5486297f2cfdaf1f4398fac6e425913f3124f",
            "translation": [
                -7.63836,
                1.341104507446289e-07,
                -2.1388597
            ],
            "motion_type": "static"
        },
        {
            "template_name": "97c1e35ddbb0d2cdb89e96f689292a83b8fb4344",
            "translation": [
                -9.9644498,
                1.7113504,
                -7.7573843
            ],
            "rotation": [
                0.4999999,
                0.4999999,
                0.5,
                -0.5
            ],
            "motion_type": "static"
        },
        {
            "template_name": "2603ceec3f2913a4c4cb9af2855267babd1405a9",
            "translation": [
                -10.8811101,
                1.3725696,
                1.97561
            ],
            "rotation": [
                0.4999999,
                0.4999999,
                0.5,
                -0.5
            ],
            "motion_type": "static"
        },
        {
            "template_name": "846aba736b25b51bf2036986d36451a37cd7431e",
            "translation": [
                -4.8799123,
                3.5762786865234375e-07,
                -6.1590294
            ],
            "motion_type": "static",
            "non_uniform_scale": [
                1.4319407,
                1.1962147,
                0.9999998
            ]
        },
        {
            "template_name": "58628e28273d80b364691f0c630ff61c32582140",
            "translation": [
                -3.54797,
                1.7836796,
                3.9780447
            ],
            "rotation": [
                0.0,
                0.0,
                0.7071068,
                -0.7071067
            ],
            "motion_type": "static"
        },
        {
            "template_name": "049516ae0f5a27903a2ad93bfd992979822736c8",
            "translation": [
                -2.17103,
                2.7999999,
                -4.6277594
            ],
            "rotation": [
                0.7071068,
                0.0,
                0.7071067,
                0.0
            ],
            "motion_type": "static"
        },
        {
            "template_name": "049516ae0f5a27903a2ad93bfd992979822736c8",
            "translation": [
                -2.9946999,
                2.7999999,
                -4.6169996
            ],
            "rotation": [
                0.7071068,
                0.0,
                0.7071067,
                0.0
            ],
            "motion_type": "static"
        },
        {
            "template_name": "9a3088569a30af0d48537da4e3b6de33f5d46131",
            "translation": [
                -8.3285999,
                4.3585896492004395e-07,
                -7.3157296
            ],
            "rotation": [
                0.7071068,
                0.0,
                0.7071067,
                0.0
            ],
            "motion_type": "static",
            "non_uniform_scale": [
                0.7342994,
                0.9999998,
                1.1842103
            ]
        },
        {
            "template_name": "61942d8b26f0cfa5591274e562baf4835835e07a",
            "translation": [
                -5.6068344,
                -2.384185791015625e-07,
                3.8483698
            ],
            "rotation": [
                0.0,
                0.0,
                1.0,
                0.0
            ],
            "motion_type": "static"
        },
        {
            "template_name": "61942d8b26f0cfa5591274e562baf4835835e07a",
            "translation": [
                -7.4248747,
                -2.384185791015625e-07,
                3.8483698
            ],
            "rotation": [
                0.0,
                0.0,
                1.0,
                0.0
            ],
            "motion_type": "static"
        },
        {
            "template_name": "0b28920a9c0655a6061b47049d7a50d9c4918840",
            "translation": [
                -2.9502449,
                2.384185791015625e-07,
                -3.9088797
            ],
            "rotation": [
                0.0,
                0.0,
                1.0,
                0.0
            ],
            "motion_type": "static"
        },
        {
            "template_name": "0b28920a9c0655a6061b47049d7a50d9c4918840",
            "translation": [
                -2.2228949,
                2.384185791015625e-07,
                -3.9088797
            ],
            "rotation": [
                0.0,
                0.0,
                1.0,
                0.0
            ],
            "motion_type": "static"
        },
        {
            "template_name": "f2bad92c971eaffdd1812db430aed6f7d1196f46",
            "translation": [
                -9.8144502,
                1.1920928955078125e-07,
                -2.3672397
            ],
            "rotation": [
                0.7071068,
                0.0,
                0.7071067,
                0.0
            ],
            "motion_type": "static"
        },
        {
            "template_name": "e4c6be2ca11e36101c00ac1ecc0be31577076366",
            "translation": [
                -7.5827693,
                2.384185791015625e-07,
                -3.8395998
            ],
            "motion_type": "static"
        },
        {
            "template_name": "c26b16c8dfdba6600221a57542782292c15e983b",
            "translation": [
                -0.8472899,
                -4.76837158203125e-07,
                7.8030495
            ],
            "rotation": [
                0.0,
                0.0,
                1.0,
                0.0
            ],
            "motion_type": "static"
        },
        {
            "template_name": "e586ce33ed5105f3eccad9b2c3d2c11d9f0d27d6",
            "translation": [
                -6.5208301,
                1.8989403,
                -7.2419695
            ],
            "rotation": [
                -0.5,
                -0.5,
                0.5,
                -0.4999999
            ],
            "motion_type": "static"
        },
        {
            "template_name": "e586ce33ed5105f3eccad9b2c3d2c11d9f0d27d6",
            "translation": [
                -6.5208301,
                1.8981703,
                -7.6685094
            ],
            "rotation": [
                -0.5,
                -0.5,
                0.5,
                -0.4999999
            ],
            "motion_type": "static"
        },
        {
            "template_name": "d71af85f2f9dbc732b08fe4fa3291df1f9a8df44",
            "translation": [
                -2.2471799,
                3.5762786865234375e-07,
                -6.1606688
            ],
            "motion_type": "static"
        },
        {
            "template_name": "018f52ea0b259b9134aaa3685171d7ffe624c3dc",
            "translation": [
                -9.5706195,
                0.0,
                -0.36884
            ],
            "rotation": [
                0.7071068,
                0.0,
                0.7071067,
                0.0
            ],
            "motion_type": "static"
        },
        {
            "template_name": "018f52ea0b259b9134aaa3685171d7ffe624c3dc",
            "translation": [
                -5.8356199,
                0.0,
                -0.4431599
            ],
            "rotation": [
                0.9883615,
                0.0,
                0.1521233,
                0.0
            ],
            "motion_type": "static"
        },
        {
            "template_name": "86b43eb3f22b6766fc1561bd986356c709b260b2",
            "translation": [
                -6.6285901,
                4.172325134277344e-07,
                -6.6856994
            ],
            "rotation": [
                0.7071068,
                0.0,
                -0.7071067,
                0.0
            ],
            "motion_type": "static"
        },
        {
            "template_name": "2a4050fbd2bb666d909c45363867a8a4032985bd",
            "translation": [
                -10.8805389,
                1.7511197,
                2.8168799
            ],
            "rotation": [
                0.4999999,
                0.4999999,
                0.5,
                -0.5
            ],
            "motion_type": "static"
        },
        {
            "template_name": "2a4050fbd2bb666d909c45363867a8a4032985bd",
            "translation": [
                -10.8805389,
                1.7511197,
                1.29039
            ],
            "rotation": [
                0.4999999,
                0.4999999,
                0.5,
                -0.5
            ],
            "motion_type": "static"
        },
        {
            "template_name": "f08cea95ed3824994d6e397f92e11893f192ce32",
            "translation": [
                -2.59323,
                3.2223761081695557e-07,
                -5.4046096
            ],
            "rotation": [
                0.7071068,
                0.0,
                -0.7071067,
                0.0
            ],
            "motion_type": "static"
        },
        {
            "template_name": "8530ade95f3de9d908b808785b51671d866ffc5a",
            "translation": [
                -7.157967,
                0.0010004,
                -6.5643796
            ],
            "rotation": [
                -0.2461532,
                0.0,
                0.9692308,
                0.0
            ],
            "motion_type": "static"
        },
        {
            "template_name": "b7dfb556eece02997b62d5e59d18abb0069b42a7",
            "translation": [
                -2.31777,
                -2.384185791015625e-07,
                3.5636794
            ],
            "rotation": [
                0.0,
                0.0,
                1.0,
                0.0
            ],
            "motion_type": "static"
        },
        {
            "template_name": "c297a0aa0e10191441cbf9d7108bd04c780232a3",
            "translation": [
                -6.2513399,
                2.7999999,
                -1.9264398
            ],
            "rotation": [
                0.7071068,
                0.0,
                -0.7071067,
                0.0
            ],
            "motion_type": "static"
        },
        {
            "template_name": "c297a0aa0e10191441cbf9d7108bd04c780232a3",
            "translation": [
                -6.2513399,
                2.7999999,
                -4.6917495
            ],
            "rotation": [
                0.7071068,
                0.0,
                -0.7071067,
                0.0
            ],
            "motion_type": "static"
        },
        {
            "template_name": "c297a0aa0e10191441cbf9d7108bd04c780232a3",
            "translation": [
                -2.5130798,
                2.7999999,
                -1.9264398
            ],
            "rotation": [
                0.7071068,
                0.0,
                -0.7071067,
                0.0
            ],
            "motion_type": "static"
        },
        {
            "template_name": "c297a0aa0e10191441cbf9d7108bd04c780232a3",
            "translation": [
                -2.5130798,
                2.7999999,
                -4.6657996
            ],
            "rotation": [
                0.7071068,
                0.0,
                -0.7071067,
                0.0
            ],
            "motion_type": "static"
        },
        {
            "template_name": "9c403fc76f1ff83787ae5cfce605d64cf8fad195",
            "translation": [
                -2.6054599,
                2.682209014892578e-07,
                -4.3486385
            ],
            "rotation": [
                0.0,
                0.0,
                1.0,
                0.0
            ],
            "motion_type": "static"
        },
        {
            "template_name": "76eb8317661751dd4897b39db29df5db517e2d5c",
            "translation": [
                -9.5911397,
                4.470348358154297e-07,
                -7.7427096
            ],
            "rotation": [
                0.7071068,
                0.0,
                0.7071067,
                0.0
            ],
            "motion_type": "static"
        },
        {
            "template_name": "bbdc1b4f72d1347d144887c3b5d4d614737d3737",
            "translation": [
                -3.1665799,
                -2.8172507882118225e-07,
                4.7280397
            ],
            "motion_type": "static"
        },
        {
            "template_name": "bbdc1b4f72d1347d144887c3b5d4d614737d3737",
            "translation": [
                -2.5306,
                -2.8172507882118225e-07,
                4.7280397
            ],
            "rotation": [
                0.0,
                0.0,
                1.0,
                0.0
            ],
            "motion_type": "static"
        },
        {
            "template_name": "480111a853f06b59b206ceae1b31a8780b97625b",
            "translation": [
                -9.7126846,
                1.1920928955078125e-07,
                -1.1390898
            ],
            "rotation": [
                0.7071068,
                0.0,
                0.7071067,
                0.0
            ],
            "motion_type": "static"
        },
        {
            "template_name": "480111a853f06b59b206ceae1b31a8780b97625b",
            "translation": [
                -9.7126846,
                2.384185791015625e-07,
                -3.5953898
            ],
            "rotation": [
                0.7071068,
                0.0,
                0.7071067,
                0.0
            ],
            "motion_type": "static"
        },
        {
            "template_name": "204-2",
            "translation": [
                -8.3030004,
                1.1200004,
                -8.1435089
            ],
            "rotation": [
                0.0,
                0.0,
                1.0,
                0.0
            ],
            "motion_type": "static"
        },
        {
            "template_name": "211-7",
            "translation": [
                -6.4715104,
                1.1199996,
                4.0580501
            ],
            "rotation": [
                0.0,
                0.0,
                1.0,
                0.0
            ],
            "motion_type": "static",
            "non_uniform_scale": [
                -1.0,
                0.9999998,
                0.9999998
            ]
        }
    ],
    "articulated_object_instances": [],
    "stage_instance": {
        "template_name": "stages/103997460_171030507",
        "motion_type": "static"
    },
    "user_defined": {
        "scene_filter_file": "scene_filter_files/103997460_171030507.rec_filter.json"
    }
}