{
    "translation_origin": "asset_local",
    "default_lighting": "",
    "navmesh_instance": "",
    "semantic_scene_instance": "hssd_ssd_map",
    "default_pbr_shader_config": "./data/default.pbr_config.json",
    "object_instances": [
        {
            "template_name": "8d94d6f4782e78916fe4795e2a339a7cfbafe892",
            "translation": [
                -10.0456199,
                1.1892805,
                -8.6448888
            ],
            "rotation": [
                0.7071068,
                0.7071067,
                0.0,
                0.0
            ],
            "motion_type": "static"
        },
        {
            "template_name": "c5844462115398e25206a58ce202d227fa51f00a",
            "translation": [
                -4.0580301,
                8.940696716308594e-8,
                -1.5277998
            ],
            "rotation": [
                0.015946,
                0.0,
                0.9998728,
                0.0
            ],
            "motion_type": "static"
        },
        {
            "template_name": "6561f279b05e443c3e5d9c9951f9afedae97a66c",
            "translation": [
                -2.7709798,
                1.7881393432617188e-7,
                -3.0699896
            ],
            "rotation": [
                0.9020754,
                0.0,
                -0.4315783,
                0.0
            ],
            "motion_type": "static"
        },
        {
            "template_name": "5397863a895b8b24a392257cad02364558957d1d",
            "translation": [
                -12.7273397,
                0.8822301,
                -2.8259747
            ],
            "rotation": [
                0.7071068,
                0.0,
                0.7071067,
                0.0
            ],
            "motion_type": "static"
        },
        {
            "template_name": "e24cb1a2f2c4a167e82e80066b467940ae18bf9f",
            "translation": [
                -2.23689,
                1.7999998,
                -0.6201298
            ],
            "rotation": [
                0.7071068,
                0.0,
                0.7071067,
                0.0
            ],
            "motion_type": "static"
        },
        {
            "template_name": "31a836ff6a75ebbe6b25f9d9872bf7e6dd1395eb",
            "translation": [
                -15.4047403,
                2.384185791015625e-7,
                -3.9546597
            ],
            "rotation": [
                0.7071068,
                0.0,
                0.7071067,
                0.0
            ],
            "motion_type": "static"
        },
        {
            "template_name": "22985f12640ffc8e2bb4fa5472ba3296aada6dac",
            "translation": [
                -1.6144,
                2.8000001,
                -2.4623198
            ],
            "rotation": [
                0.9426413,
                0.0,
                0.3338069,
                0.0
            ],
            "motion_type": "static"
        },
        {
            "template_name": "f750d0e1ad08f7cbbe1199dc1cbeffcecd29db60",
            "translation": [
                -0.0790899,
                0.75,
                -3.2447998
            ],
            "rotation": [
                -0.5,
                -0.5,
                0.5,
                -0.4999999
            ],
            "motion_type": "static"
        },
        {
            "template_name": "df1b35b83e9be8e408971f2afc6c836387c8df95",
            "translation": [
                -12.2065896,
                0.5500004,
                -8.4544792
            ],
            "rotation": [
                0.9902679,
                0.0,
                0.1391731,
                0.0
            ],
            "motion_type": "static"
        },
        {
            "template_name": "6f12433d677e5a2227389fd4a53d30ca5ca65881",
            "translation": [
                -13.5746402,
                2.980232238769531e-7,
                -4.5271596
            ],
            "motion_type": "static"
        },
        {
            "template_name": "68ff1097f76976c669353c9e85003ebaed75f7b0",
            "translation": [
                -4.7322797,
                1.1920928955078126e-7,
                -1.6239198
            ],
            "rotation": [
                0.7071068,
                0.0,
                -0.7071067,
                0.0
            ],
            "motion_type": "static"
        },
        {
            "template_name": "9f43112d6f35621565da3c1232ea940d7d9c555e",
            "translation": [
                -8.49796,
                1.7881393432617188e-7,
                -2.9281599
            ],
            "rotation": [
                0.0,
                0.0,
                1.0,
                0.0
            ],
            "motion_type": "static"
        },
        {
            "template_name": "xxxx00d69168xd653x47aex95c8x4e0a56853ba2",
            "translation": [
                -1.40057,
                1.08,
                -0.6099798
            ],
            "rotation": [
                0.7071068,
                0.0,
                -0.7071067,
                0.0
            ],
            "motion_type": "static"
        },
        {
            "template_name": "xxxx67393f5ex03ecx498cx9027x628f1075350c",
            "translation": [
                -10.9668397,
                1.7500003,
                -8.6448898
            ],
            "rotation": [
                0.7071068,
                0.7071067,
                0.0,
                0.0
            ],
            "motion_type": "static"
        },
        {
            "template_name": "4a0dcc762f78bcca846fa2490b5fa65920408411",
            "translation": [
                -4.02355,
                0.0,
                -0.2993099
            ],
            "rotation": [
                0.0,
                0.0,
                1.0,
                0.0
            ],
            "motion_type": "static"
        },
        {
            "template_name": "35880f4a551d6b1790f8ded9b23498f1da88575b",
            "translation": [
                -12.6388406,
                2.384185791015625e-7,
                -4.4801092
            ],
            "motion_type": "static"
        },
        {
            "template_name": "20e9177223672e9bf6bd79a4db6022cb27c03e58",
            "translation": [
                -7.4520897,
                3.2782554626464846e-7,
                -5.2996597
            ],
            "rotation": [
                0.7071068,
                0.0,
                0.7071067,
                0.0
            ],
            "motion_type": "static"
        },
        {
            "template_name": "4674e54f5e3e83758a27435ec7a38e78ae3b0018",
            "translation": [
                -6.2190651,
                1.6542617231607438e-7,
                -2.7758798
            ],
            "rotation": [
                0.7071068,
                0.0,
                0.7071067,
                0.0
            ],
            "motion_type": "static"
        },
        {
            "template_name": "0a0b9f607345b6cee099d681f28e19e1f0a215c8",
            "translation": [
                -0.0790899,
                1.77572,
                -0.6111598
            ],
            "rotation": [
                -0.5,
                -0.5,
                0.5,
                -0.4999999
            ],
            "motion_type": "static",
            "non_uniform_scale": [
                2.0999994,
                0.9999998,
                1.9166661
            ]
        },
        {
            "template_name": "0f05a38ab774b955ac4179c9750d669d61b9dac1",
            "translation": [
                -0.08019,
                1.75005,
                -4.228619
            ],
            "rotation": [
                -0.5,
                -0.5,
                0.5,
                -0.4999999
            ],
            "motion_type": "static"
        },
        {
            "template_name": "602e95402b712af5ac6273ce4d2d2e6f57229516",
            "translation": [
                -12.2088203,
                2.980232238769531e-7,
                -5.2543497
            ],
            "rotation": [
                0.0,
                0.0,
                1.0,
                0.0
            ],
            "motion_type": "static"
        },
        {
            "template_name": "cf5da8f8914274162f015e5d35af9c16240b77ad",
            "translation": [
                -7.4372501,
                1.7615102,
                -4.8046598
            ],
            "rotation": [
                0.7071068,
                0.7071067,
                0.0,
                0.0
            ],
            "motion_type": "static",
            "non_uniform_scale": [
                3.5,
                0.9999998,
                2.7857139
            ]
        },
        {
            "template_name": "c530b0594e9d724f34319e5bda3df575ef2a5af5",
            "translation": [
                -4.9753699,
                1.7390102,
                -4.8046598
            ],
            "rotation": [
                0.7071068,
                0.7071067,
                0.0,
                0.0
            ],
            "motion_type": "static",
            "non_uniform_scale": [
                3.5,
                0.9999998,
                2.7857139
            ]
        },
        {
            "template_name": "e1c6826f0b01ab57f3fde2c9844c19b8df78b2b0",
            "translation": [
                -15.7547397,
                1.0471401,
                -3.4796597
            ],
            "rotation": [
                0.4999999,
                0.4999999,
                0.5,
                -0.5
            ],
            "motion_type": "static"
        },
        {
            "template_name": "dd7020ee1b0faeca3b3295e6abc9f3fa4a1a1d13",
            "translation": [
                -8.5481901,
                0.762,
                -2.6337497
            ],
            "motion_type": "static"
        },
        {
            "template_name": "78de8224260ece5c3d60024a9c4c0b80ec7502ce",
            "translation": [
                -5.6201906,
                1.7497502,
                -8.6448888
            ],
            "rotation": [
                0.7071068,
                0.7071067,
                0.0,
                0.0
            ],
            "motion_type": "static"
        },
        {
            "template_name": "5e9f09f8e10bd1f8ef10d6aa9c5577eac517e380",
            "translation": [
                -7.5120406,
                1.7881393432617188e-7,
                -2.9318697
            ],
            "rotation": [
                0.7071068,
                0.0,
                -0.7071067,
                0.0
            ],
            "motion_type": "static"
        },
        {
            "template_name": "57ef748a6962b2b7169fa38aaf50293ad64efd57",
            "translation": [
                -4.0806899,
                2.384185791015625e-7,
                -4.0309095
            ],
            "rotation": [
                0.7071068,
                0.0,
                0.7071067,
                0.0
            ],
            "motion_type": "static"
        },
        {
            "template_name": "70de3589ff75d49478cbd1f862193de576139ffa",
            "translation": [
                -10.4488296,
                8.940696716308594e-8,
                -1.37004
            ],
            "rotation": [
                0.0,
                0.0,
                1.0,
                0.0
            ],
            "motion_type": "static"
        },
        {
            "template_name": "70de3589ff75d49478cbd1f862193de576139ffa",
            "translation": [
                -9.9596996,
                8.940696716308594e-8,
                -1.3748698
            ],
            "rotation": [
                0.0,
                0.0,
                1.0,
                0.0
            ],
            "motion_type": "static"
        },
        {
            "template_name": "ba726765d25fd53f9c3e2dab6d63802d3201e249",
            "translation": [
                -11.899825,
                8.940696716308594e-8,
                -1.37004
            ],
            "rotation": [
                0.0,
                0.0,
                1.0,
                0.0
            ],
            "motion_type": "static"
        },
        {
            "template_name": "ba726765d25fd53f9c3e2dab6d63802d3201e249",
            "translation": [
                -12.7888402,
                1.7881393432617188e-7,
                -2.8178651
            ],
            "rotation": [
                0.7071068,
                0.0,
                0.7071067,
                0.0
            ],
            "motion_type": "static"
        },
        {
            "template_name": "d17e5570249b7ddb8e6bd201144d66f128db8a65",
            "translation": [
                -11.0997505,
                5.960464477539063e-8,
                -1.37004
            ],
            "rotation": [
                0.0,
                0.0,
                1.0,
                0.0
            ],
            "motion_type": "static"
        },
        {
            "template_name": "01abb73c808645c18c8ce12e5eef4de115705576",
            "translation": [
                -10.8815565,
                4.470348358154297e-7,
                -7.5878
            ],
            "motion_type": "static",
            "non_uniform_scale": [
                1.2539682,
                0.9999998,
                0.9999998
            ]
        },
        {
            "template_name": "107b95a36ee015115b16bdf38934b3ef2df94452",
            "translation": [
                -4.3835449,
                1.7500002,
                -3.9859397
            ],
            "rotation": [
                0.4999999,
                0.4999999,
                0.5,
                -0.5
            ],
            "motion_type": "static"
        },
        {
            "template_name": "248cabd8b55d854ac4f74627680fa9abbb1dfbfa",
            "translation": [
                -9.2428703,
                1.7881393432617188e-7,
                -2.8734097
            ],
            "rotation": [
                0.7071068,
                0.0,
                0.7071067,
                0.0
            ],
            "motion_type": "static"
        },
        {
            "template_name": "2c7dc44607fb19c2e16312434256f20eb460f21c",
            "translation": [
                -4.5334997,
                1.7500001,
                -3.9300796
            ],
            "rotation": [
                -0.5,
                -0.5,
                0.5,
                -0.4999999
            ],
            "motion_type": "static"
        },
        {
            "template_name": "f1472cfab8e5e70a0112813a8379743200bf5347",
            "translation": [
                -12.1361904,
                5.066394805908203e-7,
                -8.4354991
            ],
            "motion_type": "static"
        },
        {
            "template_name": "12e712ad958cc132ccde4f452c0015fc908cf9ca",
            "translation": [
                -9.6747407,
                1.7500499,
                -1.7202997
            ],
            "rotation": [
                -0.5,
                -0.5,
                0.5,
                -0.4999999
            ],
            "motion_type": "static"
        },
        {
            "template_name": "41474cb8f53d913124f1a84c081b85b7a1358770",
            "translation": [
                -6.7827301,
                4.917383193969727e-7,
                -8.2894792
            ],
            "rotation": [
                0.9671319,
                0.0,
                -0.2542746,
                0.0
            ],
            "motion_type": "static"
        },
        {
            "template_name": "4a720e4382722f7446b0ff289b9ef9b8fd837a87",
            "translation": [
                -5.8243894,
                1.74593,
                -4.8046598
            ],
            "rotation": [
                0.7071068,
                0.7071067,
                0.0,
                0.0
            ],
            "motion_type": "static",
            "non_uniform_scale": [
                3.5,
                0.9999998,
                2.7857139
            ]
        },
        {
            "template_name": "4b4d4be212c38c5f5cd8286a2eee481ac8c5df5a",
            "translation": [
                -8.5111198,
                1.3971297,
                -0.9200397
            ],
            "rotation": [
                0.7071068,
                0.7071067,
                0.0,
                0.0
            ],
            "motion_type": "static"
        },
        {
            "template_name": "4629b2bfe7de3edd1e1e295a0441c0e1aca5d3fd",
            "translation": [
                -4.5335497,
                1.32744,
                -1.5662999
            ],
            "rotation": [
                -0.5,
                -0.5,
                0.5,
                -0.4999999
            ],
            "motion_type": "static"
        },
        {
            "template_name": "46459580a9009ad5aef3b8fac14a86edbf31af6a",
            "translation": [
                -1.1478898,
                0.5500001,
                -4.3565297
            ],
            "rotation": [
                -0.2714402,
                0.0,
                0.9624552,
                0.0
            ],
            "motion_type": "static"
        },
        {
            "template_name": "0d287197003b912092dac121c61c7a1095b5b5eb",
            "translation": [
                -1.04762,
                5.960464477539063e-8,
                -0.6413999
            ],
            "rotation": [
                0.0,
                0.0,
                1.0,
                0.0
            ],
            "motion_type": "static"
        },
        {
            "template_name": "c081738fd50bd67e91cd3f9aa6368721985b9e40",
            "translation": [
                -2.2994101,
                5.960464477539063e-8,
                -0.5606399
            ],
            "rotation": [
                0.7071068,
                0.0,
                -0.7071067,
                0.0
            ],
            "motion_type": "static",
            "non_uniform_scale": [
                1.2132456,
                0.9999998,
                0.9999998
            ]
        },
        {
            "template_name": "ebe3bf614471d72e1fb24c34b3bcedf5382f34c8",
            "translation": [
                -15.4040193,
                1.8379601,
                -4.8046646
            ],
            "rotation": [
                0.7071068,
                0.7071067,
                0.0,
                0.0
            ],
            "motion_type": "static"
        },
        {
            "template_name": "38c242ef8464df611699216ace838e048aed5c56",
            "translation": [
                -9.4531898,
                1.5305701,
                -4.8045797
            ],
            "rotation": [
                0.7071068,
                0.7071067,
                0.0,
                0.0
            ],
            "motion_type": "static"
        },
        {
            "template_name": "9a83f86ed492c9283fed9baa9a97e1cfdc5140f3",
            "translation": [
                -15.7149801,
                0.6000002,
                -4.7201595
            ],
            "rotation": [
                0.7071068,
                0.0,
                -0.7071067,
                0.0
            ],
            "motion_type": "static"
        },
        {
            "template_name": "5eb42a35807a8bbed1d23791d8425e762a35167d",
            "translation": [
                -1.0806448,
                1.7856899,
                -0.0911898
            ],
            "rotation": [
                0.0,
                0.0,
                0.7071068,
                -0.7071067
            ],
            "motion_type": "static"
        },
        {
            "template_name": "90f97a90b423c0fc10a8446cef49cf5fa1e1d4f4",
            "translation": [
                -0.9405199,
                1.7313499,
                -4.6468744
            ],
            "rotation": [
                0.7071068,
                0.7071067,
                0.0,
                0.0
            ],
            "motion_type": "static"
        },
        {
            "template_name": "343a9b32e5d6ae85a76218c49b84d4911b0791fe",
            "translation": [
                -5.9618201,
                5.960464477539063e-8,
                -1.0900298
            ],
            "motion_type": "static"
        },
        {
            "template_name": "xxxx4182074fx5da9x4d19xac7dx30196c9cf450",
            "translation": [
                -9.0512504,
                3.650784492492676e-7,
                -6.0730695
            ],
            "rotation": [
                0.7071068,
                0.0,
                0.7071067,
                0.0
            ],
            "motion_type": "static"
        },
        {
            "template_name": "6f26eb169111a17c566bfb1ed56bd82adc2db686",
            "translation": [
                -5.7835497,
                4.041939973831177e-7,
                -6.7780694
            ],
            "rotation": [
                0.0,
                0.0,
                1.0,
                0.0
            ],
            "motion_type": "static"
        },
        {
            "template_name": "b4620bef8669bf0af1b791f42e477c35d4f9ce31",
            "translation": [
                -0.0790898,
                1.2,
                -2.4140496
            ],
            "rotation": [
                -0.5,
                -0.5,
                0.5,
                -0.4999999
            ],
            "motion_type": "static"
        },
        {
            "template_name": "b7373e45d04526e89b811f317014aaff9857efed",
            "translation": [
                -12.1844244,
                1.3569002,
                -4.3946909
            ],
            "rotation": [
                0.5031465,
                0.5031465,
                0.4968334,
                -0.4968332
            ],
            "motion_type": "static"
        },
        {
            "template_name": "e9a399f27e2392d2419029a0ebc82a73c318a526",
            "translation": [
                -14.44213,
                2.980232238769531e-7,
                -4.7728495
            ],
            "motion_type": "static"
        },
        {
            "template_name": "42dbaa9beaad7561dfb76d392e6e543cf2fd4352",
            "translation": [
                -7.6875553,
                1.7499703,
                -8.6448841
            ],
            "rotation": [
                0.7071068,
                0.7071067,
                0.0,
                0.0
            ],
            "motion_type": "static"
        },
        {
            "template_name": "6b1f1dd5372a07192751d51a26fbfb66fffa6245",
            "translation": [
                -0.1188999,
                1.9851496,
                -2.3712246
            ],
            "rotation": [
                -0.5,
                -0.5,
                0.5,
                -0.4999999
            ],
            "motion_type": "static"
        },
        {
            "template_name": "4ec53159387bd57a9ffd32cdf4626b76c958ca90",
            "translation": [
                -6.6070799,
                1.7682901,
                -4.8046598
            ],
            "rotation": [
                0.7071068,
                0.7071067,
                0.0,
                0.0
            ],
            "motion_type": "static",
            "non_uniform_scale": [
                3.5,
                0.9999998,
                2.7857139
            ]
        },
        {
            "template_name": "cf12af67b32e99b6409cb812b29375631ba7d7cf",
            "translation": [
                -13.4888401,
                1.7881393432617188e-7,
                -2.7138094
            ],
            "rotation": [
                0.7071068,
                0.0,
                -0.7071067,
                0.0
            ],
            "motion_type": "static"
        },
        {
            "template_name": "c7b206f8413b0a72c277040bba3db00f7b94e287",
            "translation": [
                -0.8290898,
                2.384185791015625e-7,
                -4.1968693
            ],
            "rotation": [
                0.7071068,
                0.0,
                -0.7071067,
                0.0
            ],
            "motion_type": "static"
        },
        {
            "template_name": "e1725f63ab8658c1a31edbf0be78375fa93770ee",
            "translation": [
                -8.5211801,
                1.7762999,
                -2.4138097
            ],
            "rotation": [
                0.0,
                0.0,
                0.7071068,
                -0.7071067
            ],
            "motion_type": "static",
            "non_uniform_scale": [
                3.1875,
                0.9999998,
                2.8160195
            ]
        },
        {
            "template_name": "f3a8d459c4e019b28b926e55d56e087cc82593fa",
            "translation": [
                -3.3587501,
                0.0,
                -0.2469899
            ],
            "rotation": [
                0.0,
                0.0,
                1.0,
                0.0
            ],
            "motion_type": "static"
        },
        {
            "template_name": "e27168a25a7f6c85b3d9b1b59f8d947c12230801",
            "translation": [
                -12.7658395,
                1.75,
                -1.0700402
            ],
            "rotation": [
                0.0,
                0.0,
                0.7071068,
                -0.7071067
            ],
            "motion_type": "static"
        },
        {
            "template_name": "3f701a2f5605c6546f70ecd472251460436da20f",
            "translation": [
                -8.8287897,
                2.086162567138672e-7,
                -3.52163
            ],
            "motion_type": "static"
        },
        {
            "template_name": "3f701a2f5605c6546f70ecd472251460436da20f",
            "translation": [
                -8.1862239,
                2.086162567138672e-7,
                -3.6121051
            ],
            "rotation": [
                0.9876883,
                0.0,
                -0.1564344,
                0.0
            ],
            "motion_type": "static"
        },
        {
            "template_name": "b5e73e1ce878420fc4d9d62bf845cf02b0659af4",
            "translation": [
                -4.736885,
                2.384185791015625e-7,
                -3.966155
            ],
            "rotation": [
                0.7071068,
                0.0,
                -0.7071067,
                0.0
            ],
            "motion_type": "static"
        },
        {
            "template_name": "xxxx6234a06dx3ef9x47d9xafe6xd28e1e9524ad",
            "translation": [
                -2.7444698,
                1.76592,
                -4.6468696
            ],
            "rotation": [
                0.7071068,
                0.7071067,
                0.0,
                0.0
            ],
            "motion_type": "static"
        },
        {
            "template_name": "2af5d1093338d34c15f925e0ee5d53319fb5a591_part_1",
            "translation": [
                -8.0532016,
                -0.000124,
                -8.2101783
            ],
            "rotation": [
                0.9483236,
                0.0,
                0.3173046,
                0.0
            ],
            "motion_type": "static"
        },
        {
            "template_name": "2af5d1093338d34c15f925e0ee5d53319fb5a591_part_1",
            "translation": [
                -8.9971466,
                -0.0035319,
                -7.498866
            ],
            "rotation": [
                -0.3173046,
                0.0,
                0.9483236,
                0.0
            ],
            "motion_type": "static"
        },
        {
            "template_name": "2af5d1093338d34c15f925e0ee5d53319fb5a591_part_3",
            "translation": [
                -8.5275812,
                5.066394805908203e-7,
                -7.8530259
            ],
            "rotation": [
                0.9483236,
                0.0,
                0.3173046,
                0.0
            ],
            "motion_type": "static"
        },
        {
            "template_name": "1aebe7d2500bfbcb0c6ec787a98a2b3701099ed7",
            "translation": [
                -5.60604,
                5.066394805908203e-7,
                -8.4190187
            ],
            "motion_type": "static"
        },
        {
            "template_name": "4796defeed8ec1afd1cf4c0948d48d71fb3c3753",
            "translation": [
                -15.4306802,
                0.6000002,
                -4.6961593
            ],
            "rotation": [
                0.0,
                0.0,
                1.0,
                0.0
            ],
            "motion_type": "static"
        },
        {
            "template_name": "673f40d76a4bbd59eb9570035e59bae1d4945f26",
            "translation": [
                -4.3835501,
                1.3373198,
                -0.9707298
            ],
            "rotation": [
                0.4999999,
                0.4999999,
                0.5,
                -0.5
            ],
            "motion_type": "static"
        },
        {
            "template_name": "ec2e7b7f73623dbc8d590c5873d7bda8c77fafac",
            "translation": [
                -15.92739,
                4.172325134277344e-7,
                -6.8594293
            ],
            "rotation": [
                0.7071068,
                0.0,
                -0.7071067,
                0.0
            ],
            "motion_type": "static",
            "non_uniform_scale": [
                1.1430386,
                0.9999998,
                0.9999998
            ]
        },
        {
            "template_name": "ec2e7b7f73623dbc8d590c5873d7bda8c77fafac",
            "translation": [
                -14.5255899,
                5.066394805908203e-7,
                -8.6988487
            ],
            "rotation": [
                0.0,
                0.0,
                1.0,
                0.0
            ],
            "motion_type": "static",
            "non_uniform_scale": [
                0.8190277,
                0.9999998,
                0.9999998
            ]
        },
        {
            "template_name": "e1605e5e2c8bded985d3cf861a4d3ada64624e3d",
            "translation": [
                -6.0346202,
                0.4200003,
                -8.4061489
            ],
            "rotation": [
                0.7071068,
                0.0,
                -0.7071067,
                0.0
            ],
            "motion_type": "static"
        },
        {
            "template_name": "daf3d41fa1677e0a8eabc296f9a01d4db7e0de93",
            "translation": [
                -10.9260101,
                0.5700004,
                -7.5747895
            ],
            "motion_type": "static"
        },
        {
            "template_name": "6b819ecc356fcb0a5891427105ea4c0109efd7e2",
            "translation": [
                -5.7125201,
                1.7671101,
                -4.9547395
            ],
            "rotation": [
                0.0,
                0.0,
                0.7071068,
                -0.7071067
            ],
            "motion_type": "static"
        },
        {
            "template_name": "bfd6cf98dd195c4c70cfa0510fd4eaed99efea6a",
            "translation": [
                -12.6653194,
                8.940696716308594e-8,
                -1.4929647
            ],
            "rotation": [
                0.0,
                0.0,
                1.0,
                0.0
            ],
            "motion_type": "static"
        },
        {
            "template_name": "51ed863b0c679695f7ce6f6843b5ce528ddc52d3",
            "translation": [
                -12.7888402,
                1.1920928955078126e-7,
                -2.1668896
            ],
            "rotation": [
                0.7071068,
                0.0,
                0.7071067,
                0.0
            ],
            "motion_type": "static"
        },
        {
            "template_name": "7ed48ee48050b080a2e214f06eeb79d6ee9c17be",
            "translation": [
                -12.0501213,
                1.75,
                -1.0700397
            ],
            "rotation": [
                0.0,
                0.0,
                0.7071068,
                -0.7071067
            ],
            "motion_type": "static"
        },
        {
            "template_name": "7ed48ee48050b080a2e214f06eeb79d6ee9c17be",
            "translation": [
                -13.0888404,
                1.7511501,
                -2.8386797
            ],
            "rotation": [
                0.4999999,
                0.4999999,
                0.5,
                -0.5
            ],
            "motion_type": "static"
        },
        {
            "template_name": "7ed48ee48050b080a2e214f06eeb79d6ee9c17be",
            "translation": [
                -11.2893295,
                1.75,
                -1.0700397
            ],
            "rotation": [
                0.0,
                0.0,
                0.7071068,
                -0.7071067
            ],
            "motion_type": "static"
        },
        {
            "template_name": "33651313301128ad8590648dccfeab35080539e1",
            "translation": [
                -9.3937892,
                1.7500002,
                -6.9723596
            ],
            "rotation": [
                0.4999999,
                0.4999999,
                0.5,
                -0.5
            ],
            "motion_type": "static"
        },
        {
            "template_name": "652f0506537d208d45b7a71bfeb1c18b3f50c69b",
            "translation": [
                -4.7548999,
                2.682209014892578e-7,
                -4.6283893
            ],
            "rotation": [
                0.0,
                0.0,
                1.0,
                0.0
            ],
            "motion_type": "static"
        },
        {
            "template_name": "xxxx761b71a8x6b87x46c3xa42dx0375692acca8",
            "translation": [
                -1.8187098,
                1.6763806343078614e-7,
                -2.8166596
            ],
            "rotation": [
                0.430511,
                0.0,
                0.9025852,
                0.0
            ],
            "motion_type": "static"
        },
        {
            "template_name": "f730d83fb57d625fe15827a9bb8f51cea74bdcf1",
            "translation": [
                -6.9682049,
                1.7499703,
                -8.6448841
            ],
            "rotation": [
                0.7071068,
                0.7071067,
                0.0,
                0.0
            ],
            "motion_type": "static"
        },
        {
            "template_name": "94cd283fd6984240af55f387837410eaa91d87ec",
            "translation": [
                -8.3981351,
                1.7499703,
                -8.6448841
            ],
            "rotation": [
                0.7071068,
                0.7071067,
                0.0,
                0.0
            ],
            "motion_type": "static"
        },
        {
            "template_name": "3757-0",
            "translation": [
                -0.0040898,
                1.45,
                -2.3601696
            ],
            "rotation": [
                0.7071068,
                0.0,
                -0.7071067,
                0.0
            ],
            "motion_type": "static",
            "non_uniform_scale": [
                -0.9999998,
                0.9999998,
                0.9999998
            ]
        },
        {
            "template_name": "209-2",
            "translation": [
                -13.1638402,
                1.1200002,
                -6.8638696
            ],
            "rotation": [
                0.7071067,
                0.0,
                0.7071067,
                0.0
            ],
            "motion_type": "static",
            "non_uniform_scale": [
                -0.9999998,
                0.9999998,
                0.9999998
            ]
        },
        {
            "template_name": "4141-2",
            "translation": [
                -8.4940395,
                0.9199998,
                -0.9950398
            ],
            "motion_type": "static"
        }
    ],
    "articulated_object_instances": [],
    "stage_instance": {
        "template_name": "stages/103997403_171030405",
        "motion_type": "static"
    },
    "pbr_shader_region_configs": {},
    "user_defined": {
        "scene_filter_file": "scene_filter_files/103997403_171030405.rec_filter.json"
    }
}