{
    "translation_origin": "asset_local",
    "default_lighting": "",
    "navmesh_instance": "",
    "object_instances": [
        {
            "template_name": "3bd3f3a882da9283719fe1d238ad49d88760d0c3",
            "translation": [
                -5.3362703,
                -1.7881393432617188e-07,
                3.1660494
            ],
            "rotation": [
                0.7071068,
                0.0,
                -0.7071067,
                0.0
            ],
            "motion_type": "static",
            "non_uniform_scale": [
                0.9999998,
                0.9999998,
                0.7126247
            ]
        },
        {
            "template_name": "2f38b4f83d8a77af0eb36406b0f00df98cef5e47",
            "translation": [
                -10.6798095,
                8.940696716308594e-08,
                -2.525459
            ],
            "rotation": [
                0.7071068,
                0.0,
                0.7071067,
                0.0
            ],
            "motion_type": "static"
        },
        {
            "template_name": "af45703d9d6e1e327161f253cb6bde9dd479c232",
            "translation": [
                -0.7175999,
                1.1920928955078125e-07,
                -1.9139899
            ],
            "rotation": [
                0.7071068,
                0.0,
                -0.7071067,
                0.0
            ],
            "motion_type": "static"
        },
        {
            "template_name": "fa786f463631d9e8ab7b794d8df610a233a445eb",
            "translation": [
                -0.7866699,
                1.1920928955078125e-07,
                -2.4408297
            ],
            "rotation": [
                0.7071068,
                0.0,
                -0.7071067,
                0.0
            ],
            "motion_type": "static",
            "non_uniform_scale": [
                0.9909712,
                0.9999998,
                0.9395955
            ]
        },
        {
            "template_name": "fa8dfbcc33cf12400e2d1b3bd8304cd7981db6b7",
            "translation": [
                -10.5968103,
                0.8999999,
                0.33449
            ],
            "rotation": [
                0.9895849,
                0.0,
                -0.14395,
                0.0
            ],
            "motion_type": "static"
        },
        {
            "template_name": "bb8b7d7f2701684c7185dec7f64dab3594f5aa14",
            "translation": [
                -8.8712663,
                0.03,
                -0.3282715
            ],
            "rotation": [
                -0.0201009,
                0.0,
                0.9997978,
                0.0
            ],
            "motion_type": "static",
            "non_uniform_scale": [
                0.7493007,
                0.9999998,
                0.7615131
            ]
        },
        {
            "template_name": "71ebfd95532b7bc4eb87ca51f69c97fd4728218c",
            "translation": [
                -6.7157106,
                2.384185791015625e-07,
                -3.5304498
            ],
            "rotation": [
                0.7071068,
                0.0,
                -0.7071067,
                0.0
            ],
            "motion_type": "static"
        },
        {
            "template_name": "39565a25ef3d6f1efb87095ed2bb8c6d8b2d5ed4",
            "translation": [
                -8.4517307,
                2.1259996,
                1.4479099
            ],
            "motion_type": "static"
        },
        {
            "template_name": "ff0d0a7fe6e2a685cf03bf6ef2e32ae44d79372d_part_10",
            "translation": [
                -10.1542797,
                1.9685697,
                0.4022099
            ],
            "motion_type": "static",
            "non_uniform_scale": [
                0.854911,
                0.9999998,
                0.9999998
            ]
        },
        {
            "template_name": "ff0d0a7fe6e2a685cf03bf6ef2e32ae44d79372d_part_10",
            "translation": [
                -10.1542797,
                1.5896798,
                0.4022099
            ],
            "motion_type": "static",
            "non_uniform_scale": [
                0.854911,
                0.9999998,
                0.9999998
            ]
        },
        {
            "template_name": "ff0d0a7fe6e2a685cf03bf6ef2e32ae44d79372d_part_10",
            "translation": [
                -10.1542797,
                1.2107899,
                0.4022099
            ],
            "motion_type": "static",
            "non_uniform_scale": [
                0.854911,
                0.9999998,
                0.9999998
            ]
        },
        {
            "template_name": "ff0d0a7fe6e2a685cf03bf6ef2e32ae44d79372d_part_12",
            "translation": [
                -10.2777299,
                1.6381522,
                0.4022099
            ],
            "motion_type": "static",
            "non_uniform_scale": [
                0.854911,
                0.9999998,
                0.9999998
            ]
        },
        {
            "template_name": "ff0d0a7fe6e2a685cf03bf6ef2e32ae44d79372d_part_13",
            "translation": [
                -10.0189657,
                1.2612936,
                0.4265539
            ],
            "motion_type": "static",
            "non_uniform_scale": [
                0.854911,
                0.9999998,
                0.9999998
            ]
        },
        {
            "template_name": "ff0d0a7fe6e2a685cf03bf6ef2e32ae44d79372d_part_17",
            "translation": [
                -10.1563386,
                2.0174548,
                0.3977243
            ],
            "motion_type": "static",
            "non_uniform_scale": [
                0.854911,
                0.9999998,
                0.9999998
            ]
        },
        {
            "template_name": "ff0d0a7fe6e2a685cf03bf6ef2e32ae44d79372d_part_14",
            "translation": [
                -10.0490274,
                1.639533,
                0.4022099
            ],
            "motion_type": "static",
            "non_uniform_scale": [
                0.854911,
                0.9999998,
                0.9999998
            ]
        },
        {
            "template_name": "ff0d0a7fe6e2a685cf03bf6ef2e32ae44d79372d_part_15",
            "translation": [
                -9.9661798,
                1.6401058,
                0.3353052
            ],
            "motion_type": "static",
            "non_uniform_scale": [
                0.854911,
                0.9999998,
                0.9999998
            ]
        },
        {
            "template_name": "ff0d0a7fe6e2a685cf03bf6ef2e32ae44d79372d_part_16",
            "translation": [
                -9.9517278,
                1.6392693,
                0.4640012
            ],
            "motion_type": "static",
            "non_uniform_scale": [
                0.854911,
                0.9999998,
                0.9999998
            ]
        },
        {
            "template_name": "37e59e768eb7f42a0019713374063cb63419a44c",
            "translation": [
                -10.9389657,
                -2.9802322387695312e-08,
                0.5491098
            ],
            "rotation": [
                0.0,
                0.0,
                1.0,
                0.0
            ],
            "motion_type": "static"
        },
        {
            "template_name": "bf0ea53947cff924371c0ae4abf8b9891452e9c5",
            "translation": [
                -10.4643697,
                -1.4901161193847656e-07,
                2.57078
            ],
            "motion_type": "static"
        },
        {
            "template_name": "038ccdca4c91d34febe3f4efc596225a66a11d79",
            "translation": [
                -8.3713998,
                1.7499996,
                1.2842998
            ],
            "rotation": [
                -0.5,
                -0.5,
                0.5,
                -0.4999999
            ],
            "motion_type": "static"
        },
        {
            "template_name": "beec92d1124adb179e9ac35d3955061c93424367",
            "translation": [
                -4.19629,
                1.1920928955078125e-07,
                -1.9873199
            ],
            "rotation": [
                0.0,
                0.0,
                1.0,
                0.0
            ],
            "motion_type": "static"
        },
        {
            "template_name": "04801d6f327197470d63bfd728d4cf02bd33ec56",
            "translation": [
                -1.0773986,
                2.384185791015625e-07,
                -4.1315455
            ],
            "rotation": [
                -0.4068534,
                0.0,
                0.9134932,
                0.0
            ],
            "motion_type": "static",
            "non_uniform_scale": [
                0.984933,
                0.9999997,
                1.0153204
            ]
        },
        {
            "template_name": "84092984ce8a7cd7ad7aec05eb95d2612d3cd209",
            "translation": [
                -8.1273298,
                1.7499996,
                1.4941097
            ],
            "rotation": [
                0.7071068,
                0.7071067,
                0.0,
                0.0
            ],
            "motion_type": "static",
            "non_uniform_scale": [
                1.1491074,
                1.2164732,
                0.9999998
            ]
        },
        {
            "template_name": "50bf1434785c2776eac002be0f7c3abeff54709c",
            "translation": [
                -10.6039991,
                2.086162567138672e-07,
                -4.0544795
            ],
            "rotation": [
                0.7071068,
                0.0,
                -0.7071067,
                0.0
            ],
            "motion_type": "static"
        },
        {
            "template_name": "2dea41608bfe0069de7f914205ab0ea736376723_part_7",
            "translation": [
                -3.4211792,
                0.0731673,
                -4.9808382
            ],
            "motion_type": "static"
        },
        {
            "template_name": "2dea41608bfe0069de7f914205ab0ea736376723_part_8",
            "translation": [
                -3.565149,
                0.0727392,
                -5.0146923
            ],
            "motion_type": "static"
        },
        {
            "template_name": "2dea41608bfe0069de7f914205ab0ea736376723_part_9",
            "translation": [
                -3.789993,
                0.3434644,
                -4.9950947
            ],
            "motion_type": "static"
        },
        {
            "template_name": "2dea41608bfe0069de7f914205ab0ea736376723_part_10",
            "translation": [
                -3.9201159,
                0.3437057,
                -4.9950947
            ],
            "motion_type": "static"
        },
        {
            "template_name": "2dea41608bfe0069de7f914205ab0ea736376723_part_11",
            "translation": [
                -3.4959299,
                2.086162567138672e-07,
                -5.0152397
            ],
            "motion_type": "static"
        },
        {
            "template_name": "ff698a0cb15de8749c925c8aae3e8cdb8e88aa8f",
            "translation": [
                -8.8134498,
                -2.9802322387695312e-08,
                0.6720247
            ],
            "motion_type": "static"
        },
        {
            "template_name": "810994aff9f9a43e3d80778c1a735c4bac4261b0",
            "translation": [
                -6.0977997,
                2.7999997,
                2.70228
            ],
            "motion_type": "static"
        },
        {
            "template_name": "252ea1f9106ada162cf68bb61c71efd4a62d4c87_part_9",
            "translation": [
                -13.8559999,
                0.2002982,
                0.3094238
            ],
            "rotation": [
                0.7071068,
                0.0,
                0.7071067,
                0.0
            ],
            "motion_type": "static"
        },
        {
            "template_name": "252ea1f9106ada162cf68bb61c71efd4a62d4c87_part_7",
            "translation": [
                -13.8430395,
                0.1873462,
                0.3086417
            ],
            "rotation": [
                0.7071068,
                0.0,
                0.7071067,
                0.0
            ],
            "motion_type": "static"
        },
        {
            "template_name": "252ea1f9106ada162cf68bb61c71efd4a62d4c87_part_1",
            "translation": [
                -13.8442764,
                0.3701725,
                -0.5981701
            ],
            "rotation": [
                0.7071068,
                0.0,
                0.7071067,
                0.0
            ],
            "motion_type": "static"
        },
        {
            "template_name": "252ea1f9106ada162cf68bb61c71efd4a62d4c87_part_1",
            "translation": [
                -13.8442764,
                0.7384787,
                0.093602
            ],
            "rotation": [
                0.7071067,
                0.0,
                0.7071068,
                0.0
            ],
            "motion_type": "static"
        },
        {
            "template_name": "252ea1f9106ada162cf68bb61c71efd4a62d4c87_part_1",
            "translation": [
                -13.8442764,
                0.9222734,
                -0.9761887
            ],
            "rotation": [
                0.7071068,
                0.0,
                0.7071067,
                0.0
            ],
            "motion_type": "static"
        },
        {
            "template_name": "252ea1f9106ada162cf68bb61c71efd4a62d4c87_part_1",
            "translation": [
                -13.8442764,
                0.1873465,
                -0.3934192
            ],
            "rotation": [
                0.7071067,
                0.0,
                0.7071068,
                0.0
            ],
            "motion_type": "static"
        },
        {
            "template_name": "252ea1f9106ada162cf68bb61c71efd4a62d4c87_part_1",
            "translation": [
                -13.8442764,
                0.9222734,
                -0.4082815
            ],
            "rotation": [
                0.7071067,
                0.0,
                0.7071068,
                0.0
            ],
            "motion_type": "static"
        },
        {
            "template_name": "252ea1f9106ada162cf68bb61c71efd4a62d4c87_part_1",
            "translation": [
                -13.8442764,
                1.1070053,
                -0.039799
            ],
            "rotation": [
                0.7071067,
                0.0,
                0.7071068,
                0.0
            ],
            "motion_type": "static"
        },
        {
            "template_name": "252ea1f9106ada162cf68bb61c71efd4a62d4c87_part_1",
            "translation": [
                -13.8442764,
                0.9222732,
                0.2957693
            ],
            "rotation": [
                0.7071068,
                0.0,
                0.7071067,
                0.0
            ],
            "motion_type": "static"
        },
        {
            "template_name": "252ea1f9106ada162cf68bb61c71efd4a62d4c87_part_3",
            "translation": [
                -13.8382205,
                0.0,
                -0.31733
            ],
            "rotation": [
                0.7071068,
                0.0,
                0.7071067,
                0.0
            ],
            "motion_type": "static"
        },
        {
            "template_name": "252ea1f9106ada162cf68bb61c71efd4a62d4c87_part_4",
            "translation": [
                -13.8382196,
                0.3793379,
                0.0272834
            ],
            "rotation": [
                0.7071068,
                0.0,
                0.7071067,
                0.0
            ],
            "motion_type": "static"
        },
        {
            "template_name": "252ea1f9106ada162cf68bb61c71efd4a62d4c87_part_5",
            "translation": [
                -13.8382205,
                0.5644323,
                -0.3181917
            ],
            "rotation": [
                0.7071068,
                0.0,
                0.7071067,
                0.0
            ],
            "motion_type": "static"
        },
        {
            "template_name": "252ea1f9106ada162cf68bb61c71efd4a62d4c87_part_14",
            "translation": [
                -13.8382205,
                1.1168401,
                -0.6659929
            ],
            "rotation": [
                0.7071068,
                0.0,
                0.7071067,
                0.0
            ],
            "motion_type": "static"
        },
        {
            "template_name": "d575a3572a1e16cb6d618b314d5479638dbbb8aa",
            "translation": [
                -5.4276723,
                -1.1920928955078125e-07,
                1.7171404
            ],
            "rotation": [
                0.987837,
                0.0,
                -0.1554923,
                0.0
            ],
            "motion_type": "static",
            "non_uniform_scale": [
                -0.7596548,
                0.9999998,
                1.3044861
            ]
        },
        {
            "template_name": "d575a3572a1e16cb6d618b314d5479638dbbb8aa",
            "translation": [
                -0.7743554,
                5.960464477539063e-08,
                -1.2759871
            ],
            "rotation": [
                0.8942878,
                0.0,
                -0.4474922,
                0.0
            ],
            "motion_type": "static",
            "non_uniform_scale": [
                0.8574897,
                0.9999998,
                0.7690839
            ]
        },
        {
            "template_name": "2e5aaec96e52025365e10b73e2b08e515adabeaf",
            "translation": [
                -8.8334999,
                1.862645149230957e-07,
                -3.0896098
            ],
            "rotation": [
                0.7193397,
                0.0,
                -0.6946582,
                0.0
            ],
            "motion_type": "static"
        },
        {
            "template_name": "6edb72ff1959e26a1d7c66976786c85129df83a4",
            "translation": [
                -5.1586594,
                -2.086162567138672e-07,
                3.4004797
            ],
            "rotation": [
                0.0,
                0.0,
                1.0,
                0.0
            ],
            "motion_type": "static"
        },
        {
            "template_name": "0022fa6ee5a44330e765488919803155b1a9e88c",
            "translation": [
                -5.1765995,
                -1.1920928955078125e-07,
                1.9152797
            ],
            "motion_type": "static",
            "non_uniform_scale": [
                0.8025305,
                0.9999998,
                0.7827212
            ]
        },
        {
            "template_name": "3248e003a06811e76a9743e72979924b2b9c9373",
            "translation": [
                -0.5412098,
                1.7499996,
                0.50338
            ],
            "rotation": [
                -0.5,
                -0.5,
                0.5,
                -0.4999999
            ],
            "motion_type": "static"
        },
        {
            "template_name": "b395c0b27f34bbdf7bfac33bdcb1946daeb2609b",
            "translation": [
                -8.9388694,
                1.1920928955078125e-07,
                -2.4897391
            ],
            "rotation": [
                0.712661,
                0.0,
                -0.7015085,
                0.0
            ],
            "motion_type": "static"
        },
        {
            "template_name": "499dd12f83d3fcb655a0bc2373e4da020a67008a",
            "translation": [
                -3.5949099,
                1.1920928955078125e-07,
                -1.3897198
            ],
            "motion_type": "static"
        },
        {
            "template_name": "03ec07ddbb7262844606d7a97d7b6b35d7f6ec00",
            "translation": [
                -7.7155399,
                2.7999997,
                2.4397299
            ],
            "rotation": [
                0.7071068,
                0.0,
                0.7071067,
                0.0
            ],
            "motion_type": "static"
        },
        {
            "template_name": "1537b12fde24e7159d2cb7eb5aa71848229a2ba6",
            "translation": [
                -13.9376401,
                1.2999999,
                -0.9038698
            ],
            "rotation": [
                0.0,
                0.0,
                1.0,
                0.0
            ],
            "motion_type": "static",
            "non_uniform_scale": [
                1.0,
                0.9999998,
                0.965909
            ]
        },
        {
            "template_name": "1ac1fbdf9f8ac576d0e981e522f4c491c2f2d825",
            "translation": [
                -13.0990791,
                -1.103617250919342e-07,
                1.8490897
            ],
            "rotation": [
                0.7071068,
                0.0,
                0.7071067,
                0.0
            ],
            "motion_type": "static",
            "non_uniform_scale": [
                1.6452138,
                0.9999998,
                1.2844926
            ]
        },
        {
            "template_name": "20e9177223672e9bf6bd79a4db6022cb27c03e58",
            "translation": [
                -4.7436299,
                -1.1920928955078125e-07,
                1.8133099
            ],
            "rotation": [
                0.7071068,
                0.0,
                0.7071067,
                0.0
            ],
            "motion_type": "static",
            "non_uniform_scale": [
                0.5827823,
                0.9999998,
                0.6325997
            ]
        },
        {
            "template_name": "2e28e4d1a2f7b8d11dfda19ca78ecad80992a740",
            "translation": [
                -10.3774394,
                0.8999997,
                1.9443198
            ],
            "rotation": [
                0.7071068,
                0.0,
                0.7071067,
                0.0
            ],
            "motion_type": "static"
        },
        {
            "template_name": "6319836748d647739bf8f23c3dc3bcf58bd62753",
            "translation": [
                -6.7997498,
                1.7910995,
                1.5170799
            ],
            "rotation": [
                0.7071068,
                0.7071067,
                0.0,
                0.0
            ],
            "motion_type": "static"
        },
        {
            "template_name": "6319836748d647739bf8f23c3dc3bcf58bd62753",
            "translation": [
                -6.1053495,
                1.7910995,
                1.5170799
            ],
            "rotation": [
                0.7071068,
                0.7071067,
                0.0,
                0.0
            ],
            "motion_type": "static"
        },
        {
            "template_name": "6319836748d647739bf8f23c3dc3bcf58bd62753",
            "translation": [
                -6.4397206,
                1.7910995,
                1.5170799
            ],
            "rotation": [
                0.7071068,
                0.7071067,
                0.0,
                0.0
            ],
            "motion_type": "static"
        },
        {
            "template_name": "4122c550741deeda8ed0b4da129bab0cd403cae7",
            "translation": [
                -6.8066697,
                1.7499996,
                -0.4442197
            ],
            "rotation": [
                0.7071068,
                0.7071067,
                0.0,
                0.0
            ],
            "motion_type": "static"
        },
        {
            "template_name": "4a569304feaa39b25150216c22e168d907356f8c",
            "translation": [
                -3.2810502,
                1.7499996,
                3.4599199
            ],
            "rotation": [
                0.0,
                0.0,
                0.7071068,
                -0.7071067
            ],
            "motion_type": "static"
        },
        {
            "template_name": "4bc229d764651a33058d993deca1196917fa2536",
            "translation": [
                -10.30624,
                0.8999996,
                2.71162
            ],
            "motion_type": "static"
        },
        {
            "template_name": "e457542ad4c5be15cddcd11ffe0295a7e6ed89f7",
            "translation": [
                -4.2928247,
                1.7767397,
                3.4599201
            ],
            "rotation": [
                0.0,
                0.0,
                0.7071068,
                -0.7071067
            ],
            "motion_type": "static"
        },
        {
            "template_name": "426b82af6d87005e0f2fa17217cd45b4826189aa",
            "translation": [
                -8.6951999,
                1.7499997,
                0.2528401
            ],
            "rotation": [
                0.7071068,
                0.7071067,
                0.0,
                0.0
            ],
            "motion_type": "static"
        },
        {
            "template_name": "fe6a04f91f6d8c9d44b6c1ec30350ae3b12c6ef0",
            "translation": [
                -6.5079298,
                1.7499995,
                1.5170799
            ],
            "rotation": [
                0.7071068,
                0.7071067,
                0.0,
                0.0
            ],
            "motion_type": "static"
        },
        {
            "template_name": "266e4d620484e5994fe303ae1de5fb056fc00925",
            "translation": [
                -6.5982298,
                1.1341799,
                -0.4439198
            ],
            "rotation": [
                0.7071068,
                0.7071067,
                0.0,
                0.0
            ],
            "motion_type": "static"
        },
        {
            "template_name": "c61d0390331d6d4a2beefa208ca619d734c902bb",
            "translation": [
                -6.29881,
                0.7902097,
                1.5173796
            ],
            "rotation": [
                0.7071068,
                0.7071067,
                0.0,
                0.0
            ],
            "motion_type": "static"
        },
        {
            "template_name": "7c5632f0e8e25ddaa6c35b84b2ddbf293c80fa56",
            "translation": [
                -13.3001604,
                -1.1920928955078125e-07,
                1.8644199
            ],
            "rotation": [
                0.7071068,
                0.0,
                -0.7071067,
                0.0
            ],
            "motion_type": "static"
        },
        {
            "template_name": "7c5632f0e8e25ddaa6c35b84b2ddbf293c80fa56",
            "translation": [
                -13.3184604,
                -5.960464477539063e-08,
                1.2041796
            ],
            "rotation": [
                0.7071068,
                0.0,
                -0.7071067,
                0.0
            ],
            "motion_type": "static"
        },
        {
            "template_name": "7c5632f0e8e25ddaa6c35b84b2ddbf293c80fa56",
            "translation": [
                -13.2871904,
                -1.7881393432617188e-07,
                2.5059597
            ],
            "rotation": [
                0.7071068,
                0.0,
                -0.7071067,
                0.0
            ],
            "motion_type": "static"
        },
        {
            "template_name": "809aa90d72a9aa73fadef388620c7ca3668f9d00",
            "translation": [
                -13.0898838,
                8.940696716308594e-08,
                -1.6594698
            ],
            "rotation": [
                -0.0001601,
                0.0,
                1.0,
                0.0
            ],
            "motion_type": "static"
        },
        {
            "template_name": "87c28d7392dfdba70d73e65a23a104278464910a",
            "translation": [
                -4.96141,
                -7.450580596923828e-08,
                1.3054896
            ],
            "rotation": [
                0.0,
                0.0,
                1.0,
                0.0
            ],
            "motion_type": "static",
            "non_uniform_scale": [
                1.3958889,
                0.9999997,
                1.3688887
            ]
        },
        {
            "template_name": "bca05d502eecf7f29ecd33de75df3073086a2ca8",
            "translation": [
                -0.5412049,
                1.7499996,
                1.36994
            ],
            "rotation": [
                -0.5,
                -0.5,
                0.5,
                -0.4999999
            ],
            "motion_type": "static"
        },
        {
            "template_name": "c444bd4ee4524c01839e9b0e1632eb4396b1910c",
            "translation": [
                -0.5412049,
                1.7499996,
                -0.3761897
            ],
            "rotation": [
                -0.5,
                -0.5,
                0.5,
                -0.4999999
            ],
            "motion_type": "static"
        },
        {
            "template_name": "f5bf7b0f14752c987cd026abe7b1238fb25ff9b3",
            "translation": [
                -0.7907096,
                1.7881393432617188e-07,
                -3.1376698
            ],
            "rotation": [
                0.7071068,
                0.0,
                -0.7071067,
                0.0
            ],
            "motion_type": "static"
        },
        {
            "template_name": "d4ba31e433421a8ef008208e9b868da12e24a5a5",
            "translation": [
                -10.1390695,
                -5.960464477539063e-08,
                0.5491098
            ],
            "motion_type": "static"
        },
        {
            "template_name": "559f21c7f5628a83b31d616e90bdcc02e7744731",
            "translation": [
                -8.6899299,
                -1.4901161193847656e-07,
                2.5989997
            ],
            "rotation": [
                0.7071068,
                0.0,
                0.7071067,
                0.0
            ],
            "motion_type": "static"
        },
        {
            "template_name": "c1965c146b48cddf434f6d5407dfc6ac43bde9b7",
            "translation": [
                -7.7996702,
                -2.9802322387695312e-08,
                0.4672698
            ],
            "rotation": [
                0.7071068,
                0.0,
                0.7071067,
                0.0
            ],
            "motion_type": "static"
        },
        {
            "template_name": "fb43c5a184f8fa99cfdc8f6fef674e603cd1c8e0",
            "translation": [
                -4.5746707,
                2.384185791015625e-07,
                -4.463231
            ],
            "rotation": [
                0.0,
                0.0,
                1.0,
                0.0
            ],
            "motion_type": "static"
        },
        {
            "template_name": "735845d0674f69f736af7e0f116767a01392f9b8",
            "translation": [
                -12.5675306,
                2.086162567138672e-07,
                -3.7141692
            ],
            "rotation": [
                0.3920432,
                0.0,
                -0.9199466,
                0.0
            ],
            "motion_type": "static"
        },
        {
            "template_name": "36850ecd5f3ec1555bbc41bdd652e90affb43d63",
            "translation": [
                -10.6129293,
                0.7799999,
                -2.4648787
            ],
            "rotation": [
                0.7071068,
                0.0,
                0.7071067,
                0.0
            ],
            "motion_type": "static"
        },
        {
            "template_name": "32620999debf3d3afebd7749200375c457fd79ac",
            "translation": [
                -4.7311501,
                1.7460496,
                1.1001999
            ],
            "rotation": [
                0.4999999,
                0.4999999,
                0.5,
                -0.5
            ],
            "motion_type": "static"
        },
        {
            "template_name": "319c007ee7d07ca84c797a512ad4a98c9abc42da",
            "translation": [
                -4.33677,
                -2.9802322387695312e-08,
                0.5123397
            ],
            "rotation": [
                0.7050027,
                0.0,
                0.7092046,
                0.0
            ],
            "motion_type": "static"
        },
        {
            "template_name": "e8798c56bd14fcc690d39a1ef6a670cfa15c2938",
            "translation": [
                -7.0665202,
                -1.1920928955078125e-07,
                2.9035198
            ],
            "rotation": [
                0.7071068,
                0.0,
                -0.7071067,
                0.0
            ],
            "motion_type": "static",
            "non_uniform_scale": [
                0.9999998,
                0.9999998,
                1.6101348
            ]
        },
        {
            "template_name": "bb313b17f36fb1198043bc6a48170bda35ba113d",
            "translation": [
                -4.8055295,
                1.6624107956886292e-07,
                -2.7906799
            ],
            "rotation": [
                0.0,
                0.0,
                1.0,
                0.0
            ],
            "motion_type": "static",
            "non_uniform_scale": [
                1.2508982,
                0.9999998,
                1.1449172
            ]
        },
        {
            "template_name": "01cfe774e804fd02e24fdc259b8c84bb8105d1c2",
            "translation": [
                -13.6331081,
                2.086162567138672e-07,
                -3.456263
            ],
            "rotation": [
                0.6946582,
                0.0,
                0.7193397,
                0.0
            ],
            "motion_type": "static"
        },
        {
            "template_name": "c23e159071acb3f9bd03ed01576d9077cc30f1cf",
            "translation": [
                -8.3713998,
                1.7499996,
                1.9294699
            ],
            "rotation": [
                -0.5,
                -0.5,
                0.5,
                -0.4999999
            ],
            "motion_type": "static",
            "non_uniform_scale": [
                1.0723197,
                0.9999998,
                0.9999998
            ]
        },
        {
            "template_name": "66659cc23c130c5188ae92e77ad732afeb00a525",
            "translation": [
                -10.2416601,
                -7.177004590630531e-08,
                1.2044898
            ],
            "rotation": [
                0.7071068,
                0.0,
                -0.7071067,
                0.0
            ],
            "motion_type": "static"
        },
        {
            "template_name": "b662b05f6a28cdbfa7f5998148d2c09b022e35ca",
            "translation": [
                -5.7303309,
                2.086162567138672e-07,
                -4.8389978
            ],
            "rotation": [
                -0.0146011,
                0.0,
                0.9998934,
                0.0
            ],
            "motion_type": "static"
        },
        {
            "template_name": "d46d7261aa80655e3f2583b0b752e26d86d6271d",
            "translation": [
                -6.8851599,
                -1.648440957069397e-07,
                2.7588498
            ],
            "rotation": [
                0.7071068,
                0.0,
                0.7071067,
                0.0
            ],
            "motion_type": "static",
            "non_uniform_scale": [
                0.724061,
                0.9999998,
                0.6891732
            ]
        },
        {
            "template_name": "bc2dadb5196221f95ee3080bce70d4426b1dbfeb",
            "translation": [
                -4.7102198,
                -1.7881393432617188e-07,
                3.2202193
            ],
            "rotation": [
                0.7071068,
                0.0,
                0.7071067,
                0.0
            ],
            "motion_type": "static"
        },
        {
            "template_name": "d47bdbbcede11afcf57ec639041c5d5580e8a4ef",
            "translation": [
                -1.9507497,
                2.980232238769531e-07,
                -4.9976396
            ],
            "motion_type": "static"
        },
        {
            "template_name": "d47bdbbcede11afcf57ec639041c5d5580e8a4ef",
            "translation": [
                -13.6210708,
                -1.7881393432617188e-07,
                3.0274996
            ],
            "rotation": [
                0.0,
                0.0,
                1.0,
                0.0
            ],
            "motion_type": "static"
        },
        {
            "template_name": "e7af9fee904b6d58efdcd8208a2d01d1f481af60",
            "translation": [
                -8.3519544,
                2.086162567138672e-07,
                -3.48408
            ],
            "rotation": [
                0.7071068,
                0.0,
                -0.7071067,
                0.0
            ],
            "motion_type": "static",
            "non_uniform_scale": [
                0.9999998,
                0.9999998,
                0.9009587
            ]
        },
        {
            "template_name": "e7c7b63b03f3453413636b61d57d72820664486b",
            "translation": [
                -2.6702797,
                1.5199997,
                -1.4043747
            ],
            "rotation": [
                0.7071068,
                0.0,
                0.7071067,
                0.0
            ],
            "motion_type": "static"
        },
        {
            "template_name": "bf0ea53947cff924371c0ae4abf8b9891452e9c5",
            "translation": [
                -10.4643697,
                -1.1920928955078125e-07,
                2.0222399
            ],
            "rotation": [
                0.0,
                0.0,
                1.0,
                0.0
            ],
            "motion_type": "static"
        },
        {
            "template_name": "90fb388959832dd71fdcad95215f28b077fe4a3d",
            "translation": [
                -11.6659688,
                0.0,
                0.5487099
            ],
            "motion_type": "static",
            "non_uniform_scale": [
                1.3074599,
                0.9999998,
                0.9999998
            ]
        },
        {
            "template_name": "4c911c25364d1cbb37493ecfaa6b889d931c78ac",
            "translation": [
                -10.9411897,
                1.7499996,
                0.2536399
            ],
            "rotation": [
                0.7071068,
                0.7071067,
                0.0,
                0.0
            ],
            "motion_type": "static",
            "non_uniform_scale": [
                1.0340404,
                0.9999998,
                0.9999998
            ]
        },
        {
            "template_name": "4c911c25364d1cbb37493ecfaa6b889d931c78ac",
            "translation": [
                -9.3795795,
                1.7499996,
                0.2536399
            ],
            "rotation": [
                0.7071068,
                0.7071067,
                0.0,
                0.0
            ],
            "motion_type": "static",
            "non_uniform_scale": [
                0.9654319,
                0.9999998,
                0.9999998
            ]
        },
        {
            "template_name": "4c911c25364d1cbb37493ecfaa6b889d931c78ac",
            "translation": [
                -8.3713998,
                1.7499996,
                2.5736999
            ],
            "rotation": [
                -0.5,
                -0.5,
                0.5,
                -0.4999999
            ],
            "motion_type": "static"
        },
        {
            "template_name": "e59804c7aa6a80c0a474699b47507fae10a082b1",
            "translation": [
                -6.5324201,
                1.7500001,
                -3.1283197
            ],
            "rotation": [
                -0.5,
                -0.5,
                0.5,
                -0.4999999
            ],
            "motion_type": "static"
        },
        {
            "template_name": "ea0200d78c2699f025cc8ec86930842e214bd6d2",
            "translation": [
                -4.5862798,
                0.7679998,
                -0.2448198
            ],
            "rotation": [
                0.7071068,
                0.0,
                -0.7071067,
                0.0
            ],
            "motion_type": "static",
            "non_uniform_scale": [
                0.988474,
                0.9999998,
                1.004942
            ]
        },
        {
            "template_name": "6ee3321de3d9a91d0c8964fe0069fe09e6a5169e",
            "translation": [
                -2.7016899,
                1.601874828338623e-07,
                -2.6885697
            ],
            "motion_type": "static",
            "non_uniform_scale": [
                1.00538,
                0.9999998,
                1.1747061
            ]
        },
        {
            "template_name": "f9c97fa13ad1d2f311069af118476726a3b568d4",
            "translation": [
                -7.6736645,
                -1.1920928955078125e-07,
                2.4749197
            ],
            "rotation": [
                0.0,
                0.0,
                1.0,
                0.0
            ],
            "motion_type": "static",
            "non_uniform_scale": [
                1.2170108,
                0.9999998,
                1.4070018
            ]
        },
        {
            "template_name": "045fbffe4884b8583b3768185fe8cdc15662e835",
            "translation": [
                -7.7561006,
                1.7499996,
                1.4822299
            ],
            "rotation": [
                0.7071068,
                0.7071067,
                0.0,
                0.0
            ],
            "motion_type": "static",
            "non_uniform_scale": [
                1.3793956,
                1.4232505,
                0.9999998
            ]
        },
        {
            "template_name": "cd8fa11a328a4c6a94f20a5c2da592ebb29b3729",
            "translation": [
                -6.2161898,
                1.7881393432617188e-07,
                -3.2154598
            ],
            "rotation": [
                0.7071068,
                0.0,
                0.7071067,
                0.0
            ],
            "motion_type": "static"
        },
        {
            "template_name": "3b712f72f8f2cc5907f38d47b3856eb5477edba0",
            "translation": [
                -11.3394203,
                2.1999998,
                0.41775
            ],
            "motion_type": "static",
            "non_uniform_scale": [
                0.7954499,
                0.9999997,
                0.7667422
            ]
        },
        {
            "template_name": "4629b2bfe7de3edd1e1e295a0441c0e1aca5d3fd",
            "translation": [
                -4.3204698,
                2.1211698,
                3.4599199
            ],
            "rotation": [
                0.0,
                0.0,
                0.7071068,
                -0.7071067
            ],
            "motion_type": "static"
        },
        {
            "template_name": "69102ca2e755ff09f60e4148246b7acdfd19cd74",
            "translation": [
                -13.8509054,
                -2.9802322387695312e-08,
                0.6715698
            ],
            "rotation": [
                0.7071068,
                0.0,
                0.7071067,
                0.0
            ],
            "motion_type": "static"
        },
        {
            "template_name": "b15fac0004781e1257261e5a7cefa01036a149a9",
            "translation": [
                -6.5335183,
                1.7500001,
                -4.0298991
            ],
            "rotation": [
                -0.5,
                -0.5,
                0.5,
                -0.4999999
            ],
            "motion_type": "static"
        },
        {
            "template_name": "2ba78a798010191fd7b9d8e395c76a9e55d427ac",
            "translation": [
                -13.1814098,
                2.384185791015625e-07,
                -4.3963894
            ],
            "rotation": [
                0.9267386,
                0.0,
                0.3757064,
                0.0
            ],
            "motion_type": "static"
        },
        {
            "template_name": "2c2b2914fc526f6e8bbe65511ecf58bba0027ec0",
            "translation": [
                -8.3093395,
                2.980232238769531e-07,
                -4.8762993
            ],
            "rotation": [
                0.7071068,
                0.0,
                0.7071067,
                0.0
            ],
            "motion_type": "static",
            "non_uniform_scale": [
                -0.9999998,
                0.9999998,
                0.9999998
            ]
        },
        {
            "template_name": "2c2b2914fc526f6e8bbe65511ecf58bba0027ec0",
            "translation": [
                -8.3093395,
                2.384185791015625e-07,
                -4.2174196
            ],
            "rotation": [
                0.7071068,
                0.0,
                0.7071067,
                0.0
            ],
            "motion_type": "static",
            "non_uniform_scale": [
                -0.9999998,
                0.9999998,
                0.9999998
            ]
        },
        {
            "template_name": "356ab598a92c0cb9875c194ca6326249f8128fcc",
            "translation": [
                -13.0937795,
                0.2000001,
                -4.8780293
            ],
            "motion_type": "static"
        },
        {
            "template_name": "5c397bde8f12de7c3f3e59faae40fc9da0fb7270",
            "translation": [
                -9.9815101,
                0.8999996,
                2.2618899
            ],
            "rotation": [
                0.0,
                0.0,
                1.0,
                0.0
            ],
            "motion_type": "static"
        },
        {
            "template_name": "f70c9cd37e4949edaa532254729fb3153ff6a76f",
            "translation": [
                -2.48913,
                5.960464477539063e-08,
                -1.3389344
            ],
            "motion_type": "static"
        },
        {
            "template_name": "548c6c188dd4f1069f350a8d3509ce21316d4097",
            "translation": [
                -4.1865205,
                1.7881393432617188e-07,
                -2.6068999
            ],
            "motion_type": "static"
        },
        {
            "template_name": "2807ee5c8ee3939e7d2e19f7b18faad61aeba3ce",
            "translation": [
                -11.8262739,
                2.1999998,
                0.4008738
            ],
            "rotation": [
                0.3971396,
                0.0,
                0.9177581,
                0.0
            ],
            "motion_type": "static",
            "non_uniform_scale": [
                1.6641309,
                0.9999998,
                1.6872315
            ]
        },
        {
            "template_name": "3522b9e9d7f750bf333b5ed98e33083dc970ab4c",
            "translation": [
                -2.6023006,
                1.9371509552001953e-07,
                -3.13507
            ],
            "rotation": [
                0.7071068,
                0.0,
                -0.7071067,
                0.0
            ],
            "motion_type": "static"
        },
        {
            "template_name": "4b8536c8aff2c87f2afa54d2dd047e8add0f0533",
            "translation": [
                -4.6551198,
                0.7679998,
                0.8250498
            ],
            "rotation": [
                0.0,
                0.0,
                1.0,
                0.0
            ],
            "motion_type": "static",
            "non_uniform_scale": [
                0.3911153,
                1.0,
                0.4212149
            ]
        },
        {
            "template_name": "5c7cd9f5f3d9c85dc78cb2b79c07864831f702cf",
            "translation": [
                -1.42929,
                0.49,
                -4.3283395
            ],
            "rotation": [
                -0.3973765,
                0.0,
                0.9176555,
                0.0
            ],
            "motion_type": "static",
            "non_uniform_scale": [
                0.8564419,
                0.9999998,
                0.9229338
            ]
        },
        {
            "template_name": "5c7cd9f5f3d9c85dc78cb2b79c07864831f702cf",
            "translation": [
                -7.0994,
                0.4800001,
                -4.4354596
            ],
            "motion_type": "static",
            "non_uniform_scale": [
                -0.5468906,
                0.9999998,
                0.9013003
            ]
        },
        {
            "template_name": "6063bb91debc55a19fef0b2a74b21adfea412cb4",
            "translation": [
                -2.54887,
                2.2351741790771484e-07,
                -3.8226697
            ],
            "motion_type": "static"
        },
        {
            "template_name": "5e1ca8d31450af5d4fd58bd5b3537cf00636df7c",
            "translation": [
                -10.1752395,
                0.0,
                -0.2578198
            ],
            "rotation": [
                0.0,
                0.0,
                1.0,
                0.0
            ],
            "motion_type": "static"
        },
        {
            "template_name": "99665804218804022bc87b9e8edf35221a0bb8ee",
            "translation": [
                -5.55097,
                0.7713297,
                3.4582645
            ],
            "rotation": [
                0.0,
                0.0,
                0.7071068,
                -0.7071067
            ],
            "motion_type": "static"
        },
        {
            "template_name": "acd4be0d167ad8bd8ee4cede8264950870fc7337",
            "translation": [
                -4.5929241,
                0.7679998,
                0.0381008
            ],
            "rotation": [
                0.8821401,
                0.0,
                0.4709869,
                0.0
            ],
            "motion_type": "static",
            "non_uniform_scale": [
                1.1509145,
                0.9999998,
                0.9692373
            ]
        },
        {
            "template_name": "a47dfc4c45cb05934f2913e1d7887f13000bdf14",
            "translation": [
                -10.3669795,
                2.7999997,
                2.1707799
            ],
            "rotation": [
                0.7071068,
                0.0,
                0.7071067,
                0.0
            ],
            "motion_type": "static"
        },
        {
            "template_name": "b5268817ebe89aad2c751acf1be3996a2baf15cf",
            "translation": [
                -2.56183,
                0.7000001,
                -3.0213897
            ],
            "rotation": [
                -0.5397347,
                0.0,
                0.841835,
                0.0
            ],
            "motion_type": "static",
            "non_uniform_scale": [
                0.8011369,
                1.0,
                0.9043248
            ]
        },
        {
            "template_name": "fa39e2c8248a802ac36ea6792e4883b59946a9e1",
            "translation": [
                -8.4842996,
                2.1259996,
                1.70062
            ],
            "rotation": [
                -0.5778403,
                0.0,
                0.8161497,
                0.0
            ],
            "motion_type": "static",
            "non_uniform_scale": [
                1.4168194,
                0.9999998,
                1.5022764
            ]
        },
        {
            "template_name": "db064ef059f7bb0af9f1036e7649e4835a9ff4f5",
            "translation": [
                -8.6899299,
                -8.940696716308594e-08,
                1.34596
            ],
            "rotation": [
                0.7071068,
                0.0,
                -0.7071067,
                0.0
            ],
            "motion_type": "static"
        },
        {
            "template_name": "2ef6a4ea1c424e07e9c839e1a1bb3b33fc5d3e0e",
            "translation": [
                -8.3713998,
                1.7499996,
                3.2099199
            ],
            "rotation": [
                -0.5,
                -0.5,
                0.5,
                -0.4999999
            ],
            "motion_type": "static"
        },
        {
            "template_name": "dd00b36439864cbfa47440f93d6fc81f91a164d3",
            "translation": [
                -13.62362,
                -1.1920928955078125e-07,
                1.8681354
            ],
            "rotation": [
                0.7071068,
                0.0,
                0.7071067,
                0.0
            ],
            "motion_type": "static",
            "non_uniform_scale": [
                1.0502854,
                0.9999998,
                0.9999998
            ]
        },
        {
            "template_name": "81d0d47953778079c6cf43c917247b8be8d9a78a",
            "translation": [
                -6.0475101,
                2.2351741790771484e-08,
                -0.3417299
            ],
            "rotation": [
                0.7071068,
                0.0,
                0.7071067,
                0.0
            ],
            "motion_type": "static"
        },
        {
            "template_name": "5d77eeaa7a16e02ef64e3ce74893768cc8389aed",
            "translation": [
                -6.91683,
                2.682209014892578e-07,
                -4.4891495
            ],
            "rotation": [
                0.7071068,
                0.0,
                -0.7071067,
                0.0
            ],
            "motion_type": "static",
            "non_uniform_scale": [
                0.8132898,
                0.9999998,
                0.792424
            ]
        },
        {
            "template_name": "85ba156832a3c03c731b50a54b8a724d837cb099",
            "translation": [
                -10.9146203,
                0.8999997,
                2.09626
            ],
            "rotation": [
                0.7071068,
                0.0,
                -0.7071067,
                0.0
            ],
            "motion_type": "static"
        },
        {
            "template_name": "b759f0cf80e62d9701b18edb6791d2172cf11c36",
            "translation": [
                -1.8557434,
                2.384185791015625e-07,
                -3.8662698
            ],
            "motion_type": "static",
            "non_uniform_scale": [
                0.6895805,
                0.9999998,
                0.9999998
            ]
        },
        {
            "template_name": "71dc0202fcd0c3c8a29574530594cbd339347a63",
            "translation": [
                -5.3689699,
                0.6579198,
                1.36668
            ],
            "rotation": [
                0.0,
                0.0,
                0.7071068,
                -0.7071067
            ],
            "motion_type": "static"
        },
        {
            "template_name": "4f59765435e64524ba5ac8e25427a895fa530311",
            "translation": [
                -9.4879703,
                -2.9802322387695312e-08,
                0.5491098
            ],
            "rotation": [
                0.0,
                0.0,
                1.0,
                0.0
            ],
            "motion_type": "static"
        },
        {
            "template_name": "ec6d929832a895b456fd6cca745a18c192c41f4b",
            "translation": [
                -10.6195898,
                -2.384185791015625e-07,
                3.7674896
            ],
            "rotation": [
                0.0,
                0.0,
                1.0,
                0.0
            ],
            "motion_type": "static",
            "non_uniform_scale": [
                1.5798095,
                0.9999998,
                1.3008395
            ]
        },
        {
            "template_name": "e837aa175298b2124bccabfbe5fd20fb0e5edca6",
            "translation": [
                -2.4986801,
                1.1920928955078125e-07,
                -2.181895
            ],
            "rotation": [
                0.7071068,
                0.0,
                -0.7071067,
                0.0
            ],
            "motion_type": "static",
            "non_uniform_scale": [
                -0.7380707,
                0.9999998,
                0.9999998
            ]
        },
        {
            "template_name": "988c8f3bedac15261ab3007ec6ffacb65573aa5a",
            "translation": [
                -6.06607,
                1.7499996,
                3.4599199
            ],
            "rotation": [
                0.0,
                0.0,
                0.7071068,
                -0.7071067
            ],
            "motion_type": "static"
        },
        {
            "template_name": "db36a67e51f4c68fc56db47af8f0894161902b15",
            "translation": [
                -8.8564882,
                1.4901161193847656e-08,
                -0.1387857
            ],
            "rotation": [
                -0.1088669,
                0.0,
                0.9940562,
                0.0
            ],
            "motion_type": "static",
            "non_uniform_scale": [
                0.5847098,
                1.0,
                0.7729207
            ]
        },
        {
            "template_name": "30b659612c0a6358b5d81da95a6c7599d085e981",
            "translation": [
                -0.6950346,
                1.8099999,
                -1.9096899
            ],
            "rotation": [
                0.7071068,
                0.0,
                -0.7071067,
                0.0
            ],
            "motion_type": "static"
        },
        {
            "template_name": "0ce32f140400176aa09faa2e869adc288dc427ce",
            "translation": [
                -1.61343,
                -1.1920928955078125e-07,
                2.3036642
            ],
            "rotation": [
                0.0,
                0.0,
                1.0,
                0.0
            ],
            "motion_type": "static",
            "non_uniform_scale": [
                0.9534996,
                0.9999998,
                0.9512748
            ]
        },
        {
            "template_name": "1fed03ca5b84ba5de9d2be405050acec4cfeaf10",
            "translation": [
                -4.4855699,
                0.7679997,
                0.98995
            ],
            "rotation": [
                0.4858157,
                0.0,
                0.8740611,
                0.0
            ],
            "motion_type": "static"
        },
        {
            "template_name": "485faac7ab84aa46fd40e259b7a9ae7ca36d9cef",
            "translation": [
                -6.9249806,
                1.7500002,
                -5.6449294
            ],
            "rotation": [
                0.0,
                0.0,
                0.7071068,
                -0.7071067
            ],
            "motion_type": "static"
        },
        {
            "template_name": "4422f9ad0526be63566db09a1af5e697ecb5a43a",
            "translation": [
                -10.1329698,
                0.8999996,
                1.9392596
            ],
            "rotation": [
                0.0029837,
                0.0,
                0.9999955,
                0.0
            ],
            "motion_type": "static"
        },
        {
            "template_name": "34ae8fa9ecc23fdf249233a6a5b17276789accc7",
            "translation": [
                -8.5444498,
                2.1259996,
                1.0953501
            ],
            "rotation": [
                0.7071068,
                0.0,
                -0.7071067,
                0.0
            ],
            "motion_type": "static",
            "non_uniform_scale": [
                0.8478381,
                0.9999998,
                0.7769544
            ]
        },
        {
            "template_name": "30ebb83f48ea03738e4530f17940775b8a251b03",
            "translation": [
                -1.78776,
                1.7881393432617188e-07,
                -2.9626698
            ],
            "rotation": [
                0.7071068,
                0.0,
                0.7071067,
                0.0
            ],
            "motion_type": "static"
        },
        {
            "template_name": "2a07ba41856702b849e61c6867c1145e0fb8e6d5",
            "translation": [
                -0.6329699,
                1.8099999,
                -2.5374398
            ],
            "rotation": [
                0.7071068,
                0.0,
                -0.7071067,
                0.0
            ],
            "motion_type": "static"
        },
        {
            "template_name": "5ce08f13b19c6852152063917b9f2111d30de3e5",
            "translation": [
                -1.87995,
                2.621673047542572e-07,
                -4.3993897
            ],
            "rotation": [
                0.7071068,
                0.0,
                -0.7071067,
                0.0
            ],
            "motion_type": "static",
            "non_uniform_scale": [
                1.5234496,
                0.9999998,
                2.0595993
            ]
        },
        {
            "template_name": "fbe1da92b4ec1d1ab6540aca91a52c64d42a6229",
            "translation": [
                -2.3289999,
                1.5199997,
                -1.3888098
            ],
            "motion_type": "static"
        },
        {
            "template_name": "ae5bbeab569aed333ee50e683afdbd4d96ec93a6",
            "translation": [
                -6.8324198,
                1.7881393432617188e-07,
                -2.7523996
            ],
            "rotation": [
                0.7071068,
                0.0,
                -0.7071067,
                0.0
            ],
            "motion_type": "static"
        },
        {
            "template_name": "29a27d5893f1b3383204673903f1a385588e02ef",
            "translation": [
                -9.3585195,
                1.7499996,
                3.4599201
            ],
            "rotation": [
                0.0,
                0.0,
                0.7071068,
                -0.7071067
            ],
            "motion_type": "static"
        },
        {
            "template_name": "4f185872d4cf6603570fc05c7407f6ff5d4dc247",
            "translation": [
                -3.9495482,
                -2.9802322387695312e-08,
                0.4654169
            ],
            "rotation": [
                0.7101852,
                0.0,
                -0.7040147,
                0.0
            ],
            "motion_type": "static"
        },
        {
            "template_name": "1e414b53eef039690faed7557721dd9ce784ef8c",
            "translation": [
                -8.6899299,
                -1.1920928955078125e-07,
                1.8479597
            ],
            "rotation": [
                0.7071068,
                0.0,
                -0.7071067,
                0.0
            ],
            "motion_type": "static"
        },
        {
            "template_name": "1e414b53eef039690faed7557721dd9ce784ef8c",
            "translation": [
                -8.6899299,
                -2.086162567138672e-07,
                3.2808635
            ],
            "rotation": [
                0.7071068,
                0.0,
                -0.7071067,
                0.0
            ],
            "motion_type": "static",
            "non_uniform_scale": [
                0.7247756,
                0.9999998,
                0.9999998
            ]
        },
        {
            "template_name": "5df67d4160d0dce8d73e3ca76e360370c9636ca2",
            "translation": [
                -4.6735801,
                0.7679998,
                0.43876
            ],
            "rotation": [
                0.0318313,
                0.0,
                0.9994931,
                0.0
            ],
            "motion_type": "static"
        },
        {
            "template_name": "c7cd117550688ee734436bca9b49d5c7c2217207",
            "translation": [
                -4.6494317,
                0.7679998,
                0.3023326
            ],
            "rotation": [
                0.7101852,
                0.0,
                -0.7040147,
                0.0
            ],
            "motion_type": "static"
        },
        {
            "template_name": "7ff8c2d48e8d49e2f1504bc83d16ef933cd7163b",
            "translation": [
                -5.2062602,
                -5.960464477539063e-08,
                0.9362298
            ],
            "rotation": [
                0.7071068,
                0.0,
                -0.7071067,
                0.0
            ],
            "motion_type": "static"
        },
        {
            "template_name": "9b5abcc360cae5e0b5ca75ff9bae3241ddbbe3ea",
            "translation": [
                -4.2513699,
                0.768,
                -0.3151499
            ],
            "motion_type": "static"
        },
        {
            "template_name": "f2cfa0103cf69be3a0e367fd4cd968d0cac14233",
            "translation": [
                -10.4341363,
                0.8999995,
                2.4069917
            ],
            "rotation": [
                0.0,
                0.0,
                1.0,
                0.0
            ],
            "motion_type": "static",
            "non_uniform_scale": [
                1.7447438,
                0.9999998,
                1.6368664
            ]
        },
        {
            "template_name": "da1cddb10d235eb771f138a5d173da551406c125",
            "translation": [
                -1.95631,
                0.5999999,
                1.6314495
            ],
            "rotation": [
                0.7071068,
                0.0,
                -0.7071067,
                0.0
            ],
            "motion_type": "static",
            "non_uniform_scale": [
                -0.9999998,
                0.9999998,
                2.7437267
            ]
        },
        {
            "template_name": "e42c7020155fee0bfb7653312c45b746cbd28593",
            "translation": [
                -2.1990001,
                1.7500002,
                -3.0624096
            ],
            "rotation": [
                -0.5,
                -0.5,
                0.5,
                -0.4999999
            ],
            "motion_type": "static",
            "non_uniform_scale": [
                2.0343613,
                2.0278899,
                0.9999998
            ]
        },
        {
            "template_name": "17d794589c8a8f9ea1eec282ef041dfb6f2ebd46",
            "translation": [
                -4.9492201,
                1.7499996,
                1.7852499
            ],
            "rotation": [
                0.4999999,
                0.4999999,
                0.5,
                -0.5
            ],
            "motion_type": "static",
            "non_uniform_scale": [
                0.7334544,
                0.9999998,
                0.9999998
            ]
        },
        {
            "template_name": "d66931edfe3f772e6b972febc8c63095444108a6",
            "translation": [
                -2.5053501,
                2.980232238769531e-07,
                -5.0342893
            ],
            "motion_type": "static"
        },
        {
            "template_name": "364e779bf42ccf6eac0ba930d7f1225dd873242d",
            "translation": [
                -6.0728197,
                2.086162567138672e-07,
                -4.2367391
            ],
            "motion_type": "static"
        },
        {
            "template_name": "acd4efdfa7d6fab996ea544348d92629c7c14705",
            "translation": [
                -4.6895599,
                -3.725290298461914e-08,
                0.6153199
            ],
            "rotation": [
                0.7071068,
                0.0,
                -0.7071067,
                0.0
            ],
            "motion_type": "static",
            "non_uniform_scale": [
                0.9747719,
                1.0,
                0.930776
            ]
        },
        {
            "template_name": "759009978263a3cba19e877146937598808ac8fc",
            "translation": [
                -2.97931,
                -5.727633833885193e-08,
                0.9580398
            ],
            "rotation": [
                0.7071068,
                0.0,
                0.7071067,
                0.0
            ],
            "motion_type": "static"
        },
        {
            "template_name": "d57e3132eb49a7e0a3e6971f304a6d52951a4f74",
            "translation": [
                -13.0804347,
                1.9490598,
                -4.3199639
            ],
            "rotation": [
                0.655618,
                0.6556177,
                0.2648867,
                -0.2648867
            ],
            "motion_type": "static"
        },
        {
            "template_name": "204-2",
            "translation": [
                -9.3346099,
                1.1200002,
                -5.2807393
            ],
            "rotation": [
                0.0,
                0.0,
                1.0,
                0.0
            ],
            "motion_type": "static",
            "non_uniform_scale": [
                -1.0,
                0.9999998,
                0.9999998
            ]
        },
        {
            "template_name": "3752-0",
            "translation": [
                -0.46621,
                1.45,
                -4.4555497
            ],
            "rotation": [
                0.7071068,
                0.0,
                -0.7071067,
                0.0
            ],
            "motion_type": "static",
            "non_uniform_scale": [
                -0.9999998,
                0.9999998,
                0.9999998
            ]
        }
    ],
    "articulated_object_instances": [],
    "stage_instance": {
        "template_name": "stages/103997895_171031182",
        "motion_type": "static"
    },
    "user_defined": {
        "scene_filter_file": "scene_filter_files/103997895_171031182.rec_filter.json"
    }
}