{
    "translation_origin": "asset_local",
    "default_lighting": "",
    "navmesh_instance": "",
    "semantic_scene_instance": "hssd_ssd_map",
    "default_pbr_shader_config": "./data/default.pbr_config.json",
    "object_instances": [
        {
            "template_name": "9b9c305e0a4ebec1b5a61151c4b00fc1f8dd936a",
            "translation": [
                0.5699998,
                7.152557373046875e-7,
                -11.8329992
            ],
            "motion_type": "static",
            "non_uniform_scale": [
                1.0003755,
                1.0003608,
                1.0007158
            ]
        },
        {
            "template_name": "a869085dfecd965de206aaa78a2ae60b45bf1cee",
            "translation": [
                -2.1318812,
                2.8000004,
                -10.4056482
            ],
            "motion_type": "static",
            "non_uniform_scale": [
                1.0013797,
                1.4422936,
                1.0638295
            ]
        },
        {
            "template_name": "a7e08fe5e4e9c52ddbc3f0d6d34c514e7b310581",
            "translation": [
                -9.0039997,
                9.08970832824707e-7,
                -15.2919578
            ],
            "rotation": [
                0.7071068,
                0.0,
                0.7071067,
                0.0
            ],
            "motion_type": "static",
            "non_uniform_scale": [
                0.9995967,
                0.9990617,
                1.000403
            ]
        },
        {
            "template_name": "622f74d682e7ffa33598568e362f5a0d3cd8a144",
            "translation": [
                -5.092,
                9.5367431640625e-7,
                -15.0519981
            ],
            "rotation": [
                0.7071068,
                0.0,
                -0.7071067,
                0.0
            ],
            "motion_type": "static",
            "non_uniform_scale": [
                1.1416664,
                1.0434782,
                0.8999999
            ]
        },
        {
            "template_name": "5df4398e410801f4e61cfd023142da36f45f7a8a",
            "translation": [
                -2.8739998,
                8.861534297466278e-7,
                -14.8689994
            ],
            "rotation": [
                0.0,
                0.0,
                1.0,
                0.0
            ],
            "motion_type": "static",
            "non_uniform_scale": [
                1.0,
                1.0009098,
                0.9999998
            ]
        },
        {
            "template_name": "3a4c77cbc442936a4963c5353064a2627c5e9712",
            "translation": [
                -6.5050001,
                3.5762786865234377e-7,
                -6.4039993
            ],
            "rotation": [
                0.0,
                0.0,
                1.0,
                0.0
            ],
            "motion_type": "static",
            "non_uniform_scale": [
                0.8,
                0.9999998,
                0.75
            ]
        },
        {
            "template_name": "29ba050e69589907868d5a1909fa70ade849f0af",
            "translation": [
                -2.173,
                8.940696716308594e-7,
                -14.8689994
            ],
            "rotation": [
                0.7071068,
                0.0,
                0.7071067,
                0.0
            ],
            "motion_type": "static",
            "non_uniform_scale": [
                0.9995334,
                1.0006084,
                0.999943
            ]
        },
        {
            "template_name": "29ba050e69589907868d5a1909fa70ade849f0af",
            "translation": [
                -2.23122,
                3.5762786865234377e-7,
                -6.4401593
            ],
            "rotation": [
                -0.1391731,
                0.0,
                0.9902678,
                0.0
            ],
            "motion_type": "static",
            "non_uniform_scale": [
                1.5153279,
                3.4812047,
                1.3880231
            ]
        },
        {
            "template_name": "347a45498dfdc2bd553a64da96e1771d5081efe1",
            "translation": [
                -8.9162101,
                7.748603820800781e-7,
                -12.7182188
            ],
            "rotation": [
                0.7933533,
                0.0,
                0.6087614,
                0.0
            ],
            "motion_type": "static",
            "non_uniform_scale": [
                0.510079,
                0.9999998,
                0.5294365
            ]
        },
        {
            "template_name": "e89d2c57fe1f9bda6ad7ebb109505be1ce409380",
            "translation": [
                -5.5990004,
                3.8743019104003908e-7,
                -6.3789997
            ],
            "rotation": [
                0.0,
                0.0,
                1.0,
                0.0
            ],
            "motion_type": "static",
            "non_uniform_scale": [
                1.1709599,
                1.4979027,
                1.0484975
            ]
        },
        {
            "template_name": "ca02e37f8330139e66d6ca97279fad38658e29b6",
            "translation": [
                -1.019,
                4.172325134277344e-7,
                -6.900999
            ],
            "rotation": [
                -0.3665012,
                0.0,
                0.9304174,
                0.0
            ],
            "motion_type": "static",
            "non_uniform_scale": [
                1.1483397,
                0.9995511,
                1.0003533
            ]
        },
        {
            "template_name": "8e5629324a727721c5f3d874ef8a05047092ef06",
            "translation": [
                -2.2149999,
                1.4300004,
                -12.3899984
            ],
            "rotation": [
                0.0,
                0.0,
                0.7071068,
                -0.7071067
            ],
            "motion_type": "static",
            "non_uniform_scale": [
                2.0054836,
                0.9999998,
                2.0096771
            ]
        },
        {
            "template_name": "52db011b9552d54097709a8a8f9bb1d745fe158e",
            "translation": [
                -2.3369998,
                4.76837158203125e-7,
                -8.0509986
            ],
            "rotation": [
                0.7071068,
                0.0,
                0.7071067,
                0.0
            ],
            "motion_type": "static",
            "non_uniform_scale": [
                1.1500293,
                1.0,
                1.1500293
            ]
        },
        {
            "template_name": "d39d83b10a9034353d5b5fdb3d39dde23aef98a6",
            "translation": [
                -1.4809999,
                6.258487701416016e-7,
                -10.4399986
            ],
            "rotation": [
                0.0,
                0.0,
                1.0,
                0.0
            ],
            "motion_type": "static",
            "non_uniform_scale": [
                0.7968124,
                0.999521,
                0.9999998
            ]
        },
        {
            "template_name": "d39d83b10a9034353d5b5fdb3d39dde23aef98a6",
            "translation": [
                -2.9809999,
                6.258487701416016e-7,
                -10.4399986
            ],
            "rotation": [
                0.0,
                0.0,
                1.0,
                0.0
            ],
            "motion_type": "static",
            "non_uniform_scale": [
                1.5936253,
                0.999521,
                0.9999998
            ]
        },
        {
            "template_name": "6d6f941aefa3f1c6702dd367f6827b6de6a944a1",
            "translation": [
                -0.381,
                6.556510925292969e-7,
                -11.0939388
            ],
            "rotation": [
                0.7071068,
                0.0,
                -0.7071067,
                0.0
            ],
            "motion_type": "static",
            "non_uniform_scale": [
                -1.1949807,
                1.000184,
                0.9999998
            ]
        },
        {
            "template_name": "1d01396c2e559fabf007f7ed384055a63a23fa95",
            "translation": [
                -1.4279998,
                7.152557373046875e-7,
                -11.9399986
            ],
            "motion_type": "static",
            "non_uniform_scale": [
                1.00012,
                0.999521,
                0.9999998
            ]
        },
        {
            "template_name": "0a3ec6381b4867a7c1aa2635279d4a30b1a3937c",
            "translation": [
                -1.50396,
                0.0500007,
                -14.0620689
            ],
            "motion_type": "static",
            "non_uniform_scale": [
                1.0001057,
                1.0000112,
                1.0000344
            ]
        },
        {
            "template_name": "014a363a4a3feb9c57288f972744ccb3196207b7",
            "translation": [
                -0.72,
                8.327187970280647e-7,
                -13.9709987
            ],
            "rotation": [
                0.7071068,
                0.0,
                0.7071067,
                0.0
            ],
            "motion_type": "static",
            "non_uniform_scale": [
                1.0599997,
                0.9999998,
                0.9090908
            ]
        },
        {
            "template_name": "014a363a4a3feb9c57288f972744ccb3196207b7",
            "translation": [
                -0.72,
                7.697963155806065e-7,
                -12.914999
            ],
            "rotation": [
                0.7071068,
                0.0,
                0.7071067,
                0.0
            ],
            "motion_type": "static",
            "non_uniform_scale": [
                1.0499997,
                0.9999998,
                0.9090908
            ]
        },
        {
            "template_name": "97b432fdeec22db68b6eb60a4032c9ada97b88ad",
            "translation": [
                -4.5310001,
                8.940696716308594e-7,
                -14.900999
            ],
            "rotation": [
                0.7071068,
                0.0,
                -0.7071067,
                0.0
            ],
            "motion_type": "static",
            "non_uniform_scale": [
                0.9991555,
                1.0001399,
                0.9993373
            ]
        },
        {
            "template_name": "4472cb3222a8c90311e643cc13223412c927eb5e",
            "translation": [
                0.10012,
                7.837079465389252e-7,
                -13.1514587
            ],
            "rotation": [
                0.0,
                0.0,
                1.0,
                0.0
            ],
            "motion_type": "static",
            "non_uniform_scale": [
                0.75,
                0.9999998,
                1.090909
            ]
        },
        {
            "template_name": "7618f89a88ec34181bc360a234208afffaeb786f",
            "translation": [
                0.9380648,
                2.3167507,
                -14.0321178
            ],
            "rotation": [
                -0.5,
                -0.5,
                0.5,
                -0.4999999
            ],
            "motion_type": "static"
        },
        {
            "template_name": "7dc150f87d704f7b90d79ba114e42450b572c510",
            "translation": [
                0.938,
                1.1822006,
                -14.0377588
            ],
            "rotation": [
                -0.5,
                -0.5,
                0.5,
                -0.4999999
            ],
            "motion_type": "static"
        },
        {
            "template_name": "17e2507eea68af93028d916febbb454000034538",
            "translation": [
                -6.6718602,
                1.7600003,
                -9.8589992
            ],
            "rotation": [
                0.7071068,
                0.7071067,
                0.0,
                0.0
            ],
            "motion_type": "static",
            "non_uniform_scale": [
                4.4090909,
                0.9999998,
                4.4705872
            ]
        },
        {
            "template_name": "fab65e048c066cfe2d5624e018e4e9074930f050",
            "translation": [
                -7.7369399,
                0.6500008,
                -15.7369985
            ],
            "rotation": [
                0.7071068,
                0.7071067,
                0.0,
                0.0
            ],
            "motion_type": "static",
            "non_uniform_scale": [
                1.4013605,
                0.9999998,
                0.9999998
            ]
        },
        {
            "template_name": "78de8224260ece5c3d60024a9c4c0b80ec7502ce",
            "translation": [
                -8.2427062,
                1.4190001,
                -6.5974621
            ],
            "rotation": [
                0.1486403,
                0.1486403,
                0.6913074,
                -0.6913074
            ],
            "motion_type": "static"
        },
        {
            "template_name": "78de8224260ece5c3d60024a9c4c0b80ec7502ce",
            "translation": [
                -8.0653228,
                1.6687506,
                -12.4935417
            ],
            "rotation": [
                0.0454301,
                0.0454301,
                0.7056459,
                -0.7056456
            ],
            "motion_type": "static",
            "non_uniform_scale": [
                1.0003415,
                0.9893046,
                0.9993227
            ]
        },
        {
            "template_name": "4c959bfa0e2981ccdc2d550d6ffd42c8da56e907",
            "translation": [
                -2.325,
                2.8000001,
                -8.0579986
            ],
            "rotation": [
                0.7071068,
                0.0,
                -0.7071067,
                0.0
            ],
            "motion_type": "static",
            "non_uniform_scale": [
                1.0004452,
                0.9999923,
                1.0004452
            ]
        },
        {
            "template_name": "856922f283467aa14c19028505d3c1e9bd149324",
            "translation": [
                -6.6586799,
                4.859175533056259e-7,
                -8.1536989
            ],
            "rotation": [
                0.0,
                0.0,
                1.0,
                0.0
            ],
            "motion_type": "static"
        },
        {
            "template_name": "4a5c07b7d72d1cce7d9a7d43a40c1ef32ac28a56",
            "translation": [
                -1.7029998,
                2.8000004,
                -9.8869991
            ],
            "rotation": [
                0.4226182,
                0.0,
                0.9063078,
                0.0
            ],
            "motion_type": "static",
            "non_uniform_scale": [
                0.9994289,
                1.1876249,
                0.9989153
            ]
        },
        {
            "template_name": "4a5c07b7d72d1cce7d9a7d43a40c1ef32ac28a56",
            "translation": [
                -2.2769999,
                2.8000004,
                -9.8869991
            ],
            "rotation": [
                0.4226182,
                0.0,
                0.9063078,
                0.0
            ],
            "motion_type": "static",
            "non_uniform_scale": [
                0.9994289,
                1.1876249,
                0.9989153
            ]
        },
        {
            "template_name": "4a5c07b7d72d1cce7d9a7d43a40c1ef32ac28a56",
            "translation": [
                -2.8879997,
                2.8000004,
                -9.8869991
            ],
            "rotation": [
                0.4226182,
                0.0,
                0.9063078,
                0.0
            ],
            "motion_type": "static",
            "non_uniform_scale": [
                0.9994289,
                1.1876249,
                0.9989153
            ]
        },
        {
            "template_name": "55da776747de3474292a65617371432d3cf576ef",
            "translation": [
                -8.0700702,
                7.748603820800781e-7,
                -12.6424989
            ],
            "rotation": [
                0.0,
                0.0,
                1.0,
                0.0
            ],
            "motion_type": "static",
            "non_uniform_scale": [
                1.1614625,
                0.9051836,
                1.0009117
            ]
        },
        {
            "template_name": "05dfa289f4a5be6a1be7f0882a4d929060242b5d",
            "translation": [
                -0.97,
                8.344650268554688e-7,
                -13.7665786
            ],
            "rotation": [
                0.7071068,
                0.0,
                -0.7071067,
                0.0
            ],
            "motion_type": "static",
            "non_uniform_scale": [
                0.8891258,
                0.9999492,
                0.83375
            ]
        },
        {
            "template_name": "56992c68d20498de6e888ca811f2507f0c6707b7",
            "translation": [
                -6.5836305,
                4.6193599700927737e-7,
                -8.1553707
            ],
            "rotation": [
                0.0,
                0.0,
                1.0,
                0.0
            ],
            "motion_type": "static",
            "non_uniform_scale": [
                1.1811021,
                0.9999998,
                1.2341276
            ]
        },
        {
            "template_name": "55675aab13a9145981412bc48f79f43dad2ed1a2",
            "translation": [
                -7.7237796,
                8.642673492431641e-7,
                -14.5096988
            ],
            "motion_type": "static",
            "non_uniform_scale": [
                1.0,
                1.1880011,
                0.9999998
            ]
        },
        {
            "template_name": "33e2521c0692e52b4fb6a3f1bdc0cb3e7b37a88d",
            "translation": [
                -5.90069,
                1.7495006,
                -12.7849988
            ],
            "rotation": [
                0.4999999,
                0.4999999,
                0.5,
                -0.5
            ],
            "motion_type": "static",
            "non_uniform_scale": [
                1.0001775,
                1.0001256,
                0.9995918
            ]
        },
        {
            "template_name": "4ea211502b27bdf851c4b4fd8650019b452a27b7",
            "translation": [
                -4.4970002,
                8.940696716308594e-7,
                -15.3019981
            ],
            "motion_type": "static",
            "non_uniform_scale": [
                0.8429926,
                0.9998118,
                1.000686
            ]
        },
        {
            "template_name": "c71119acd5c1963089fc79ade6f0e6521911806e",
            "translation": [
                -6.7137298,
                0.0200003,
                -9.3741254
            ],
            "motion_type": "static",
            "non_uniform_scale": [
                1.0,
                0.9999998,
                0.9368991
            ]
        },
        {
            "template_name": "1e15117a488da84c0cf413a831a182e9099d85af",
            "translation": [
                -5.4183793,
                5.960464477539063e-7,
                -9.5927591
            ],
            "rotation": [
                0.9998769,
                0.0,
                0.0156816,
                0.0
            ],
            "motion_type": "static",
            "non_uniform_scale": [
                1.0860482,
                1.0335191,
                1.0972315
            ]
        },
        {
            "template_name": "ef2e10b0b642cdb7742470452fc01bd4a64f9ee2",
            "translation": [
                -7.7669897,
                2.0176622,
                -15.7364988
            ],
            "rotation": [
                0.7071068,
                0.7071067,
                0.0,
                0.0
            ],
            "motion_type": "static",
            "non_uniform_scale": [
                1.0000574,
                1.0068254,
                0.9457982
            ]
        },
        {
            "template_name": "98eb241f6120de27b331e1437320d3a0fa751d83",
            "translation": [
                -0.381,
                6.258487701416016e-7,
                -10.4940595
            ],
            "rotation": [
                0.7071068,
                0.0,
                0.7071067,
                0.0
            ],
            "motion_type": "static",
            "non_uniform_scale": [
                -1.1949807,
                0.999521,
                0.9999998
            ]
        },
        {
            "template_name": "5bc304ca5557edc8a25e7dc579b128100e9c284c",
            "translation": [
                -2.071,
                8.344650268554688e-7,
                -14.2009992
            ],
            "rotation": [
                0.7071068,
                0.0,
                -0.7071067,
                0.0
            ],
            "motion_type": "static",
            "non_uniform_scale": [
                0.6666665,
                0.9999284,
                0.8891522
            ]
        },
        {
            "template_name": "2913544ada12de644d9747c0d117fb74c6b50016",
            "translation": [
                1.192,
                0.0010004,
                -7.1279993
            ],
            "rotation": [
                -0.2164396,
                0.0,
                0.976296,
                0.0
            ],
            "motion_type": "static",
            "non_uniform_scale": [
                2.0079021,
                2.0157835,
                1.9704432
            ]
        },
        {
            "template_name": "7037b91aa95b4455af64b832f3b5c2cf2ffafa17",
            "translation": [
                -1.003,
                1.6000006,
                -12.039999
            ],
            "motion_type": "static",
            "non_uniform_scale": [
                2.0555555,
                1.0526312,
                0.8888887
            ]
        },
        {
            "template_name": "722d9b8b0d8ad98e8798840b918121d2c126fa26",
            "translation": [
                -2.1630001,
                7.152557373046875e-7,
                -11.9290657
            ],
            "motion_type": "static",
            "non_uniform_scale": [
                -0.9399998,
                1.090909,
                1.0378303
            ]
        },
        {
            "template_name": "ed4fbbb8cc877cea34ff946b05c9da8b3690ee74",
            "translation": [
                -3.3569998,
                0.6440004,
                -10.2349987
            ],
            "rotation": [
                -0.5,
                -0.5,
                0.5,
                -0.4999999
            ],
            "motion_type": "static",
            "non_uniform_scale": [
                1.0008287,
                1.0013027,
                1.0010756
            ]
        },
        {
            "template_name": "ed4fbbb8cc877cea34ff946b05c9da8b3690ee74",
            "translation": [
                -3.3569998,
                0.2140004,
                -10.2309989
            ],
            "rotation": [
                -0.5,
                -0.5,
                0.5,
                -0.4999999
            ],
            "motion_type": "static",
            "non_uniform_scale": [
                1.0008287,
                1.0013027,
                1.0010756
            ]
        },
        {
            "template_name": "d94ca9c2481d2a92c27a4cfa6c31969e9fd2b56b",
            "translation": [
                -8.2154998,
                4.172325134277344e-7,
                -6.6139993
            ],
            "rotation": [
                0.123648,
                0.0,
                0.992326,
                0.0
            ],
            "motion_type": "static",
            "non_uniform_scale": [
                0.9853816,
                0.9995706,
                1.1417322
            ]
        },
        {
            "template_name": "05f80a1f59e03f798ba3941f1a6f2712a0e93583",
            "translation": [
                -3.31362,
                3.5762786865234377e-7,
                -6.3593697
            ],
            "rotation": [
                0.0,
                0.0,
                1.0,
                0.0
            ],
            "motion_type": "static",
            "non_uniform_scale": [
                0.8728119,
                0.9999998,
                0.9999997
            ]
        },
        {
            "template_name": "4fdaa6ab15b62976a1af9b3da62c159c3397be00",
            "translation": [
                0.938,
                1.7035484,
                -13.110958
            ],
            "rotation": [
                -0.5,
                -0.5,
                0.5,
                -0.4999999
            ],
            "motion_type": "static",
            "non_uniform_scale": [
                0.7999997,
                0.9999998,
                0.7883768
            ]
        },
        {
            "template_name": "7c135687fb97d18307339aed175e8f3c46d6a378",
            "translation": [
                0.47455,
                1.8000005,
                -12.3909988
            ],
            "rotation": [
                0.0,
                0.0,
                0.7071068,
                -0.7071067
            ],
            "motion_type": "static",
            "non_uniform_scale": [
                1.5217391,
                0.9999998,
                1.5384612
            ]
        },
        {
            "template_name": "b356640d3d9d976c8ea2a29ae5ff48467e32262b_part_1",
            "translation": [
                -5.1848988,
                5.960464477539063e-7,
                -10.5539989
            ],
            "rotation": [
                0.7071068,
                0.0,
                0.7071067,
                0.0
            ],
            "motion_type": "static",
            "non_uniform_scale": [
                0.7812498,
                1.0499998,
                1.0004713
            ]
        },
        {
            "template_name": "cba2876e0d64126946169da1d9ed044e48f9e232",
            "translation": [
                -3.7882399,
                7.152557373046875e-7,
                -11.9530591
            ],
            "rotation": [
                0.7071068,
                0.0,
                -0.7071067,
                0.0
            ],
            "motion_type": "static",
            "non_uniform_scale": [
                0.9999998,
                1.0882871,
                0.9999998
            ]
        },
        {
            "template_name": "0e1f68766b13404266745eb67c0c3a55d1be43c4",
            "translation": [
                -6.5287098,
                1.7955904,
                -12.3899993
            ],
            "rotation": [
                0.0,
                0.0,
                0.7071068,
                -0.7071067
            ],
            "motion_type": "static"
        },
        {
            "template_name": "04e3238a93ca143822b01672f443804fb0880219",
            "translation": [
                -7.1047649,
                7.748603820800781e-7,
                -12.590559
            ],
            "rotation": [
                0.0,
                0.0,
                1.0,
                0.0
            ],
            "motion_type": "static"
        },
        {
            "template_name": "51bf4c899c925cae53ee4d4305ac00beaec03a4b",
            "translation": [
                -0.5049998,
                7.152557373046875e-7,
                -11.8170042
            ],
            "motion_type": "static",
            "non_uniform_scale": [
                0.9999526,
                0.999521,
                1.0001771
            ]
        },
        {
            "template_name": "35230dedd6b3f035a602f7226fae2dcb61bf1e4a",
            "translation": [
                -2.923,
                7.152557373046875e-7,
                -11.9057493
            ],
            "motion_type": "static",
            "non_uniform_scale": [
                1.0,
                1.2135601,
                0.9999998
            ]
        },
        {
            "template_name": "6bbbc28fc06c3aaf0d632d88220bae3c0f1142e5",
            "translation": [
                -0.0809999,
                1.4001996,
                -9.7805976
            ],
            "rotation": [
                -0.5,
                -0.5,
                0.5,
                -0.4999999
            ],
            "motion_type": "static",
            "non_uniform_scale": [
                0.7743682,
                0.9999998,
                0.9964411
            ]
        },
        {
            "template_name": "6bbbc28fc06c3aaf0d632d88220bae3c0f1142e5",
            "translation": [
                -9.3780002,
                1.4001996,
                -6.6215415
            ],
            "rotation": [
                0.4999999,
                0.4999999,
                0.5,
                -0.5
            ],
            "motion_type": "static",
            "non_uniform_scale": [
                0.7743682,
                0.9999998,
                0.9964411
            ]
        },
        {
            "template_name": "6bbbc28fc06c3aaf0d632d88220bae3c0f1142e5",
            "translation": [
                -0.0809999,
                1.4001996,
                -6.724761
            ],
            "rotation": [
                -0.5,
                -0.5,
                0.5,
                -0.4999999
            ],
            "motion_type": "static",
            "non_uniform_scale": [
                -0.7743682,
                0.9999998,
                0.9964411
            ]
        },
        {
            "template_name": "6bbbc28fc06c3aaf0d632d88220bae3c0f1142e5",
            "translation": [
                -1.8311028,
                1.4001995,
                -6.2043094
            ],
            "rotation": [
                0.0,
                0.0,
                0.7071068,
                -0.7071067
            ],
            "motion_type": "static",
            "non_uniform_scale": [
                -0.4839802,
                0.9999998,
                0.9964411
            ]
        },
        {
            "template_name": "6bbbc28fc06c3aaf0d632d88220bae3c0f1142e5",
            "translation": [
                -0.3345572,
                1.4001995,
                -6.2065291
            ],
            "rotation": [
                0.0,
                0.0,
                0.7071068,
                -0.7071067
            ],
            "motion_type": "static",
            "non_uniform_scale": [
                0.4839802,
                0.9999998,
                0.9964411
            ]
        },
        {
            "template_name": "6bbbc28fc06c3aaf0d632d88220bae3c0f1142e5",
            "translation": [
                -9.3775005,
                1.4002001,
                -15.3313074
            ],
            "rotation": [
                0.4999999,
                0.4999999,
                0.5,
                -0.5
            ],
            "motion_type": "static",
            "non_uniform_scale": [
                -0.7743682,
                0.9999998,
                0.9964411
            ]
        },
        {
            "template_name": "6bbbc28fc06c3aaf0d632d88220bae3c0f1142e5",
            "translation": [
                -9.3945503,
                1.4002,
                -12.7956905
            ],
            "rotation": [
                0.4999999,
                0.4999999,
                0.5,
                -0.5
            ],
            "motion_type": "static",
            "non_uniform_scale": [
                0.7743682,
                0.9999998,
                0.9964411
            ]
        },
        {
            "template_name": "6bbbc28fc06c3aaf0d632d88220bae3c0f1142e5",
            "translation": [
                -9.3756198,
                1.4001996,
                -9.0671377
            ],
            "rotation": [
                0.4999999,
                0.4999999,
                0.5,
                -0.5
            ],
            "motion_type": "static",
            "non_uniform_scale": [
                -0.7743682,
                0.9999998,
                0.9964411
            ]
        },
        {
            "template_name": "6bbbc28fc06c3aaf0d632d88220bae3c0f1142e5",
            "translation": [
                -9.39503,
                1.4001996,
                -10.3139791
            ],
            "rotation": [
                0.4999999,
                0.4999999,
                0.5,
                -0.5
            ],
            "motion_type": "static",
            "non_uniform_scale": [
                0.6775723,
                0.9999998,
                0.9964411
            ]
        },
        {
            "template_name": "6bbbc28fc06c3aaf0d632d88220bae3c0f1142e5",
            "translation": [
                -9.3758802,
                1.4001996,
                -11.8850193
            ],
            "rotation": [
                0.4999999,
                0.4999999,
                0.5,
                -0.5
            ],
            "motion_type": "static",
            "non_uniform_scale": [
                -0.6775723,
                0.9999998,
                0.9964411
            ]
        },
        {
            "template_name": "4f6764b545ea4b81ba60ba612dd29a3f6f54f8cc",
            "translation": [
                -0.675,
                4.470348358154297e-7,
                -7.5389995
            ],
            "rotation": [
                0.3826833,
                0.0,
                0.9238795,
                0.0
            ],
            "motion_type": "static",
            "non_uniform_scale": [
                1.0007425,
                0.9992613,
                1.0007425
            ]
        },
        {
            "template_name": "126706d2722745fadf95487644ac678e49b87cf4",
            "translation": [
                -2.3310003,
                5.960464477539063e-7,
                -9.8899993
            ],
            "rotation": [
                0.0,
                0.0,
                1.0,
                0.0
            ],
            "motion_type": "static",
            "non_uniform_scale": [
                1.4039496,
                0.999521,
                0.5573638
            ]
        },
        {
            "template_name": "88313a90784792b002e491bfc8b47deb01f3e026",
            "translation": [
                -8.5116796,
                4.76837158203125e-7,
                -8.239809
            ],
            "rotation": [
                0.8526399,
                0.0,
                0.5224984,
                0.0
            ],
            "motion_type": "static",
            "non_uniform_scale": [
                0.9239112,
                1.000522,
                1.0000952
            ]
        },
        {
            "template_name": "f3983f4b922f83e3f9cf633cb382fe01b7abf837",
            "translation": [
                -6.54602,
                5.960464477539063e-7,
                -10.4528026
            ],
            "rotation": [
                0.7071068,
                0.0,
                -0.7071067,
                0.0
            ],
            "motion_type": "static",
            "non_uniform_scale": [
                1.0499787,
                0.9999998,
                1.104801
            ]
        },
        {
            "template_name": "97a80eceeef626cc6d768b0fd523f2477a4efbb7",
            "translation": [
                -1.6269001,
                5.662441253662109e-7,
                -9.5615987
            ],
            "rotation": [
                0.0,
                0.0,
                1.0,
                0.0
            ],
            "motion_type": "static"
        },
        {
            "template_name": "97a80eceeef626cc6d768b0fd523f2477a4efbb7",
            "translation": [
                -2.0664999,
                5.662441253662109e-7,
                -9.5615987
            ],
            "rotation": [
                0.0,
                0.0,
                1.0,
                0.0
            ],
            "motion_type": "static"
        },
        {
            "template_name": "97a80eceeef626cc6d768b0fd523f2477a4efbb7",
            "translation": [
                -2.5060999,
                5.662441253662109e-7,
                -9.5615987
            ],
            "rotation": [
                0.0,
                0.0,
                1.0,
                0.0
            ],
            "motion_type": "static"
        },
        {
            "template_name": "97a80eceeef626cc6d768b0fd523f2477a4efbb7",
            "translation": [
                -3.1797199,
                5.662441253662109e-7,
                -9.4845991
            ],
            "rotation": [
                0.153822,
                0.0,
                0.9880985,
                0.0
            ],
            "motion_type": "static"
        },
        {
            "template_name": "5719e9a114f6d919a13db3908c73aab3261b115d",
            "translation": [
                -8.7931404,
                6.854534149169922e-7,
                -11.2789793
            ],
            "rotation": [
                0.7071068,
                0.0,
                -0.7071067,
                0.0
            ],
            "motion_type": "static",
            "non_uniform_scale": [
                0.7614212,
                0.9999998,
                0.7798163
            ]
        },
        {
            "template_name": "f719e6f9cc9fa51fdcf651e9e1664b45b33e61f5",
            "translation": [
                -3.9119997,
                8.940696716308594e-7,
                -15.1966695
            ],
            "motion_type": "static",
            "non_uniform_scale": [
                0.9996988,
                1.0001728,
                1.0004216
            ]
        },
        {
            "template_name": "cec4a471d2b81de397da664faee9fe1cc428d29b",
            "translation": [
                0.388,
                8.344650268554688e-7,
                -13.5432891
            ],
            "rotation": [
                0.0,
                0.0,
                1.0,
                0.0
            ],
            "motion_type": "static",
            "non_uniform_scale": [
                0.6111111,
                0.4526748,
                2.5252523
            ]
        },
        {
            "template_name": "75ce964805a1e3b5837336841165f8f6741c0713",
            "translation": [
                -2.7056989,
                5.066394805908203e-7,
                -8.4674253
            ],
            "rotation": [
                0.9537168,
                0.0,
                0.3007057,
                0.0
            ],
            "motion_type": "static",
            "non_uniform_scale": [
                1.0004887,
                1.0001037,
                1.0007574
            ]
        },
        {
            "template_name": "75ce964805a1e3b5837336841165f8f6741c0713",
            "translation": [
                -2.8594267,
                4.470348358154297e-7,
                -7.5953006
            ],
            "rotation": [
                0.4617486,
                0.0,
                0.8870108,
                0.0
            ],
            "motion_type": "static",
            "non_uniform_scale": [
                1.0004887,
                1.0001037,
                1.0007574
            ]
        },
        {
            "template_name": "75ce964805a1e3b5837336841165f8f6741c0713",
            "translation": [
                -1.9443006,
                4.470348358154297e-7,
                -7.5235724
            ],
            "rotation": [
                -0.3007057,
                0.0,
                0.9537168,
                0.0
            ],
            "motion_type": "static",
            "non_uniform_scale": [
                1.0004887,
                1.0001037,
                1.0007574
            ]
        },
        {
            "template_name": "75ce964805a1e3b5837336841165f8f6741c0713",
            "translation": [
                -1.6583335,
                5.066394805908203e-7,
                -8.6830387
            ],
            "rotation": [
                0.8870108,
                0.0,
                -0.4617486,
                0.0
            ],
            "motion_type": "static",
            "non_uniform_scale": [
                1.0004887,
                1.0001037,
                1.0007574
            ]
        },
        {
            "template_name": "726793309f6eb1fbd6b34ea52de023d78b596903",
            "translation": [
                -1.1030298,
                0.4200001,
                -6.1539993
            ],
            "rotation": [
                0.0,
                0.0,
                1.0,
                0.0
            ],
            "motion_type": "static",
            "non_uniform_scale": [
                1.2083332,
                0.6659265,
                0.1666664
            ]
        },
        {
            "template_name": "726793309f6eb1fbd6b34ea52de023d78b596903",
            "translation": [
                -9.4280004,
                0.4200006,
                -11.0951089
            ],
            "rotation": [
                0.7071068,
                0.0,
                0.7071067,
                0.0
            ],
            "motion_type": "static",
            "non_uniform_scale": [
                1.208333,
                0.6659265,
                0.1666664
            ]
        },
        {
            "template_name": "726793309f6eb1fbd6b34ea52de023d78b596903",
            "translation": [
                -9.4280004,
                0.1200003,
                -7.8117599
            ],
            "rotation": [
                0.7071068,
                0.0,
                0.7071067,
                0.0
            ],
            "motion_type": "static",
            "non_uniform_scale": [
                1.833333,
                0.6659265,
                0.1666664
            ]
        },
        {
            "template_name": "726793309f6eb1fbd6b34ea52de023d78b596903",
            "translation": [
                0.9506999,
                0.7200008,
                -13.110958
            ],
            "rotation": [
                0.7071068,
                0.0,
                0.7071067,
                0.0
            ],
            "motion_type": "static",
            "non_uniform_scale": [
                0.6666665,
                0.6659265,
                0.1666664
            ]
        },
        {
            "template_name": "726793309f6eb1fbd6b34ea52de023d78b596903",
            "translation": [
                -9.4280004,
                0.4100007,
                -13.8712091
            ],
            "rotation": [
                0.7071068,
                0.0,
                0.7071067,
                0.0
            ],
            "motion_type": "static",
            "non_uniform_scale": [
                2.166666,
                0.6659265,
                0.1666664
            ]
        },
        {
            "template_name": "2efebdcc1ba9514b0deb0dfb05951341432bd26a",
            "translation": [
                -8.8005895,
                0.7400007,
                -11.4226894
            ],
            "rotation": [
                0.6075658,
                0.0,
                0.794269,
                0.0
            ],
            "motion_type": "static"
        },
        {
            "template_name": "ef43ca54e75207b5b9854dc27e7069e8b2dcc15d",
            "translation": [
                1.4295698,
                5.960464477539063e-7,
                -10.2269096
            ],
            "rotation": [
                0.7071068,
                0.0,
                0.7071067,
                0.0
            ],
            "motion_type": "static",
            "non_uniform_scale": [
                0.6268926,
                0.762224,
                0.8382015
            ]
        },
        {
            "template_name": "009f9df21592e289bc08c4562f21dce15fced6fb",
            "translation": [
                -4.5310001,
                8.642673492431641e-7,
                -14.5459985
            ],
            "rotation": [
                0.7071068,
                0.0,
                -0.7071067,
                0.0
            ],
            "motion_type": "static",
            "non_uniform_scale": [
                0.9991555,
                1.0001399,
                0.9993373
            ]
        },
        {
            "template_name": "34c7b240200402ad3376efdc89e255d5c330047c",
            "translation": [
                -6.6830806,
                8.940696716308594e-7,
                -15.4233989
            ],
            "motion_type": "static",
            "non_uniform_scale": [
                1.0,
                1.0674984,
                1.0
            ]
        },
        {
            "template_name": "34c7b240200402ad3376efdc89e255d5c330047c",
            "translation": [
                -8.7526493,
                8.940696716308594e-7,
                -15.4238986
            ],
            "motion_type": "static",
            "non_uniform_scale": [
                1.0,
                1.0674984,
                1.0
            ]
        },
        {
            "template_name": "46c98ef1342702022042ee1dc44bdde19624e265",
            "translation": [
                1.6697485,
                4.172325134277344e-7,
                -7.0803995
            ],
            "rotation": [
                0.7071068,
                0.0,
                -0.7071067,
                0.0
            ],
            "motion_type": "static",
            "non_uniform_scale": [
                0.9999998,
                0.9997814,
                0.9998772
            ]
        },
        {
            "template_name": "46c98ef1342702022042ee1dc44bdde19624e265",
            "translation": [
                1.6957489,
                7.152557373046875e-7,
                -11.9403991
            ],
            "rotation": [
                0.7071068,
                0.0,
                -0.7071067,
                0.0
            ],
            "motion_type": "static",
            "non_uniform_scale": [
                0.9999998,
                0.9997814,
                0.9998772
            ]
        },
        {
            "template_name": "46c98ef1342702022042ee1dc44bdde19624e265",
            "translation": [
                1.6957489,
                6.556510925292969e-7,
                -11.3733997
            ],
            "rotation": [
                0.7071068,
                0.0,
                -0.7071067,
                0.0
            ],
            "motion_type": "static",
            "non_uniform_scale": [
                0.9999998,
                0.9997814,
                0.9998772
            ]
        },
        {
            "template_name": "46c98ef1342702022042ee1dc44bdde19624e265",
            "translation": [
                1.6827485,
                4.76837158203125e-7,
                -8.1793994
            ],
            "rotation": [
                0.7071068,
                0.0,
                -0.7071067,
                0.0
            ],
            "motion_type": "static",
            "non_uniform_scale": [
                0.9999998,
                0.9997814,
                0.9998772
            ]
        },
        {
            "template_name": "46c98ef1342702022042ee1dc44bdde19624e265",
            "translation": [
                1.6827485,
                4.76837158203125e-7,
                -7.5443992
            ],
            "rotation": [
                0.7071068,
                0.0,
                -0.7071067,
                0.0
            ],
            "motion_type": "static",
            "non_uniform_scale": [
                0.9999998,
                0.9997814,
                0.9998772
            ]
        },
        {
            "template_name": "6fb03649e30b60b37718bbe01f25e7338248a07d",
            "translation": [
                -6.1644401,
                9.238719940185547e-7,
                -15.4464988
            ],
            "motion_type": "static",
            "non_uniform_scale": [
                1.0000207,
                0.9992647,
                0.9994149
            ]
        },
        {
            "template_name": "b7cd2beecb580c578c33e2ab484fbe28489ec1f7_part_1",
            "translation": [
                -8.5279998,
                0.0001887,
                -9.5888957
            ],
            "motion_type": "static",
            "non_uniform_scale": [
                0.7998836,
                1.0515935,
                0.9254115
            ]
        },
        {
            "template_name": "b0d8586f37339206f1909251ca8447244a3c7b7b",
            "translation": [
                -7.7404398,
                8.377246558666229e-7,
                -14.0560989
            ],
            "motion_type": "static",
            "non_uniform_scale": [
                1.0526316,
                0.9900987,
                1.0999999
            ]
        },
        {
            "template_name": "f507d379c85631542fd31a8ded587f47c962d4c1",
            "translation": [
                -0.6007881,
                5.960464477539063e-7,
                -10.0048913
            ],
            "rotation": [
                -0.6946582,
                0.0,
                0.7193397,
                0.0
            ],
            "motion_type": "static",
            "non_uniform_scale": [
                0.9989777,
                1.0005307,
                1.0007028
            ]
        },
        {
            "template_name": "c23caeb7f2dc3fe107f1382f8ebeaa08ee9cc6f1",
            "translation": [
                -1.348762,
                4.172325134277344e-7,
                -6.521245
            ],
            "rotation": [
                0.5372995,
                0.0,
                0.8433914,
                0.0
            ],
            "motion_type": "static",
            "non_uniform_scale": [
                1.0015834,
                0.9997329,
                1.0002067
            ]
        },
        {
            "template_name": "c1ef6d7dc8b53ca1b3e96457ec62a5144074300f",
            "translation": [
                -2.131,
                6.258487701416016e-7,
                -10.4569988
            ],
            "rotation": [
                0.0,
                0.0,
                1.0,
                0.0
            ],
            "motion_type": "static",
            "non_uniform_scale": [
                1.0,
                1.033354,
                1.0001889
            ]
        },
        {
            "template_name": "8caa5fdba25388cc5e3c86cfc74caaad61b9ad05",
            "translation": [
                -3.5629999,
                1.5750006,
                -11.9479999
            ],
            "rotation": [
                -0.5,
                -0.5,
                0.5,
                -0.4999999
            ],
            "motion_type": "static",
            "non_uniform_scale": [
                1.7225253,
                1.0182433,
                2.2720084
            ]
        },
        {
            "template_name": "9580b18977c3e32906b6802b9b267ec297e8d0fb",
            "translation": [
                -9.4779996,
                2.1093695,
                -11.0967302
            ],
            "rotation": [
                0.5,
                0.4999999,
                0.5,
                -0.4999999
            ],
            "motion_type": "static",
            "non_uniform_scale": [
                0.8335645,
                0.9999998,
                0.3540824
            ]
        },
        {
            "template_name": "9580b18977c3e32906b6802b9b267ec297e8d0fb",
            "translation": [
                -0.0809999,
                2.1093695,
                -11.0835905
            ],
            "rotation": [
                -0.5,
                -0.4999999,
                0.5,
                -0.4999999
            ],
            "motion_type": "static",
            "non_uniform_scale": [
                0.8057792,
                0.9999998,
                0.3540824
            ]
        },
        {
            "template_name": "9580b18977c3e32906b6802b9b267ec297e8d0fb",
            "translation": [
                -9.4779996,
                1.4118552,
                -13.887228
            ],
            "rotation": [
                0.4999999,
                0.4999999,
                0.5,
                -0.5
            ],
            "motion_type": "static",
            "non_uniform_scale": [
                1.4448455,
                0.9999998,
                1.2038804
            ]
        },
        {
            "template_name": "af5f3591007b35ad2057014aa1109f56a96bb14c",
            "translation": [
                -7.1595702,
                6.69620931148529e-7,
                -11.2345294
            ],
            "rotation": [
                0.7871099,
                0.0,
                -0.6168125,
                0.0
            ],
            "motion_type": "static"
        },
        {
            "template_name": "a4eb380b5fad3422e901e3f864db70ec153f07f0",
            "translation": [
                0.47139,
                0.7657307,
                -12.3922681
            ],
            "rotation": [
                0.0,
                0.0,
                0.7071068,
                -0.7071067
            ],
            "motion_type": "static",
            "non_uniform_scale": [
                0.7763803,
                0.9999998,
                0.9999998
            ]
        },
        {
            "template_name": "391b444d2b728bc6276a8452a34b0ac3fcf97f81",
            "translation": [
                -8.9850502,
                4.76837158203125e-7,
                -8.5027894
            ],
            "rotation": [
                0.9993907,
                0.0,
                0.0348993,
                0.0
            ],
            "motion_type": "static",
            "non_uniform_scale": [
                1.0002863,
                0.9998369,
                0.9998415
            ]
        },
        {
            "template_name": "214f9f0b972051b7164de6a23cb9bacd23cd3458",
            "translation": [
                -0.344,
                1.3500006,
                -12.390438
            ],
            "rotation": [
                0.0,
                0.0,
                0.7071068,
                -0.7071067
            ],
            "motion_type": "static",
            "non_uniform_scale": [
                1.1973656,
                0.9963464,
                1.6574579
            ]
        },
        {
            "template_name": "72b44d1c6909ecea4462c879800c54a2abf894c4",
            "translation": [
                -4.6430001,
                3.8743019104003908e-7,
                -6.4929995
            ],
            "rotation": [
                0.7071068,
                0.0,
                -0.7071067,
                0.0
            ],
            "motion_type": "static",
            "non_uniform_scale": [
                1.1818176,
                1.2333331,
                1.1818176
            ]
        },
        {
            "template_name": "c60f1138e86d8eab2a55efab7c63264ee8d951bd",
            "translation": [
                -8.8144502,
                4.470348358154297e-7,
                -7.3850188
            ],
            "rotation": [
                -0.2588191,
                0.0,
                0.9659258,
                0.0
            ],
            "motion_type": "static",
            "non_uniform_scale": [
                1.0004059,
                0.9994918,
                0.9996615
            ]
        },
        {
            "template_name": "f9edbcfde457e4966eb294ba2cb7a9161e6c405f",
            "translation": [
                -6.4847297,
                2.0230901,
                -6.4830393
            ],
            "rotation": [
                0.0,
                0.0,
                0.7071068,
                -0.7071067
            ],
            "motion_type": "static",
            "non_uniform_scale": [
                0.5277776,
                0.9999998,
                0.5478258
            ]
        },
        {
            "template_name": "4dccaf3809ceb0cc83acd53bbbe617478c2ff317",
            "translation": [
                0.4809899,
                2.4820003,
                -12.3909988
            ],
            "rotation": [
                0.0,
                0.0,
                0.7071068,
                -0.7071067
            ],
            "motion_type": "static"
        },
        {
            "template_name": "e54dd57eee02819a0bf23cd193bda1864b8e88eb",
            "translation": [
                -1.9509998,
                1.7750008,
                -13.6309986
            ],
            "rotation": [
                -0.5,
                -0.5,
                0.5,
                -0.4999999
            ],
            "motion_type": "static",
            "non_uniform_scale": [
                1.1154853,
                1.0070866,
                1.4763778
            ]
        },
        {
            "template_name": "e54dd57eee02819a0bf23cd193bda1864b8e88eb",
            "translation": [
                -2.1489999,
                2.0750007,
                -13.8009996
            ],
            "rotation": [
                0.7071068,
                0.7071067,
                0.0,
                0.0
            ],
            "motion_type": "static",
            "non_uniform_scale": [
                1.0006561,
                1.0070866,
                1.4763778
            ]
        },
        {
            "template_name": "9ad475454da8bd90382c90bed074c0c3ee08ccde",
            "translation": [
                -2.1942899,
                4.7497451305389406e-7,
                -7.9680895
            ],
            "motion_type": "static"
        },
        {
            "template_name": "218-88",
            "translation": [
                1.455,
                0.6250007,
                -12.1759986
            ],
            "motion_type": "static",
            "non_uniform_scale": [
                -1.0,
                0.9999998,
                0.9999998
            ]
        },
        {
            "template_name": "218-95",
            "translation": [
                1.8089996,
                0.6250004,
                -9.4279994
            ],
            "rotation": [
                0.7071068,
                0.0,
                -0.7071067,
                0.0
            ],
            "motion_type": "static",
            "non_uniform_scale": [
                -0.9999998,
                0.9999998,
                0.9999998
            ]
        },
        {
            "template_name": "218-88",
            "translation": [
                1.4489996,
                0.6250001,
                -6.6749997
            ],
            "rotation": [
                0.0,
                0.0,
                1.0,
                0.0
            ],
            "motion_type": "static",
            "non_uniform_scale": [
                -1.0,
                0.9999998,
                0.9999998
            ]
        },
        {
            "template_name": "218-89",
            "translation": [
                1.0379997,
                1.7000006,
                -13.1169986
            ],
            "rotation": [
                0.7071067,
                0.0,
                0.7071067,
                0.0
            ],
            "motion_type": "static",
            "non_uniform_scale": [
                -0.9999998,
                0.9999998,
                0.9999998
            ]
        },
        {
            "template_name": "208-14",
            "translation": [
                0.0189999,
                1.3200004,
                -7.8404998
            ],
            "rotation": [
                0.7071068,
                0.0,
                -0.7071067,
                0.0
            ],
            "motion_type": "static",
            "non_uniform_scale": [
                -0.9999998,
                0.9999998,
                0.9999998
            ]
        },
        {
            "template_name": "218-90",
            "translation": [
                0.0189999,
                1.3200005,
                -9.2409992
            ],
            "rotation": [
                0.7071068,
                0.0,
                -0.7071067,
                0.0
            ],
            "motion_type": "static",
            "non_uniform_scale": [
                -0.9999998,
                0.9999998,
                0.9999998
            ]
        },
        {
            "template_name": "218-91",
            "translation": [
                0.0189999,
                1.7000006,
                -11.0733795
            ],
            "rotation": [
                0.7071068,
                0.0,
                -0.7071067,
                0.0
            ],
            "motion_type": "static",
            "non_uniform_scale": [
                -0.9999998,
                0.9999998,
                0.9999998
            ]
        },
        {
            "template_name": "218-92",
            "translation": [
                -1.1056399,
                1.5499999,
                -6.0039997
            ],
            "rotation": [
                0.0,
                0.0,
                1.0,
                0.0
            ],
            "motion_type": "static",
            "non_uniform_scale": [
                -1.0,
                0.9999998,
                0.9999998
            ]
        },
        {
            "template_name": "218-93",
            "translation": [
                -9.578,
                1.5500005,
                -14.5410003
            ],
            "rotation": [
                0.7071067,
                0.0,
                0.7071067,
                0.0
            ],
            "motion_type": "static",
            "non_uniform_scale": [
                -0.9999998,
                0.9999998,
                0.9999998
            ]
        },
        {
            "template_name": "218-93",
            "translation": [
                -9.578,
                1.5500005,
                -13.2409992
            ],
            "rotation": [
                0.7071067,
                0.0,
                0.7071067,
                0.0
            ],
            "motion_type": "static",
            "non_uniform_scale": [
                -0.9999998,
                0.9999998,
                0.9999998
            ]
        },
        {
            "template_name": "218-94",
            "translation": [
                -9.578,
                1.5000003,
                -7.8000497
            ],
            "rotation": [
                0.7071067,
                0.0,
                0.7071067,
                0.0
            ],
            "motion_type": "static",
            "non_uniform_scale": [
                -0.9999998,
                0.9999998,
                0.9999998
            ]
        },
        {
            "template_name": "218-92",
            "translation": [
                -9.578,
                1.5500005,
                -11.0949993
            ],
            "rotation": [
                0.7071067,
                0.0,
                0.7071067,
                0.0
            ],
            "motion_type": "static",
            "non_uniform_scale": [
                -0.9999998,
                0.9999998,
                0.9999998
            ]
        },
        {
            "template_name": "200-19",
            "translation": [
                -2.8589999,
                1.2200007,
                -14.5759992
            ],
            "rotation": [
                0.0,
                0.0,
                1.0,
                0.0
            ],
            "motion_type": "static",
            "non_uniform_scale": [
                -1.0,
                0.9999998,
                0.9999998
            ]
        }
    ],
    "articulated_object_instances": [],
    "stage_instance": {
        "template_name": "stages/104348202_171513150",
        "motion_type": "static"
    },
    "pbr_shader_region_configs": {},
    "user_defined": {
        "scene_filter_file": "scene_filter_files/104348202_171513150.rec_filter.json"
    }
}