{
    "translation_origin": "asset_local",
    "default_lighting": "",
    "navmesh_instance": "",
    "semantic_scene_instance": "hssd_ssd_map",
    "default_pbr_shader_config": "./data/default.pbr_config.json",
    "object_instances": [
        {
            "template_name": "8f2c3dd9164ab0380cf772dc954776ee67c4c3d2",
            "translation": [
                -6.18125,
                5.960464477539063e-8,
                -1.2452899
            ],
            "rotation": [
                0.0,
                0.0,
                1.0,
                0.0
            ],
            "motion_type": "static"
        },
        {
            "template_name": "3a71b31abacb0b14ce5cfeee876c14395a7a863b",
            "translation": [
                -13.1993398,
                1.2024401,
                -3.2440297
            ],
            "rotation": [
                0.7071068,
                0.7071067,
                0.0,
                0.0
            ],
            "motion_type": "static",
            "non_uniform_scale": [
                3.8976249,
                0.9999998,
                0.9999998
            ]
        },
        {
            "template_name": "074b112e6d9be8860fce202dd706de49598db82d",
            "translation": [
                -11.64538,
                1.3317899,
                -3.65667
            ],
            "rotation": [
                -0.5,
                -0.5,
                0.5,
                -0.4999999
            ],
            "motion_type": "static"
        },
        {
            "template_name": "074b112e6d9be8860fce202dd706de49598db82d",
            "translation": [
                -11.64538,
                1.3317899,
                -2.6702997
            ],
            "rotation": [
                -0.5,
                -0.5,
                0.5,
                -0.4999999
            ],
            "motion_type": "static"
        },
        {
            "template_name": "733ec060dea46ca9b559cf5334e335955dfa68f0",
            "translation": [
                -16.4752502,
                3.0462002,
                -5.3611197
            ],
            "rotation": [
                0.7071068,
                0.0,
                -0.7071067,
                0.0
            ],
            "motion_type": "static"
        },
        {
            "template_name": "23698a800def598ace83f9eebe962fe8e01d1548",
            "translation": [
                -16.8264904,
                5.960464477539063e-8,
                -1.2300999
            ],
            "rotation": [
                0.0,
                0.0,
                1.0,
                0.0
            ],
            "motion_type": "static"
        },
        {
            "template_name": "7a786f974fe7564df3fda1359c4a6f7f4f2afe61",
            "translation": [
                -14.5028305,
                1.4901161193847657e-7,
                -2.6796901
            ],
            "rotation": [
                0.7071068,
                0.0,
                0.7071067,
                0.0
            ],
            "motion_type": "static"
        },
        {
            "template_name": "7a786f974fe7564df3fda1359c4a6f7f4f2afe61",
            "translation": [
                -13.8386096,
                2.086162567138672e-7,
                -3.7049698
            ],
            "rotation": [
                0.7071068,
                0.0,
                0.7071067,
                0.0
            ],
            "motion_type": "static"
        },
        {
            "template_name": "3c34897645b3e7f8925f8cfe0baba082dd7b02bf",
            "translation": [
                -5.6605401,
                8.940696716308594e-8,
                -1.4706697
            ],
            "motion_type": "static"
        },
        {
            "template_name": "2e1ad662823a47cc345a21da6a953dd5bf4f33e0",
            "translation": [
                -16.9206695,
                1.8830701,
                -3.61061
            ],
            "rotation": [
                0.7071068,
                0.7071067,
                0.0,
                0.0
            ],
            "motion_type": "static"
        },
        {
            "template_name": "33db2a34d62e1e686f72a5cb0b071b2734d2e3b0",
            "translation": [
                -11.0761451,
                1.48632,
                -2.1056647
            ],
            "rotation": [
                0.7071068,
                0.7071067,
                0.0,
                0.0
            ],
            "motion_type": "static"
        },
        {
            "template_name": "xxxx02692de4x237dx4e06xa36ex5274ab2782d3",
            "translation": [
                -5.0711898,
                3.5762786865234377e-7,
                -6.4479393
            ],
            "rotation": [
                0.7071068,
                0.0,
                -0.7071067,
                0.0
            ],
            "motion_type": "static"
        },
        {
            "template_name": "5c9a8cf982e9b1c37a63d42e1c4ea14fea988ca3",
            "translation": [
                -16.4541988,
                3.4831464290618899e-7,
                -5.8426403
            ],
            "rotation": [
                0.7071068,
                0.0,
                0.7071067,
                0.0
            ],
            "motion_type": "static"
        },
        {
            "template_name": "ff99082d57e34fd0d48d6ea426c4f5de700ecb79",
            "translation": [
                -12.0625886,
                2.1979212760925294e-7,
                -3.6827197
            ],
            "rotation": [
                0.7071068,
                0.0,
                -0.7071067,
                0.0
            ],
            "motion_type": "static"
        },
        {
            "template_name": "ff99082d57e34fd0d48d6ea426c4f5de700ecb79",
            "translation": [
                -12.1103401,
                1.6111880540847779e-7,
                -2.69541
            ],
            "rotation": [
                0.7071068,
                0.0,
                -0.7071067,
                0.0
            ],
            "motion_type": "static"
        },
        {
            "template_name": "6214d6d9a276be3c2a008b9a65587da93bd57c90",
            "translation": [
                -17.8001995,
                1.1920928955078126e-7,
                -2.1145696
            ],
            "motion_type": "static"
        },
        {
            "template_name": "4f6dcfa90ddfd8f409d6715c2042815a78805e5b",
            "translation": [
                -14.0928297,
                1.2741302,
                -4.5874595
            ],
            "rotation": [
                0.4999999,
                0.4999999,
                0.5,
                -0.5
            ],
            "motion_type": "static",
            "non_uniform_scale": [
                1.8686425,
                0.9999998,
                0.9999998
            ]
        },
        {
            "template_name": "6bcf3e358c452672d296d3a03f0c5d9a52218754",
            "translation": [
                -5.0760397,
                1.1920928955078126e-7,
                -1.7660696
            ],
            "rotation": [
                -0.3867109,
                0.0,
                0.9222009,
                0.0
            ],
            "motion_type": "static"
        },
        {
            "template_name": "78de8224260ece5c3d60024a9c4c0b80ec7502ce",
            "translation": [
                -3.99091,
                1.3519098,
                -2.2864897
            ],
            "rotation": [
                -0.5,
                -0.5,
                0.5,
                -0.4999999
            ],
            "motion_type": "static"
        },
        {
            "template_name": "3f97346082a849bd111b87bb691b434aeb02b9cc",
            "translation": [
                -13.0613002,
                1.7881393432617188e-7,
                -3.4148697
            ],
            "rotation": [
                0.0,
                0.0,
                1.0,
                0.0
            ],
            "motion_type": "static"
        },
        {
            "template_name": "3a08b42318c54a51a0ea28547a12d919ea4f46ca_part_2",
            "translation": [
                -15.604927,
                -0.5199903,
                -1.0007398
            ],
            "rotation": [
                -0.0252474,
                -0.0252474,
                0.7066559,
                -0.7066558
            ],
            "motion_type": "static"
        },
        {
            "template_name": "3a08b42318c54a51a0ea28547a12d919ea4f46ca_part_3",
            "translation": [
                -15.4830007,
                -0.4290496,
                -1.2512818
            ],
            "rotation": [
                -0.0252474,
                -0.0252474,
                0.7066559,
                -0.7066558
            ],
            "motion_type": "static"
        },
        {
            "template_name": "3a08b42318c54a51a0ea28547a12d919ea4f46ca_part_2",
            "translation": [
                -17.0638999,
                1.4700094,
                -1.0003279
            ],
            "rotation": [
                0.0,
                0.0,
                0.7071068,
                -0.7071067
            ],
            "motion_type": "static",
            "non_uniform_scale": [
                -1.0,
                0.9999998,
                0.9999998
            ]
        },
        {
            "template_name": "3a08b42318c54a51a0ea28547a12d919ea4f46ca_part_3",
            "translation": [
                -17.2033958,
                1.5609501,
                -1.2415299
            ],
            "rotation": [
                0.0,
                0.0,
                0.7071068,
                -0.7071067
            ],
            "motion_type": "static",
            "non_uniform_scale": [
                -1.0,
                0.9999998,
                0.9999998
            ]
        },
        {
            "template_name": "3a08b42318c54a51a0ea28547a12d919ea4f46ca_part_2",
            "translation": [
                -17.0687999,
                1.9248894,
                -1.0003278
            ],
            "rotation": [
                0.0,
                0.0,
                0.7071068,
                -0.7071067
            ],
            "motion_type": "static"
        },
        {
            "template_name": "3a08b42318c54a51a0ea28547a12d919ea4f46ca_part_3",
            "translation": [
                -16.9293041,
                2.0158302,
                -1.2415299
            ],
            "rotation": [
                0.0,
                0.0,
                0.7071068,
                -0.7071067
            ],
            "motion_type": "static"
        },
        {
            "template_name": "a741ae95ad2a109ef6f6f8781870def429815c12",
            "translation": [
                -14.0801105,
                1.8936799,
                -3.7256398
            ],
            "rotation": [
                0.4999999,
                0.4999999,
                0.5,
                -0.5
            ],
            "motion_type": "static"
        },
        {
            "template_name": "0fd0807c7a9f3d4d201d01a82bd0bdb788e5307c",
            "translation": [
                -13.0450553,
                2.9243528842926028e-7,
                -4.9064378
            ],
            "rotation": [
                0.0,
                0.0,
                1.0,
                0.0
            ],
            "motion_type": "static",
            "non_uniform_scale": [
                1.0,
                0.9999998,
                0.7110934
            ]
        },
        {
            "template_name": "6d91c997156725608e3dff9bf3468dfcdf642ae3",
            "translation": [
                -5.5958399,
                1.8905848264694215e-7,
                -3.1663198
            ],
            "rotation": [
                0.2026762,
                0.0,
                0.9792457,
                0.0
            ],
            "motion_type": "static"
        },
        {
            "template_name": "6d91c997156725608e3dff9bf3468dfcdf642ae3",
            "translation": [
                -5.5210599,
                2.896413207054138e-7,
                -4.8581094
            ],
            "rotation": [
                0.9790453,
                0.0,
                -0.2036416,
                0.0
            ],
            "motion_type": "static"
        },
        {
            "template_name": "21d54098a876f8cc91effa34a0098f87e21944c9",
            "translation": [
                -13.3663196,
                1.7881393432617188e-7,
                -3.0094301
            ],
            "motion_type": "static"
        },
        {
            "template_name": "b556eeb736ae52a83f4b36a03fd6a03c9f941bc2",
            "translation": [
                -4.2400898,
                3.2782554626464846e-7,
                -5.3326892
            ],
            "rotation": [
                0.7071068,
                0.0,
                -0.7071067,
                0.0
            ],
            "motion_type": "static",
            "non_uniform_scale": [
                0.9999998,
                0.9999998,
                0.830583
            ]
        },
        {
            "template_name": "b556eeb736ae52a83f4b36a03fd6a03c9f941bc2",
            "translation": [
                -4.2400898,
                3.8743019104003908e-7,
                -6.4957494
            ],
            "rotation": [
                0.7071068,
                0.0,
                -0.7071067,
                0.0
            ],
            "motion_type": "static",
            "non_uniform_scale": [
                0.9999998,
                0.9999998,
                0.830583
            ]
        },
        {
            "template_name": "b556eeb736ae52a83f4b36a03fd6a03c9f941bc2",
            "translation": [
                -4.25317,
                1.4901161193847657e-7,
                -2.6322498
            ],
            "rotation": [
                0.7071068,
                0.0,
                -0.7071067,
                0.0
            ],
            "motion_type": "static",
            "non_uniform_scale": [
                0.9999998,
                0.9999998,
                0.830583
            ]
        },
        {
            "template_name": "b556eeb736ae52a83f4b36a03fd6a03c9f941bc2",
            "translation": [
                -4.2506699,
                8.940696716308594e-8,
                -1.5019998
            ],
            "rotation": [
                0.7071068,
                0.0,
                -0.7071067,
                0.0
            ],
            "motion_type": "static",
            "non_uniform_scale": [
                0.8829652,
                0.9999998,
                0.8325331
            ]
        },
        {
            "template_name": "9fa8fe43bb0d5bf20eff14d24be87bdd98ea2389",
            "translation": [
                -12.9363212,
                0.5998001,
                -3.1840298
            ],
            "rotation": [
                0.7071068,
                0.7071067,
                0.0,
                0.0
            ],
            "motion_type": "static"
        },
        {
            "template_name": "9fa8fe43bb0d5bf20eff14d24be87bdd98ea2389",
            "translation": [
                -12.6111402,
                0.5998001,
                -3.1840298
            ],
            "rotation": [
                0.7071068,
                0.7071067,
                0.0,
                0.0
            ],
            "motion_type": "static"
        },
        {
            "template_name": "fc2ac6f89a91654a06f2116ec2f2479e3107365c",
            "translation": [
                -13.3328304,
                1.9049999,
                -3.1840298
            ],
            "rotation": [
                0.7071068,
                0.7071067,
                0.0,
                0.0
            ],
            "motion_type": "static"
        },
        {
            "template_name": "fc2ac6f89a91654a06f2116ec2f2479e3107365c",
            "translation": [
                -14.0801,
                1.9050002,
                -5.0238795
            ],
            "rotation": [
                0.4999999,
                0.4999999,
                0.5,
                -0.5
            ],
            "motion_type": "static",
            "non_uniform_scale": [
                1.3113534,
                0.9999998,
                0.9999998
            ]
        },
        {
            "template_name": "44316e07a528138d47b9ed9636a606290874a258",
            "translation": [
                -11.0293502,
                3.5762786865234377e-7,
                -6.0910243
            ],
            "rotation": [
                0.0,
                0.0,
                1.0,
                0.0
            ],
            "motion_type": "static",
            "non_uniform_scale": [
                1.0,
                1.2024141,
                0.9999998
            ]
        },
        {
            "template_name": "ac791fc96e000a72e5161c3fd04af3a4779b1cbc",
            "translation": [
                -8.4769201,
                1.7881393432617188e-7,
                -3.1046795
            ],
            "rotation": [
                0.7071068,
                0.0,
                -0.7071067,
                0.0
            ],
            "motion_type": "static"
        },
        {
            "template_name": "ac791fc96e000a72e5161c3fd04af3a4779b1cbc",
            "translation": [
                -8.4769201,
                2.384185791015625e-7,
                -3.8031096
            ],
            "rotation": [
                0.7071068,
                0.0,
                -0.7071067,
                0.0
            ],
            "motion_type": "static"
        },
        {
            "template_name": "ac791fc96e000a72e5161c3fd04af3a4779b1cbc",
            "translation": [
                -8.4769201,
                2.682209014892578e-7,
                -4.5158896
            ],
            "rotation": [
                0.7071068,
                0.0,
                -0.7071067,
                0.0
            ],
            "motion_type": "static"
        },
        {
            "template_name": "ac791fc96e000a72e5161c3fd04af3a4779b1cbc",
            "translation": [
                -8.4914302,
                2.980232238769531e-7,
                -5.2203793
            ],
            "rotation": [
                0.7071068,
                0.0,
                -0.7071067,
                0.0
            ],
            "motion_type": "static"
        },
        {
            "template_name": "c758aecbc16adc68977ef9f77c34adee2acd7b7d",
            "translation": [
                -12.1155004,
                0.6092401,
                -5.3200497
            ],
            "motion_type": "static"
        },
        {
            "template_name": "b1d8f04a74bc6fe1a303593f1acf0c1c5efb19e7",
            "translation": [
                -16.9143505,
                8.940696716308594e-8,
                -1.4123399
            ],
            "motion_type": "static"
        },
        {
            "template_name": "2fc22f000a6e9020c3667ac6e8d552baf7f61813",
            "translation": [
                -9.8882303,
                2.430751919746399e-7,
                -4.0777497
            ],
            "rotation": [
                0.7071068,
                0.0,
                -0.7071067,
                0.0
            ],
            "motion_type": "static"
        },
        {
            "template_name": "2fc22f000a6e9020c3667ac6e8d552baf7f61813",
            "translation": [
                -11.5799703,
                9.12696123123169e-8,
                -1.5362998
            ],
            "motion_type": "static"
        },
        {
            "template_name": "a5a7a8a11f25451c9826d789d6c400f71d9349d5",
            "translation": [
                -8.9238796,
                3.0454599,
                -3.0732195
            ],
            "rotation": [
                0.7071068,
                0.0,
                -0.7071067,
                0.0
            ],
            "motion_type": "static"
        },
        {
            "template_name": "a5a7a8a11f25451c9826d789d6c400f71d9349d5",
            "translation": [
                -8.9227504,
                3.0436296,
                -4.0464797
            ],
            "rotation": [
                0.7071068,
                0.0,
                -0.7071067,
                0.0
            ],
            "motion_type": "static"
        },
        {
            "template_name": "a5a7a8a11f25451c9826d789d6c400f71d9349d5",
            "translation": [
                -8.9216203,
                3.0385203,
                -5.0800094
            ],
            "rotation": [
                0.7071068,
                0.0,
                -0.7071067,
                0.0
            ],
            "motion_type": "static"
        },
        {
            "template_name": "f081dbf3d1c53800f57466fe4c867d231bccc27d",
            "translation": [
                -6.2466998,
                2.3329630494117738e-7,
                -3.9158596
            ],
            "motion_type": "static",
            "non_uniform_scale": [
                1.5,
                0.9999998,
                1.8518879
            ]
        },
        {
            "template_name": "248f35694948c4b0f0e1b29c35306292fa92f1ec",
            "translation": [
                -14.7543296,
                1.9467499,
                -2.7094199
            ],
            "rotation": [
                0.4999999,
                0.4999999,
                0.5,
                -0.5
            ],
            "motion_type": "static"
        },
        {
            "template_name": "fbe362e4c8053cb93331a40b2741687f60795ec3",
            "translation": [
                -13.8251094,
                2.980232238769531e-7,
                -5.4281697
            ],
            "rotation": [
                0.7071068,
                0.0,
                0.7071067,
                0.0
            ],
            "motion_type": "static"
        },
        {
            "template_name": "fbe362e4c8053cb93331a40b2741687f60795ec3",
            "translation": [
                -13.8106498,
                2.980232238769531e-7,
                -4.5910096
            ],
            "rotation": [
                0.7071068,
                0.0,
                0.7071067,
                0.0
            ],
            "motion_type": "static"
        },
        {
            "template_name": "b0f13a31349346dd4ce358d56a504a860877c327",
            "translation": [
                -5.4255399,
                1.5539797,
                -0.9999948
            ],
            "rotation": [
                0.0,
                0.0,
                0.7071068,
                -0.7071067
            ],
            "motion_type": "static"
        },
        {
            "template_name": "f2a3d83d81db5a25abc9b8e3de1712d25d30e125",
            "translation": [
                -7.0563402,
                0.3200002,
                -5.8858594
            ],
            "motion_type": "static"
        },
        {
            "template_name": "fada88f1337faf8187a7853084724ddcc3068260",
            "translation": [
                -8.98104,
                3.5762786865234377e-7,
                -6.1023592
            ],
            "rotation": [
                -0.2331643,
                0.0,
                0.9724373,
                0.0
            ],
            "motion_type": "static"
        },
        {
            "template_name": "76eae23ae57ce286d42affd63aa146a9ce73e0ed",
            "translation": [
                -6.7144999,
                1.7881393432617188e-7,
                -3.0124397
            ],
            "rotation": [
                0.7071068,
                0.0,
                0.7071067,
                0.0
            ],
            "motion_type": "static",
            "non_uniform_scale": [
                -0.9999997,
                0.9999998,
                0.9999998
            ]
        },
        {
            "template_name": "76eae23ae57ce286d42affd63aa146a9ce73e0ed",
            "translation": [
                -6.1444892,
                3.5762786865234377e-7,
                -5.7751593
            ],
            "motion_type": "static"
        },
        {
            "template_name": "xxxxa823591exe017x42f7xa1fcx0ee95fc5670c",
            "translation": [
                -17.7339992,
                2.384185791015625e-7,
                -4.0092096
            ],
            "motion_type": "static"
        },
        {
            "template_name": "xxxxa823591exe017x42f7xa1fcx0ee95fc5670c",
            "translation": [
                -15.1923398,
                2.384185791015625e-7,
                -4.0192093
            ],
            "motion_type": "static"
        },
        {
            "template_name": "782a3b7e0f47cb04ae0a59258942fbb7598123fd",
            "translation": [
                -17.6499786,
                3.8743019104003908e-7,
                -6.6769499
            ],
            "rotation": [
                0.9300649,
                0.0,
                0.3673945,
                0.0
            ],
            "motion_type": "static"
        },
        {
            "template_name": "ae3918fcf73f5a401a283bed2ee90cc8b9192b42",
            "translation": [
                -12.1217794,
                2.980232238769531e-7,
                -4.9320349
            ],
            "rotation": [
                0.7071068,
                0.0,
                -0.7071067,
                0.0
            ],
            "motion_type": "static"
        },
        {
            "template_name": "205b0132c1b4853e98e3ab828a1350bd9d994161",
            "translation": [
                -7.5480999,
                1.1920928955078126e-7,
                -1.7706898
            ],
            "rotation": [
                0.9323229,
                0.0,
                0.3616267,
                0.0
            ],
            "motion_type": "static"
        },
        {
            "template_name": "a396ff5771e1575bc28388884486f9ac1ead6055",
            "translation": [
                -16.4533996,
                2.980232238769531e-7,
                -4.8655796
            ],
            "rotation": [
                0.0,
                0.0,
                1.0,
                0.0
            ],
            "motion_type": "static"
        },
        {
            "template_name": "3130bb35e30c725682e281d42085aaa0a09fcce5",
            "translation": [
                -16.5374107,
                1.1222437024116516e-7,
                -1.8805798
            ],
            "motion_type": "static"
        },
        {
            "template_name": "4f4e94bbd1fa1e08f39d0810cdf1184cdb10992b",
            "translation": [
                -18.0687999,
                1.9049997,
                -2.4577295
            ],
            "rotation": [
                0.4999999,
                0.4999999,
                0.5,
                -0.5
            ],
            "motion_type": "static"
        },
        {
            "template_name": "1bc9a87b437fc8122da6544293940445299cc518",
            "translation": [
                -16.48773,
                1.7689601,
                -3.7606096
            ],
            "rotation": [
                0.0,
                0.0,
                0.7071068,
                -0.7071067
            ],
            "motion_type": "static"
        },
        {
            "template_name": "ebc14c3e81c0d9a43771ba9f6e03da9c8aa6e0ac",
            "translation": [
                -5.963303,
                3.1883695,
                -3.9739596
            ],
            "rotation": [
                0.7122631,
                0.0,
                0.7019125,
                0.0
            ],
            "motion_type": "static"
        },
        {
            "template_name": "7d44c326e08a6bf5535713d8ceddba4e8f41345f",
            "translation": [
                -16.9594898,
                1.7881393432617188e-7,
                -2.9176096
            ],
            "rotation": [
                0.7071068,
                0.0,
                0.7071067,
                0.0
            ],
            "motion_type": "static",
            "non_uniform_scale": [
                1.1544286,
                0.9999998,
                0.9999998
            ]
        },
        {
            "template_name": "652f0506537d208d45b7a71bfeb1c18b3f50c69b",
            "translation": [
                -9.07448,
                1.1920928955078126e-7,
                -2.0586998
            ],
            "rotation": [
                0.9477885,
                0.0,
                -0.3188992,
                0.0
            ],
            "motion_type": "static"
        },
        {
            "template_name": "1a44123862060fbb756d2380516852ab8f7304b2",
            "translation": [
                -11.4181604,
                3.01354,
                -1.5593798
            ],
            "rotation": [
                0.0,
                0.0,
                1.0,
                0.0
            ],
            "motion_type": "static"
        },
        {
            "template_name": "e50a99c14e92f6485f82139c338779df903955d2",
            "translation": [
                -12.1739435,
                1.68719,
                -2.1056547
            ],
            "rotation": [
                0.7071068,
                0.7071067,
                0.0,
                0.0
            ],
            "motion_type": "static"
        },
        {
            "template_name": "xxxx451ae2daxa7d3x4ea1xb66cx1f6b5bc332ae",
            "translation": [
                -14.3608303,
                1.9049998,
                -2.1056597
            ],
            "rotation": [
                0.7071068,
                0.7071067,
                0.0,
                0.0
            ],
            "motion_type": "static"
        },
        {
            "template_name": "xxxx451ae2daxa7d3x4ea1xb66cx1f6b5bc332ae",
            "translation": [
                -13.9684305,
                1.9050002,
                -5.9801096
            ],
            "rotation": [
                0.0,
                0.0,
                0.7071068,
                -0.7071067
            ],
            "motion_type": "static"
        },
        {
            "template_name": "211-7",
            "translation": [
                -5.4894399,
                1.1200002,
                -7.1759991
            ],
            "motion_type": "static",
            "non_uniform_scale": [
                -1.0,
                0.9999998,
                0.9999998
            ]
        },
        {
            "template_name": "211-7",
            "translation": [
                -7.2663793,
                1.1200002,
                -7.1759991
            ],
            "motion_type": "static",
            "non_uniform_scale": [
                -1.0,
                0.9999998,
                0.9999998
            ]
        },
        {
            "template_name": "211-7",
            "translation": [
                -9.0569,
                1.1200002,
                -7.1759991
            ],
            "motion_type": "static",
            "non_uniform_scale": [
                -1.0,
                0.9999998,
                0.9999998
            ]
        },
        {
            "template_name": "4718-23",
            "translation": [
                -13.8351497,
                1.5440005,
                -7.170999
            ],
            "motion_type": "static",
            "non_uniform_scale": [
                -1.0,
                0.9999998,
                0.9999998
            ]
        },
        {
            "template_name": "211-7",
            "translation": [
                -16.505701,
                1.1200002,
                -7.1759991
            ],
            "motion_type": "static",
            "non_uniform_scale": [
                -1.0,
                0.9999998,
                0.9999998
            ]
        },
        {
            "template_name": "4718-23",
            "translation": [
                -18.1438007,
                1.5440001,
                -1.7957794
            ],
            "rotation": [
                0.7071067,
                0.0,
                0.7071067,
                0.0
            ],
            "motion_type": "static",
            "non_uniform_scale": [
                -0.9999998,
                0.9999998,
                0.9999998
            ]
        },
        {
            "template_name": "204-2",
            "translation": [
                -11.3731498,
                1.12,
                -0.9249997
            ],
            "rotation": [
                0.0,
                0.0,
                1.0,
                0.0
            ],
            "motion_type": "static",
            "non_uniform_scale": [
                -1.0,
                0.9999998,
                0.9999998
            ]
        },
        {
            "template_name": "211-7",
            "translation": [
                -7.2194805,
                1.12,
                -0.9199997
            ],
            "rotation": [
                0.0,
                0.0,
                1.0,
                0.0
            ],
            "motion_type": "static",
            "non_uniform_scale": [
                -1.0,
                0.9999998,
                0.9999998
            ]
        },
        {
            "template_name": "211-7",
            "translation": [
                -9.0093097,
                1.12,
                -0.9199997
            ],
            "rotation": [
                0.0,
                0.0,
                1.0,
                0.0
            ],
            "motion_type": "static",
            "non_uniform_scale": [
                -1.0,
                0.9999998,
                0.9999998
            ]
        },
        {
            "template_name": "4718-23",
            "translation": [
                -14.3203401,
                1.5440001,
                -0.9249997
            ],
            "rotation": [
                0.0,
                0.0,
                1.0,
                0.0
            ],
            "motion_type": "static",
            "non_uniform_scale": [
                -1.0,
                0.9999998,
                0.9999998
            ]
        },
        {
            "template_name": "4718-23",
            "translation": [
                -18.1438007,
                1.5440002,
                -6.5286593
            ],
            "rotation": [
                0.7071067,
                0.0,
                0.7071067,
                0.0
            ],
            "motion_type": "static",
            "non_uniform_scale": [
                -0.9999998,
                0.9999998,
                0.9999998
            ]
        }
    ],
    "articulated_object_instances": [],
    "stage_instance": {
        "template_name": "stages/104348133_171513054",
        "motion_type": "static"
    },
    "pbr_shader_region_configs": {},
    "user_defined": {
        "scene_filter_file": "scene_filter_files/104348133_171513054.rec_filter.json"
    }
}