{
    "translation_origin": "asset_local",
    "default_lighting": "",
    "navmesh_instance": "",
    "object_instances": [
        {
            "template_name": "187e3f5029cc299eb960c47a38493fed66b3d127",
            "translation": [
                -1.69172,
                2.682209014892578e-07,
                -4.5569996
            ],
            "rotation": [
                0.7235565,
                0.0,
                -0.690265,
                0.0
            ],
            "motion_type": "static",
            "non_uniform_scale": [
                2.1237862,
                3.5599994,
                1.7629773
            ]
        },
        {
            "template_name": "1d438cf2a0be5706ffdbd1489fbfb27f712589a0",
            "translation": [
                -6.1193099,
                1.8635402,
                -8.6851987
            ],
            "rotation": [
                0.0,
                0.0,
                0.7071068,
                -0.7071067
            ],
            "motion_type": "static"
        },
        {
            "template_name": "2d1ab5502d369b889e1121b26cc50cad703dfd6f",
            "translation": [
                -4.9330501,
                4.76837158203125e-07,
                -7.2975392
            ],
            "rotation": [
                0.7071068,
                0.0,
                -0.7071067,
                0.0
            ],
            "motion_type": "static"
        },
        {
            "template_name": "40a4a40f8e33f115a9ae0e30518906f45d6d8d21",
            "translation": [
                -6.6945705,
                2.0734007,
                -12.4332237
            ],
            "rotation": [
                0.7071068,
                0.7071067,
                0.0,
                0.0
            ],
            "motion_type": "static"
        },
        {
            "template_name": "7f6422612e9e1178756b249f33b915328a238f74",
            "translation": [
                -11.39256,
                1.7881393432617188e-07,
                -3.1260697
            ],
            "rotation": [
                0.2965415,
                0.0,
                0.9550199,
                0.0
            ],
            "motion_type": "static"
        },
        {
            "template_name": "e592563645ef06808e423b43b0fc1cda751be753",
            "translation": [
                -4.0958552,
                0.8200004,
                -7.5420894
            ],
            "rotation": [
                0.7071068,
                0.0,
                0.7071067,
                0.0
            ],
            "motion_type": "static"
        },
        {
            "template_name": "e592563645ef06808e423b43b0fc1cda751be753",
            "translation": [
                -5.6827697,
                1.1412004,
                -8.8558645
            ],
            "rotation": [
                0.0,
                0.0,
                1.0,
                0.0
            ],
            "motion_type": "static"
        },
        {
            "template_name": "467413f215daba3f0a88b154b17ccd1fb7ecb48d",
            "translation": [
                -4.0670299,
                4.172325134277344e-07,
                -7.1952095
            ],
            "rotation": [
                0.7071068,
                0.0,
                0.7071067,
                0.0
            ],
            "motion_type": "static"
        },
        {
            "template_name": "a59b928aa3c41bdf8eb83d1442ceb97ced4b85a0",
            "translation": [
                -11.3999795,
                0.7900001,
                -3.1489498
            ],
            "rotation": [
                0.9396926,
                0.0,
                0.34202,
                0.0
            ],
            "motion_type": "static"
        },
        {
            "template_name": "0939dd554b37ffc7b61d1907df24ee5589bbafe4",
            "translation": [
                -3.1570227,
                1.0283,
                -1.6309449
            ],
            "rotation": [
                0.9636304,
                0.0,
                -0.2672383,
                0.0
            ],
            "motion_type": "static"
        },
        {
            "template_name": "48f600fa99cd5eb41a636c23cfab5b26adcea928",
            "translation": [
                -3.0676898,
                1.0320999,
                -1.7956298
            ],
            "rotation": [
                0.310232,
                0.0,
                0.9506608,
                0.0
            ],
            "motion_type": "static"
        },
        {
            "template_name": "a80b41ec9553244e2edb82c8565be7b495a5b60c",
            "translation": [
                -2.22703,
                4.353933036327362e-07,
                -7.3010692
            ],
            "rotation": [
                0.0,
                0.0,
                1.0,
                0.0
            ],
            "motion_type": "static",
            "non_uniform_scale": [
                0.6347826,
                0.9999998,
                0.5312499
            ]
        },
        {
            "template_name": "fc34254f2aac6da46964ede7efc727a33a755919",
            "translation": [
                -2.3219537,
                1.89523,
                -2.1152834
            ],
            "rotation": [
                -0.3535534,
                -0.3535534,
                0.6123724,
                -0.6123723
            ],
            "motion_type": "static"
        },
        {
            "template_name": "5819a4a0b8b640e6e3864c233563c64ab2bf41ad",
            "translation": [
                -11.4027805,
                6.258487701416016e-07,
                -10.3141994
            ],
            "rotation": [
                0.7071068,
                0.0,
                0.7071067,
                0.0
            ],
            "motion_type": "static",
            "non_uniform_scale": [
                1.7631576,
                0.9999998,
                1.3696057
            ]
        },
        {
            "template_name": "14a5d16e99eb93da52f1b528b272d15ac2e81fd7",
            "translation": [
                -5.5254516,
                1.9236999,
                -1.2661
            ],
            "rotation": [
                -0.0030853,
                -0.0030853,
                0.7071,
                -0.7070999
            ],
            "motion_type": "static"
        },
        {
            "template_name": "0f0a109cb69b1f0a8785dd2f3dbd7e4cc4d53390",
            "translation": [
                -12.6592311,
                3.5762786865234375e-07,
                -5.9587202
            ],
            "rotation": [
                0.6934033,
                0.0,
                0.7205497,
                0.0
            ],
            "motion_type": "static"
        },
        {
            "template_name": "8994a2078b60a17205a34a19f8851ad81980aa97",
            "translation": [
                -6.1308002,
                0.0300005,
                -8.9949293
            ],
            "rotation": [
                0.0,
                0.0,
                1.0,
                0.0
            ],
            "motion_type": "static"
        },
        {
            "template_name": "90bb99385fc88484cb62280e60b6ac330d801f62",
            "translation": [
                -4.8492698,
                7.152557373046875e-07,
                -12.1357841
            ],
            "motion_type": "static"
        },
        {
            "template_name": "90bb99385fc88484cb62280e60b6ac330d801f62",
            "translation": [
                -7.5113701,
                7.152557373046875e-07,
                -12.1811437
            ],
            "rotation": [
                0.9999961,
                0.0,
                -0.0027615,
                0.0
            ],
            "motion_type": "static"
        },
        {
            "template_name": "1bd9d05915f7301af1005ee07d05c22757145089",
            "translation": [
                -7.9183101,
                2.1141022443771362e-07,
                -3.54887
            ],
            "rotation": [
                -0.007518,
                0.0,
                0.9999717,
                0.0
            ],
            "motion_type": "static",
            "non_uniform_scale": [
                1.7304348,
                0.9999998,
                1.6999998
            ]
        },
        {
            "template_name": "f45a995da28588d8cc7fa62ccbb32e4c81ba7cf8",
            "translation": [
                -10.9928007,
                5.960464477539062e-07,
                -10.3117694
            ],
            "rotation": [
                0.7071068,
                0.0,
                -0.7071067,
                0.0
            ],
            "motion_type": "static",
            "non_uniform_scale": [
                1.1666663,
                1.4999998,
                1.153846
            ]
        },
        {
            "template_name": "58a22e0f1ae932e93f8b046485e710e5626d650e",
            "translation": [
                -6.6692104,
                4.76837158203125e-07,
                -8.266159
            ],
            "motion_type": "static"
        },
        {
            "template_name": "8b3fdfd70bee036c1a43240e51c8aa783bb5bdfc",
            "translation": [
                -1.5430999,
                3.5762786865234375e-07,
                -6.1836395
            ],
            "rotation": [
                0.7071068,
                0.0,
                -0.7071067,
                0.0
            ],
            "motion_type": "static"
        },
        {
            "template_name": "88c87a19b5e883787b5707d90545e25360594822",
            "translation": [
                -4.0435199,
                1.1920928955078125e-07,
                -1.6362198
            ],
            "rotation": [
                -0.0073918,
                0.0,
                0.9999727,
                0.0
            ],
            "motion_type": "static",
            "non_uniform_scale": [
                1.0000002,
                1.1566162,
                0.9999999
            ]
        },
        {
            "template_name": "24dcf1f353b54d43bf12bcf17266f2685091318d",
            "translation": [
                -11.5728197,
                0.8300005,
                -9.798809
            ],
            "motion_type": "static"
        },
        {
            "template_name": "5200c51d14127a67f0cc45c5a2d89b40dea4275e",
            "translation": [
                -11.4794397,
                0.8300005,
                -11.3049793
            ],
            "rotation": [
                0.7071068,
                0.0,
                0.7071067,
                0.0
            ],
            "motion_type": "static"
        },
        {
            "template_name": "98438d0f228f941ef41aa69c551c54a93aa74ee1",
            "translation": [
                -7.8468904,
                2.0116567611694336e-07,
                -3.1465799
            ],
            "rotation": [
                -0.0218819,
                0.0,
                0.9997605,
                0.0
            ],
            "motion_type": "static",
            "non_uniform_scale": [
                1.0,
                0.4628878,
                0.9999999
            ]
        },
        {
            "template_name": "42641b039e4028364b75ecf755c9ee15bd762df5",
            "translation": [
                -6.1633396,
                6.556510925292969e-07,
                -11.3382196
            ],
            "motion_type": "static"
        },
        {
            "template_name": "358d0e2a03f97b847c0f680fe9d7df06fc00e49a",
            "translation": [
                -8.9611101,
                6.158370524644852e-07,
                -10.3337535
            ],
            "rotation": [
                0.7071068,
                0.0,
                -0.7071067,
                0.0
            ],
            "motion_type": "static"
        },
        {
            "template_name": "cd1b52c5ef8ed6a07592b9810e79c153939c0260",
            "translation": [
                -11.54741,
                0.8300004,
                -9.1625795
            ],
            "rotation": [
                0.7071068,
                0.0,
                -0.7071067,
                0.0
            ],
            "motion_type": "static"
        },
        {
            "template_name": "fb1ea1c31768d05397cce1bdc3e6cf2655555dd4",
            "translation": [
                -12.058669,
                4.172325134277344e-07,
                -7.077589
            ],
            "rotation": [
                0.9099612,
                0.0,
                0.4146932,
                0.0
            ],
            "motion_type": "static"
        },
        {
            "template_name": "4eabd25d882465273f31beb507b5f508cd211c8d",
            "translation": [
                -2.7361402,
                1.1920928955078125e-07,
                -2.3512098
            ],
            "rotation": [
                -0.4923516,
                0.0,
                0.8703963,
                0.0
            ],
            "motion_type": "static",
            "non_uniform_scale": [
                1.0000001,
                1.1526306,
                1.0
            ]
        },
        {
            "template_name": "61a131995f3686c7f108035db90bc6935c2a4157",
            "translation": [
                -5.35398,
                1.7500002,
                -8.5337896
            ],
            "rotation": [
                0.7071068,
                0.7071067,
                0.0,
                0.0
            ],
            "motion_type": "static"
        },
        {
            "template_name": "e8e0945e9f720d7b472986924483c661d172794c",
            "translation": [
                -12.0071773,
                1.7881393432617188e-07,
                -2.7951273
            ],
            "rotation": [
                0.5120399,
                0.0,
                0.8589616,
                0.0
            ],
            "motion_type": "static",
            "non_uniform_scale": [
                1.1573667,
                0.9999998,
                1.0725009
            ]
        },
        {
            "template_name": "e8e0945e9f720d7b472986924483c661d172794c",
            "translation": [
                -11.8550071,
                2.086162567138672e-07,
                -3.6659123
            ],
            "rotation": [
                0.9395488,
                0.0,
                0.3424148,
                0.0
            ],
            "motion_type": "static",
            "non_uniform_scale": [
                1.1573668,
                0.9999998,
                1.0725009
            ]
        },
        {
            "template_name": "e8e0945e9f720d7b472986924483c661d172794c",
            "translation": [
                -11.0055656,
                2.384185791015625e-07,
                -3.8021771
            ],
            "rotation": [
                0.9608321,
                0.0,
                -0.2771311,
                0.0
            ],
            "motion_type": "static",
            "non_uniform_scale": [
                1.1573668,
                0.9999998,
                1.0725009
            ]
        },
        {
            "template_name": "e8e0945e9f720d7b472986924483c661d172794c",
            "translation": [
                -10.6665706,
                1.7881393432617188e-07,
                -2.9541733
            ],
            "rotation": [
                -0.6139896,
                0.0,
                0.789314,
                0.0
            ],
            "motion_type": "static",
            "non_uniform_scale": [
                1.1573667,
                0.9999998,
                1.0725009
            ]
        },
        {
            "template_name": "e8e0945e9f720d7b472986924483c661d172794c",
            "translation": [
                -11.1684808,
                1.4901161193847656e-07,
                -2.4246616
            ],
            "rotation": [
                -0.1213097,
                0.0,
                0.9926146,
                0.0
            ],
            "motion_type": "static",
            "non_uniform_scale": [
                1.1573667,
                0.9999998,
                1.0725009
            ]
        },
        {
            "template_name": "4b431407f01d649c473711ff5e63f120fbb42862",
            "translation": [
                -5.7322101,
                2.0745108,
                -12.4332237
            ],
            "rotation": [
                0.7071068,
                0.7071067,
                0.0,
                0.0
            ],
            "motion_type": "static"
        },
        {
            "template_name": "4d6310a9ffa5b50e7dc45940cf724ba1fa3ffddd_part_1",
            "translation": [
                -7.5027475,
                0.6456646,
                -1.2850331
            ],
            "rotation": [
                -0.0043633,
                0.0,
                0.9999904,
                0.0
            ],
            "motion_type": "static"
        },
        {
            "template_name": "4d6310a9ffa5b50e7dc45940cf724ba1fa3ffddd_part_8",
            "translation": [
                -8.8238754,
                1.09345,
                -1.3716583
            ],
            "rotation": [
                -0.0043633,
                0.0,
                0.9999904,
                0.0
            ],
            "motion_type": "static"
        },
        {
            "template_name": "4d6310a9ffa5b50e7dc45940cf724ba1fa3ffddd_part_9",
            "translation": [
                -9.4878787,
                0.083889,
                -1.5879205
            ],
            "rotation": [
                -0.0043633,
                0.0,
                0.9999904,
                0.0
            ],
            "motion_type": "static"
        },
        {
            "template_name": "4d6310a9ffa5b50e7dc45940cf724ba1fa3ffddd_part_14",
            "translation": [
                -7.0454258,
                2.20648,
                -1.3871786
            ],
            "rotation": [
                -0.0043633,
                0.0,
                0.9999904,
                0.0
            ],
            "motion_type": "static"
        },
        {
            "template_name": "4d6310a9ffa5b50e7dc45940cf724ba1fa3ffddd_part_14",
            "translation": [
                -6.5179338,
                2.20648,
                -1.391782
            ],
            "rotation": [
                -0.0043633,
                0.0,
                0.9999904,
                0.0
            ],
            "motion_type": "static"
        },
        {
            "template_name": "4d6310a9ffa5b50e7dc45940cf724ba1fa3ffddd_part_10",
            "translation": [
                -8.8413763,
                0.514339,
                -1.4405088
            ],
            "rotation": [
                -0.0043633,
                0.0,
                0.9999904,
                0.0
            ],
            "motion_type": "static"
        },
        {
            "template_name": "4d6310a9ffa5b50e7dc45940cf724ba1fa3ffddd_part_70",
            "translation": [
                -7.9842309,
                -0.0150173,
                -1.5294386
            ],
            "rotation": [
                -0.0043633,
                0.0,
                0.9999904,
                0.0
            ],
            "motion_type": "static"
        },
        {
            "template_name": "27c84f4429be559509312415f33adab9df3a5087",
            "translation": [
                -3.8722798,
                2.086162567138672e-07,
                -3.8788595
            ],
            "rotation": [
                0.8703556,
                0.0,
                0.4924235,
                0.0
            ],
            "motion_type": "static"
        },
        {
            "template_name": "35230dedd6b3f035a602f7226fae2dcb61bf1e4a",
            "translation": [
                -1.94453,
                2.384185791015625e-07,
                -3.6533694
            ],
            "rotation": [
                -0.4899892,
                0.0,
                0.8717284,
                0.0
            ],
            "motion_type": "static",
            "non_uniform_scale": [
                0.9999999,
                1.2135601,
                0.9999999
            ]
        },
        {
            "template_name": "2efebdcc1ba9514b0deb0dfb05951341432bd26a",
            "translation": [
                -11.4398097,
                0.8400004,
                -10.2842283
            ],
            "rotation": [
                0.7071068,
                0.0,
                0.7071067,
                0.0
            ],
            "motion_type": "static"
        },
        {
            "template_name": "68a6193e3b67cedefb14ab590fc748bcc7955c5d",
            "translation": [
                -5.8260002,
                4.172325134277344e-07,
                -6.8526296
            ],
            "rotation": [
                0.7071068,
                0.0,
                -0.7071067,
                0.0
            ],
            "motion_type": "static"
        },
        {
            "template_name": "7fb3100902d859575057623870a2ee4159a9428e",
            "translation": [
                -6.5727205,
                1.1412004,
                -8.830759
            ],
            "rotation": [
                0.0,
                0.0,
                1.0,
                0.0
            ],
            "motion_type": "static"
        },
        {
            "template_name": "46979d39dd98ffacb51e30784306180579eafd88",
            "translation": [
                -4.8600897,
                1.7500002,
                -6.3970341
            ],
            "rotation": [
                0.7071068,
                0.7071067,
                0.0,
                0.0
            ],
            "motion_type": "static"
        },
        {
            "template_name": "46979d39dd98ffacb51e30784306180579eafd88",
            "translation": [
                -5.8010802,
                1.7500002,
                -6.3970341
            ],
            "rotation": [
                0.7071068,
                0.7071067,
                0.0,
                0.0
            ],
            "motion_type": "static"
        },
        {
            "template_name": "be1b0ef31886b4b2b42cf0bf1b7df548917c9943",
            "translation": [
                -2.2993052,
                1.93399,
                -2.1523497
            ],
            "rotation": [
                -0.3535534,
                -0.3535534,
                0.6123724,
                -0.6123723
            ],
            "motion_type": "static"
        },
        {
            "template_name": "8ef5facc37a8478ea9999f70fe85e70370ceb0cb",
            "translation": [
                -7.9440197,
                2.980232238769531e-07,
                -4.7826595
            ],
            "rotation": [
                0.9999904,
                0.0,
                0.0043633,
                0.0
            ],
            "motion_type": "static",
            "non_uniform_scale": [
                1.3875783,
                1.0734633,
                1.0366104
            ]
        },
        {
            "template_name": "014f3ebc50361692497fe6439b2c112ed3e4ab25",
            "translation": [
                -5.8636298,
                2.086162567138672e-07,
                -3.2762696
            ],
            "rotation": [
                0.7071068,
                0.0,
                -0.7071067,
                0.0
            ],
            "motion_type": "static",
            "non_uniform_scale": [
                1.1794869,
                0.8741735,
                1.0122195
            ]
        },
        {
            "template_name": "4067df5c246f5cfa298939c935aaef5775284b34",
            "translation": [
                -4.2122206,
                2.682209014892578e-07,
                -4.4408292
            ],
            "rotation": [
                -0.4924235,
                0.0,
                0.8703556,
                0.0
            ],
            "motion_type": "static",
            "non_uniform_scale": [
                0.9999999,
                1.062992,
                0.9999998
            ]
        },
        {
            "template_name": "4067df5c246f5cfa298939c935aaef5775284b34",
            "translation": [
                -4.5083713,
                2.384185791015625e-07,
                -3.9684193
            ],
            "rotation": [
                -0.4924235,
                0.0,
                0.8703556,
                0.0
            ],
            "motion_type": "static",
            "non_uniform_scale": [
                0.9999999,
                1.062992,
                0.9999998
            ]
        },
        {
            "template_name": "3754-3",
            "translation": [
                -12.0652809,
                1.6,
                -1.7206376
            ],
            "rotation": [
                0.297123,
                0.0,
                0.9548391,
                0.0
            ],
            "motion_type": "static",
            "non_uniform_scale": [
                -0.9999999,
                0.9999998,
                0.9999998
            ]
        },
        {
            "template_name": "3754-2",
            "translation": [
                -12.9934196,
                1.6000002,
                -4.6134896
            ],
            "rotation": [
                0.7071067,
                0.0,
                0.7071067,
                0.0
            ],
            "motion_type": "static",
            "non_uniform_scale": [
                -0.9999998,
                0.9999998,
                0.9999998
            ]
        },
        {
            "template_name": "3754-2",
            "translation": [
                -12.9934196,
                1.6000001,
                -3.1175596
            ],
            "rotation": [
                0.7071067,
                0.0,
                0.7071067,
                0.0
            ],
            "motion_type": "static",
            "non_uniform_scale": [
                -0.9999998,
                0.9999998,
                0.9999998
            ]
        },
        {
            "template_name": "3754-2",
            "translation": [
                -12.9934196,
                1.6000002,
                -6.1790695
            ],
            "rotation": [
                0.7071067,
                0.0,
                0.7071067,
                0.0
            ],
            "motion_type": "static",
            "non_uniform_scale": [
                -0.9999998,
                0.9999998,
                0.9999998
            ]
        },
        {
            "template_name": "3754-2",
            "translation": [
                -12.4946861,
                1.6000003,
                -7.3721566
            ],
            "rotation": [
                0.910772,
                0.0,
                0.4129094,
                0.0
            ],
            "motion_type": "static",
            "non_uniform_scale": [
                -1.0,
                0.9999998,
                0.9999998
            ]
        },
        {
            "template_name": "204-3",
            "translation": [
                -2.21349,
                1.1700003,
                -8.0016393
            ],
            "rotation": [
                0.0,
                0.0,
                1.0,
                0.0
            ],
            "motion_type": "static",
            "non_uniform_scale": [
                -1.0,
                0.9999998,
                0.9999998
            ]
        },
        {
            "template_name": "3754-2",
            "translation": [
                -11.8256587,
                1.6000006,
                -11.6529588
            ],
            "rotation": [
                0.7071067,
                0.0,
                0.7071067,
                0.0
            ],
            "motion_type": "static",
            "non_uniform_scale": [
                -0.9999998,
                0.9999998,
                0.9999998
            ]
        },
        {
            "template_name": "3754-2",
            "translation": [
                -11.8256587,
                1.6000005,
                -10.1820688
            ],
            "rotation": [
                0.7071067,
                0.0,
                0.7071067,
                0.0
            ],
            "motion_type": "static",
            "non_uniform_scale": [
                -0.9999998,
                0.9999998,
                0.9999998
            ]
        },
        {
            "template_name": "3754-2",
            "translation": [
                -11.8256587,
                1.6000005,
                -8.8452491
            ],
            "rotation": [
                0.7071067,
                0.0,
                0.7071067,
                0.0
            ],
            "motion_type": "static",
            "non_uniform_scale": [
                -0.9999998,
                0.9999998,
                0.9999998
            ]
        }
    ],
    "articulated_object_instances": [],
    "stage_instance": {
        "template_name": "stages/104348463_171513588",
        "motion_type": "static"
    },
    "user_defined": {
        "scene_filter_file": "scene_filter_files/104348463_171513588.rec_filter.json"
    }
}