{
    "translation_origin": "asset_local",
    "default_lighting": "",
    "navmesh_instance": "",
    "semantic_scene_instance": "hssd_ssd_map",
    "default_pbr_shader_config": "./data/default.pbr_config.json",
    "object_instances": [
        {
            "template_name": "5204b3fd9affe5ddca8f7aa6e1e6dc823c3a0cf0",
            "translation": [
                -6.5899295,
                0.6196,
                -4.2500996
            ],
            "rotation": [
                0.7460572,
                0.0,
                -0.6658815,
                0.0
            ],
            "motion_type": "static"
        },
        {
            "template_name": "f5a154e8d963064a8e43960374e4b5be523d68b0",
            "translation": [
                -11.0990486,
                1.1920928955078126e-7,
                -1.6663
            ],
            "motion_type": "static"
        },
        {
            "template_name": "04c99a0e259fa98fbbc7171112d0a285c1648718",
            "translation": [
                -12.0955085,
                0.0010004,
                -7.2671194
            ],
            "rotation": [
                0.7071068,
                0.0,
                -0.7071067,
                0.0
            ],
            "motion_type": "static"
        },
        {
            "template_name": "9b70f76883decc09096c6fec4e9a265fe036bc43",
            "translation": [
                -6.0086102,
                1.7495001,
                -5.8504896
            ],
            "rotation": [
                0.4999999,
                0.4999999,
                0.5,
                -0.5
            ],
            "motion_type": "static"
        },
        {
            "template_name": "bec570e38d0a9746659299893ee8fd12d44aed5f",
            "translation": [
                -4.9355998,
                1.7502497,
                -2.6460494
            ],
            "rotation": [
                -0.5,
                -0.5,
                0.5,
                -0.4999999
            ],
            "motion_type": "static"
        },
        {
            "template_name": "80dea841d023ea7ebc15065709eb0cf6b2636b5c",
            "translation": [
                -5.5001702,
                0.0,
                0.0231499
            ],
            "rotation": [
                0.0,
                0.0,
                1.0,
                0.0
            ],
            "motion_type": "static"
        },
        {
            "template_name": "316d7bc87db3c6ee1fdc26601bcda7d18c5110fb",
            "translation": [
                -0.4878199,
                4.470348358154297e-7,
                -7.3311839
            ],
            "rotation": [
                0.7071068,
                0.0,
                -0.7071067,
                0.0
            ],
            "motion_type": "static"
        },
        {
            "template_name": "316d7bc87db3c6ee1fdc26601bcda7d18c5110fb",
            "translation": [
                -13.3378248,
                1.4901161193847657e-7,
                -2.3082396
            ],
            "motion_type": "static"
        },
        {
            "template_name": "9f329d378c839e9f7fa1ec7c9076c92bcb873f7d",
            "translation": [
                -12.0052099,
                5.960464477539063e-8,
                -0.9027398
            ],
            "rotation": [
                0.7071068,
                0.0,
                -0.7071067,
                0.0
            ],
            "motion_type": "static",
            "non_uniform_scale": [
                1.0505104,
                0.9999998,
                0.7864115
            ]
        },
        {
            "template_name": "430a35708f6aa3659ebee94b2b54a31b3d250cb8",
            "translation": [
                -0.4068898,
                3.5762786865234377e-7,
                -6.1479096
            ],
            "rotation": [
                0.7071068,
                0.0,
                -0.7071067,
                0.0
            ],
            "motion_type": "static"
        },
        {
            "template_name": "430a35708f6aa3659ebee94b2b54a31b3d250cb8",
            "translation": [
                -12.79004,
                0.0,
                -0.0131799
            ],
            "rotation": [
                0.0,
                0.0,
                1.0,
                0.0
            ],
            "motion_type": "static"
        },
        {
            "template_name": "5e3913aa1512ac10e898f47a32550927e24bb98f",
            "translation": [
                -6.6788997,
                0.6196001,
                -6.8562393
            ],
            "rotation": [
                0.7071068,
                0.0,
                0.7071067,
                0.0
            ],
            "motion_type": "static"
        },
        {
            "template_name": "af69e5fc28473e0fb23ba972e074112051fad449",
            "translation": [
                -11.83043,
                1.7500201,
                -5.8659238
            ],
            "rotation": [
                -0.5,
                -0.5,
                0.5,
                -0.4999999
            ],
            "motion_type": "static"
        },
        {
            "template_name": "xxxxb8964ae9xd617x445ex9338xa923962f8ba0",
            "translation": [
                -13.7882804,
                0.9100005,
                -8.4777994
            ],
            "rotation": [
                0.7071068,
                0.0,
                0.7071067,
                0.0
            ],
            "motion_type": "static"
        },
        {
            "template_name": "24430dbe765dd54d727d0ba3d234601142805e4b",
            "translation": [
                -14.8622598,
                3.5762786865234377e-7,
                -6.1864094
            ],
            "rotation": [
                0.6819983,
                0.0,
                0.7313537,
                0.0
            ],
            "motion_type": "static"
        },
        {
            "template_name": "85b1c9726d9d9034d006dbacd0f5736f0f533b6d",
            "translation": [
                -5.0561099,
                3.5762786865234377e-7,
                -5.8601388
            ],
            "rotation": [
                0.7071068,
                0.0,
                0.7071067,
                0.0
            ],
            "motion_type": "static"
        },
        {
            "template_name": "d5b37a44f3aa6278012e0a95d548ab9e806af326",
            "translation": [
                -13.5600404,
                0.9100005,
                -8.6112794
            ],
            "rotation": [
                0.6658815,
                0.0,
                0.7460572,
                0.0
            ],
            "motion_type": "static"
        },
        {
            "template_name": "78cfa81acee912f151e756369600f7ad48956809",
            "translation": [
                -4.0243434,
                0.0,
                0.0741299
            ],
            "rotation": [
                0.0,
                0.0,
                1.0,
                0.0
            ],
            "motion_type": "static",
            "non_uniform_scale": [
                1.3125561,
                1.0,
                0.8019667
            ]
        },
        {
            "template_name": "7a0132bc19b328a61fe8bbdacbeebfbb9ada9dbb",
            "translation": [
                -6.33749,
                0.0,
                0.0688199
            ],
            "rotation": [
                0.7071068,
                0.0,
                0.7071067,
                0.0
            ],
            "motion_type": "static"
        },
        {
            "template_name": "c591c70a1493babeaa31a1465eb356201a44b4ce",
            "translation": [
                -11.2946815,
                3.2782554626464846e-7,
                -5.3979597
            ],
            "rotation": [
                0.7071068,
                0.0,
                0.7071067,
                0.0
            ],
            "motion_type": "static"
        },
        {
            "template_name": "54c594bee3d313ea55f4b08f7ca40cd1be5df5bf",
            "translation": [
                -5.77321,
                4.023313522338867e-7,
                -6.8150696
            ],
            "rotation": [
                0.7071068,
                0.0,
                0.7071067,
                0.0
            ],
            "motion_type": "static"
        },
        {
            "template_name": "c37e1c6105bc43c44c14b8fb371b0d3c843ec313",
            "translation": [
                -8.7780303,
                0.8999999,
                -2.0034496
            ],
            "motion_type": "static"
        },
        {
            "template_name": "b41ca78ad7cd44960b9e0b1d3d8695881d54a62d",
            "translation": [
                -12.1543607,
                2.980232238769531e-7,
                -5.2449493
            ],
            "motion_type": "static",
            "non_uniform_scale": [
                0.769622,
                0.9999998,
                0.7055944
            ]
        },
        {
            "template_name": "fdf7479cc9da8f4486359f66965869b5c58c74ed",
            "translation": [
                -10.1303195,
                1.7499996,
                0.2270251
            ],
            "rotation": [
                0.0,
                0.0,
                0.7071068,
                -0.7071067
            ],
            "motion_type": "static"
        },
        {
            "template_name": "fdf7479cc9da8f4486359f66965869b5c58c74ed",
            "translation": [
                -9.6319503,
                1.7499996,
                0.2270251
            ],
            "rotation": [
                0.0,
                0.0,
                0.7071068,
                -0.7071067
            ],
            "motion_type": "static"
        },
        {
            "template_name": "ccf3f0ee76dd2263f77ad90a7cec59da84e047c8",
            "translation": [
                -10.62823,
                0.0,
                -0.0726099
            ],
            "rotation": [
                0.0,
                0.0,
                1.0,
                0.0
            ],
            "motion_type": "static"
        },
        {
            "template_name": "0bcab6efe938e394f70ba755b5a69e54ac0902b2",
            "translation": [
                -5.9012498,
                0.4900003,
                -6.8125243
            ],
            "rotation": [
                0.7071068,
                0.0,
                0.7071067,
                0.0
            ],
            "motion_type": "static"
        },
        {
            "template_name": "febaef471e1f0c3dca29b98fe23777ecb1659274_part_1",
            "translation": [
                -5.9642977,
                -0.0000025,
                -2.6382164
            ],
            "rotation": [
                0.9238795,
                0.0,
                -0.3826833,
                0.0
            ],
            "motion_type": "static"
        },
        {
            "template_name": "febaef471e1f0c3dca29b98fe23777ecb1659274_part_2",
            "translation": [
                -5.5700821,
                -0.0002999,
                -2.2447309
            ],
            "rotation": [
                0.9238795,
                0.0,
                -0.3826833,
                0.0
            ],
            "motion_type": "static"
        },
        {
            "template_name": "febaef471e1f0c3dca29b98fe23777ecb1659274_part_2",
            "translation": [
                -6.3539271,
                -0.0002999,
                -2.2449669
            ],
            "rotation": [
                -0.3826833,
                0.0,
                0.9238795,
                0.0
            ],
            "motion_type": "static"
        },
        {
            "template_name": "febaef471e1f0c3dca29b98fe23777ecb1659274_part_2",
            "translation": [
                -5.5757517,
                -0.0002999,
                -3.0267624
            ],
            "rotation": [
                0.9238795,
                0.0,
                0.3826833,
                0.0
            ],
            "motion_type": "static"
        },
        {
            "template_name": "febaef471e1f0c3dca29b98fe23777ecb1659274_part_2",
            "translation": [
                -6.3495035,
                -0.0002999,
                -3.0294876
            ],
            "rotation": [
                0.3826839,
                0.0,
                0.9238792,
                0.0
            ],
            "motion_type": "static"
        },
        {
            "template_name": "2e7b851dbd4da693fb3ad69ce516d4651563620e",
            "translation": [
                -8.8111696,
                2.384185791015625e-7,
                -4.0367894
            ],
            "rotation": [
                0.0,
                0.0,
                1.0,
                0.0
            ],
            "motion_type": "static"
        },
        {
            "template_name": "c1409585a6a5630baf8e126a84b06bfc28e1071f",
            "translation": [
                -14.6989545,
                4.76837158203125e-7,
                -8.0514669
            ],
            "rotation": [
                0.8117656,
                0.0,
                0.583983,
                0.0
            ],
            "motion_type": "static"
        },
        {
            "template_name": "xxxx79d23125xa11ax4f0cx9c45x01919c8d3b07",
            "translation": [
                -15.0080404,
                0.7500001,
                -6.4661793
            ],
            "rotation": [
                0.9983916,
                0.0,
                0.0566927,
                0.0
            ],
            "motion_type": "static"
        },
        {
            "template_name": "11ad37f590e2b9bcf93d624c1f554df57e05e921",
            "translation": [
                -2.74584,
                0.7900002,
                -5.1384596
            ],
            "rotation": [
                0.7071068,
                0.0,
                0.7071067,
                0.0
            ],
            "motion_type": "static",
            "non_uniform_scale": [
                0.6841291,
                0.9999998,
                0.6856886
            ]
        },
        {
            "template_name": "99dd187aec261a2904876ab4905999006561d91b",
            "translation": [
                -5.4865999,
                1.7299996,
                0.01221
            ],
            "rotation": [
                0.0,
                0.0,
                1.0,
                0.0
            ],
            "motion_type": "static"
        },
        {
            "template_name": "99dd187aec261a2904876ab4905999006561d91b",
            "translation": [
                -12.1006402,
                0.6510003,
                -7.2357296
            ],
            "rotation": [
                0.7071068,
                0.0,
                0.7071067,
                0.0
            ],
            "motion_type": "static"
        },
        {
            "template_name": "541eca7ceee7736769af16a4f3ad9928076a7f7f",
            "translation": [
                -11.8304309,
                1.7500003,
                -7.3475494
            ],
            "rotation": [
                -0.5,
                -0.5,
                0.5,
                -0.4999999
            ],
            "motion_type": "static"
        },
        {
            "template_name": "84ca107b3e5c5386ed4d676233a31322c3392d1e",
            "translation": [
                -14.3253507,
                1.7451498,
                -0.2548798
            ],
            "rotation": [
                0.0,
                0.0,
                0.7071068,
                -0.7071067
            ],
            "motion_type": "static"
        },
        {
            "template_name": "84ca107b3e5c5386ed4d676233a31322c3392d1e",
            "translation": [
                -0.1666899,
                1.7451502,
                -4.5321097
            ],
            "rotation": [
                -0.5,
                -0.5,
                0.5,
                -0.4999999
            ],
            "motion_type": "static"
        },
        {
            "template_name": "a9658a8630ce5df1d724dc47334c0dc093a880ed",
            "translation": [
                -13.6032991,
                5.066394805908203e-7,
                -8.4854793
            ],
            "rotation": [
                0.9984591,
                0.0,
                0.0554912,
                0.0
            ],
            "motion_type": "static"
        },
        {
            "template_name": "7d640c90d6fb24073768779c8e0d4e54e6d01e70",
            "translation": [
                -12.7864503,
                1.7500001,
                -3.1393597
            ],
            "rotation": [
                0.4999999,
                0.4999999,
                0.5,
                -0.5
            ],
            "motion_type": "static"
        },
        {
            "template_name": "ea0200d78c2699f025cc8ec86930842e214bd6d2",
            "translation": [
                -5.98175,
                0.7600001,
                -2.66593
            ],
            "rotation": [
                0.7071068,
                0.0,
                -0.7071067,
                0.0
            ],
            "motion_type": "static"
        },
        {
            "template_name": "78e8c0bb62e3ef33af7e1635ca30986837e5ecea",
            "translation": [
                -4.22865,
                0.8099999,
                0.0410499
            ],
            "rotation": [
                0.829195,
                0.0,
                0.5589593,
                0.0
            ],
            "motion_type": "static"
        },
        {
            "template_name": "881b4930f7df83a2fe6d7278a67c81d4f1f727c3",
            "translation": [
                -8.8905601,
                0.0,
                -0.0729798
            ],
            "motion_type": "static",
            "non_uniform_scale": [
                1.0121512,
                0.9999998,
                0.9999998
            ]
        },
        {
            "template_name": "09d3eb5ebcec6b3a28f05059fddd998e55d48014",
            "translation": [
                -4.9494099,
                3.543682396411896e-7,
                -5.9481291
            ],
            "motion_type": "static",
            "non_uniform_scale": [
                0.735408,
                0.9999998,
                0.99325
            ]
        },
        {
            "template_name": "54797d0b7b4514b5050eaeb0e5499686399138e4",
            "translation": [
                -8.1830053,
                3.334134817123413e-7,
                -5.590979
            ],
            "rotation": [
                0.7071068,
                0.0,
                -0.7071067,
                0.0
            ],
            "motion_type": "static"
        },
        {
            "template_name": "8195c2991d03645f5a989b7aa0601161ad34241f",
            "translation": [
                -2.8142299,
                2.980232238769531e-7,
                -5.1128396
            ],
            "rotation": [
                0.7071068,
                0.0,
                -0.7071067,
                0.0
            ],
            "motion_type": "static",
            "non_uniform_scale": [
                0.9324597,
                0.9999998,
                0.7087063
            ]
        },
        {
            "template_name": "75a47e132a99a8576b16f0a6d84ed7533cffe954",
            "translation": [
                -12.8821992,
                2.7999999,
                -1.1697297
            ],
            "rotation": [
                0.7132502,
                0.0,
                0.700909,
                0.0
            ],
            "motion_type": "static"
        },
        {
            "template_name": "75a47e132a99a8576b16f0a6d84ed7533cffe954",
            "translation": [
                -1.3373198,
                2.8000001,
                -6.3420796
            ],
            "rotation": [
                0.7071068,
                0.0,
                -0.7071067,
                0.0
            ],
            "motion_type": "static"
        },
        {
            "template_name": "e8d6fdd7c590fec96e683671ce188f4e51a442a7",
            "translation": [
                -10.5359401,
                0.8999999,
                -1.9036296
            ],
            "rotation": [
                0.7071068,
                0.0,
                -0.7071067,
                0.0
            ],
            "motion_type": "static"
        },
        {
            "template_name": "a58885b138c463870ae858aae6acd55ca46574c8",
            "translation": [
                -8.0956802,
                3.2782554626464846e-7,
                -5.5853195
            ],
            "rotation": [
                0.7071068,
                0.0,
                -0.7071067,
                0.0
            ],
            "motion_type": "static"
        },
        {
            "template_name": "55178b6f7cfabac7480cc6e677b8223227604907",
            "translation": [
                -12.8284597,
                3.5762786865234377e-7,
                -6.1993594
            ],
            "rotation": [
                0.7071068,
                0.0,
                -0.7071067,
                0.0
            ],
            "motion_type": "static"
        },
        {
            "template_name": "b1a6d2e88e4140c31fd5e419065c47571582b53f",
            "translation": [
                -6.2847604,
                1.7500002,
                -5.4840788
            ],
            "rotation": [
                -0.5,
                -0.5,
                0.5,
                -0.4999999
            ],
            "motion_type": "static"
        },
        {
            "template_name": "d294c9a5b9a28083a3bd1af2fc2b5c7b55fe1c7e",
            "translation": [
                -11.4575004,
                0.8890002,
                -5.4086894
            ],
            "rotation": [
                0.7071068,
                0.0,
                -0.7071067,
                0.0
            ],
            "motion_type": "static"
        },
        {
            "template_name": "940d228dddb059ea9fd551bfc7d8ca67e02f20a3",
            "translation": [
                -9.3589897,
                0.0,
                -0.0729798
            ],
            "rotation": [
                0.0,
                0.0,
                1.0,
                0.0
            ],
            "motion_type": "static",
            "non_uniform_scale": [
                0.8664141,
                0.9999998,
                0.9999998
            ]
        },
        {
            "template_name": "f71c22e2956fcc6e97ace5d6bc9334ddcd1842c1",
            "translation": [
                -9.9762096,
                0.0,
                -0.0729798
            ],
            "rotation": [
                0.0,
                0.0,
                1.0,
                0.0
            ],
            "motion_type": "static",
            "non_uniform_scale": [
                -1.0,
                0.9999998,
                0.9999998
            ]
        },
        {
            "template_name": "5e60836dcd1cda51a634fc116b9d86eaf884cd28",
            "translation": [
                -8.3864698,
                0.0,
                -0.0726049
            ],
            "rotation": [
                0.0,
                0.0,
                1.0,
                0.0
            ],
            "motion_type": "static"
        },
        {
            "template_name": "e39ee7136f40f7028bb66470f065859485f57454",
            "translation": [
                -10.49691,
                4.023313522338867e-7,
                -6.7764697
            ],
            "motion_type": "static",
            "non_uniform_scale": [
                0.8278387,
                0.9999998,
                0.9999998
            ]
        },
        {
            "template_name": "89d45bdb1c849e676cb44c766037d86bc246c5c6",
            "translation": [
                -15.125389,
                1.7518502,
                -6.1816396
            ],
            "rotation": [
                0.4822455,
                0.4822455,
                0.5171452,
                -0.5171449
            ],
            "motion_type": "static"
        },
        {
            "template_name": "2b66fdae818f040c80188e978e266d9a93fed57b",
            "translation": [
                -1.6565499,
                4.470348358154297e-7,
                -7.6452493
            ],
            "motion_type": "static"
        },
        {
            "template_name": "xxxx31c3e2eaxb753x40dfx9630xab5afbebd8ba",
            "translation": [
                -11.1001596,
                2.384185791015625e-7,
                -4.2776794
            ],
            "rotation": [
                0.9983916,
                0.0,
                0.0566927,
                0.0
            ],
            "motion_type": "static"
        },
        {
            "template_name": "b7be6e4a6318ffa6ca0f8cd69022994f9a4f9384",
            "translation": [
                -7.9557099,
                2.384185791015625e-7,
                -3.9345047
            ],
            "rotation": [
                0.0,
                0.0,
                1.0,
                0.0
            ],
            "motion_type": "static"
        },
        {
            "template_name": "0d7951316202c83ad6ee9b5a7f0ff62869fdd0d8",
            "translation": [
                -11.83043,
                1.7500201,
                -6.4859132
            ],
            "rotation": [
                -0.5,
                -0.5,
                0.5,
                -0.4999999
            ],
            "motion_type": "static"
        },
        {
            "template_name": "80782bc8f09060dc576bfb8e8319bc9abf9c7fb1",
            "translation": [
                -3.1433899,
                4.172325134277344e-7,
                -7.1689496
            ],
            "rotation": [
                0.8474223,
                0.0,
                -0.5309193,
                0.0
            ],
            "motion_type": "static"
        },
        {
            "template_name": "xxxx54c93c4fxabe2x463exafd8xcae01106dc7d",
            "translation": [
                -6.7211198,
                0.0100004,
                -6.8873991
            ],
            "rotation": [
                0.7071068,
                0.0,
                -0.7071067,
                0.0
            ],
            "motion_type": "static"
        },
        {
            "template_name": "xxxx54c93c4fxabe2x463exafd8xcae01106dc7d",
            "translation": [
                -6.7211198,
                0.0100001,
                -4.2571797
            ],
            "rotation": [
                0.7071068,
                0.0,
                -0.7071067,
                0.0
            ],
            "motion_type": "static"
        },
        {
            "template_name": "00b285ed70673826ccb6941929a64abfaf5f9239",
            "translation": [
                -6.78409,
                0.0,
                -0.05548
            ],
            "rotation": [
                0.0,
                0.0,
                1.0,
                0.0
            ],
            "motion_type": "static"
        },
        {
            "template_name": "00b285ed70673826ccb6941929a64abfaf5f9239",
            "translation": [
                -7.3850898,
                0.0,
                -0.05548
            ],
            "rotation": [
                0.0,
                0.0,
                1.0,
                0.0
            ],
            "motion_type": "static"
        },
        {
            "template_name": "4a5d65ef0499befafb833f460e1dbe5050d99c2a",
            "translation": [
                -10.5076599,
                0.9,
                -1.7336298
            ],
            "rotation": [
                0.7071068,
                0.0,
                -0.7071067,
                0.0
            ],
            "motion_type": "static"
        },
        {
            "template_name": "d6817416bf73fe80273fba7d3a106b2b13fc5108",
            "translation": [
                -9.5034399,
                2.7999999,
                -0.9409897
            ],
            "rotation": [
                0.0,
                0.0,
                1.0,
                0.0
            ],
            "motion_type": "static"
        },
        {
            "template_name": "7e7d9cd60120102c86c63da9df4524de65508cec",
            "translation": [
                -13.0492601,
                3.757886588573456e-7,
                -6.3067388
            ],
            "rotation": [
                0.0,
                0.0,
                1.0,
                0.0
            ],
            "motion_type": "static",
            "non_uniform_scale": [
                0.6597588,
                0.9999998,
                0.9432914
            ]
        },
        {
            "template_name": "0ed0c762ec81d3af3069af781aa04abdfca7b914",
            "translation": [
                -14.656579,
                2.980232238769531e-7,
                -4.6461124
            ],
            "rotation": [
                0.3800719,
                0.0,
                0.9249566,
                0.0
            ],
            "motion_type": "static"
        },
        {
            "template_name": "1caaf72120003042457feff269ca894d240ce7a2",
            "translation": [
                -11.5542802,
                1.7500001,
                -4.1432895
            ],
            "rotation": [
                0.4999999,
                0.4999999,
                0.5,
                -0.5
            ],
            "motion_type": "static"
        },
        {
            "template_name": "f0d31b0988e86c312ee6b1c23715b2dd47c3d93b",
            "translation": [
                -11.2772798,
                4.172325134277344e-7,
                -6.8462591
            ],
            "rotation": [
                0.8065412,
                0.0,
                0.5911777,
                0.0
            ],
            "motion_type": "static"
        },
        {
            "template_name": "a0ab0f0d7974fcdc0eafd46ab094a5ed9351d26c",
            "translation": [
                -8.9764499,
                1.7499996,
                0.2270251
            ],
            "rotation": [
                0.0,
                0.0,
                0.7071068,
                -0.7071067
            ],
            "motion_type": "static",
            "non_uniform_scale": [
                1.0267956,
                0.9999998,
                0.9999998
            ]
        },
        {
            "template_name": "a0ab0f0d7974fcdc0eafd46ab094a5ed9351d26c",
            "translation": [
                -7.3855104,
                1.7210446,
                0.227025
            ],
            "rotation": [
                0.0,
                0.0,
                0.7071068,
                -0.7071067
            ],
            "motion_type": "static",
            "non_uniform_scale": [
                0.7535786,
                0.9999998,
                0.9227864
            ]
        },
        {
            "template_name": "a0ab0f0d7974fcdc0eafd46ab094a5ed9351d26c",
            "translation": [
                -6.7862401,
                1.7210446,
                0.227025
            ],
            "rotation": [
                0.0,
                0.0,
                0.7071068,
                -0.7071067
            ],
            "motion_type": "static",
            "non_uniform_scale": [
                0.7535786,
                0.9999998,
                0.9227864
            ]
        },
        {
            "template_name": "27e2fe8d91a9d2cc02ce98e94f5f498548b88a5f",
            "translation": [
                -9.3345899,
                1.1920928955078126e-7,
                -1.95666
            ],
            "motion_type": "static",
            "non_uniform_scale": [
                1.7505712,
                0.9999998,
                1.194843
            ]
        },
        {
            "template_name": "5cbddc4215af577a945d42dae708197b48a6a14e",
            "translation": [
                -9.3111896,
                1.4901161193847657e-7,
                -2.6995894
            ],
            "rotation": [
                0.3665012,
                0.0,
                0.9304174,
                0.0
            ],
            "motion_type": "static"
        },
        {
            "template_name": "5cbddc4215af577a945d42dae708197b48a6a14e",
            "translation": [
                -9.9918603,
                1.4901161193847657e-7,
                -2.6758198
            ],
            "rotation": [
                0.3665012,
                0.0,
                0.9304174,
                0.0
            ],
            "motion_type": "static"
        },
        {
            "template_name": "c3e5c53a8c1281cabe3c83892292de2d4cb8e842",
            "translation": [
                -6.7838993,
                3.2782554626464846e-7,
                -5.5625796
            ],
            "rotation": [
                0.7071068,
                0.0,
                -0.7071067,
                0.0
            ],
            "motion_type": "static"
        },
        {
            "template_name": "da5808d15d8c00f8b358672b2279c5c3dc1f22f4",
            "translation": [
                -5.4314098,
                2.682209014892578e-7,
                -4.2820396
            ],
            "rotation": [
                0.0,
                0.0,
                1.0,
                0.0
            ],
            "motion_type": "static"
        },
        {
            "template_name": "200-3",
            "translation": [
                -2.4340798,
                1.12,
                -0.2654198
            ],
            "rotation": [
                0.7071067,
                0.0,
                0.7071068,
                0.0
            ],
            "motion_type": "static",
            "non_uniform_scale": [
                -0.9999998,
                0.9999998,
                0.9999998
            ]
        },
        {
            "template_name": "3754-4",
            "translation": [
                -3.2251,
                1.4500004,
                -7.9738292
            ],
            "rotation": [
                0.0,
                0.0,
                1.0,
                0.0
            ],
            "motion_type": "static",
            "non_uniform_scale": [
                -1.0,
                0.9999998,
                0.9999998
            ]
        },
        {
            "template_name": "3754-4",
            "translation": [
                -5.3610301,
                1.4500004,
                -7.9738292
            ],
            "rotation": [
                0.0,
                0.0,
                1.0,
                0.0
            ],
            "motion_type": "static",
            "non_uniform_scale": [
                -1.0,
                0.9999998,
                0.9999998
            ]
        },
        {
            "template_name": "4076-2",
            "translation": [
                -4.2769198,
                1.1200002,
                -7.9738292
            ],
            "rotation": [
                0.0,
                0.0,
                1.0,
                0.0
            ],
            "motion_type": "static",
            "non_uniform_scale": [
                -1.0,
                0.9999998,
                0.9999998
            ]
        },
        {
            "template_name": "3754-5",
            "translation": [
                -15.0093374,
                1.985,
                -2.2144896
            ],
            "rotation": [
                0.6871777,
                0.0,
                0.7264891,
                0.0
            ],
            "motion_type": "static",
            "non_uniform_scale": [
                -0.9999998,
                0.9999998,
                0.9999998
            ]
        },
        {
            "template_name": "3754-5",
            "translation": [
                -14.959342,
                1.985,
                -1.3162293
            ],
            "rotation": [
                0.6871777,
                0.0,
                0.7264891,
                0.0
            ],
            "motion_type": "static",
            "non_uniform_scale": [
                -0.9999998,
                0.9999998,
                0.9999998
            ]
        },
        {
            "template_name": "209-2",
            "translation": [
                -8.9312906,
                1.1200002,
                -7.369699
            ],
            "motion_type": "static",
            "non_uniform_scale": [
                -1.0,
                0.9999998,
                0.9999998
            ]
        },
        {
            "template_name": "3754-0",
            "translation": [
                -10.6581201,
                1.4500004,
                -7.369699
            ],
            "motion_type": "static",
            "non_uniform_scale": [
                -1.0,
                0.9999998,
                0.9999998
            ]
        },
        {
            "template_name": "3754-0",
            "translation": [
                -7.1839399,
                1.4500004,
                -7.369699
            ],
            "motion_type": "static",
            "non_uniform_scale": [
                -1.0,
                0.9999998,
                0.9999998
            ]
        },
        {
            "template_name": "3754-6",
            "translation": [
                -15.3959074,
                1.4500004,
                -8.0323286
            ],
            "rotation": [
                0.6816055,
                0.0,
                0.7317196,
                0.0
            ],
            "motion_type": "static",
            "non_uniform_scale": [
                -0.9999998,
                0.9999998,
                0.9999998
            ]
        },
        {
            "template_name": "3754-6",
            "translation": [
                -15.1407194,
                1.45,
                -4.4384393
            ],
            "rotation": [
                0.6816055,
                0.0,
                0.7317196,
                0.0
            ],
            "motion_type": "static",
            "non_uniform_scale": [
                -0.9999998,
                0.9999998,
                0.9999998
            ]
        },
        {
            "template_name": "3754-5",
            "translation": [
                -0.87791,
                1.9850002,
                -7.9738292
            ],
            "motion_type": "static",
            "non_uniform_scale": [
                -1.0,
                0.9999998,
                0.9999998
            ]
        },
        {
            "template_name": "3754-5",
            "translation": [
                -1.5315499,
                1.9850002,
                -7.9738292
            ],
            "motion_type": "static",
            "non_uniform_scale": [
                -1.0,
                0.9999998,
                0.9999998
            ]
        },
        {
            "template_name": "3754-7",
            "translation": [
                -14.2288503,
                1.4500005,
                -8.7907114
            ],
            "rotation": [
                0.9983555,
                0.0,
                0.0573261,
                0.0
            ],
            "motion_type": "static",
            "non_uniform_scale": [
                -1.0,
                0.9999998,
                0.9999998
            ]
        },
        {
            "template_name": "3754-7",
            "translation": [
                -13.0132102,
                1.4500005,
                -8.9307794
            ],
            "rotation": [
                0.9983555,
                0.0,
                0.0573261,
                0.0
            ],
            "motion_type": "static",
            "non_uniform_scale": [
                -1.0,
                0.9999998,
                0.9999998
            ]
        }
    ],
    "articulated_object_instances": [],
    "stage_instance": {
        "template_name": "stages/104348511_171513654",
        "motion_type": "static"
    },
    "pbr_shader_region_configs": {},
    "user_defined": {
        "scene_filter_file": "scene_filter_files/104348511_171513654.rec_filter.json"
    }
}