{
    "translation_origin": "asset_local",
    "default_lighting": "",
    "navmesh_instance": "",
    "semantic_scene_instance": "hssd_ssd_map",
    "default_pbr_shader_config": "./data/default.pbr_config.json",
    "object_instances": [
        {
            "template_name": "a605b53d9bd74b362fe6b27a358da3fe3c8680cd",
            "translation": [
                -1.9779299,
                4.172325134277344e-7,
                -6.9162302
            ],
            "rotation": [
                0.7071068,
                0.0,
                0.7071067,
                0.0
            ],
            "motion_type": "static"
        },
        {
            "template_name": "c56d01344e3aefc9502f050ef8db91e8aef28cad",
            "translation": [
                -5.4198203,
                1.3172203,
                -6.3483395
            ],
            "rotation": [
                -0.5,
                -0.5,
                0.5,
                -0.4999999
            ],
            "motion_type": "static"
        },
        {
            "template_name": "5fa4999b76e30579e684e01d06f19958fc58a2e3",
            "translation": [
                -7.8043999,
                0.8000004,
                -7.5655527
            ],
            "rotation": [
                0.9430459,
                0.0,
                -0.3326623,
                0.0
            ],
            "motion_type": "static"
        },
        {
            "template_name": "5999d188452e209cacb712029af3f3b5b0e30313",
            "translation": [
                -4.8898196,
                1.4901161193847657e-7,
                -2.5207095
            ],
            "rotation": [
                0.7071068,
                0.0,
                0.7071067,
                0.0
            ],
            "motion_type": "static"
        },
        {
            "template_name": "e1d30ae83996db2ab653f342d27a5b316b762979",
            "translation": [
                -5.7582001,
                0.8999999,
                -2.0828597
            ],
            "rotation": [
                0.0,
                0.0,
                1.0,
                0.0
            ],
            "motion_type": "static"
        },
        {
            "template_name": "712e8b6769bebb2dde5302e3de78d2c28d639759",
            "translation": [
                -7.4261102,
                0.8999998,
                -0.8669598
            ],
            "rotation": [
                0.0,
                0.0,
                1.0,
                0.0
            ],
            "motion_type": "static"
        },
        {
            "template_name": "ec8a7b995cbe7d447021c400fa29e465f89bd632",
            "translation": [
                5.66439,
                5.960464477539063e-8,
                -0.8085197
            ],
            "motion_type": "static"
        },
        {
            "template_name": "2120e20c4a4bb969c84fef385aafe35bfade6e89",
            "translation": [
                6.6372804,
                8.940696716308594e-8,
                -1.6269699
            ],
            "motion_type": "static"
        },
        {
            "template_name": "185df6a6978441ac0370961942d1922af1d234f6",
            "translation": [
                -8.88731,
                4.470348358154297e-7,
                -7.4590296
            ],
            "motion_type": "static",
            "non_uniform_scale": [
                1.0,
                0.8998873,
                0.9999998
            ]
        },
        {
            "template_name": "1818326f4b89a7ea951f845ba6385ff7445d10c0",
            "translation": [
                -2.2979249,
                0.7633001,
                -5.6662101
            ],
            "rotation": [
                -0.5,
                -0.5,
                0.5,
                -0.4999999
            ],
            "motion_type": "static",
            "non_uniform_scale": [
                -0.9999998,
                0.9999998,
                0.9999998
            ]
        },
        {
            "template_name": "1d438cf2a0be5706ffdbd1489fbfb27f712589a0",
            "translation": [
                -8.9260702,
                1.5899403,
                -7.7214288
            ],
            "rotation": [
                0.7071068,
                0.7071067,
                0.0,
                0.0
            ],
            "motion_type": "static"
        },
        {
            "template_name": "4375bb2914be29819938e8d7c6d5e5661b296bc3",
            "translation": [
                -5.71982,
                8.940696716308594e-8,
                -1.7331098
            ],
            "rotation": [
                0.7071068,
                0.0,
                -0.7071067,
                0.0
            ],
            "motion_type": "static"
        },
        {
            "template_name": "c40df2998fcea3687deebb651759eb24a23e5922",
            "translation": [
                -5.4198198,
                1.875,
                -1.0839097
            ],
            "rotation": [
                -0.5,
                -0.5,
                0.5,
                -0.4999999
            ],
            "motion_type": "static"
        },
        {
            "template_name": "2e272612b40baaf7d783a408c893a7e47f7b2edd",
            "translation": [
                -9.6033,
                1.2293457984924317e-7,
                -2.0657398
            ],
            "rotation": [
                0.7071068,
                0.0,
                0.7071067,
                0.0
            ],
            "motion_type": "static"
        },
        {
            "template_name": "53ff9d0f6c6ed5837f471ced4c913598905376e8",
            "translation": [
                -6.8520698,
                0.8999999,
                -0.7671297
            ],
            "rotation": [
                0.7071068,
                0.0,
                -0.7071067,
                0.0
            ],
            "motion_type": "static"
        },
        {
            "template_name": "2bd4ac31ce87dcbf86d1a1bee10f81d10c42160e",
            "translation": [
                -5.8601145,
                3.5762786865234377e-7,
                -5.8514795
            ],
            "rotation": [
                0.7071068,
                0.0,
                -0.7071067,
                0.0
            ],
            "motion_type": "static",
            "non_uniform_scale": [
                0.9999998,
                0.8678106,
                0.9999998
            ]
        },
        {
            "template_name": "147da1e14bafbad645213ad47a2d794e4571b08e",
            "translation": [
                -13.1018953,
                -5.960464477539063e-8,
                1.4102996
            ],
            "rotation": [
                0.0,
                0.0,
                1.0,
                0.0
            ],
            "motion_type": "static"
        },
        {
            "template_name": "47ac7d1a7012b2382ac56858bfd891664050aa10",
            "translation": [
                6.40734,
                1.1920928955078126e-7,
                -1.7526499
            ],
            "rotation": [
                0.7071068,
                0.0,
                -0.7071067,
                0.0
            ],
            "motion_type": "static"
        },
        {
            "template_name": "xxxx21770864xa692x4944x9c4dx4e8c8a75e7d1",
            "translation": [
                -2.0790801,
                0.6600003,
                -6.6773495
            ],
            "rotation": [
                0.7071068,
                0.0,
                -0.7071067,
                0.0
            ],
            "motion_type": "static"
        },
        {
            "template_name": "xxxx529bc1b9x55e7x4eb4xbd22x9f393d72a919",
            "translation": [
                -5.6274576,
                0.7271404,
                -7.5035963
            ],
            "rotation": [
                0.6499909,
                0.6499906,
                -0.2784095,
                0.2784093
            ],
            "motion_type": "static"
        },
        {
            "template_name": "61f87ebad1e71dae6ffbab51bb6a5ffc27971a30",
            "translation": [
                -7.6718797,
                2.980232238769531e-7,
                -4.8949193
            ],
            "rotation": [
                0.7071068,
                0.0,
                -0.7071067,
                0.0
            ],
            "motion_type": "static"
        },
        {
            "template_name": "xxxx91982f33xb278x4c6dxbc98x360785ee2a8c",
            "translation": [
                8.3207101,
                8.940696716308594e-8,
                -1.3729
            ],
            "rotation": [
                0.7071068,
                0.0,
                0.7071067,
                0.0
            ],
            "motion_type": "static"
        },
        {
            "template_name": "xxxxf2ce548bxccd4x48aex9518xaf99df64dd72",
            "translation": [
                6.89609,
                1.1920928955078126e-7,
                -1.8584399
            ],
            "rotation": [
                0.7071068,
                0.0,
                -0.7071067,
                0.0
            ],
            "motion_type": "static"
        },
        {
            "template_name": "28f4b8c17740baf50d8fbb84595eb38bda99f6b2",
            "translation": [
                -4.9678397,
                0.93,
                -2.1428196
            ],
            "rotation": [
                0.7071068,
                0.0,
                0.7071067,
                0.0
            ],
            "motion_type": "static"
        },
        {
            "template_name": "87d95877ab352f73ebe9870982d29a5b53a22dae",
            "translation": [
                -2.1479249,
                1.3008004,
                -6.3631896
            ],
            "rotation": [
                0.4999999,
                0.4999999,
                0.5,
                -0.5
            ],
            "motion_type": "static"
        },
        {
            "template_name": "cece0c7af35159dbcb8c33a084d522d585a8ec3c",
            "translation": [
                -5.0198202,
                0.0963503,
                -6.5982294
            ],
            "rotation": [
                0.7071068,
                0.0,
                0.7071067,
                0.0
            ],
            "motion_type": "static"
        },
        {
            "template_name": "47f70ef4dcf9504c5d45c5e5d92051a2e9eb2958",
            "translation": [
                -9.7079496,
                1.4901161193847657e-7,
                -2.5923295
            ],
            "motion_type": "static"
        },
        {
            "template_name": "c57ead736b5283dd715db70a50b140b2fea1e296",
            "translation": [
                -4.34937,
                1.7500001,
                -3.3513498
            ],
            "rotation": [
                0.7071068,
                0.7071067,
                0.0,
                0.0
            ],
            "motion_type": "static"
        },
        {
            "template_name": "c37e1c6105bc43c44c14b8fb371b0d3c843ec313",
            "translation": [
                -7.93228,
                0.8000004,
                -7.5400094
            ],
            "rotation": [
                0.0,
                0.0,
                1.0,
                0.0
            ],
            "motion_type": "static"
        },
        {
            "template_name": "95d1e189e93694bb8eee73a64b0d84a8be5a5057",
            "translation": [
                -10.5286808,
                4.76837158203125e-7,
                -7.3496894
            ],
            "rotation": [
                0.0,
                0.0,
                1.0,
                0.0
            ],
            "motion_type": "static"
        },
        {
            "template_name": "d8814a0e0e3935fa2b36aa1af3e5f968d595a49b",
            "translation": [
                -6.3708496,
                5.960464477539063e-8,
                -0.9857099
            ],
            "rotation": [
                0.0,
                0.0,
                1.0,
                0.0
            ],
            "motion_type": "static"
        },
        {
            "template_name": "cc8e882049590405d2562d3984f105bef060f99b",
            "translation": [
                -9.5965194,
                5.960464477539063e-8,
                -1.6840293
            ],
            "rotation": [
                0.0,
                0.0,
                1.0,
                0.0
            ],
            "motion_type": "static"
        },
        {
            "template_name": "9c6f323567e1a3c612f9e9423aa94e5b592f3312",
            "translation": [
                -1.7494399,
                1.1920928955078126e-7,
                -1.8421397
            ],
            "rotation": [
                0.7071068,
                0.0,
                -0.7071067,
                0.0
            ],
            "motion_type": "static"
        },
        {
            "template_name": "58ccc56c2e26a35c17e374cbbc076a093259a97a",
            "translation": [
                7.2736201,
                9.266659617424011e-8,
                -1.5552997
            ],
            "rotation": [
                0.7071068,
                0.0,
                -0.7071067,
                0.0
            ],
            "motion_type": "static",
            "non_uniform_scale": [
                1.2499996,
                0.4999999,
                1.1297496
            ]
        },
        {
            "template_name": "6cbef8a7ce41742f3a0327a9944b055c3eb87d83",
            "translation": [
                -2.2966799,
                1.7500001,
                -3.5013494
            ],
            "rotation": [
                0.0,
                0.0,
                0.7071068,
                -0.7071067
            ],
            "motion_type": "static"
        },
        {
            "template_name": "ae0417b3fb6309da3b91a6200936a8cf53197c49",
            "translation": [
                -2.1024048,
                -5.960464477539063e-8,
                1.4102996
            ],
            "motion_type": "static"
        },
        {
            "template_name": "ae0417b3fb6309da3b91a6200936a8cf53197c49",
            "translation": [
                -5.1023149,
                -5.960464477539063e-8,
                1.4102996
            ],
            "motion_type": "static"
        },
        {
            "template_name": "ae0417b3fb6309da3b91a6200936a8cf53197c49",
            "translation": [
                -8.1022243,
                -5.960464477539063e-8,
                1.4102996
            ],
            "motion_type": "static"
        },
        {
            "template_name": "ae0417b3fb6309da3b91a6200936a8cf53197c49",
            "translation": [
                -11.1021347,
                -5.960464477539063e-8,
                1.4102996
            ],
            "motion_type": "static"
        },
        {
            "template_name": "ae0417b3fb6309da3b91a6200936a8cf53197c49",
            "translation": [
                -13.5724,
                0.0,
                -0.0348249
            ],
            "rotation": [
                0.7071068,
                0.0,
                -0.7071067,
                0.0
            ],
            "motion_type": "static"
        },
        {
            "template_name": "ae0417b3fb6309da3b91a6200936a8cf53197c49",
            "translation": [
                -13.5724,
                1.7881393432617188e-7,
                -3.0347347
            ],
            "rotation": [
                0.7071068,
                0.0,
                -0.7071067,
                0.0
            ],
            "motion_type": "static"
        },
        {
            "template_name": "ae0417b3fb6309da3b91a6200936a8cf53197c49",
            "translation": [
                -13.5724,
                3.5762786865234377e-7,
                -6.1846947
            ],
            "rotation": [
                0.7071068,
                0.0,
                -0.7071067,
                0.0
            ],
            "motion_type": "static",
            "non_uniform_scale": [
                1.1000328,
                1.0,
                0.9999998
            ]
        },
        {
            "template_name": "dd4f6d12515c8ef7623dbadef1e91e37a82f6cba",
            "translation": [
                5.2793898,
                8.940696716308594e-8,
                -1.4456899
            ],
            "rotation": [
                0.7071068,
                0.0,
                0.7071067,
                0.0
            ],
            "motion_type": "static"
        },
        {
            "template_name": "d8c37d9a81407ce46553e80c7d0b1ef07a743c26",
            "translation": [
                -10.0342798,
                3.3000001,
                -7.5123896
            ],
            "motion_type": "static"
        },
        {
            "template_name": "d8c37d9a81407ce46553e80c7d0b1ef07a743c26",
            "translation": [
                -7.8318605,
                3.3000001,
                -7.4460897
            ],
            "motion_type": "static"
        },
        {
            "template_name": "8d017fc7709614540587256fc11b809c9d7dc570",
            "translation": [
                -7.1471195,
                0.8999999,
                -0.7815299
            ],
            "rotation": [
                0.7071068,
                0.0,
                -0.7071067,
                0.0
            ],
            "motion_type": "static"
        },
        {
            "template_name": "35fdc6d66950606f33262da718b378f7fe46923a",
            "translation": [
                -4.9653701,
                0.8400002,
                -5.4680795
            ],
            "rotation": [
                0.0,
                0.0,
                1.0,
                0.0
            ],
            "motion_type": "static"
        },
        {
            "template_name": "691a2dc07bd8137740a2e1b99092e67f7ea0374f",
            "translation": [
                -5.75498,
                0.2269701,
                -5.8111395
            ],
            "rotation": [
                0.7071068,
                0.0,
                -0.7071067,
                0.0
            ],
            "motion_type": "static"
        },
        {
            "template_name": "b3fc7f7ab089c946e89d6a11b4b8392b8bba9949",
            "translation": [
                -8.8273,
                0.8000004,
                -7.4433298
            ],
            "rotation": [
                0.7071068,
                0.0,
                0.7071067,
                0.0
            ],
            "motion_type": "static"
        },
        {
            "template_name": "7ecced16f6a97dc52f86e16706911190bd96a104",
            "translation": [
                -7.2320098,
                1.3606301,
                -7.5878796
            ],
            "rotation": [
                0.0,
                0.0,
                1.0,
                0.0
            ],
            "motion_type": "static"
        },
        {
            "template_name": "4ff59e8070d5ea9934152438923cccb3c0a94c20",
            "translation": [
                -6.9949498,
                4.76837158203125e-7,
                -7.5569996
            ],
            "motion_type": "static"
        },
        {
            "template_name": "xxxx7792b4a2xbe36x41bcx983dxb111291c60d6",
            "translation": [
                -4.7698197,
                5.960464477539063e-8,
                -1.1857098
            ],
            "rotation": [
                0.7071068,
                0.0,
                0.7071067,
                0.0
            ],
            "motion_type": "static",
            "non_uniform_scale": [
                0.8993613,
                0.9999998,
                0.898957
            ]
        },
        {
            "template_name": "2229d30f017e5f06fd473b74a86a30078828d111",
            "translation": [
                -0.90643,
                5.960464477539063e-8,
                -0.9156997
            ],
            "rotation": [
                0.0,
                0.0,
                1.0,
                0.0
            ],
            "motion_type": "static"
        },
        {
            "template_name": "1762e0824bb0281453ac1af4800990b8fca7dc26",
            "translation": [
                -5.4198203,
                1.6395001,
                -5.5844397
            ],
            "rotation": [
                -0.5,
                -0.5,
                0.5,
                -0.4999999
            ],
            "motion_type": "static"
        },
        {
            "template_name": "f08e9f0057a74950b3b2637c4a462ca7e258b28a",
            "translation": [
                6.4467802,
                8.940696716308594e-8,
                -1.6914699
            ],
            "rotation": [
                0.7071068,
                0.0,
                -0.7071067,
                0.0
            ],
            "motion_type": "static"
        },
        {
            "template_name": "05206ad5b8ad9956a076ab73038089b964ddb2fd",
            "translation": [
                -8.8319301,
                2.980232238769531e-7,
                -4.8275194
            ],
            "rotation": [
                0.0,
                0.0,
                1.0,
                0.0
            ],
            "motion_type": "static",
            "non_uniform_scale": [
                -1.0,
                0.9999998,
                0.9999998
            ]
        },
        {
            "template_name": "61b7e0c146d96af9f7797645782c22a7ea0339dc",
            "translation": [
                -8.73777,
                0.0500003,
                -6.0397491
            ],
            "motion_type": "static"
        },
        {
            "template_name": "2c4bc5b4afebaf03548b211cd5f637c262ae96d1",
            "translation": [
                -7.7719697,
                2.5807399,
                -0.6857197
            ],
            "rotation": [
                0.0,
                0.0,
                0.7071068,
                -0.7071067
            ],
            "motion_type": "static"
        },
        {
            "template_name": "392798e1dadf0e543fb9fc66d550385b3611ab56",
            "translation": [
                -5.63205,
                1.75214,
                -1.8884097
            ],
            "rotation": [
                0.7071068,
                0.0,
                -0.7071067,
                0.0
            ],
            "motion_type": "static"
        },
        {
            "template_name": "ee06a781bc8796d23c0f27564110f677cff7779d",
            "translation": [
                -5.71982,
                5.960464477539063e-8,
                -1.0821448
            ],
            "rotation": [
                0.7071068,
                0.0,
                -0.7071067,
                0.0
            ],
            "motion_type": "static"
        },
        {
            "template_name": "664ff68fdac36182b35552ce02ab735f427e6683",
            "translation": [
                -6.4697399,
                4.172325134277344e-7,
                -7.3714294
            ],
            "rotation": [
                0.7071068,
                0.0,
                0.7071067,
                0.0
            ],
            "motion_type": "static",
            "non_uniform_scale": [
                0.6704592,
                0.7721629,
                0.675044
            ]
        },
        {
            "template_name": "0d1f046cb77d856d8494c47877be4e8253368431",
            "translation": [
                -6.9724397,
                1.0400003,
                -7.5662493
            ],
            "rotation": [
                0.0,
                0.0,
                1.0,
                0.0
            ],
            "motion_type": "static"
        },
        {
            "template_name": "88296cdf6fcbde410b567ce4f4d3896a6a0390c5",
            "translation": [
                -5.1697001,
                2.3679001,
                -5.0183343
            ],
            "rotation": [
                0.7071068,
                0.7071067,
                0.0,
                0.0
            ],
            "motion_type": "static"
        },
        {
            "template_name": "f46672e1dc67e20e1319eee10d34c544391d1278",
            "translation": [
                -8.8404502,
                3.3294782042503359e-7,
                -5.5880494
            ],
            "rotation": [
                0.7071068,
                0.0,
                -0.7071067,
                0.0
            ],
            "motion_type": "static",
            "non_uniform_scale": [
                1.3498311,
                0.3937005,
                1.228175
            ]
        },
        {
            "template_name": "8ad12ab3e386d014acd16b89b14051fc8c354fac",
            "translation": [
                -3.5377898,
                1.1548399925231934e-7,
                -1.9400699
            ],
            "rotation": [
                0.0,
                0.0,
                1.0,
                0.0
            ],
            "motion_type": "static"
        },
        {
            "template_name": "ea233d6e83ef6d189dc92600b820430307b58cea",
            "translation": [
                -7.0103898,
                0.8999997,
                -0.7736098
            ],
            "motion_type": "static"
        },
        {
            "template_name": "406f2c8ab60ca71de28aed10c13e8798a31d2155",
            "translation": [
                -1.46738,
                1.6337101,
                -7.7214293
            ],
            "rotation": [
                0.7071068,
                0.7071067,
                0.0,
                0.0
            ],
            "motion_type": "static"
        },
        {
            "template_name": "xxxx532afee6xabbex4e01xb30cx8277ad6273cc",
            "translation": [
                -0.7464249,
                1.1049902,
                -5.5391097
            ],
            "rotation": [
                -0.5,
                -0.5,
                0.5,
                -0.4999999
            ],
            "motion_type": "static"
        },
        {
            "template_name": "a35f943f68faf2b032307f6b336be2d948b400a6",
            "translation": [
                -5.7297787,
                1.7881393432617188e-7,
                -3.0863697
            ],
            "rotation": [
                0.7071068,
                0.0,
                -0.7071067,
                0.0
            ],
            "motion_type": "static",
            "non_uniform_scale": [
                0.9999998,
                0.9999998,
                0.8228266
            ]
        },
        {
            "template_name": "5ed089b1d9661c17f95919c22a3c2f39fb42b409",
            "translation": [
                -2.1479301,
                1.5967203,
                -6.9578695
            ],
            "rotation": [
                0.4999999,
                0.4999999,
                0.5,
                -0.5
            ],
            "motion_type": "static"
        },
        {
            "template_name": "36b66b88aadaef45973ab8df9d117317badb1fa5",
            "translation": [
                -3.7311,
                2.8000001,
                -1.8466695
            ],
            "rotation": [
                0.7071068,
                0.0,
                0.7071067,
                0.0
            ],
            "motion_type": "static"
        },
        {
            "template_name": "0d5932b296cdfd3b2132cd0251ae9984f6c8c701",
            "translation": [
                -1.29445,
                2.384185791015625e-7,
                -4.0391793
            ],
            "rotation": [
                -0.3494197,
                0.0,
                0.9369663,
                0.0
            ],
            "motion_type": "static"
        },
        {
            "template_name": "ed9c1eee1aab9068b5a67388f7d3dcde0472500b",
            "translation": [
                -10.6151199,
                3.2782554626464846e-7,
                -6.0220904
            ],
            "rotation": [
                0.4251896,
                0.0,
                0.9051042,
                0.0
            ],
            "motion_type": "static"
        },
        {
            "template_name": "b84e69736f5d32f60aa2332bbe8cd32008e510f0",
            "translation": [
                -0.7464299,
                1.5937298,
                -4.7880797
            ],
            "rotation": [
                -0.5,
                -0.5,
                0.5,
                -0.4999999
            ],
            "motion_type": "static"
        },
        {
            "template_name": "425828a1813c9dacfd6630c307e69234bb54d31a",
            "translation": [
                -5.6838002,
                2.2509999,
                -1.5808097
            ],
            "rotation": [
                0.7160586,
                0.0,
                -0.6980401,
                0.0
            ],
            "motion_type": "static"
        },
        {
            "template_name": "4437d6b0869172a2affc7ec65f6b608feb98f510",
            "translation": [
                -4.3610849,
                3.3054296,
                -1.0433247
            ],
            "motion_type": "static"
        },
        {
            "template_name": "3adf2edbb2979011c5d07b9967898116ff9aeeec",
            "translation": [
                -10.7595901,
                0.4500001,
                -6.5727105
            ],
            "rotation": [
                0.0,
                0.0,
                1.0,
                0.0
            ],
            "motion_type": "static"
        },
        {
            "template_name": "b1ad8eb86fcebd2b17e8e4881ff036866482cc2a",
            "translation": [
                -5.6428198,
                0.8400002,
                -5.5499095
            ],
            "rotation": [
                0.7071068,
                0.0,
                -0.7071067,
                0.0
            ],
            "motion_type": "static"
        },
        {
            "template_name": "3823106a2050bcc550bafa70d0dcdd1135673b5c",
            "translation": [
                -5.4198198,
                1.63821,
                -5.9769797
            ],
            "rotation": [
                -0.5,
                -0.5,
                0.5,
                -0.4999999
            ],
            "motion_type": "static"
        },
        {
            "template_name": "fcd398b303ce33d4fc51caba1a897ad92c50e1c8",
            "translation": [
                -7.6108098,
                8.940696716308594e-8,
                -1.6804099
            ],
            "rotation": [
                0.7071068,
                0.0,
                0.7071067,
                0.0
            ],
            "motion_type": "static",
            "non_uniform_scale": [
                1.0028208,
                0.9999998,
                0.9999998
            ]
        },
        {
            "template_name": "6e74c32e636a3f784d5a1e21f4bd323a56064d3a",
            "translation": [
                -5.4198198,
                1.875,
                -1.8495496
            ],
            "rotation": [
                -0.5,
                -0.5,
                0.5,
                -0.4999999
            ],
            "motion_type": "static"
        },
        {
            "template_name": "5430399b6e003bc654ac3feaebb75a80be1b590b",
            "translation": [
                -5.4198198,
                2.5449602,
                -6.7034497
            ],
            "rotation": [
                -0.5,
                -0.5,
                0.5,
                -0.4999999
            ],
            "motion_type": "static",
            "non_uniform_scale": [
                0.7802196,
                0.9999998,
                0.6934304
            ]
        },
        {
            "template_name": "940566b7ca5ae78af383d69f0962780bae37609f",
            "translation": [
                -7.7660799,
                1.7187298,
                -0.6857197
            ],
            "rotation": [
                0.0,
                0.0,
                0.7071068,
                -0.7071067
            ],
            "motion_type": "static"
        },
        {
            "template_name": "0fabdc71189a458edf4c16a6e595f7fe8685d447",
            "translation": [
                -8.4571895,
                2.5866799,
                -0.6857097
            ],
            "rotation": [
                0.0,
                0.0,
                0.7071068,
                -0.7071067
            ],
            "motion_type": "static"
        },
        {
            "template_name": "5e94fcf4ab486de2335ad1a56491c81e9de58e6e",
            "translation": [
                -7.4252696,
                0.8999999,
                -0.8859897
            ],
            "rotation": [
                0.7071068,
                0.0,
                0.7071067,
                0.0
            ],
            "motion_type": "static"
        },
        {
            "template_name": "075bb144f6398bd53e7d0b16e6edd001763162c5",
            "translation": [
                6.5120906,
                5.960464477539063e-8,
                -1.1255997
            ],
            "rotation": [
                0.7071068,
                0.0,
                -0.7071067,
                0.0
            ],
            "motion_type": "static",
            "non_uniform_scale": [
                0.9999998,
                1.0798697,
                0.9999998
            ]
        },
        {
            "template_name": "df2e4c4fe307ad310fc5b5d093b44cca049aa043",
            "translation": [
                -7.951394,
                1.1920928955078126e-7,
                -1.9465898
            ],
            "rotation": [
                0.7071068,
                0.0,
                0.7071067,
                0.0
            ],
            "motion_type": "static"
        },
        {
            "template_name": "2495309d61bed043777e0e0c85514e8c4b60f2a0",
            "translation": [
                -9.2112607,
                1.1920928955078126e-7,
                -2.1984295
            ],
            "rotation": [
                0.7071068,
                0.0,
                -0.7071067,
                0.0
            ],
            "motion_type": "static"
        },
        {
            "template_name": "61f1a1e2f7bb45edc46968d3d555a2060c33da84",
            "translation": [
                -0.9845299,
                1.7881393432617188e-7,
                -2.8371796
            ],
            "rotation": [
                0.7071068,
                0.0,
                -0.7071067,
                0.0
            ],
            "motion_type": "static"
        },
        {
            "template_name": "26a38271fb04e01cc4ae5f6cabad71f37a69231b",
            "translation": [
                -5.7013001,
                2.980232238769531e-7,
                -5.0673594
            ],
            "rotation": [
                0.0,
                0.0,
                1.0,
                0.0
            ],
            "motion_type": "static"
        },
        {
            "template_name": "26a38271fb04e01cc4ae5f6cabad71f37a69231b",
            "translation": [
                -5.0961499,
                3.5762786865234377e-7,
                -6.00913
            ],
            "rotation": [
                0.0,
                0.0,
                1.0,
                0.0
            ],
            "motion_type": "static"
        },
        {
            "template_name": "b8d6059bf8abaa0134bcddb32f990f7c65e3397b",
            "translation": [
                7.7153801,
                1.1920928955078126e-7,
                -1.4316046
            ],
            "rotation": [
                0.7071068,
                0.0,
                -0.7071067,
                0.0
            ],
            "motion_type": "static"
        },
        {
            "template_name": "xxxx979e6d6dx9e4dx4a29xbba1xbb6bebeabdeb",
            "translation": [
                -7.9523391,
                5.960464477539063e-8,
                -1.3622099
            ],
            "rotation": [
                0.7071068,
                0.0,
                0.7071067,
                0.0
            ],
            "motion_type": "static"
        },
        {
            "template_name": "xxxx20ce8c7dx7193x4c7fx9c23xe250553021d1",
            "translation": [
                -9.5784196,
                3.3063399,
                -2.0845894
            ],
            "rotation": [
                0.0,
                0.0,
                1.0,
                0.0
            ],
            "motion_type": "static"
        },
        {
            "template_name": "xxxx1d3141f1xa14ex4f1bxa180x6a76dcc05a5c",
            "translation": [
                -6.0960903,
                3.3065197,
                -0.8526797
            ],
            "rotation": [
                0.7071068,
                0.0,
                0.7071067,
                0.0
            ],
            "motion_type": "static"
        },
        {
            "template_name": "xxxx1d3141f1xa14ex4f1bxa180x6a76dcc05a5c",
            "translation": [
                -10.8253297,
                3.2977097,
                -0.8526797
            ],
            "rotation": [
                0.7071068,
                0.0,
                -0.7071067,
                0.0
            ],
            "motion_type": "static"
        },
        {
            "template_name": "xxxx1d3141f1xa14ex4f1bxa180x6a76dcc05a5c",
            "translation": [
                -7.5619201,
                3.2808804,
                -7.4909896
            ],
            "motion_type": "static"
        },
        {
            "template_name": "bea1b3b9578d9e11486a9728976f34474ef3e671",
            "translation": [
                -5.6169199,
                0.8000002,
                -6.0897192
            ],
            "rotation": [
                0.7071068,
                0.0,
                0.7071067,
                0.0
            ],
            "motion_type": "static"
        },
        {
            "template_name": "7fb3100902d859575057623870a2ee4159a9428e",
            "translation": [
                -6.8790106,
                0.7334504,
                -7.5905394
            ],
            "rotation": [
                0.9999988,
                0.0,
                -0.0015326,
                0.0
            ],
            "motion_type": "static"
        },
        {
            "template_name": "xxxxfd360ba4x0b85x456dx9d25x27ce62ee4202",
            "translation": [
                -5.4198198,
                2.4504702,
                -5.8924293
            ],
            "rotation": [
                -0.5,
                -0.5,
                0.5,
                -0.4999999
            ],
            "motion_type": "static"
        },
        {
            "template_name": "d898715b817ee6c34958abada9ca65d8a40439e5",
            "translation": [
                -10.7013998,
                5.960464477539063e-8,
                -0.9226297
            ],
            "motion_type": "static"
        },
        {
            "template_name": "7d3bdbe0c532cf9be2a14e840bbf2b74223d125b",
            "translation": [
                6.0210599,
                3.29532,
                -1.3961898
            ],
            "rotation": [
                0.0,
                0.0,
                1.0,
                0.0
            ],
            "motion_type": "static"
        },
        {
            "template_name": "18c27e6de6793e951029c5f24de25005283cf29a",
            "translation": [
                -5.6556,
                3.8743019104003908e-7,
                -6.5915894
            ],
            "motion_type": "static"
        },
        {
            "template_name": "31bfe73177f1a0769e0c3b82938e78025f0c329e",
            "translation": [
                -5.4198198,
                1.6603503,
                -6.9458594
            ],
            "rotation": [
                -0.5,
                -0.5,
                0.5,
                -0.4999999
            ],
            "motion_type": "static"
        },
        {
            "template_name": "29945c52c4d40f9b31ef806224ad9d98bcd47f5c",
            "translation": [
                -4.3198599,
                1.2244503,
                -7.5614295
            ],
            "motion_type": "static"
        },
        {
            "template_name": "348f60a7ecd1addff9d2928919761f3552c37a57",
            "translation": [
                6.5604901,
                1.1920928955078126e-7,
                -2.1107997
            ],
            "motion_type": "static"
        },
        {
            "template_name": "00bde034d3d5b08ef952aeba2bd40839d3b8c5e0",
            "translation": [
                -2.9185299,
                1.5564899,
                -6.2756195
            ],
            "rotation": [
                0.0,
                0.0,
                0.7071068,
                -0.7071067
            ],
            "motion_type": "static"
        },
        {
            "template_name": "bae224fef524d206d0691a1f244393d0a127f6f8",
            "translation": [
                -4.70231,
                1.7507002,
                -3.5013496
            ],
            "rotation": [
                0.0,
                0.0,
                0.7071068,
                -0.7071067
            ],
            "motion_type": "static"
        },
        {
            "template_name": "bc6c12a06e7df418a448bcc7017bebb7bcdbe247",
            "translation": [
                -9.5987796,
                1.1920928955078126e-7,
                -2.1616997
            ],
            "rotation": [
                0.3646461,
                0.0,
                0.931146,
                0.0
            ],
            "motion_type": "static"
        },
        {
            "template_name": "d43823d5aaedf212a93be9d714b8344e36685bbe",
            "translation": [
                -5.2698202,
                1.7500002,
                -6.6369695
            ],
            "rotation": [
                0.4999999,
                0.4999999,
                0.5,
                -0.5
            ],
            "motion_type": "static"
        },
        {
            "template_name": "8657cdb1c58bc0e36b5ae0f301e511ea17392974",
            "translation": [
                -5.4198203,
                1.8409502,
                -6.26267
            ],
            "rotation": [
                -0.5,
                -0.5,
                0.5,
                -0.4999999
            ],
            "motion_type": "static"
        },
        {
            "template_name": "2c95bbd0e11baed1173e4a1c2f34a52f2c0f6dcc",
            "translation": [
                -6.99018,
                5.960464477539063e-8,
                -0.9857099
            ],
            "rotation": [
                0.0,
                0.0,
                1.0,
                0.0
            ],
            "motion_type": "static"
        },
        {
            "template_name": "0d972ff8f4fa3b796bc392b5de7931ff6d8c7707",
            "translation": [
                -10.7563056,
                3.725290298461914e-7,
                -6.5802702
            ],
            "rotation": [
                0.0,
                0.0,
                1.0,
                0.0
            ],
            "motion_type": "static"
        },
        {
            "template_name": "f22cf30d79e9972df3854055944f0217355d62b5",
            "translation": [
                -7.6100296,
                5.960464477539063e-8,
                -0.8357399
            ],
            "rotation": [
                0.7071068,
                0.0,
                -0.7071067,
                0.0
            ],
            "motion_type": "static",
            "non_uniform_scale": [
                0.9999998,
                0.9999998,
                1.4999996
            ]
        },
        {
            "template_name": "f22cf30d79e9972df3854055944f0217355d62b5",
            "translation": [
                -5.71982,
                1.1920928955078126e-7,
                -2.1341397
            ],
            "rotation": [
                0.7071068,
                0.0,
                0.7071067,
                0.0
            ],
            "motion_type": "static"
        },
        {
            "template_name": "227815cc47246f7af9153206af77ba174b83bf69",
            "translation": [
                -5.7307538,
                1.1920928955078126e-7,
                -2.5341696
            ],
            "rotation": [
                0.7071068,
                0.0,
                -0.7071067,
                0.0
            ],
            "motion_type": "static",
            "non_uniform_scale": [
                0.9999998,
                0.9999998,
                1.0378303
            ]
        },
        {
            "template_name": "feb39fbc538b7a42b64d274baae3b8f10d8eb8b7",
            "translation": [
                -5.0318202,
                4.172325134277344e-7,
                -7.3348293
            ],
            "rotation": [
                0.7071068,
                0.0,
                0.7071067,
                0.0
            ],
            "motion_type": "static"
        },
        {
            "template_name": "5d0b548f3bc5232b8ec0481057154e816ec61567",
            "translation": [
                -7.5132455,
                0.0100001,
                -6.0488376
            ],
            "rotation": [
                0.8758624,
                0.0,
                0.4825609,
                0.0
            ],
            "motion_type": "static",
            "non_uniform_scale": [
                0.9999998,
                3.9370071,
                0.9999998
            ]
        },
        {
            "template_name": "f5e43bb03760185aa65fcb543000743c26eebb04",
            "translation": [
                -5.9423804,
                4.1906255887624868e-7,
                -7.0307025
            ],
            "rotation": [
                -0.6525002,
                0.0,
                0.7577884,
                0.0
            ],
            "motion_type": "static"
        },
        {
            "template_name": "f5e43bb03760185aa65fcb543000743c26eebb04",
            "translation": [
                -1.976811,
                1.7657356465861086e-7,
                -2.9624125
            ],
            "rotation": [
                -0.6525002,
                0.0,
                0.7577884,
                0.0
            ],
            "motion_type": "static"
        },
        {
            "template_name": "f5e43bb03760185aa65fcb543000743c26eebb04",
            "translation": [
                -1.3705402,
                2.7008874781131455e-7,
                -4.5313367
            ],
            "rotation": [
                0.7989987,
                0.0,
                -0.6013324,
                0.0
            ],
            "motion_type": "static"
        },
        {
            "template_name": "1a4298f80bcfb5ea303e7f71e84943634059b763",
            "translation": [
                -3.43241,
                3.5499999,
                -4.2855095
            ],
            "motion_type": "static"
        },
        {
            "template_name": "16c33cffd5b62d0d5df5ed6dd607f690ce2ee7c7",
            "translation": [
                -4.9648399,
                3.2782554626464846e-7,
                -5.4673895
            ],
            "rotation": [
                0.7071068,
                0.0,
                0.7071067,
                0.0
            ],
            "motion_type": "static"
        },
        {
            "template_name": "66028b1e91b3daca686e0b06468e2bf599ab6b71",
            "translation": [
                -8.46776,
                1.7036894,
                -0.6857097
            ],
            "rotation": [
                0.0,
                0.0,
                0.7071068,
                -0.7071067
            ],
            "motion_type": "static"
        },
        {
            "template_name": "b2a8a367e54ebed0c0afacca857aafd5175043d6",
            "translation": [
                -8.1107902,
                0.8000004,
                -7.5449295
            ],
            "rotation": [
                0.0,
                0.0,
                1.0,
                0.0
            ],
            "motion_type": "static"
        },
        {
            "template_name": "b2a8a367e54ebed0c0afacca857aafd5175043d6",
            "translation": [
                -4.9925398,
                1.2800002,
                -7.5438294
            ],
            "rotation": [
                0.7071068,
                0.0,
                0.7071067,
                0.0
            ],
            "motion_type": "static"
        },
        {
            "template_name": "3ba480f5ac90ffd829b38acb17e344602f952c06",
            "translation": [
                -10.888669,
                4.76837158203125e-7,
                -7.2569293
            ],
            "rotation": [
                0.7071068,
                0.0,
                0.7071067,
                0.0
            ],
            "motion_type": "static",
            "non_uniform_scale": [
                0.9999998,
                1.3684382,
                0.9999998
            ]
        },
        {
            "template_name": "d9b079742dc4662f77fe5295152e5e2fcd6817f0",
            "translation": [
                -1.9325797,
                1.1196397,
                -3.3485498
            ],
            "rotation": [
                0.7071068,
                0.7071067,
                0.0,
                0.0
            ],
            "motion_type": "static"
        },
        {
            "template_name": "1103d959bab4d0cc8369c3e35d97e528efa12721",
            "translation": [
                -0.65728,
                0.0,
                0.4644449
            ],
            "rotation": [
                0.7071068,
                0.0,
                0.7071067,
                0.0
            ],
            "motion_type": "static"
        },
        {
            "template_name": "1103d959bab4d0cc8369c3e35d97e528efa12721",
            "translation": [
                -12.4027128,
                4.76837158203125e-7,
                -7.7796392
            ],
            "motion_type": "static",
            "non_uniform_scale": [
                1.2236597,
                1.0,
                0.9999998
            ]
        },
        {
            "template_name": "04ed449bae4986d2fcf17340168a9bdfeeac5084",
            "translation": [
                -4.9066801,
                0.0,
                -0.8782299
            ],
            "rotation": [
                0.0,
                0.0,
                1.0,
                0.0
            ],
            "motion_type": "static",
            "non_uniform_scale": [
                1.0,
                1.2352279,
                0.9999997
            ]
        },
        {
            "template_name": "04ed449bae4986d2fcf17340168a9bdfeeac5084",
            "translation": [
                -1.32675,
                0.0,
                -0.8782299
            ],
            "rotation": [
                0.0,
                0.0,
                1.0,
                0.0
            ],
            "motion_type": "static",
            "non_uniform_scale": [
                1.0,
                1.2352279,
                0.9999997
            ]
        },
        {
            "template_name": "da5808d15d8c00f8b358672b2279c5c3dc1f22f4",
            "translation": [
                -4.7623,
                2.086162567138672e-7,
                -3.7166197
            ],
            "rotation": [
                0.0,
                0.0,
                1.0,
                0.0
            ],
            "motion_type": "static"
        },
        {
            "template_name": "xxxx973f8dd6xf39cx437dxbf3ex49a8102c8437",
            "translation": [
                5.9399299,
                2.7999999,
                -2.0068597
            ],
            "rotation": [
                0.7071068,
                0.0,
                -0.7071067,
                0.0
            ],
            "motion_type": "static"
        },
        {
            "template_name": "3c1268e16dd479731b5003fcb34c3b5d40a958e6",
            "translation": [
                -8.7165403,
                3.5999999,
                -5.8116793
            ],
            "motion_type": "static"
        },
        {
            "template_name": "xxxxb356c2a8x1d93x4c5fxac25x962a276d2dec",
            "translation": [
                -0.8357399,
                0.88,
                -5.0206494
            ],
            "rotation": [
                0.7071068,
                0.0,
                0.7071067,
                0.0
            ],
            "motion_type": "static"
        },
        {
            "template_name": "xxxx24bc2d1bx104ex4ef9x956bx10e6dbf2a8ff",
            "translation": [
                -9.972598,
                1.1920928955078126e-7,
                -2.1540696
            ],
            "rotation": [
                0.7071068,
                0.0,
                0.7071067,
                0.0
            ],
            "motion_type": "static"
        },
        {
            "template_name": "77989676b84972eca4446877471cb10bcf587b63",
            "translation": [
                -6.7368302,
                1.0400003,
                -7.5991897
            ],
            "motion_type": "static"
        },
        {
            "template_name": "c67a9e6aa36de67d7fc1a0d7ca14e671c6686fbe",
            "translation": [
                -7.1876096,
                0.4500004,
                -7.4703392
            ],
            "rotation": [
                0.7071068,
                0.0,
                0.7071067,
                0.0
            ],
            "motion_type": "static"
        },
        {
            "template_name": "4c90e6c7c0e0fcb8bfec25cf18ae6efac1fb6ec3",
            "translation": [
                5.8916797,
                8.940696716308594e-8,
                -1.6415499
            ],
            "motion_type": "static"
        },
        {
            "template_name": "201-2",
            "translation": [
                -0.6714298,
                1.1200002,
                -6.6865997
            ],
            "rotation": [
                0.7071068,
                0.0,
                -0.7071067,
                0.0
            ],
            "motion_type": "static",
            "non_uniform_scale": [
                -0.9999998,
                0.9999998,
                0.9999998
            ]
        },
        {
            "template_name": "208-1",
            "translation": [
                -3.54723,
                1.12,
                -0.6107099
            ],
            "rotation": [
                0.0,
                0.0,
                1.0,
                0.0
            ],
            "motion_type": "static",
            "non_uniform_scale": [
                -1.0,
                0.9999998,
                0.9999998
            ]
        },
        {
            "template_name": "218-75",
            "translation": [
                -3.5399303,
                2.525,
                -0.6107097
            ],
            "rotation": [
                0.0,
                0.0,
                1.0,
                0.0
            ],
            "motion_type": "static",
            "non_uniform_scale": [
                -1.0,
                0.9999998,
                0.9999998
            ]
        },
        {
            "template_name": "3757-1",
            "translation": [
                -1.7096699,
                1.7999998,
                -0.6107099
            ],
            "rotation": [
                0.0,
                0.0,
                1.0,
                0.0
            ],
            "motion_type": "static",
            "non_uniform_scale": [
                -1.0,
                0.9999998,
                0.9999998
            ]
        },
        {
            "template_name": "3757-1",
            "translation": [
                -9.4616899,
                1.9999996,
                -0.6107097
            ],
            "rotation": [
                0.0,
                0.0,
                1.0,
                0.0
            ],
            "motion_type": "static",
            "non_uniform_scale": [
                -1.0,
                0.9999998,
                0.9999998
            ]
        },
        {
            "template_name": "3757-1",
            "translation": [
                -6.6877698,
                1.9999996,
                -0.6107097
            ],
            "rotation": [
                0.0,
                0.0,
                1.0,
                0.0
            ],
            "motion_type": "static",
            "non_uniform_scale": [
                -1.0,
                0.9999998,
                0.9999998
            ]
        },
        {
            "template_name": "208-1",
            "translation": [
                -11.0535697,
                1.1200001,
                -3.9721698
            ],
            "rotation": [
                0.7071067,
                0.0,
                0.7071067,
                0.0
            ],
            "motion_type": "static",
            "non_uniform_scale": [
                -0.9999998,
                0.9999998,
                0.9999998
            ]
        },
        {
            "template_name": "218-75",
            "translation": [
                -11.0535697,
                2.525,
                -3.9713993
            ],
            "rotation": [
                0.7071067,
                0.0,
                0.7071067,
                0.0
            ],
            "motion_type": "static",
            "non_uniform_scale": [
                -0.9999998,
                0.9999998,
                0.9999998
            ]
        },
        {
            "template_name": "3757-1",
            "translation": [
                -11.0535697,
                1.7999999,
                -1.7865196
            ],
            "rotation": [
                0.7071067,
                0.0,
                0.7071067,
                0.0
            ],
            "motion_type": "static",
            "non_uniform_scale": [
                -0.9999998,
                0.9999998,
                0.9999998
            ]
        },
        {
            "template_name": "3757-1",
            "translation": [
                -11.0535697,
                1.7999999,
                -6.3238
            ],
            "rotation": [
                0.7071067,
                0.0,
                0.7071067,
                0.0
            ],
            "motion_type": "static",
            "non_uniform_scale": [
                -0.9999998,
                0.9999998,
                0.9999998
            ]
        }
    ],
    "articulated_object_instances": [],
    "stage_instance": {
        "template_name": "stages/104348037_171512898",
        "motion_type": "static"
    },
    "pbr_shader_region_configs": {},
    "user_defined": {
        "scene_filter_file": "scene_filter_files/104348037_171512898.rec_filter.json"
    }
}