{
    "translation_origin": "asset_local",
    "default_lighting": "",
    "navmesh_instance": "",
    "object_instances": [
        {
            "template_name": "cb8876f147bea043a2d2da3815e33fc54fb47367",
            "translation": [
                -5.9489598,
                5.662441253662109e-07,
                -9.4317789
            ],
            "rotation": [
                0.7071068,
                0.0,
                0.7071067,
                0.0
            ],
            "motion_type": "static"
        },
        {
            "template_name": "cb8876f147bea043a2d2da3815e33fc54fb47367",
            "translation": [
                -5.9489598,
                4.3213367462158203e-07,
                -7.2350397
            ],
            "rotation": [
                0.7071068,
                0.0,
                0.7071067,
                0.0
            ],
            "motion_type": "static"
        },
        {
            "template_name": "b43af01a2578f09af4017a27d285c642536acb99",
            "translation": [
                -3.51039,
                1.0400004,
                -9.1435995
            ],
            "motion_type": "static"
        },
        {
            "template_name": "31ce9e9df83a6deb8d40ab8bba2df1dfd874e36c",
            "translation": [
                -3.5001401,
                0.0700004,
                -9.2031593
            ],
            "rotation": [
                0.0,
                0.0,
                1.0,
                0.0
            ],
            "motion_type": "static"
        },
        {
            "template_name": "ea6e8bcb737311f4fd53e3223e4cb6fa9d066de2",
            "translation": [
                -8.5421504,
                5.066394805908203e-07,
                -8.3512792
            ],
            "rotation": [
                0.7071068,
                0.0,
                -0.7071067,
                0.0
            ],
            "motion_type": "static"
        },
        {
            "template_name": "e3d12cbfbbc6405329d010928c738dee3ce3be67",
            "translation": [
                -7.2403697,
                5.960464477539062e-07,
                -10.8199787
            ],
            "motion_type": "static",
            "non_uniform_scale": [
                1.2280701,
                1.1398961,
                0.7688285
            ]
        },
        {
            "template_name": "e3d12cbfbbc6405329d010928c738dee3ce3be67",
            "translation": [
                -5.4334602,
                2.384185791015625e-07,
                -4.4085693
            ],
            "rotation": [
                0.7071068,
                0.0,
                0.7071067,
                0.0
            ],
            "motion_type": "static",
            "non_uniform_scale": [
                1.2280699,
                1.1398961,
                0.7688285
            ]
        },
        {
            "template_name": "cbb3644ed716abc8bc54ec2a3efeaa464ae67e12",
            "translation": [
                -4.0339097,
                0.8900002,
                -5.4481101
            ],
            "motion_type": "static",
            "non_uniform_scale": [
                1.0,
                1.1380077,
                0.9999998
            ]
        },
        {
            "template_name": "c6c32788d47e71bc607010762e70695ca856b7cc",
            "translation": [
                -7.3591003,
                -0.2999997,
                -4.6917595
            ],
            "motion_type": "static",
            "non_uniform_scale": [
                0.7989348,
                1.5905174,
                0.8153945
            ]
        },
        {
            "template_name": "c6c32788d47e71bc607010762e70695ca856b7cc",
            "translation": [
                -0.7796599,
                -0.2999997,
                -3.4835097
            ],
            "motion_type": "static",
            "non_uniform_scale": [
                -0.7989348,
                1.5905174,
                0.8153945
            ]
        },
        {
            "template_name": "248568c07dbfce7d21987a3af20f72d38d4398b3",
            "translation": [
                -0.2259359,
                1.5099997,
                -1.2481099
            ],
            "rotation": [
                0.7071068,
                0.0,
                -0.7071067,
                0.0
            ],
            "motion_type": "static",
            "non_uniform_scale": [
                0.8147302,
                0.9999998,
                0.7949913
            ]
        },
        {
            "template_name": "248568c07dbfce7d21987a3af20f72d38d4398b3",
            "translation": [
                -6.6326003,
                1.5100002,
                -3.6560757
            ],
            "rotation": [
                0.0,
                0.0,
                1.0,
                0.0
            ],
            "motion_type": "static",
            "non_uniform_scale": [
                0.8147304,
                0.9999998,
                0.7949913
            ]
        },
        {
            "template_name": "44a654e3d7818ee18d78f0bc4c66a40736316942",
            "translation": [
                -8.0253601,
                2.980232238769531e-07,
                -4.9195694
            ],
            "motion_type": "static",
            "non_uniform_scale": [
                0.8614847,
                0.9999998,
                0.891928
            ]
        },
        {
            "template_name": "44a654e3d7818ee18d78f0bc4c66a40736316942",
            "translation": [
                -6.0707302,
                1.4901161193847656e-07,
                -2.2626497
            ],
            "rotation": [
                0.7071068,
                0.0,
                -0.7071067,
                0.0
            ],
            "motion_type": "static",
            "non_uniform_scale": [
                0.8614845,
                0.9999998,
                0.891928
            ]
        },
        {
            "template_name": "d6d0ed14781ff55e7ad32b5072afd116314f4bb5",
            "translation": [
                -2.7482299,
                2.8000001,
                -1.3123197
            ],
            "rotation": [
                0.7071068,
                0.0,
                0.7071067,
                0.0
            ],
            "motion_type": "static"
        },
        {
            "template_name": "d6d0ed14781ff55e7ad32b5072afd116314f4bb5",
            "translation": [
                -4.9925098,
                2.8000001,
                -1.3023196
            ],
            "rotation": [
                0.7071068,
                0.0,
                0.7071067,
                0.0
            ],
            "motion_type": "static"
        },
        {
            "template_name": "9aac76b9ec1d1b8b9131c915082aae60627abdca",
            "translation": [
                -2.7423698,
                8.940696716308594e-08,
                -1.3159097
            ],
            "rotation": [
                0.7071068,
                0.0,
                0.7071067,
                0.0
            ],
            "motion_type": "static"
        },
        {
            "template_name": "9aac76b9ec1d1b8b9131c915082aae60627abdca",
            "translation": [
                -4.9889302,
                8.940696716308594e-08,
                -1.3159097
            ],
            "rotation": [
                0.7071068,
                0.0,
                0.7071067,
                0.0
            ],
            "motion_type": "static"
        },
        {
            "template_name": "xxxxfd3476fbx13acx48dfx9654x6295bd56e2d7",
            "translation": [
                -2.06971,
                6.407499313354492e-07,
                -10.7197694
            ],
            "motion_type": "static"
        },
        {
            "template_name": "78feeae49440fd1a7415a3b992796a446db40425",
            "translation": [
                -1.70981,
                1.4485001,
                -5.6083393
            ],
            "rotation": [
                0.0,
                0.0,
                0.7071068,
                -0.7071067
            ],
            "motion_type": "static"
        },
        {
            "template_name": "987116b32ad17cbc956aeac134e3da29ca0f6fac",
            "translation": [
                -0.3594799,
                0.9199999,
                -2.5228497
            ],
            "rotation": [
                0.0,
                0.0,
                1.0,
                0.0
            ],
            "motion_type": "static"
        },
        {
            "template_name": "b2fb0a346cfc3ab75a791f2434ff6baf22a6e74b",
            "translation": [
                -1.8875,
                4.3213367462158203e-07,
                -7.2082996
            ],
            "rotation": [
                0.7071068,
                0.0,
                -0.7071067,
                0.0
            ],
            "motion_type": "static"
        },
        {
            "template_name": "90eb1251bd42a5978ab12c7cffd686048aa4f394",
            "translation": [
                -5.95157,
                0.4200004,
                -7.2310595
            ],
            "rotation": [
                0.7071068,
                0.0,
                -0.7071067,
                0.0
            ],
            "motion_type": "static"
        },
        {
            "template_name": "90eb1251bd42a5978ab12c7cffd686048aa4f394",
            "translation": [
                -5.94314,
                0.4200004,
                -9.4277992
            ],
            "rotation": [
                0.7071068,
                0.0,
                -0.7071067,
                0.0
            ],
            "motion_type": "static"
        },
        {
            "template_name": "7dc150f87d704f7b90d79ba114e42450b572c510",
            "translation": [
                -8.0107002,
                1.3822002,
                -4.5343594
            ],
            "rotation": [
                0.0,
                0.0,
                0.7071068,
                -0.7071067
            ],
            "motion_type": "static"
        },
        {
            "template_name": "7dc150f87d704f7b90d79ba114e42450b572c510",
            "translation": [
                -0.0749997,
                1.3822002,
                -4.1196193
            ],
            "rotation": [
                -0.5,
                -0.5,
                0.5,
                -0.4999999
            ],
            "motion_type": "static"
        },
        {
            "template_name": "09bf641c92f5ff9f2ccf9eece94c33ab793130ed",
            "translation": [
                -8.7383098,
                3.5762786865234375e-07,
                -6.0434594
            ],
            "rotation": [
                0.7071068,
                0.0,
                0.7071067,
                0.0
            ],
            "motion_type": "static"
        },
        {
            "template_name": "06a829f5adcb128338196a8d95b288e8f5921610",
            "translation": [
                -1.88519,
                0.4170004,
                -7.1932497
            ],
            "rotation": [
                0.7071068,
                0.0,
                0.7071067,
                0.0
            ],
            "motion_type": "static"
        },
        {
            "template_name": "11e173bf2f7c3fd856ea17644edeef2f2f5eb15e",
            "translation": [
                -8.396861,
                5.960464477539062e-07,
                -10.5069103
            ],
            "rotation": [
                0.7071068,
                0.0,
                0.7071067,
                0.0
            ],
            "motion_type": "static"
        },
        {
            "template_name": "1c33bd447d70d4d22116c434d912f1fae78e02b7",
            "translation": [
                -5.3821187,
                6.556510925292969e-07,
                -10.6932783
            ],
            "motion_type": "static",
            "non_uniform_scale": [
                1.0107816,
                1.0056989,
                0.9999998
            ]
        },
        {
            "template_name": "4ff19b4fc5d6bca0b021d813bbda70a094b7e982",
            "translation": [
                -8.6304302,
                5.066394805908203e-07,
                -8.3804693
            ],
            "rotation": [
                0.7071068,
                0.0,
                -0.7071067,
                0.0
            ],
            "motion_type": "static",
            "non_uniform_scale": [
                0.9999997,
                0.9999998,
                0.7711526
            ]
        },
        {
            "template_name": "f63203ce3955e3df53c4e59d9e73f9fff3a6c351",
            "translation": [
                -1.76663,
                5.960464477539063e-08,
                -1.2474
            ],
            "rotation": [
                0.0,
                0.0,
                1.0,
                0.0
            ],
            "motion_type": "static"
        },
        {
            "template_name": "f63203ce3955e3df53c4e59d9e73f9fff3a6c351",
            "translation": [
                -8.7059097,
                2.980232238769531e-07,
                -5.3826394
            ],
            "rotation": [
                0.7071068,
                0.0,
                0.7071067,
                0.0
            ],
            "motion_type": "static"
        },
        {
            "template_name": "ffe7f188905db704b89da68a2a15e721d074c7be",
            "translation": [
                -4.3530597,
                3.2782554626464844e-07,
                -5.3723397
            ],
            "motion_type": "static",
            "non_uniform_scale": [
                1.0,
                0.9999998,
                0.8677163
            ]
        },
        {
            "template_name": "e3d8c7485b594d0ddf81302c96585d585089df27",
            "translation": [
                -4.9819197,
                0.6096,
                -1.3044997
            ],
            "rotation": [
                0.7071068,
                0.0,
                0.7071067,
                0.0
            ],
            "motion_type": "static"
        },
        {
            "template_name": "f59bf2eb61241bbd5f31559fbec8fb05ba032843",
            "translation": [
                -4.0610299,
                1.0500004,
                -8.8383092
            ],
            "rotation": [
                0.7071068,
                0.0,
                0.7071067,
                0.0
            ],
            "motion_type": "static"
        },
        {
            "template_name": "52b86c8bfd1804c6bed56b1d51c0d95e2f6ae285",
            "translation": [
                -5.5759301,
                0.7600004,
                -7.26022
            ],
            "rotation": [
                0.7071068,
                0.0,
                -0.7071067,
                0.0
            ],
            "motion_type": "static"
        },
        {
            "template_name": "19fce77b53bd34290e44985073869cf4bddc62ca",
            "translation": [
                -3.8572397,
                1.62515789270401e-07,
                -2.7274894
            ],
            "rotation": [
                0.0,
                0.0,
                1.0,
                0.0
            ],
            "motion_type": "static"
        },
        {
            "template_name": "ae1c751cb7d5e7977718e3814b1e008f36b382c6",
            "translation": [
                -0.6325299,
                4.172325134277344e-07,
                -7.12259
            ],
            "rotation": [
                0.7071068,
                0.0,
                -0.7071067,
                0.0
            ],
            "motion_type": "static"
        },
        {
            "template_name": "9b339e0722140e978cf76932923dd69cb41faf0d",
            "translation": [
                -4.5519399,
                0.1700003,
                -5.6434597
            ],
            "rotation": [
                0.0,
                0.0,
                1.0,
                0.0
            ],
            "motion_type": "static"
        },
        {
            "template_name": "90b0edd458dba867c8048273d2ae3348b1303ac2",
            "translation": [
                -5.7425403,
                0.1000005,
                -10.2263889
            ],
            "rotation": [
                0.7071068,
                0.0,
                -0.7071067,
                0.0
            ],
            "motion_type": "static"
        },
        {
            "template_name": "f0aefc7dcac192761cf696918086d2a21f9a5ee4",
            "translation": [
                -8.6692304,
                0.7400003,
                -8.7819089
            ],
            "rotation": [
                0.7071068,
                0.0,
                0.7071067,
                0.0
            ],
            "motion_type": "static"
        },
        {
            "template_name": "f274d7f5c7fdc3931fb991ec7ce5de274b67d19e",
            "translation": [
                -8.7488899,
                0.7400003,
                -7.9785995
            ],
            "motion_type": "static"
        },
        {
            "template_name": "040b3052e52fe415092d1c10d466381b7b63064c",
            "translation": [
                -5.9289751,
                0.8200001,
                -4.6454396
            ],
            "motion_type": "static"
        },
        {
            "template_name": "040b3052e52fe415092d1c10d466381b7b63064c",
            "translation": [
                -2.7606399,
                0.6096,
                -1.3944649
            ],
            "rotation": [
                0.7071068,
                0.0,
                -0.7071067,
                0.0
            ],
            "motion_type": "static"
        },
        {
            "template_name": "11b88fa116c0d97bab6e306e0e445006e5341916",
            "translation": [
                -0.1765397,
                0.7112004,
                -9.6901741
            ],
            "rotation": [
                0.7071068,
                0.0,
                -0.7071067,
                0.0
            ],
            "motion_type": "static",
            "non_uniform_scale": [
                0.9999997,
                0.9224078,
                0.9999998
            ]
        },
        {
            "template_name": "56155ba605c0aae27be3f7731b78f3203e13a5be",
            "translation": [
                -8.0999898,
                5.960464477539063e-08,
                -0.9310699
            ],
            "motion_type": "static",
            "non_uniform_scale": [
                1.8641153,
                1.2101651,
                0.9999998
            ]
        },
        {
            "template_name": "56155ba605c0aae27be3f7731b78f3203e13a5be",
            "translation": [
                -9.0240802,
                1.1920928955078125e-07,
                -2.1391496
            ],
            "rotation": [
                0.7071068,
                0.0,
                0.7071067,
                0.0
            ],
            "motion_type": "static",
            "non_uniform_scale": [
                2.4019203,
                1.2101651,
                0.9999998
            ]
        },
        {
            "template_name": "cbadc2e21f271fb6e529484d47385de37f8164d9",
            "translation": [
                -0.8014099,
                1.1100002,
                -11.146264
            ],
            "rotation": [
                0.0,
                0.0,
                0.7071068,
                -0.7071067
            ],
            "motion_type": "static",
            "non_uniform_scale": [
                0.573,
                0.9999998,
                0.8518341
            ]
        },
        {
            "template_name": "c90407872e08305f4ad17bcc225c602ae52e6722",
            "translation": [
                -9.03831,
                1.8153002,
                -8.293909
            ],
            "rotation": [
                -0.5,
                -0.5,
                0.5,
                -0.4999999
            ],
            "motion_type": "static"
        },
        {
            "template_name": "c90407872e08305f4ad17bcc225c602ae52e6722",
            "translation": [
                -9.03831,
                1.8153002,
                -5.4196996
            ],
            "rotation": [
                -0.5,
                -0.5,
                0.5,
                -0.4999999
            ],
            "motion_type": "static"
        },
        {
            "template_name": "c90407872e08305f4ad17bcc225c602ae52e6722",
            "translation": [
                0.075,
                1.8153002,
                -6.3688893
            ],
            "rotation": [
                0.4999999,
                0.4999999,
                0.5,
                -0.5
            ],
            "motion_type": "static"
        },
        {
            "template_name": "c90407872e08305f4ad17bcc225c602ae52e6722",
            "translation": [
                0.075,
                1.8153001,
                -3.8575897
            ],
            "rotation": [
                0.4999999,
                0.4999999,
                0.5,
                -0.5
            ],
            "motion_type": "static"
        },
        {
            "template_name": "9711bd0b0b601929c42018b07894ddc739e09e94",
            "translation": [
                -0.1904,
                1.241,
                -4.4317793
            ],
            "motion_type": "static"
        },
        {
            "template_name": "9711bd0b0b601929c42018b07894ddc739e09e94",
            "translation": [
                -8.8137102,
                1.241,
                -4.6406493
            ],
            "motion_type": "static"
        },
        {
            "template_name": "973c8db16abb188caa2868a16141b643684e3881",
            "translation": [
                -0.9696099,
                1.5495498,
                -1.0661997
            ],
            "rotation": [
                0.0,
                0.0,
                0.7071068,
                -0.7071067
            ],
            "motion_type": "static"
        },
        {
            "template_name": "973c8db16abb188caa2868a16141b643684e3881",
            "translation": [
                -1.26642,
                1.5495498,
                -1.0661997
            ],
            "rotation": [
                0.0,
                0.0,
                0.7071068,
                -0.7071067
            ],
            "motion_type": "static"
        },
        {
            "template_name": "29e055a477bcf823c20467229b8cf57bc340787b",
            "translation": [
                -8.0247297,
                2.2555403,
                -4.5343546
            ],
            "rotation": [
                0.0,
                0.0,
                0.7071068,
                -0.7071067
            ],
            "motion_type": "static"
        },
        {
            "template_name": "29e055a477bcf823c20467229b8cf57bc340787b",
            "translation": [
                -0.0750049,
                2.2555398,
                -4.0972995
            ],
            "rotation": [
                -0.5,
                -0.5,
                0.5,
                -0.4999999
            ],
            "motion_type": "static"
        },
        {
            "template_name": "3a43e661b640be0837be4f82f5e69680457a9bb8",
            "translation": [
                -5.5234498,
                0.0500003,
                -7.2873096
            ],
            "rotation": [
                0.7071068,
                0.0,
                0.7071067,
                0.0
            ],
            "motion_type": "static",
            "non_uniform_scale": [
                0.9999998,
                0.8067355,
                0.9999998
            ]
        },
        {
            "template_name": "6be4d96de50b8749ae932608719b2290a585f9ce",
            "translation": [
                -4.0062251,
                0.9000004,
                -10.9261941
            ],
            "motion_type": "static"
        },
        {
            "template_name": "94ef696e652dcb61e81d20447784246aa7ef74b3",
            "translation": [
                -0.3035998,
                5.662441253662109e-07,
                -9.6769886
            ],
            "rotation": [
                0.7071068,
                0.0,
                -0.7071067,
                0.0
            ],
            "motion_type": "static"
        },
        {
            "template_name": "fd763e1ae97291f1eadeac9e31e627ae34925737",
            "translation": [
                -6.8977899,
                1.1920928955078125e-07,
                -2.7065997
            ],
            "rotation": [
                0.7071068,
                0.0,
                0.7071067,
                0.0
            ],
            "motion_type": "static",
            "non_uniform_scale": [
                0.5825662,
                1.0057506,
                0.9999998
            ]
        },
        {
            "template_name": "fd763e1ae97291f1eadeac9e31e627ae34925737",
            "translation": [
                -8.7653303,
                3.5762786865234375e-07,
                -6.7403588
            ],
            "rotation": [
                0.7071068,
                0.0,
                0.7071067,
                0.0
            ],
            "motion_type": "static",
            "non_uniform_scale": [
                -0.5825662,
                1.0057506,
                0.9999998
            ]
        },
        {
            "template_name": "fd763e1ae97291f1eadeac9e31e627ae34925737",
            "translation": [
                -8.7653303,
                4.76837158203125e-07,
                -7.4403595
            ],
            "rotation": [
                0.7071068,
                0.0,
                0.7071067,
                0.0
            ],
            "motion_type": "static",
            "non_uniform_scale": [
                0.5825662,
                1.0057506,
                0.9999998
            ]
        },
        {
            "template_name": "fd763e1ae97291f1eadeac9e31e627ae34925737",
            "translation": [
                -8.7653303,
                5.960464477539062e-07,
                -10.0067491
            ],
            "rotation": [
                0.7071068,
                0.0,
                0.7071067,
                0.0
            ],
            "motion_type": "static",
            "non_uniform_scale": [
                0.5825662,
                1.0057506,
                0.9999998
            ]
        },
        {
            "template_name": "fd763e1ae97291f1eadeac9e31e627ae34925737",
            "translation": [
                -8.7653303,
                5.960464477539062e-07,
                -9.3067493
            ],
            "rotation": [
                0.7071068,
                0.0,
                0.7071067,
                0.0
            ],
            "motion_type": "static",
            "non_uniform_scale": [
                -0.5825662,
                1.0057506,
                0.9999998
            ]
        },
        {
            "template_name": "fd763e1ae97291f1eadeac9e31e627ae34925737",
            "translation": [
                -6.8977899,
                1.1920928955078125e-07,
                -1.7950396
            ],
            "rotation": [
                0.7071068,
                0.0,
                0.7071067,
                0.0
            ],
            "motion_type": "static",
            "non_uniform_scale": [
                -0.5825662,
                1.0057506,
                0.9999998
            ]
        },
        {
            "template_name": "17a798d622e72f0fc73d6bebf1aeb04e525c494f",
            "translation": [
                -5.6834549,
                1.8831204,
                -7.2887802
            ],
            "rotation": [
                0.4999999,
                0.4999999,
                0.5,
                -0.5
            ],
            "motion_type": "static"
        },
        {
            "template_name": "17a798d622e72f0fc73d6bebf1aeb04e525c494f",
            "translation": [
                -4.3554902,
                1.88312,
                -5.5683341
            ],
            "rotation": [
                0.7071068,
                0.7071067,
                0.0,
                0.0
            ],
            "motion_type": "static"
        },
        {
            "template_name": "f87a58959316378d0fa51f98f848384e465c6537",
            "translation": [
                -0.0749998,
                1.5824302,
                -9.654149
            ],
            "rotation": [
                -0.5,
                -0.5,
                0.5,
                -0.4999999
            ],
            "motion_type": "static"
        },
        {
            "template_name": "15fad5341bfbead54df27ce800a09727afcee8d7",
            "translation": [
                -0.5249999,
                2.7999999,
                -4.0768795
            ],
            "rotation": [
                0.7071068,
                0.0,
                -0.7071067,
                0.0
            ],
            "motion_type": "static"
        },
        {
            "template_name": "15fad5341bfbead54df27ce800a09727afcee8d7",
            "translation": [
                -8.0740995,
                2.8000001,
                -4.9817595
            ],
            "rotation": [
                0.7071068,
                0.0,
                -0.7071067,
                0.0
            ],
            "motion_type": "static",
            "non_uniform_scale": [
                0.9999998,
                0.9999998,
                1.0555553
            ]
        },
        {
            "template_name": "c3b2adbd3b89bdcd01f1e813bc4d2e06975ec727",
            "translation": [
                -4.2266502,
                0.6200004,
                -9.3411092
            ],
            "rotation": [
                0.0,
                0.0,
                1.0,
                0.0
            ],
            "motion_type": "static"
        },
        {
            "template_name": "0debc70818f4768123ee21af4a9e15640c87f625",
            "translation": [
                -7.0296201,
                4.98257577419281e-07,
                -8.3520393
            ],
            "motion_type": "static",
            "non_uniform_scale": [
                2.1246492,
                0.9999998,
                1.8169192
            ]
        },
        {
            "template_name": "3e2371e3ce5c8fda9e64c29fb327ed5c361c2a4c",
            "translation": [
                -0.5898798,
                7.450580596923828e-08,
                -1.3072197
            ],
            "rotation": [
                0.0,
                0.0,
                1.0,
                0.0
            ],
            "motion_type": "static"
        },
        {
            "template_name": "3e2371e3ce5c8fda9e64c29fb327ed5c361c2a4c",
            "translation": [
                -5.8684601,
                2.2351741790771484e-07,
                -3.6310796
            ],
            "rotation": [
                0.0,
                0.0,
                1.0,
                0.0
            ],
            "motion_type": "static"
        },
        {
            "template_name": "a99053b5ac310305bc5205d96afcb5759638dc5b",
            "translation": [
                -0.075,
                0.3000001,
                -2.0484097
            ],
            "rotation": [
                -0.5,
                -0.5,
                0.5,
                -0.4999999
            ],
            "motion_type": "static"
        },
        {
            "template_name": "a99053b5ac310305bc5205d96afcb5759638dc5b",
            "translation": [
                -0.075,
                0.3000001,
                -2.8619098
            ],
            "rotation": [
                -0.5,
                -0.5,
                0.5,
                -0.4999999
            ],
            "motion_type": "static"
        },
        {
            "template_name": "a99053b5ac310305bc5205d96afcb5759638dc5b",
            "translation": [
                -5.7234597,
                0.2000002,
                -4.2248597
            ],
            "rotation": [
                -0.5,
                -0.5,
                0.5,
                -0.4999999
            ],
            "motion_type": "static"
        },
        {
            "template_name": "a99053b5ac310305bc5205d96afcb5759638dc5b",
            "translation": [
                -5.7234597,
                0.2000003,
                -4.9181294
            ],
            "rotation": [
                -0.5,
                -0.5,
                0.5,
                -0.4999999
            ],
            "motion_type": "static"
        },
        {
            "template_name": "6b1f1dd5372a07192751d51a26fbfb66fffa6245",
            "translation": [
                -8.8883304,
                1.7862,
                -8.3660631
            ],
            "rotation": [
                0.4999999,
                0.4999999,
                0.5,
                -0.5
            ],
            "motion_type": "static",
            "non_uniform_scale": [
                0.5762736,
                0.9999998,
                0.9999998
            ]
        },
        {
            "template_name": "888b8bc2df65291d72cfd4ae91279cc5b5c3f331",
            "translation": [
                -4.7206101,
                0.8900003,
                -5.4702696
            ],
            "motion_type": "static",
            "non_uniform_scale": [
                1.0,
                1.3297009,
                0.9999998
            ]
        },
        {
            "template_name": "f5e9460870ed5da0fe1df653542b4b19a1a7bf6e",
            "translation": [
                -4.4161,
                1.0500004,
                -9.2583789
            ],
            "rotation": [
                0.7071068,
                0.0,
                0.7071067,
                0.0
            ],
            "motion_type": "static"
        },
        {
            "template_name": "cec4a471d2b81de397da664faee9fe1cc428d29b",
            "translation": [
                -2.09641,
                1.1920928955078125e-07,
                -2.3849997
            ],
            "rotation": [
                0.7071068,
                0.0,
                0.7071067,
                0.0
            ],
            "motion_type": "static",
            "non_uniform_scale": [
                1.4777772,
                0.4526748,
                0.9999998
            ]
        },
        {
            "template_name": "cec4a471d2b81de397da664faee9fe1cc428d29b",
            "translation": [
                -6.12503,
                3.5762786865234375e-07,
                -5.5984396
            ],
            "motion_type": "static",
            "non_uniform_scale": [
                0.4461888,
                0.4526748,
                0.9999998
            ]
        },
        {
            "template_name": "cec4a471d2b81de397da664faee9fe1cc428d29b",
            "translation": [
                -8.1183099,
                3.5762786865234375e-07,
                -5.5984396
            ],
            "motion_type": "static",
            "non_uniform_scale": [
                0.8555554,
                0.4526748,
                0.9999998
            ]
        },
        {
            "template_name": "cec4a471d2b81de397da664faee9fe1cc428d29b",
            "translation": [
                -0.52493,
                2.384185791015625e-07,
                -3.6169798
            ],
            "motion_type": "static",
            "non_uniform_scale": [
                0.4999166,
                0.4526748,
                0.9999998
            ]
        },
        {
            "template_name": "c816dc1bb177a739c7c52bbca6097e7e627a2214",
            "translation": [
                -0.2996,
                0.9199999,
                -2.1195998
            ],
            "rotation": [
                0.7071068,
                0.0,
                -0.7071067,
                0.0
            ],
            "motion_type": "static"
        },
        {
            "template_name": "c816dc1bb177a739c7c52bbca6097e7e627a2214",
            "translation": [
                -0.2996,
                0.9199999,
                -2.9227597
            ],
            "rotation": [
                0.7071068,
                0.0,
                -0.7071067,
                0.0
            ],
            "motion_type": "static"
        },
        {
            "template_name": "c816dc1bb177a739c7c52bbca6097e7e627a2214",
            "translation": [
                -5.9480605,
                0.82,
                -4.3010396
            ],
            "rotation": [
                0.7071068,
                0.0,
                -0.7071067,
                0.0
            ],
            "motion_type": "static"
        },
        {
            "template_name": "c816dc1bb177a739c7c52bbca6097e7e627a2214",
            "translation": [
                -5.9480605,
                0.82,
                -4.9804697
            ],
            "rotation": [
                0.7071068,
                0.0,
                -0.7071067,
                0.0
            ],
            "motion_type": "static"
        },
        {
            "template_name": "e720c72b446d020def4f5dc3b57bad04ce33fbba",
            "translation": [
                -4.2933602,
                0.9000005,
                -10.907649
            ],
            "motion_type": "static"
        },
        {
            "template_name": "5c1c57bff482cdd3028e317e8ce4d70e12d1cba1",
            "translation": [
                -0.2399397,
                5.960464477539063e-08,
                -1.2486099
            ],
            "rotation": [
                0.7071068,
                0.0,
                -0.7071067,
                0.0
            ],
            "motion_type": "static"
        },
        {
            "template_name": "5c1c57bff482cdd3028e317e8ce4d70e12d1cba1",
            "translation": [
                -6.6289906,
                2.384185791015625e-07,
                -3.6510195
            ],
            "rotation": [
                0.0,
                0.0,
                1.0,
                0.0
            ],
            "motion_type": "static"
        },
        {
            "template_name": "69b0500e46d5f67c44670362dc2b60c31ef434c1",
            "translation": [
                -1.8512798,
                4.302710294723511e-07,
                -7.2264094
            ],
            "rotation": [
                0.0,
                0.0,
                1.0,
                0.0
            ],
            "motion_type": "static"
        },
        {
            "template_name": "1dda03fc75f767049a8ff62a35b7b056faa69a9e",
            "translation": [
                -8.0208845,
                2.980232238769531e-07,
                -4.6650195
            ],
            "rotation": [
                0.0,
                0.0,
                1.0,
                0.0
            ],
            "motion_type": "static"
        },
        {
            "template_name": "1dda03fc75f767049a8ff62a35b7b056faa69a9e",
            "translation": [
                -6.38314,
                1.1920928955078125e-07,
                -2.2454745
            ],
            "rotation": [
                0.7071068,
                0.0,
                0.7071067,
                0.0
            ],
            "motion_type": "static"
        },
        {
            "template_name": "80f2e937e91792b0c8fc7bd00e7ea6428eb36a12",
            "translation": [
                -3.8656501,
                1.1920928955078125e-07,
                -2.1969096
            ],
            "rotation": [
                0.0,
                0.0,
                1.0,
                0.0
            ],
            "motion_type": "static"
        },
        {
            "template_name": "80f2e937e91792b0c8fc7bd00e7ea6428eb36a12",
            "translation": [
                -6.6234602,
                4.76837158203125e-07,
                -8.351119
            ],
            "rotation": [
                0.7071068,
                0.0,
                -0.7071067,
                0.0
            ],
            "motion_type": "static",
            "non_uniform_scale": [
                0.9999998,
                0.9999998,
                0.7951161
            ]
        },
        {
            "template_name": "xxxx3a0c7c52x28a7x4d7dxb49dxb3d1a7e1ca86",
            "translation": [
                -5.4845495,
                1.0500004,
                -8.8875694
            ],
            "rotation": [
                0.7071068,
                0.0,
                0.7071067,
                0.0
            ],
            "motion_type": "static"
        },
        {
            "template_name": "xxxx3a0c7c52x28a7x4d7dxb49dxb3d1a7e1ca86",
            "translation": [
                -5.4845495,
                1.3500006,
                -8.895009
            ],
            "rotation": [
                0.7071068,
                0.0,
                0.7071067,
                0.0
            ],
            "motion_type": "static"
        },
        {
            "template_name": "xxxx80038611x81cex4f9bx9ff4xd5c3cd9788ad",
            "translation": [
                -4.4136199,
                4.76837158203125e-07,
                -8.1272192
            ],
            "rotation": [
                0.0,
                0.0,
                1.0,
                0.0
            ],
            "motion_type": "static"
        },
        {
            "template_name": "xxxx80038611x81cex4f9bx9ff4xd5c3cd9788ad",
            "translation": [
                -5.0822801,
                4.76837158203125e-07,
                -8.1272192
            ],
            "rotation": [
                0.0,
                0.0,
                1.0,
                0.0
            ],
            "motion_type": "static"
        },
        {
            "template_name": "xxxx80038611x81cex4f9bx9ff4xd5c3cd9788ad",
            "translation": [
                -3.74496,
                4.76837158203125e-07,
                -8.1272192
            ],
            "rotation": [
                0.0,
                0.0,
                1.0,
                0.0
            ],
            "motion_type": "static"
        },
        {
            "template_name": "419625a0eca4ea48186fc8ca8dcdaa9f25d9dca6",
            "translation": [
                -0.3241198,
                1.4901161193847656e-07,
                -2.5159096
            ],
            "rotation": [
                0.7071068,
                0.0,
                -0.7071067,
                0.0
            ],
            "motion_type": "static"
        },
        {
            "template_name": "37502bf749cbd9f4bc8940c10a34c53f83826317",
            "translation": [
                -8.8883094,
                1.2200001,
                -4.6350493
            ],
            "rotation": [
                0.4999999,
                0.4999999,
                0.5,
                -0.5
            ],
            "motion_type": "static",
            "non_uniform_scale": [
                0.2013898,
                0.9999998,
                0.9999998
            ]
        },
        {
            "template_name": "37502bf749cbd9f4bc8940c10a34c53f83826317",
            "translation": [
                -0.075,
                1.2200001,
                -4.4261794
            ],
            "rotation": [
                -0.5,
                -0.5,
                0.5,
                -0.4999999
            ],
            "motion_type": "static",
            "non_uniform_scale": [
                0.2013898,
                0.9999998,
                0.9999998
            ]
        },
        {
            "template_name": "fd1cc760af86331967d7f8d0004c68849dec6288",
            "translation": [
                -4.5837998,
                0.9000005,
                -10.8749799
            ],
            "motion_type": "static"
        },
        {
            "template_name": "d26ce04e8e3f3dce915387fd82d1703a6d5d5b99",
            "translation": [
                -0.3994413,
                3.5762786865234375e-07,
                -5.9463863
            ],
            "rotation": [
                0.9709997,
                0.0,
                -0.2390795,
                0.0
            ],
            "motion_type": "static"
        },
        {
            "template_name": "bd3795307225b4279816c779b1b2bee0278f167d",
            "translation": [
                -4.3891401,
                0.8900002,
                -5.48811
            ],
            "rotation": [
                0.0,
                0.0,
                1.0,
                0.0
            ],
            "motion_type": "static"
        },
        {
            "template_name": "d5f2768323f5856e72a1a58c88c15ea863645ffc",
            "translation": [
                -7.1371397,
                0.6300004,
                -8.8744287
            ],
            "rotation": [
                0.0,
                0.0,
                1.0,
                0.0
            ],
            "motion_type": "static"
        },
        {
            "template_name": "f888c98f7f06c2edbce8d41ce8d38c043ecd5bd2",
            "translation": [
                -0.0749998,
                1.6000001,
                -7.1131796
            ],
            "rotation": [
                -0.5,
                -0.5,
                0.5,
                -0.4999999
            ],
            "motion_type": "static"
        },
        {
            "template_name": "f888c98f7f06c2edbce8d41ce8d38c043ecd5bd2",
            "translation": [
                -5.2478499,
                1.6000005,
                -11.2199792
            ],
            "rotation": [
                0.0,
                0.0,
                0.7071068,
                -0.7071067
            ],
            "motion_type": "static"
        },
        {
            "template_name": "62b08fe4e989f15d9672478194419f44749f5b19",
            "translation": [
                -4.6898498,
                1.0500004,
                -9.0755691
            ],
            "rotation": [
                0.7071068,
                0.0,
                -0.7071067,
                0.0
            ],
            "motion_type": "static"
        },
        {
            "template_name": "f0d0666d5aac2ad9d896e5b6bc9c7f6be8b579ea",
            "translation": [
                -3.2504301,
                0.0300006,
                -10.8306255
            ],
            "motion_type": "static",
            "non_uniform_scale": [
                0.7666664,
                0.9999998,
                0.7666664
            ]
        },
        {
            "template_name": "1673f85e235a423a01c564c2c97e8f45f196df44",
            "translation": [
                -0.0750048,
                1.7750616,
                -2.5085997
            ],
            "rotation": [
                -0.5,
                -0.5,
                0.5,
                -0.4999999
            ],
            "motion_type": "static",
            "non_uniform_scale": [
                1.3421616,
                0.9999998,
                0.8806462
            ]
        },
        {
            "template_name": "1673f85e235a423a01c564c2c97e8f45f196df44",
            "translation": [
                -5.7234554,
                1.7750617,
                -4.6525692
            ],
            "rotation": [
                -0.5,
                -0.5,
                0.5,
                -0.4999999
            ],
            "motion_type": "static",
            "non_uniform_scale": [
                1.3421616,
                0.9999998,
                0.8806462
            ]
        },
        {
            "template_name": "76eb8317661751dd4897b39db29df5db517e2d5c",
            "translation": [
                -2.07729,
                6.258487701416016e-07,
                -10.7332086
            ],
            "rotation": [
                0.7071068,
                0.0,
                -0.7071067,
                0.0
            ],
            "motion_type": "static"
        },
        {
            "template_name": "42026ccb6057538e11416e8d630fc1b7eab2085f",
            "translation": [
                -0.37246,
                2.980232238769531e-07,
                -5.2607092
            ],
            "motion_type": "static"
        },
        {
            "template_name": "42026ccb6057538e11416e8d630fc1b7eab2085f",
            "translation": [
                -8.5908498,
                2.384185791015625e-07,
                -3.7984797
            ],
            "rotation": [
                0.0,
                0.0,
                1.0,
                0.0
            ],
            "motion_type": "static"
        },
        {
            "template_name": "25aa7c87cd5dfb765b589c8e64052441a0d64101",
            "translation": [
                -1.8657448,
                3.725290298461914e-07,
                -6.2566442
            ],
            "motion_type": "static"
        },
        {
            "template_name": "25aa7c87cd5dfb765b589c8e64052441a0d64101",
            "translation": [
                -1.8984949,
                4.917383193969727e-07,
                -8.2013235
            ],
            "motion_type": "static"
        },
        {
            "template_name": "dc2bf6dbff44a99b087ba5c987bab9ac4e28e53b",
            "translation": [
                -5.9593105,
                2.682209014892578e-07,
                -4.6457295
            ],
            "rotation": [
                0.7071068,
                0.0,
                -0.7071067,
                0.0
            ],
            "motion_type": "static"
        },
        {
            "template_name": "3756-12",
            "translation": [
                -1.9073468138230965e-08,
                2.1200001,
                -5.0740194
            ],
            "rotation": [
                0.7071068,
                0.0,
                -0.7071067,
                0.0
            ],
            "motion_type": "static",
            "non_uniform_scale": [
                -0.9999998,
                0.9999998,
                0.9999998
            ]
        },
        {
            "template_name": "208-15",
            "translation": [
                -7.0957698,
                1.1200001,
                -2.2483897
            ],
            "rotation": [
                0.7071067,
                0.0,
                0.7071067,
                0.0
            ],
            "motion_type": "static",
            "non_uniform_scale": [
                -0.9999998,
                0.9999998,
                0.9999998
            ]
        },
        {
            "template_name": "3756-12",
            "translation": [
                -8.9633102,
                2.1199998,
                -3.9925296
            ],
            "rotation": [
                0.7071067,
                0.0,
                0.7071067,
                0.0
            ],
            "motion_type": "static",
            "non_uniform_scale": [
                -0.9999998,
                0.9999998,
                0.9999998
            ]
        },
        {
            "template_name": "219-35",
            "translation": [
                -8.9633102,
                1.7000004,
                -7.0838689
            ],
            "rotation": [
                0.7071067,
                0.0,
                0.7071067,
                0.0
            ],
            "motion_type": "static",
            "non_uniform_scale": [
                -0.9999998,
                0.9999998,
                0.9999998
            ]
        },
        {
            "template_name": "219-35",
            "translation": [
                -8.9633102,
                1.7000005,
                -9.6463489
            ],
            "rotation": [
                0.7071067,
                0.0,
                0.7071067,
                0.0
            ],
            "motion_type": "static",
            "non_uniform_scale": [
                -0.9999998,
                0.9999998,
                0.9999998
            ]
        },
        {
            "template_name": "218-99",
            "translation": [
                -2.1248295,
                1.1200006,
                -11.1449794
            ],
            "motion_type": "static",
            "non_uniform_scale": [
                -1.0,
                0.9999998,
                0.9999998
            ]
        }
    ],
    "articulated_object_instances": [],
    "stage_instance": {
        "template_name": "stages/104348328_171513363",
        "motion_type": "static"
    },
    "user_defined": {
        "scene_filter_file": "scene_filter_files/104348328_171513363.rec_filter.json"
    }
}