{
    "translation_origin": "asset_local",
    "default_lighting": "",
    "navmesh_instance": "",
    "semantic_scene_instance": "hssd_ssd_map",
    "default_pbr_shader_config": "./data/default.pbr_config.json",
    "object_instances": [
        {
            "template_name": "955a8985ac24815296052263395940eeb9fb6081",
            "translation": [
                -20.323595,
                1.7500002,
                -5.6745796
            ],
            "rotation": [
                0.4999999,
                0.4999999,
                0.5,
                -0.5
            ],
            "motion_type": "static"
        },
        {
            "template_name": "955a8985ac24815296052263395940eeb9fb6081",
            "translation": [
                -20.323595,
                1.7500003,
                -6.7564096
            ],
            "rotation": [
                0.4999999,
                0.4999999,
                0.5,
                -0.5
            ],
            "motion_type": "static"
        },
        {
            "template_name": "cb47ce31bd4309c8b3c99a1d53db43f7046cb489",
            "translation": [
                -16.6709003,
                0.0009999,
                0.2110698
            ],
            "rotation": [
                -0.362904,
                0.0,
                0.9318264,
                0.0
            ],
            "motion_type": "static"
        },
        {
            "template_name": "cb47ce31bd4309c8b3c99a1d53db43f7046cb489",
            "translation": [
                -18.6485805,
                0.0010004,
                -7.7537593
            ],
            "rotation": [
                0.9997156,
                0.0,
                0.0238461,
                0.0
            ],
            "motion_type": "static"
        },
        {
            "template_name": "1c094fa03158472435f319ff499aef6f7b9ff883",
            "translation": [
                -13.2617712,
                -2.9802322387695315e-8,
                0.6100425
            ],
            "rotation": [
                -0.1574347,
                0.0,
                0.9875292,
                0.0
            ],
            "motion_type": "static"
        },
        {
            "template_name": "e17c6ae756035c27bb5e084b51ff72dc8f90480c",
            "translation": [
                -15.4007205,
                5.960464477539063e-8,
                -0.8295199
            ],
            "rotation": [
                0.7071068,
                0.0,
                0.7071067,
                0.0
            ],
            "motion_type": "static"
        },
        {
            "template_name": "e17c6ae756035c27bb5e084b51ff72dc8f90480c",
            "translation": [
                -15.6957206,
                4.470348358154297e-8,
                -0.7645198
            ],
            "motion_type": "static"
        },
        {
            "template_name": "0070649630e7b2262ec0427c0e2035232240fb4d",
            "translation": [
                -16.9648494,
                2.384185791015625e-7,
                -4.0740194
            ],
            "rotation": [
                0.9451165,
                0.0,
                -0.3267334,
                0.0
            ],
            "motion_type": "static"
        },
        {
            "template_name": "29a397a12d8afa897fc37a580a5b040632ae4303",
            "translation": [
                -14.2834997,
                0.0100002,
                -4.3898696
            ],
            "motion_type": "static",
            "non_uniform_scale": [
                0.6656805,
                0.9999998,
                0.5531198
            ]
        },
        {
            "template_name": "257b108daedcb3537c6066ed191f8550658a70c2",
            "translation": [
                -19.9468898,
                4.76837158203125e-7,
                -7.6386699
            ],
            "rotation": [
                0.7071068,
                0.0,
                0.7071067,
                0.0
            ],
            "motion_type": "static"
        },
        {
            "template_name": "2767354782956cbf85d3cf01b63686d1b8ad58fd",
            "translation": [
                -14.91053,
                5.960464477539063e-8,
                -0.8732299
            ],
            "rotation": [
                0.7071068,
                0.0,
                0.7071067,
                0.0
            ],
            "motion_type": "static",
            "non_uniform_scale": [
                0.8999997,
                0.9999998,
                0.9999998
            ]
        },
        {
            "template_name": "ee5d696b11d2ccb24a36cbbae2507384f0bb92f4",
            "translation": [
                -13.0518102,
                1.7499996,
                1.3708399
            ],
            "rotation": [
                -0.5,
                -0.5,
                0.5,
                -0.4999999
            ],
            "motion_type": "static"
        },
        {
            "template_name": "8df9760c5c3609e6005791ceb66020fdb91e4758",
            "translation": [
                -13.4133996,
                -1.7881393432617188e-7,
                2.5327198
            ],
            "motion_type": "static",
            "non_uniform_scale": [
                0.6247553,
                0.9999998,
                0.7657505
            ]
        },
        {
            "template_name": "074b112e6d9be8860fce202dd706de49598db82d",
            "translation": [
                -16.5361309,
                1.7499997,
                -0.6520297
            ],
            "rotation": [
                0.0,
                0.0,
                0.7071068,
                -0.7071067
            ],
            "motion_type": "static"
        },
        {
            "template_name": "d39d83b10a9034353d5b5fdb3d39dde23aef98a6",
            "translation": [
                -18.7480392,
                3.8743019104003908e-7,
                -4.7916593
            ],
            "motion_type": "static",
            "non_uniform_scale": [
                0.90245,
                0.9999998,
                0.9999998
            ]
        },
        {
            "template_name": "d39d83b10a9034353d5b5fdb3d39dde23aef98a6",
            "translation": [
                -20.02359,
                3.2782554626464846e-7,
                -5.5695996
            ],
            "rotation": [
                0.7071068,
                0.0,
                -0.7071067,
                0.0
            ],
            "motion_type": "static",
            "non_uniform_scale": [
                0.9024499,
                0.9999998,
                0.9999998
            ]
        },
        {
            "template_name": "983ef4ef38a08850204a31986545f0e01a8dc0af",
            "translation": [
                -20.02359,
                4.172325134277344e-7,
                -6.9717798
            ],
            "rotation": [
                0.7071068,
                0.0,
                -0.7071067,
                0.0
            ],
            "motion_type": "static",
            "non_uniform_scale": [
                0.9387956,
                0.9999998,
                0.9999998
            ]
        },
        {
            "template_name": "83f43ff97d3b947794ba3580b2cea7129314d092",
            "translation": [
                -20.02359,
                3.5762786865234377e-7,
                -6.1960291
            ],
            "rotation": [
                0.7071068,
                0.0,
                0.7071067,
                0.0
            ],
            "motion_type": "static"
        },
        {
            "template_name": "2bf0dc76a334f739688d7bfb5229d3e7b8fb419a",
            "translation": [
                -17.40946,
                3.7904828786849978e-7,
                -6.4568099
            ],
            "rotation": [
                0.7071068,
                0.0,
                0.7071067,
                0.0
            ],
            "motion_type": "static",
            "non_uniform_scale": [
                0.477315,
                0.9999998,
                0.4051637
            ]
        },
        {
            "template_name": "641605b7969986b87e12fe2361ddd0d28ddfebb5",
            "translation": [
                -15.6056489,
                0.0200001,
                -0.8583049
            ],
            "rotation": [
                0.0,
                0.0,
                1.0,
                0.0
            ],
            "motion_type": "static",
            "non_uniform_scale": [
                0.7916666,
                0.9999998,
                0.9999998
            ]
        },
        {
            "template_name": "351070467d2910bb7e87e4b40e9187047e5f5c19",
            "translation": [
                -16.1615505,
                1.9371509552001954e-7,
                -3.1371297
            ],
            "rotation": [
                0.0,
                0.0,
                1.0,
                0.0
            ],
            "motion_type": "static"
        },
        {
            "template_name": "8a643866e25ff2687ae34a7285e1927fed1205d3",
            "translation": [
                -13.0474596,
                1.7500002,
                -5.4122595
            ],
            "rotation": [
                -0.5,
                -0.5,
                0.5,
                -0.4999999
            ],
            "motion_type": "static",
            "non_uniform_scale": [
                0.8116263,
                0.9999998,
                0.9999998
            ]
        },
        {
            "template_name": "a9f65b788dac75a7f26fd2b4e271906d64614d95",
            "translation": [
                -15.6311302,
                2.7999999,
                -1.6893397
            ],
            "rotation": [
                0.0,
                0.0,
                1.0,
                0.0
            ],
            "motion_type": "static",
            "non_uniform_scale": [
                2.3333332,
                0.9999998,
                2.333333
            ]
        },
        {
            "template_name": "5e75bef71674b8e94b1982708f6a87bc7969ed8a",
            "translation": [
                -15.6582202,
                3.8743019104003908e-7,
                -6.5272192
            ],
            "rotation": [
                0.7071068,
                0.0,
                0.7071067,
                0.0
            ],
            "motion_type": "static",
            "non_uniform_scale": [
                0.9030522,
                1.0,
                0.9197558
            ]
        },
        {
            "template_name": "936d4505073b63882579cd153489fe9cf5ffe57b",
            "translation": [
                -17.2093601,
                3.5762786865234377e-7,
                -6.2130703
            ],
            "rotation": [
                0.7071068,
                0.0,
                -0.7071067,
                0.0
            ],
            "motion_type": "static"
        },
        {
            "template_name": "936d4505073b63882579cd153489fe9cf5ffe57b",
            "translation": [
                -17.9130306,
                3.8743019104003908e-7,
                -6.8847098
            ],
            "rotation": [
                0.7071068,
                0.0,
                0.7071067,
                0.0
            ],
            "motion_type": "static"
        },
        {
            "template_name": "97bdca87a1f24c2bee3bd7f57024f4dcb5827a37",
            "translation": [
                -15.2663297,
                -1.1920928955078126e-7,
                1.6428947
            ],
            "rotation": [
                0.0,
                0.0,
                1.0,
                0.0
            ],
            "motion_type": "static",
            "non_uniform_scale": [
                1.2042417,
                0.9999998,
                1.0
            ]
        },
        {
            "template_name": "800f42a04a677e79c61400b604ccc278347d5737",
            "translation": [
                -14.6602897,
                1.7881393432617188e-7,
                -2.6586496
            ],
            "motion_type": "static"
        },
        {
            "template_name": "affd27314d1becb79a62dece175068670b27bd4f",
            "translation": [
                -13.3042201,
                3.5762786865234377e-7,
                -6.4252691
            ],
            "rotation": [
                0.7071068,
                0.0,
                -0.7071067,
                0.0
            ],
            "motion_type": "static",
            "non_uniform_scale": [
                0.8076245,
                0.9999998,
                0.7236893
            ]
        },
        {
            "template_name": "95d1e189e93694bb8eee73a64b0d84a8be5a5057",
            "translation": [
                -13.4362697,
                0.0150003,
                -7.5882897
            ],
            "rotation": [
                0.1085361,
                0.0,
                0.9940925,
                0.0
            ],
            "motion_type": "static",
            "non_uniform_scale": [
                0.740692,
                0.9999998,
                0.790781
            ]
        },
        {
            "template_name": "3a08b42318c54a51a0ea28547a12d919ea4f46ca_part_2",
            "translation": [
                -13.0477876,
                0.6600096,
                -5.3939595
            ],
            "rotation": [
                -0.5,
                -0.5,
                0.5,
                -0.4999999
            ],
            "motion_type": "static",
            "non_uniform_scale": [
                0.7297849,
                0.9999998,
                0.9999998
            ]
        },
        {
            "template_name": "4abace336b7485ac465993f72215ca3168e27848",
            "translation": [
                -17.5374202,
                2.8000001,
                -6.3872995
            ],
            "rotation": [
                0.7071068,
                0.0,
                0.7071067,
                0.0
            ],
            "motion_type": "static"
        },
        {
            "template_name": "bcf61102b03eb2ae1204336c505a427b6e779486",
            "translation": [
                -15.2345695,
                1.6391277313232423e-7,
                -2.6677398
            ],
            "motion_type": "static"
        },
        {
            "template_name": "ad811aa2475dd7263ab824210e8d3bf1a31d8566",
            "translation": [
                -16.7836284,
                0.0540299,
                1.4071631
            ],
            "rotation": [
                0.7149342,
                0.0,
                -0.6991915,
                0.0
            ],
            "motion_type": "static",
            "non_uniform_scale": [
                1.1178741,
                0.9745535,
                0.9999998
            ]
        },
        {
            "template_name": "ec4b8a7f7ec511809ba17d18a95cd5deac04a45f",
            "translation": [
                -14.5500602,
                0.0200003,
                -6.5135993
            ],
            "rotation": [
                0.0,
                0.0,
                1.0,
                0.0
            ],
            "motion_type": "static",
            "non_uniform_scale": [
                1.0483999,
                0.9999998,
                1.015758
            ]
        },
        {
            "template_name": "3d8cd4a35e562bd282a8f8e66de2ac08530e1e0d",
            "translation": [
                -14.3189697,
                1.7500001,
                -4.6691293
            ],
            "rotation": [
                0.0,
                0.0,
                0.7071068,
                -0.7071067
            ],
            "motion_type": "static"
        },
        {
            "template_name": "3fef4438cdcaa7995c0f9a5a5ee3f0b3e7efea0f",
            "translation": [
                -13.0186014,
                1.7493499,
                -4.3417787
            ],
            "rotation": [
                -0.4981602,
                -0.4981602,
                0.501833,
                -0.501833
            ],
            "motion_type": "static"
        },
        {
            "template_name": "faef118ee9bdcf21040eef84cbca59d8dc50a214",
            "translation": [
                -14.5095424,
                5.960464477539063e-8,
                -0.9530298
            ],
            "rotation": [
                0.0,
                0.0,
                1.0,
                0.0
            ],
            "motion_type": "static",
            "non_uniform_scale": [
                0.9176914,
                1.0000131,
                0.9999998
            ]
        },
        {
            "template_name": "10610d535d384192a3dc545936179ac6b8d0a54f",
            "translation": [
                -16.3302707,
                0.0512603,
                -7.7588391
            ],
            "motion_type": "static",
            "non_uniform_scale": [
                1.0,
                0.7879202,
                0.9999998
            ]
        },
        {
            "template_name": "10610d535d384192a3dc545936179ac6b8d0a54f",
            "translation": [
                -17.9090194,
                0.0581402,
                -7.7588391
            ],
            "motion_type": "static",
            "non_uniform_scale": [
                -1.0,
                0.7879202,
                0.9999998
            ]
        },
        {
            "template_name": "a385fc134ef880ca0773e705e0b399da83a950b6",
            "translation": [
                -19.2255496,
                2.980232238769531e-7,
                -4.7916593
            ],
            "motion_type": "static"
        },
        {
            "template_name": "722d9b8b0d8ad98e8798840b918121d2c126fa26",
            "translation": [
                -18.2893505,
                2.384185791015625e-7,
                -4.7938594
            ],
            "rotation": [
                0.0,
                0.0,
                1.0,
                0.0
            ],
            "motion_type": "static",
            "non_uniform_scale": [
                0.9020599,
                0.9999998,
                0.9999998
            ]
        },
        {
            "template_name": "d3258fcd8d8eaaeda8b7c05b4753b543d2b3788b",
            "translation": [
                -13.9693698,
                4.76837158203125e-7,
                -7.6993093
            ],
            "rotation": [
                0.9564902,
                0.0,
                -0.2917641,
                0.0
            ],
            "motion_type": "static"
        },
        {
            "template_name": "43c752ec645a95e69c45d53672c6ee6df2efd996",
            "translation": [
                -13.2529487,
                4.023313522338867e-7,
                -6.8333196
            ],
            "rotation": [
                0.9999585,
                0.0,
                0.0090896,
                0.0
            ],
            "motion_type": "static"
        },
        {
            "template_name": "bb3fe90bafdd46b77abcc1bfb5773d1cd110b8dc",
            "translation": [
                -13.2475004,
                3.2782554626464846e-7,
                -5.400949
            ],
            "rotation": [
                0.7071068,
                0.0,
                -0.7071067,
                0.0
            ],
            "motion_type": "static",
            "non_uniform_scale": [
                0.8199617,
                0.9999998,
                0.9999998
            ]
        },
        {
            "template_name": "9bfd01b7a7f4fb8e1388551d237763778d4b3862",
            "translation": [
                -17.2238807,
                2.384185791015625e-7,
                -3.8647999
            ],
            "rotation": [
                0.887941,
                0.0,
                -0.4599572,
                0.0
            ],
            "motion_type": "static",
            "non_uniform_scale": [
                0.9566959,
                0.9411762,
                0.9198923
            ]
        },
        {
            "template_name": "09a766ff4f118a7f60b80c671bc8662fd6a5cf72",
            "translation": [
                -16.7927303,
                1.75,
                -2.9036502
            ],
            "rotation": [
                0.0,
                0.0,
                0.7071068,
                -0.7071067
            ],
            "motion_type": "static"
        },
        {
            "template_name": "791d825a457e1146f8287732f4e7068a107e2769",
            "translation": [
                -15.6028699,
                0.0100002,
                -5.4150996
            ],
            "motion_type": "static",
            "non_uniform_scale": [
                0.6815083,
                0.9999998,
                0.6815081
            ]
        },
        {
            "template_name": "7f2cac7a6b2c4df0e258f4b7a95f202338e2c872",
            "translation": [
                -13.3474597,
                2.0815059542655946e-7,
                -3.4950196
            ],
            "rotation": [
                0.7071068,
                0.0,
                -0.7071067,
                0.0
            ],
            "motion_type": "static"
        },
        {
            "template_name": "51bf4c899c925cae53ee4d4305ac00beaec03a4b",
            "translation": [
                -19.9000701,
                2.980232238769531e-7,
                -4.920154
            ],
            "rotation": [
                0.0,
                0.0,
                1.0,
                0.0
            ],
            "motion_type": "static"
        },
        {
            "template_name": "535a60be8999184dc5e0dfac340fe323ea8077a1",
            "translation": [
                -16.7733993,
                0.6499999,
                -1.6074599
            ],
            "rotation": [
                -0.6973009,
                0.0,
                0.7167782,
                0.0
            ],
            "motion_type": "static"
        },
        {
            "template_name": "09b1df19e95ab47e50c8aac06137ef2f51144d34",
            "translation": [
                -16.8447055,
                1.7495999,
                -0.7780197
            ],
            "rotation": [
                0.4999999,
                0.4999999,
                0.5,
                -0.5
            ],
            "motion_type": "static"
        },
        {
            "template_name": "5f436be29314cec131bdedaea822e70dcb7a7891",
            "translation": [
                -15.6493501,
                1.4901161193847657e-7,
                -2.4857897
            ],
            "motion_type": "static"
        },
        {
            "template_name": "e70c10dcf3fba2bc23352f8cbbc7d2cd24608144",
            "translation": [
                -17.5656299,
                3.8743019104003908e-7,
                -6.5207099
            ],
            "rotation": [
                0.7071068,
                0.0,
                0.7071067,
                0.0
            ],
            "motion_type": "static",
            "non_uniform_scale": [
                1.3915617,
                0.9999998,
                0.7426093
            ]
        },
        {
            "template_name": "79b9fdabc6d1c61c041c4843ea3cdd860c9df8ba",
            "translation": [
                -17.8984661,
                3.5762786865234377e-7,
                -6.208517
            ],
            "rotation": [
                0.7071068,
                0.0,
                0.7071067,
                0.0
            ],
            "motion_type": "static",
            "non_uniform_scale": [
                1.0953264,
                0.9999997,
                1.0774148
            ]
        },
        {
            "template_name": "79b9fdabc6d1c61c041c4843ea3cdd860c9df8ba",
            "translation": [
                -17.2149848,
                3.8743019104003908e-7,
                -6.9159798
            ],
            "rotation": [
                0.7071068,
                0.0,
                -0.7071067,
                0.0
            ],
            "motion_type": "static",
            "non_uniform_scale": [
                1.1106814,
                0.9999997,
                1.0777976
            ]
        },
        {
            "template_name": "831e2cff446337af8791038161c7d32d96726b20",
            "translation": [
                -13.2767896,
                -8.940696716308594e-8,
                1.3711198
            ],
            "rotation": [
                0.7071068,
                0.0,
                -0.7071067,
                0.0
            ],
            "motion_type": "static"
        },
        {
            "template_name": "61a131995f3686c7f108035db90bc6935c2a4157",
            "translation": [
                -15.13206,
                1.7499997,
                -1.1729397
            ],
            "rotation": [
                -0.5,
                -0.5,
                0.5,
                -0.4999999
            ],
            "motion_type": "static"
        },
        {
            "template_name": "69e7262f32b7db6feaca5968fc043dc237b7f221",
            "translation": [
                -16.1120395,
                5.960464477539063e-8,
                -1.1556599
            ],
            "rotation": [
                0.7071068,
                0.0,
                0.7071067,
                0.0
            ],
            "motion_type": "static",
            "non_uniform_scale": [
                0.9999998,
                1.5647701,
                0.9999998
            ]
        },
        {
            "template_name": "781555ddc92f69e7e676da3272942a9568c4b9ec",
            "translation": [
                -13.2852096,
                -1.1920928955078126e-7,
                2.1186096
            ],
            "rotation": [
                0.0,
                0.0,
                1.0,
                0.0
            ],
            "motion_type": "static"
        },
        {
            "template_name": "09843c7d1af4d42f2c34c69e80992049361770dd",
            "translation": [
                -16.5711803,
                1.7881393432617188e-7,
                -3.2267496
            ],
            "rotation": [
                0.0,
                0.0,
                1.0,
                0.0
            ],
            "motion_type": "static"
        },
        {
            "template_name": "1df0b67524a2a46ba5655a6d401406f1271f675f",
            "translation": [
                -14.9185695,
                1.9699996,
                2.7129502
            ],
            "rotation": [
                0.0,
                0.0,
                0.7071068,
                -0.7071067
            ],
            "motion_type": "static"
        },
        {
            "template_name": "35804d63dcac4fbeee774689a87a3e84a7fe602a",
            "translation": [
                -16.4467906,
                -1.4901161193847657e-7,
                2.3548398
            ],
            "rotation": [
                0.8115739,
                0.0,
                -0.5842496,
                0.0
            ],
            "motion_type": "static"
        },
        {
            "template_name": "35804d63dcac4fbeee774689a87a3e84a7fe602a",
            "translation": [
                -14.0953006,
                -1.4901161193847657e-7,
                2.3633897
            ],
            "motion_type": "static"
        },
        {
            "template_name": "2e31f5738287feec7ea00dfb6878754d1725212a",
            "translation": [
                -13.1473302,
                1.1920928955078126e-7,
                -1.7105897
            ],
            "rotation": [
                0.7071068,
                0.0,
                -0.7071067,
                0.0
            ],
            "motion_type": "static",
            "non_uniform_scale": [
                2.3847765,
                0.9999998,
                0.7717717
            ]
        },
        {
            "template_name": "2e31f5738287feec7ea00dfb6878754d1725212a",
            "translation": [
                -13.1473302,
                1.4099999,
                -1.7655797
            ],
            "rotation": [
                0.7071068,
                0.0,
                -0.7071067,
                0.0
            ],
            "motion_type": "static",
            "non_uniform_scale": [
                2.3847765,
                0.9999998,
                0.7717717
            ]
        },
        {
            "template_name": "477981721fbd52b9070608f3d7befd52f13d08de",
            "translation": [
                -15.2125196,
                -5.448237061500549e-8,
                0.91434
            ],
            "rotation": [
                0.7071068,
                0.0,
                0.7071067,
                0.0
            ],
            "motion_type": "static",
            "non_uniform_scale": [
                1.1435842,
                0.9999998,
                1.3407236
            ]
        },
        {
            "template_name": "3d093faec8798416a35ff28fb04655ab7dff1d1f",
            "translation": [
                -14.6512498,
                1.7499897,
                -1.2790596
            ],
            "rotation": [
                0.0,
                0.0,
                0.7071068,
                -0.7071067
            ],
            "motion_type": "static",
            "non_uniform_scale": [
                0.6024159,
                0.9090266,
                0.9999998
            ]
        },
        {
            "template_name": "614ce1e54d693baf5560178dc97fa6ce9d959127",
            "translation": [
                -14.9477596,
                2.7,
                -3.0744898
            ],
            "rotation": [
                -0.1822354,
                0.0,
                0.9832549,
                0.0
            ],
            "motion_type": "static",
            "non_uniform_scale": [
                1.4901119,
                0.9999998,
                1.5292632
            ]
        },
        {
            "template_name": "614ce1e54d693baf5560178dc97fa6ce9d959127",
            "translation": [
                -14.7004995,
                2.7,
                -3.0985996
            ],
            "rotation": [
                -0.1822354,
                0.0,
                0.9832549,
                0.0
            ],
            "motion_type": "static"
        },
        {
            "template_name": "ae8c5d556602da4345b2db888081903a3b689b00",
            "translation": [
                -15.6443099,
                1.3699996,
                2.7109
            ],
            "rotation": [
                0.0,
                0.0,
                0.7071068,
                -0.7071067
            ],
            "motion_type": "static"
        },
        {
            "template_name": "8f39565d1b59c5d7a87c91cfa1e6081703aa8f30",
            "translation": [
                -16.5225791,
                8.940696716308594e-8,
                -1.5284998
            ],
            "rotation": [
                0.7070497,
                0.0,
                0.7071636,
                0.0
            ],
            "motion_type": "static",
            "non_uniform_scale": [
                1.1666666,
                0.9999998,
                0.9374998
            ]
        },
        {
            "template_name": "432ea22941c88f9849c68d2fc40f2ee62af3b303",
            "translation": [
                -13.54708,
                2.60770320892334e-7,
                -4.3192195
            ],
            "rotation": [
                0.7071068,
                0.0,
                0.7071067,
                0.0
            ],
            "motion_type": "static",
            "non_uniform_scale": [
                0.3309783,
                0.9999998,
                0.3755663
            ]
        },
        {
            "template_name": "204-2",
            "translation": [
                -12.9724597,
                1.1200001,
                -3.5309994
            ],
            "rotation": [
                0.7071067,
                0.0,
                0.7071067,
                0.0
            ],
            "motion_type": "static",
            "non_uniform_scale": [
                -0.9999998,
                0.9999998,
                0.9999998
            ]
        },
        {
            "template_name": "3760-29",
            "translation": [
                -16.9724407,
                1.6499998,
                -1.6313897
            ],
            "rotation": [
                0.7071067,
                0.0,
                0.7071067,
                0.0
            ],
            "motion_type": "static",
            "non_uniform_scale": [
                -0.9999998,
                0.9999998,
                0.9999998
            ]
        },
        {
            "template_name": "3760-30",
            "translation": [
                -17.5518665,
                1.6499999,
                -3.6680021
            ],
            "rotation": [
                0.4544787,
                0.0,
                0.8907575,
                0.0
            ],
            "motion_type": "static",
            "non_uniform_scale": [
                -1.0,
                0.9999998,
                0.9999998
            ]
        },
        {
            "template_name": "3760-31",
            "translation": [
                -19.11734,
                1.6500003,
                -8.0222387
            ],
            "motion_type": "static",
            "non_uniform_scale": [
                -1.0,
                0.9999998,
                0.9999998
            ]
        },
        {
            "template_name": "3760-32",
            "translation": [
                -14.5715303,
                1.6500003,
                -8.0222387
            ],
            "motion_type": "static",
            "non_uniform_scale": [
                -1.0,
                0.9999998,
                0.9999998
            ]
        },
        {
            "template_name": "5804-3",
            "translation": [
                -17.1910495,
                1.1200002,
                -8.0222387
            ],
            "motion_type": "static",
            "non_uniform_scale": [
                -1.0,
                0.9999998,
                0.9999998
            ]
        },
        {
            "template_name": "3760-33",
            "translation": [
                -16.9781131,
                1.6499997,
                1.3819297
            ],
            "rotation": [
                0.7081083,
                0.0,
                0.7061036,
                0.0
            ],
            "motion_type": "static",
            "non_uniform_scale": [
                -0.9999998,
                0.9999998,
                0.9999998
            ]
        }
    ],
    "articulated_object_instances": [],
    "stage_instance": {
        "template_name": "stages/104348394_171513453",
        "motion_type": "static"
    },
    "pbr_shader_region_configs": {},
    "user_defined": {
        "scene_filter_file": "scene_filter_files/104348394_171513453.rec_filter.json"
    }
}