{
    "translation_origin": "asset_local",
    "default_lighting": "",
    "navmesh_instance": "",
    "semantic_scene_instance": "hssd_ssd_map",
    "default_pbr_shader_config": "./data/default.pbr_config.json",
    "object_instances": [
        {
            "template_name": "09b4ce57a07c2482a14ff95845394467556a94da",
            "translation": [
                -2.9018599,
                1.7500003,
                -6.8554596
            ],
            "rotation": [
                -0.5,
                -0.5,
                0.5,
                -0.4999999
            ],
            "motion_type": "static"
        },
        {
            "template_name": "b503df1dc71ee39c6b8d7641f310e54565f32825",
            "translation": [
                -6.3639998,
                0.740001,
                -18.3882179
            ],
            "motion_type": "static"
        },
        {
            "template_name": "b503df1dc71ee39c6b8d7641f310e54565f32825",
            "translation": [
                -3.0842401,
                0.740001,
                -18.3882179
            ],
            "motion_type": "static"
        },
        {
            "template_name": "fb79f341d16bfb71aae8fe0ff025fe646e9248ee",
            "translation": [
                -15.25144,
                4.172325134277344e-7,
                -7.2415995
            ],
            "rotation": [
                0.7071068,
                0.0,
                0.7071067,
                0.0
            ],
            "motion_type": "static"
        },
        {
            "template_name": "741ae8bd7dbcc1d629daa6ad63ce451b9171762d",
            "translation": [
                -3.08959,
                4.023313522338867e-7,
                -6.8342494
            ],
            "rotation": [
                0.7071068,
                0.0,
                -0.7071067,
                0.0
            ],
            "motion_type": "static"
        },
        {
            "template_name": "cc57668f1affa1e9b866ce5af34ee20c7e7a0649",
            "translation": [
                -5.4685101,
                7.748603820800781e-7,
                -12.964199
            ],
            "rotation": [
                0.7071068,
                0.0,
                0.7071067,
                0.0
            ],
            "motion_type": "static"
        },
        {
            "template_name": "c194cd9a1d57e52fdf4dfc1aa1c64dbf585e659e",
            "translation": [
                -5.2996902,
                4.76837158203125e-7,
                -8.640541
            ],
            "rotation": [
                0.7071068,
                0.0,
                -0.7071067,
                0.0
            ],
            "motion_type": "static"
        },
        {
            "template_name": "9badc8adb834f29d3ef60485c97e8f8e1a57d5b2",
            "translation": [
                -15.25144,
                1.7500003,
                -6.1208992
            ],
            "rotation": [
                0.7071068,
                0.7071067,
                0.0,
                0.0
            ],
            "motion_type": "static"
        },
        {
            "template_name": "9badc8adb834f29d3ef60485c97e8f8e1a57d5b2",
            "translation": [
                -14.2115602,
                1.7500003,
                -6.1208992
            ],
            "rotation": [
                0.7071068,
                0.7071067,
                0.0,
                0.0
            ],
            "motion_type": "static"
        },
        {
            "template_name": "9badc8adb834f29d3ef60485c97e8f8e1a57d5b2",
            "translation": [
                -5.7185096,
                1.7500008,
                -13.3891887
            ],
            "rotation": [
                0.4999999,
                0.4999999,
                0.5,
                -0.5
            ],
            "motion_type": "static"
        },
        {
            "template_name": "1d438cf2a0be5706ffdbd1489fbfb27f712589a0",
            "translation": [
                -14.6972904,
                1.7500001,
                -3.9542298
            ],
            "rotation": [
                0.7071068,
                0.7071067,
                0.0,
                0.0
            ],
            "motion_type": "static"
        },
        {
            "template_name": "1d438cf2a0be5706ffdbd1489fbfb27f712589a0",
            "translation": [
                -14.7868509,
                1.7500001,
                -4.1042294
            ],
            "rotation": [
                0.0,
                0.0,
                0.7071068,
                -0.7071067
            ],
            "motion_type": "static"
        },
        {
            "template_name": "1d438cf2a0be5706ffdbd1489fbfb27f712589a0",
            "translation": [
                -4.6999998,
                1.7500009,
                -18.5736694
            ],
            "rotation": [
                0.7071068,
                0.7071067,
                0.0,
                0.0
            ],
            "motion_type": "static"
        },
        {
            "template_name": "945acee8cf3e99bf2dd6bfd3991567f72bd3fa46",
            "translation": [
                -4.6035399,
                8.940696716308594e-7,
                -14.8903894
            ],
            "rotation": [
                0.0,
                0.0,
                1.0,
                0.0
            ],
            "motion_type": "static"
        },
        {
            "template_name": "1babc21347ad1d49accb8c6df726aa9f85bdde93_part_1",
            "translation": [
                -1.1586419,
                1.6717261,
                -14.4360885
            ],
            "rotation": [
                0.0,
                0.0,
                0.7071068,
                -0.7071067
            ],
            "motion_type": "static"
        },
        {
            "template_name": "1babc21347ad1d49accb8c6df726aa9f85bdde93_part_1",
            "translation": [
                -0.6002969,
                1.6717263,
                -14.4360866
            ],
            "rotation": [
                0.0,
                0.0,
                0.7071068,
                -0.7071067
            ],
            "motion_type": "static"
        },
        {
            "template_name": "1babc21347ad1d49accb8c6df726aa9f85bdde93_part_1",
            "translation": [
                -1.1586419,
                1.4342408,
                -14.4360904
            ],
            "rotation": [
                0.0,
                0.0,
                0.7071068,
                -0.7071067
            ],
            "motion_type": "static"
        },
        {
            "template_name": "1babc21347ad1d49accb8c6df726aa9f85bdde93_part_1",
            "translation": [
                -0.6002969,
                1.4342408,
                -14.4360885
            ],
            "rotation": [
                0.0,
                0.0,
                0.7071068,
                -0.7071067
            ],
            "motion_type": "static"
        },
        {
            "template_name": "1babc21347ad1d49accb8c6df726aa9f85bdde93_part_5",
            "translation": [
                -1.2403037,
                1.4330908,
                -14.5064239
            ],
            "rotation": [
                0.0,
                0.0,
                0.7071068,
                -0.7071067
            ],
            "motion_type": "static"
        },
        {
            "template_name": "1babc21347ad1d49accb8c6df726aa9f85bdde93_part_6",
            "translation": [
                -1.2577824,
                1.4572732,
                -14.5196847
            ],
            "rotation": [
                0.0,
                0.0,
                0.7071068,
                -0.7071067
            ],
            "motion_type": "static"
        },
        {
            "template_name": "1babc21347ad1d49accb8c6df726aa9f85bdde93_part_7",
            "translation": [
                -1.3249552,
                1.4330908,
                -14.5164747
            ],
            "rotation": [
                0.0,
                0.0,
                0.7071068,
                -0.7071067
            ],
            "motion_type": "static"
        },
        {
            "template_name": "1babc21347ad1d49accb8c6df726aa9f85bdde93_part_8",
            "translation": [
                -1.2164049,
                1.6601332,
                -14.5086936
            ],
            "rotation": [
                0.0,
                0.0,
                0.7071068,
                -0.7071067
            ],
            "motion_type": "static"
        },
        {
            "template_name": "641605b7969986b87e12fe2361ddd0d28ddfebb5",
            "translation": [
                -0.3074049,
                3.5762786865234377e-7,
                -5.4173398
            ],
            "rotation": [
                0.7071068,
                0.0,
                -0.7071067,
                0.0
            ],
            "motion_type": "static"
        },
        {
            "template_name": "77d6a8ac21c433428db1f8a6e5e838e6f9b6ff7f",
            "translation": [
                -1.0202498,
                0.000001,
                -18.0959472
            ],
            "motion_type": "static"
        },
        {
            "template_name": "cc75c57d650ebbdbe15542f83666b417d24f9ae4",
            "translation": [
                -14.1775999,
                3.8743019104003908e-7,
                -6.5556592
            ],
            "rotation": [
                0.0,
                0.0,
                1.0,
                0.0
            ],
            "motion_type": "static"
        },
        {
            "template_name": "69372f02b8cd5732e3fef018a14266a216ad2f1c",
            "translation": [
                -5.5420298,
                0.9600002,
                -6.2054395
            ],
            "rotation": [
                0.0,
                0.0,
                1.0,
                0.0
            ],
            "motion_type": "static"
        },
        {
            "template_name": "69372f02b8cd5732e3fef018a14266a216ad2f1c",
            "translation": [
                -7.8236799,
                0.9600002,
                -6.2054395
            ],
            "rotation": [
                0.0,
                0.0,
                1.0,
                0.0
            ],
            "motion_type": "static"
        },
        {
            "template_name": "abe8226c8f32181625c03ebddac9ece0d04ecebc_part_1",
            "translation": [
                -7.4026508,
                -0.0004301,
                -16.3095359
            ],
            "rotation": [
                0.7071068,
                0.0,
                0.7071067,
                0.0
            ],
            "motion_type": "static"
        },
        {
            "template_name": "abe8226c8f32181625c03ebddac9ece0d04ecebc_part_3",
            "translation": [
                -7.9203653,
                8.642673492431641e-7,
                -16.3040294
            ],
            "rotation": [
                0.7071068,
                0.0,
                0.7071067,
                0.0
            ],
            "motion_type": "static"
        },
        {
            "template_name": "058bf5f0e16f29c82efed87c1c1c1885d7538b28",
            "translation": [
                -0.9090998,
                0.011,
                -1.2937997
            ],
            "rotation": [
                0.7071068,
                0.0,
                -0.7071067,
                0.0
            ],
            "motion_type": "static"
        },
        {
            "template_name": "ffed38b647eeda9899a4a97f26de1f466957fc0b",
            "translation": [
                -7.3751921,
                0.000001,
                -17.8343715
            ],
            "rotation": [
                0.9217935,
                0.0,
                0.3876805,
                0.0
            ],
            "motion_type": "static"
        },
        {
            "template_name": "7618f89a88ec34181bc360a234208afffaeb786f",
            "translation": [
                -0.0974549,
                1.7500008,
                -18.0686378
            ],
            "rotation": [
                -0.5,
                -0.5,
                0.5,
                -0.4999999
            ],
            "motion_type": "static"
        },
        {
            "template_name": "0d9122ccce94ce83e4939a81fba44b933de6b8f4",
            "translation": [
                -3.9149301,
                8.195638656616211e-7,
                -13.8199787
            ],
            "motion_type": "static"
        },
        {
            "template_name": "11e173bf2f7c3fd856ea17644edeef2f2f5eb15e",
            "translation": [
                -2.87134,
                8.344650268554688e-7,
                -13.8336791
            ],
            "rotation": [
                0.7071068,
                0.0,
                0.7071067,
                0.0
            ],
            "motion_type": "static"
        },
        {
            "template_name": "1a3f710ea4a64e2551974e7dbbb067fea14cfce8",
            "translation": [
                -0.9032297,
                1.7500002,
                -6.1675195
            ],
            "rotation": [
                0.0,
                0.0,
                0.7071068,
                -0.7071067
            ],
            "motion_type": "static"
        },
        {
            "template_name": "1a3f710ea4a64e2551974e7dbbb067fea14cfce8",
            "translation": [
                -1.69341,
                1.7500002,
                -6.1675195
            ],
            "rotation": [
                0.0,
                0.0,
                0.7071068,
                -0.7071067
            ],
            "motion_type": "static"
        },
        {
            "template_name": "1a3f710ea4a64e2551974e7dbbb067fea14cfce8",
            "translation": [
                -3.3208098,
                1.7500007,
                -14.2836599
            ],
            "rotation": [
                0.7071068,
                0.7071067,
                0.0,
                0.0
            ],
            "motion_type": "static"
        },
        {
            "template_name": "1a3f710ea4a64e2551974e7dbbb067fea14cfce8",
            "translation": [
                -4.1811699,
                1.7500007,
                -14.2836599
            ],
            "rotation": [
                0.7071068,
                0.7071067,
                0.0,
                0.0
            ],
            "motion_type": "static"
        },
        {
            "template_name": "1a3f710ea4a64e2551974e7dbbb067fea14cfce8",
            "translation": [
                -5.0728201,
                1.7500007,
                -14.2836599
            ],
            "rotation": [
                0.7071068,
                0.7071067,
                0.0,
                0.0
            ],
            "motion_type": "static"
        },
        {
            "template_name": "3f701d5185d5024f919e528d6894e4ea4a0d9a44",
            "translation": [
                -2.34977,
                1.7528002,
                -4.0331892
            ],
            "rotation": [
                -0.5,
                -0.5,
                0.5,
                -0.4999999
            ],
            "motion_type": "static"
        },
        {
            "template_name": "c810f17d1568c63dc86bca63d368735c988dd9d7",
            "translation": [
                -8.3254299,
                1.7500002,
                -6.5514798
            ],
            "rotation": [
                0.4999999,
                0.4999999,
                0.5,
                -0.5
            ],
            "motion_type": "static"
        },
        {
            "template_name": "af29dcc09fcdf441ace7cdb14ae3b5f8501903ea_part_4",
            "translation": [
                -3.7956249,
                1.7499996,
                -1.2274798
            ],
            "rotation": [
                0.4999999,
                0.4999999,
                0.5,
                -0.5
            ],
            "motion_type": "static"
        },
        {
            "template_name": "af29dcc09fcdf441ace7cdb14ae3b5f8501903ea_part_5",
            "translation": [
                -3.5586662,
                1.9707268,
                -1.2252558
            ],
            "rotation": [
                0.4999999,
                0.4999999,
                0.5,
                -0.5
            ],
            "motion_type": "static"
        },
        {
            "template_name": "f2beb8830e8f2cddbeea663730d6a64ca804f059",
            "translation": [
                -2.34977,
                1.7522499,
                -4.1228294
            ],
            "rotation": [
                -0.5,
                -0.5,
                0.5,
                -0.4999999
            ],
            "motion_type": "static"
        },
        {
            "template_name": "e990bfbf3284d95bd7c018c01cca1c2b27488e4f",
            "translation": [
                -14.7105398,
                1.4901161193847657e-7,
                -2.3568296
            ],
            "rotation": [
                0.0,
                0.0,
                1.0,
                0.0
            ],
            "motion_type": "static"
        },
        {
            "template_name": "b2a3170effd0ed0a47d335793daaf91d0599c295",
            "translation": [
                -1.8389,
                2.384185791015625e-7,
                -3.6456899
            ],
            "rotation": [
                0.0,
                0.0,
                1.0,
                0.0
            ],
            "motion_type": "static"
        },
        {
            "template_name": "b2a3170effd0ed0a47d335793daaf91d0599c295",
            "translation": [
                -2.2417099,
                8.940696716308594e-7,
                -14.7725486
            ],
            "rotation": [
                0.0,
                0.0,
                1.0,
                0.0
            ],
            "motion_type": "static"
        },
        {
            "template_name": "3e0006e7af39a0a20efded1630df7d489ed9d56c",
            "translation": [
                -4.6911997,
                0.000001,
                -17.4653873
            ],
            "motion_type": "static"
        },
        {
            "template_name": "65781cebad5e07b85eb4f8d0f013ed09b1057fc2",
            "translation": [
                -0.8775749,
                7.152557373046875e-7,
                -11.5045051
            ],
            "rotation": [
                0.7071068,
                0.0,
                -0.7071067,
                0.0
            ],
            "motion_type": "static"
        },
        {
            "template_name": "f52ebc0034faf1af031438e9e953a78d8e21b50b_part_1",
            "translation": [
                -2.2097229,
                -0.0004307,
                -7.073626
            ],
            "rotation": [
                0.7071068,
                0.0,
                -0.7071067,
                0.0
            ],
            "motion_type": "static"
        },
        {
            "template_name": "f52ebc0034faf1af031438e9e953a78d8e21b50b_part_1",
            "translation": [
                -0.4492878,
                -0.0004309,
                -7.0848126
            ],
            "rotation": [
                0.7071067,
                0.0,
                0.7071068,
                0.0
            ],
            "motion_type": "static"
        },
        {
            "template_name": "f52ebc0034faf1af031438e9e953a78d8e21b50b_part_5",
            "translation": [
                -0.9458249,
                0.0000013,
                -7.0792193
            ],
            "rotation": [
                0.7071068,
                0.0,
                -0.7071067,
                0.0
            ],
            "motion_type": "static"
        },
        {
            "template_name": "f52ebc0034faf1af031438e9e953a78d8e21b50b_part_5",
            "translation": [
                -1.713186,
                0.0000014,
                -7.0792193
            ],
            "rotation": [
                0.7071067,
                0.0,
                0.7071068,
                0.0
            ],
            "motion_type": "static"
        },
        {
            "template_name": "c4acd52f08d53a00c431d867bf75aaa036dd79c6",
            "translation": [
                0.0524797,
                1.75,
                -4.0653195
            ],
            "rotation": [
                0.4999999,
                0.4999999,
                0.5,
                -0.5
            ],
            "motion_type": "static"
        },
        {
            "template_name": "c4acd52f08d53a00c431d867bf75aaa036dd79c6",
            "translation": [
                0.0524797,
                1.7499996,
                -2.5337798
            ],
            "rotation": [
                0.4999999,
                0.4999999,
                0.5,
                -0.5
            ],
            "motion_type": "static"
        },
        {
            "template_name": "c4acd52f08d53a00c431d867bf75aaa036dd79c6",
            "translation": [
                0.0524797,
                1.7499996,
                -0.9121598
            ],
            "rotation": [
                0.4999999,
                0.4999999,
                0.5,
                -0.5
            ],
            "motion_type": "static"
        },
        {
            "template_name": "c4acd52f08d53a00c431d867bf75aaa036dd79c6",
            "translation": [
                -0.6981999,
                1.7499996,
                0.0412199
            ],
            "rotation": [
                0.7071068,
                0.7071067,
                0.0,
                0.0
            ],
            "motion_type": "static"
        },
        {
            "template_name": "c4acd52f08d53a00c431d867bf75aaa036dd79c6",
            "translation": [
                -3.15315,
                1.7499996,
                0.0412199
            ],
            "rotation": [
                0.7071068,
                0.7071067,
                0.0,
                0.0
            ],
            "motion_type": "static"
        },
        {
            "template_name": "c4acd52f08d53a00c431d867bf75aaa036dd79c6",
            "translation": [
                -2.0720698,
                1.7499996,
                0.0412199
            ],
            "rotation": [
                0.7071068,
                0.7071067,
                0.0,
                0.0
            ],
            "motion_type": "static"
        },
        {
            "template_name": "c4acd52f08d53a00c431d867bf75aaa036dd79c6",
            "translation": [
                0.0524797,
                1.7500002,
                -6.9039497
            ],
            "rotation": [
                0.4999999,
                0.4999999,
                0.5,
                -0.5
            ],
            "motion_type": "static"
        },
        {
            "template_name": "c4acd52f08d53a00c431d867bf75aaa036dd79c6",
            "translation": [
                -15.8514394,
                1.7500002,
                -7.2137093
            ],
            "rotation": [
                -0.5,
                -0.5,
                0.5,
                -0.4999999
            ],
            "motion_type": "static"
        },
        {
            "template_name": "c4acd52f08d53a00c431d867bf75aaa036dd79c6",
            "translation": [
                -14.8467903,
                1.7500002,
                -8.5149688
            ],
            "rotation": [
                0.0,
                0.0,
                0.7071068,
                -0.7071067
            ],
            "motion_type": "static"
        },
        {
            "template_name": "c4acd52f08d53a00c431d867bf75aaa036dd79c6",
            "translation": [
                -13.2906398,
                1.7500002,
                -8.5149688
            ],
            "rotation": [
                0.0,
                0.0,
                0.7071068,
                -0.7071067
            ],
            "motion_type": "static"
        },
        {
            "template_name": "c4acd52f08d53a00c431d867bf75aaa036dd79c6",
            "translation": [
                -12.4303102,
                1.7500002,
                -7.8193397
            ],
            "rotation": [
                0.4999999,
                0.4999999,
                0.5,
                -0.5
            ],
            "motion_type": "static"
        },
        {
            "template_name": "c4acd52f08d53a00c431d867bf75aaa036dd79c6",
            "translation": [
                -13.5558805,
                1.7499996,
                -1.1568299
            ],
            "rotation": [
                0.7071068,
                0.7071067,
                0.0,
                0.0
            ],
            "motion_type": "static"
        },
        {
            "template_name": "c4acd52f08d53a00c431d867bf75aaa036dd79c6",
            "translation": [
                -15.8514394,
                1.7500001,
                -5.1287593
            ],
            "rotation": [
                -0.5,
                -0.5,
                0.5,
                -0.4999999
            ],
            "motion_type": "static"
        },
        {
            "template_name": "c4acd52f08d53a00c431d867bf75aaa036dd79c6",
            "translation": [
                -12.1751699,
                1.7499996,
                -1.1568299
            ],
            "rotation": [
                0.7071068,
                0.7071067,
                0.0,
                0.0
            ],
            "motion_type": "static"
        },
        {
            "template_name": "c4acd52f08d53a00c431d867bf75aaa036dd79c6",
            "translation": [
                -15.2285299,
                1.7499996,
                -1.1568299
            ],
            "rotation": [
                0.7071068,
                0.7071067,
                0.0,
                0.0
            ],
            "motion_type": "static"
        },
        {
            "template_name": "c4acd52f08d53a00c431d867bf75aaa036dd79c6",
            "translation": [
                0.0524797,
                1.7500008,
                -17.5370883
            ],
            "rotation": [
                0.4999999,
                0.4999999,
                0.5,
                -0.5
            ],
            "motion_type": "static"
        },
        {
            "template_name": "c4acd52f08d53a00c431d867bf75aaa036dd79c6",
            "translation": [
                -1.9966299,
                1.7500008,
                -18.7236671
            ],
            "rotation": [
                0.0,
                0.0,
                0.7071068,
                -0.7071067
            ],
            "motion_type": "static"
        },
        {
            "template_name": "7f9a126716bf989df5ae42cd85cacc10c81b0841",
            "translation": [
                -4.3453798,
                1.7500003,
                -10.2218885
            ],
            "rotation": [
                0.0,
                0.0,
                0.7071068,
                -0.7071067
            ],
            "motion_type": "static"
        },
        {
            "template_name": "ec684864ea52cd62d5c4c7b2ed642adcb8b16a12",
            "translation": [
                -1.32883,
                7.869675755500794e-8,
                -1.3175698
            ],
            "rotation": [
                0.7071068,
                0.0,
                -0.7071067,
                0.0
            ],
            "motion_type": "static"
        },
        {
            "template_name": "77053008be03b09016371f53787d8488e0ae7d1e",
            "translation": [
                -0.5475897,
                2.384185791015625e-7,
                -4.0521001
            ],
            "motion_type": "static"
        },
        {
            "template_name": "4d9ef2d3865a38064dcf1a71522ec36d43664507",
            "translation": [
                -8.0918302,
                5.364418029785156e-7,
                -9.1631689
            ],
            "rotation": [
                0.7071068,
                0.0,
                0.7071067,
                0.0
            ],
            "motion_type": "static"
        },
        {
            "template_name": "712ef8ca280bad8e1f00da9043b74b8f64f992b2",
            "translation": [
                -5.5085101,
                7.748603820800781e-7,
                -12.9199991
            ],
            "rotation": [
                0.7071068,
                0.0,
                0.7071067,
                0.0
            ],
            "motion_type": "static"
        },
        {
            "template_name": "9b64cef587a9b4069ee8e6504715e3ce1a9b1d67",
            "translation": [
                -12.7934904,
                4.470348358154297e-7,
                -7.7105493
            ],
            "rotation": [
                0.7071068,
                0.0,
                -0.7071067,
                0.0
            ],
            "motion_type": "static"
        },
        {
            "template_name": "5512591fd16c3597295b9e15db083dc360f58772",
            "translation": [
                -4.90595,
                0.1500005,
                -9.7718887
            ],
            "rotation": [
                0.0,
                0.0,
                1.0,
                0.0
            ],
            "motion_type": "static"
        },
        {
            "template_name": "6216443c02c998a6652a016a5facb25d3ffd4b7f",
            "translation": [
                -1.19129,
                8.344650268554688e-7,
                -13.7047586
            ],
            "rotation": [
                0.7071068,
                0.0,
                -0.7071067,
                0.0
            ],
            "motion_type": "static"
        },
        {
            "template_name": "01e667f965e732a23ebea47ea3f4ddaccac214d4",
            "translation": [
                -2.3786098,
                2.9802322387695315e-8,
                -0.5010399
            ],
            "rotation": [
                0.00843,
                0.0,
                0.9999644,
                0.0
            ],
            "motion_type": "static"
        },
        {
            "template_name": "fc3a8896e25e5cc58df58d8e24a75c935ca161ba",
            "translation": [
                -7.9126405,
                6.258487701416016e-7,
                -10.6764392
            ],
            "motion_type": "static"
        },
        {
            "template_name": "84b17c9d5e3d504c959f7ee18b6024bb794e7be7",
            "translation": [
                -1.16207,
                6.854534149169922e-7,
                -11.4963893
            ],
            "rotation": [
                0.7071068,
                0.0,
                -0.7071067,
                0.0
            ],
            "motion_type": "static"
        },
        {
            "template_name": "0e5d951e5e4883df82a2249abc4295e4482143fd",
            "translation": [
                -5.2256774,
                3.15,
                -10.9172134
            ],
            "rotation": [
                0.3786486,
                0.0,
                0.9255405,
                0.0
            ],
            "motion_type": "static"
        },
        {
            "template_name": "0e5d951e5e4883df82a2249abc4295e4482143fd",
            "translation": [
                -5.26054,
                3.0000002,
                -12.7812976
            ],
            "rotation": [
                0.7071068,
                0.0,
                0.7071067,
                0.0
            ],
            "motion_type": "static"
        },
        {
            "template_name": "0e5d951e5e4883df82a2249abc4295e4482143fd",
            "translation": [
                -3.1325399,
                3.0000002,
                -11.7623186
            ],
            "rotation": [
                0.0,
                0.0,
                1.0,
                0.0
            ],
            "motion_type": "static"
        },
        {
            "template_name": "0e5d951e5e4883df82a2249abc4295e4482143fd",
            "translation": [
                -1.0144696,
                2.8000004,
                -10.9480886
            ],
            "motion_type": "static"
        },
        {
            "template_name": "0e5d951e5e4883df82a2249abc4295e4482143fd",
            "translation": [
                -0.85144,
                2.8000006,
                -13.4732789
            ],
            "rotation": [
                0.7071068,
                0.0,
                0.7071067,
                0.0
            ],
            "motion_type": "static"
        },
        {
            "template_name": "0e5d951e5e4883df82a2249abc4295e4482143fd",
            "translation": [
                -3.44595,
                3.2000002,
                -13.5607185
            ],
            "rotation": [
                0.7071068,
                0.0,
                0.7071067,
                0.0
            ],
            "motion_type": "static"
        },
        {
            "template_name": "0e5d951e5e4883df82a2249abc4295e4482143fd",
            "translation": [
                -2.55375,
                3.0000002,
                -10.7924604
            ],
            "rotation": [
                0.0,
                0.0,
                1.0,
                0.0
            ],
            "motion_type": "static"
        },
        {
            "template_name": "c4492609d027c557c5dc1ab8fc83bdd2e7617e12_part_14",
            "translation": [
                -2.3022398,
                5.960464477539063e-7,
                -9.8880443
            ],
            "motion_type": "static"
        },
        {
            "template_name": "c4492609d027c557c5dc1ab8fc83bdd2e7617e12_part_14",
            "translation": [
                -0.281365,
                5.364418029785156e-7,
                -9.4733991
            ],
            "rotation": [
                0.7071068,
                0.0,
                -0.7071067,
                0.0
            ],
            "motion_type": "static"
        },
        {
            "template_name": "c4492609d027c557c5dc1ab8fc83bdd2e7617e12_part_14",
            "translation": [
                -0.281365,
                5.364418029785156e-7,
                -8.5741586
            ],
            "rotation": [
                0.7071068,
                0.0,
                -0.7071067,
                0.0
            ],
            "motion_type": "static"
        },
        {
            "template_name": "c4492609d027c557c5dc1ab8fc83bdd2e7617e12_part_14",
            "translation": [
                -1.4029997,
                5.960464477539063e-7,
                -9.8880443
            ],
            "motion_type": "static"
        },
        {
            "template_name": "c940633bf604b8d2f274ab83828d9ede95672ac8",
            "translation": [
                -5.4732694,
                6.258487701416016e-7,
                -10.5142593
            ],
            "rotation": [
                0.3783329,
                0.0,
                0.9256696,
                0.0
            ],
            "motion_type": "static"
        },
        {
            "template_name": "dfb105709f967015cc2e35a8c828d8edd8cf26fa",
            "translation": [
                -1.15951,
                1.7500002,
                -6.0173392
            ],
            "rotation": [
                0.7071068,
                0.7071067,
                0.0,
                0.0
            ],
            "motion_type": "static"
        },
        {
            "template_name": "4bd1e4ec215403d3239f09517e44568f78da3b40",
            "translation": [
                -13.3671903,
                8.940696716308594e-8,
                -1.5752246
            ],
            "rotation": [
                0.0,
                0.0,
                1.0,
                0.0
            ],
            "motion_type": "static"
        },
        {
            "template_name": "c7be8e09ddfed78562dda471d4289f6cb7e79956_part_1",
            "translation": [
                -6.1434712,
                0.0000844,
                -1.3823635
            ],
            "rotation": [
                0.999992,
                0.0,
                -0.0039678,
                0.0
            ],
            "motion_type": "static"
        },
        {
            "template_name": "c7be8e09ddfed78562dda471d4289f6cb7e79956_part_2",
            "translation": [
                -6.1461243,
                5.960464477539063e-8,
                -0.6793727
            ],
            "rotation": [
                0.999992,
                0.0,
                -0.0039678,
                0.0
            ],
            "motion_type": "static"
        },
        {
            "template_name": "c7be8e09ddfed78562dda471d4289f6cb7e79956_part_2",
            "translation": [
                -5.4147634,
                5.960464477539063e-8,
                -0.6735681
            ],
            "rotation": [
                0.999992,
                0.0,
                -0.0039678,
                0.0
            ],
            "motion_type": "static"
        },
        {
            "template_name": "c7be8e09ddfed78562dda471d4289f6cb7e79956_part_2",
            "translation": [
                -4.6595592,
                1.7881393432617188e-7,
                -1.3706338
            ],
            "rotation": [
                0.7099068,
                0.0,
                0.7042952,
                0.0
            ],
            "motion_type": "static"
        },
        {
            "template_name": "c7be8e09ddfed78562dda471d4289f6cb7e79956_part_2",
            "translation": [
                -5.4045877,
                5.960464477539063e-8,
                -2.0849797
            ],
            "rotation": [
                0.0039678,
                0.0,
                0.999992,
                0.0
            ],
            "motion_type": "static"
        },
        {
            "template_name": "c7be8e09ddfed78562dda471d4289f6cb7e79956_part_2",
            "translation": [
                -6.1359491,
                5.960464477539063e-8,
                -2.090784
            ],
            "rotation": [
                0.0039678,
                0.0,
                0.999992,
                0.0
            ],
            "motion_type": "static"
        },
        {
            "template_name": "c7be8e09ddfed78562dda471d4289f6cb7e79956_part_2",
            "translation": [
                -6.8518652,
                5.960464477539063e-8,
                -2.0964658
            ],
            "rotation": [
                0.0039678,
                0.0,
                0.999992,
                0.0
            ],
            "motion_type": "static"
        },
        {
            "template_name": "c7be8e09ddfed78562dda471d4289f6cb7e79956_part_2",
            "translation": [
                -7.6377968,
                5.960464477539063e-8,
                -1.3934227
            ],
            "rotation": [
                -0.7042952,
                0.0,
                0.7099068,
                0.0
            ],
            "motion_type": "static"
        },
        {
            "template_name": "c7be8e09ddfed78562dda471d4289f6cb7e79956_part_2",
            "translation": [
                -6.8620409,
                5.960464477539063e-8,
                -0.6850541
            ],
            "rotation": [
                0.999992,
                0.0,
                -0.0039678,
                0.0
            ],
            "motion_type": "static"
        },
        {
            "template_name": "b759f0cf80e62d9701b18edb6791d2172cf11c36",
            "translation": [
                -3.1084051,
                0.0000011,
                -18.3450679
            ],
            "motion_type": "static"
        },
        {
            "template_name": "b759f0cf80e62d9701b18edb6791d2172cf11c36",
            "translation": [
                -6.3672046,
                0.0000011,
                -18.3450679
            ],
            "motion_type": "static"
        },
        {
            "template_name": "9a620350caa41346caabf7b3c30b1dd863631a9e",
            "translation": [
                -2.7518601,
                1.7500003,
                -6.6173396
            ],
            "rotation": [
                0.4999999,
                0.4999999,
                0.5,
                -0.5
            ],
            "motion_type": "static"
        },
        {
            "template_name": "f8261de437a1f1f23263e4df0deb0a493ed52387_part_1",
            "translation": [
                -3.84271,
                6.258487701416016e-7,
                -10.5266885
            ],
            "rotation": [
                0.0,
                0.0,
                1.0,
                0.0
            ],
            "motion_type": "static"
        },
        {
            "template_name": "f8261de437a1f1f23263e4df0deb0a493ed52387_part_2",
            "translation": [
                -4.2033967,
                5.364418029785156e-7,
                -10.5266885
            ],
            "rotation": [
                0.0,
                0.0,
                1.0,
                0.0
            ],
            "motion_type": "static"
        },
        {
            "template_name": "f8261de437a1f1f23263e4df0deb0a493ed52387_part_2",
            "translation": [
                -3.4820234,
                5.960464477539063e-7,
                -10.5266885
            ],
            "motion_type": "static"
        },
        {
            "template_name": "962c8e355adf204032a9c724483ee0a2d388dbf5",
            "translation": [
                -6.6519899,
                3.8743019104003908e-7,
                -6.4290242
            ],
            "rotation": [
                0.0,
                0.0,
                1.0,
                0.0
            ],
            "motion_type": "static"
        },
        {
            "template_name": "6c7289d3f8c66ae6837a5bcce7016306e2bd6fed",
            "translation": [
                -3.6855802,
                6.69620931148529e-7,
                -11.233819
            ],
            "rotation": [
                0.0,
                0.0,
                1.0,
                0.0
            ],
            "motion_type": "static"
        },
        {
            "template_name": "0d129d28eedc44412baecf233dfa67e62a255201",
            "translation": [
                -4.95897,
                8.195638656616211e-7,
                -13.8240203
            ],
            "rotation": [
                0.7071068,
                0.0,
                0.7071067,
                0.0
            ],
            "motion_type": "static"
        },
        {
            "template_name": "4a8137033dba849dc8e9ed7849ad420550f20c28",
            "translation": [
                -2.3612198,
                0.000001,
                -18.1046676
            ],
            "rotation": [
                0.7071068,
                0.0,
                0.7071067,
                0.0
            ],
            "motion_type": "static"
        },
        {
            "template_name": "3f3fec9b2386980336f453c04cb7cdd4d3a6bad7",
            "translation": [
                -8.3199396,
                1.7500007,
                -13.3328886
            ],
            "rotation": [
                0.4999999,
                0.4999999,
                0.5,
                -0.5
            ],
            "motion_type": "static"
        },
        {
            "template_name": "3f7921938fbc6bf8089211ea8cbedfaa4edb469e",
            "translation": [
                -8.1069402,
                4.76837158203125e-7,
                -8.2910089
            ],
            "rotation": [
                0.7071068,
                0.0,
                0.7071067,
                0.0
            ],
            "motion_type": "static"
        },
        {
            "template_name": "fa4157def4e294f4fc7c68000d99b90821e47f75",
            "translation": [
                -5.5335102,
                3.8743019104003908e-7,
                -6.3905696
            ],
            "rotation": [
                0.0,
                0.0,
                1.0,
                0.0
            ],
            "motion_type": "static"
        },
        {
            "template_name": "fa4157def4e294f4fc7c68000d99b90821e47f75",
            "translation": [
                -7.8151597,
                3.8743019104003908e-7,
                -6.3905696
            ],
            "rotation": [
                0.0,
                0.0,
                1.0,
                0.0
            ],
            "motion_type": "static"
        },
        {
            "template_name": "c59d292da3e13710b163afb8324ab7141a6cfb61",
            "translation": [
                -11.1666793,
                1.1920928955078126e-7,
                -2.7646298
            ],
            "rotation": [
                0.7071068,
                0.0,
                -0.7071067,
                0.0
            ],
            "motion_type": "static"
        },
        {
            "template_name": "6cf17da9a4062b73cafe548996b92e167d023a9a_part_2",
            "translation": [
                -12.0355663,
                1.1920928955078126e-7,
                -1.5900602
            ],
            "rotation": [
                0.7071068,
                0.0,
                0.7071067,
                0.0
            ],
            "motion_type": "static"
        },
        {
            "template_name": "6cf17da9a4062b73cafe548996b92e167d023a9a_part_2",
            "translation": [
                -12.5778694,
                1.1920928955078126e-7,
                -2.1776943
            ],
            "rotation": [
                0.3007816,
                0.0,
                0.9536929,
                0.0
            ],
            "motion_type": "static"
        },
        {
            "template_name": "6cf17da9a4062b73cafe548996b92e167d023a9a_part_3",
            "translation": [
                -12.5617208,
                8.940696716308594e-8,
                -1.6066011
            ],
            "rotation": [
                0.7071068,
                0.0,
                0.7071067,
                0.0
            ],
            "motion_type": "static"
        },
        {
            "template_name": "bfb4b2a7d105c96efa8bb813240a3361ad15bd69",
            "translation": [
                -6.0465102,
                7.748603820800781e-7,
                -13.0489587
            ],
            "rotation": [
                0.7071068,
                0.0,
                -0.7071067,
                0.0
            ],
            "motion_type": "static"
        },
        {
            "template_name": "00a843989a32df31a10bc8129fa6801d768855c5",
            "translation": [
                -15.7014398,
                1.75,
                -2.2602598
            ],
            "rotation": [
                0.4999999,
                0.4999999,
                0.5,
                -0.5
            ],
            "motion_type": "static"
        },
        {
            "template_name": "00a843989a32df31a10bc8129fa6801d768855c5",
            "translation": [
                -15.7014398,
                1.7500001,
                -3.2561399
            ],
            "rotation": [
                0.4999999,
                0.4999999,
                0.5,
                -0.5
            ],
            "motion_type": "static"
        },
        {
            "template_name": "00a843989a32df31a10bc8129fa6801d768855c5",
            "translation": [
                -13.01159,
                1.75,
                -2.2160596
            ],
            "rotation": [
                -0.5,
                -0.5,
                0.5,
                -0.4999999
            ],
            "motion_type": "static"
        },
        {
            "template_name": "00a843989a32df31a10bc8129fa6801d768855c5",
            "translation": [
                -2.85152,
                1.7500003,
                -10.2218885
            ],
            "rotation": [
                0.0,
                0.0,
                0.7071068,
                -0.7071067
            ],
            "motion_type": "static"
        },
        {
            "template_name": "00a843989a32df31a10bc8129fa6801d768855c5",
            "translation": [
                -5.1073799,
                1.7500003,
                -10.2218885
            ],
            "rotation": [
                0.0,
                0.0,
                0.7071068,
                -0.7071067
            ],
            "motion_type": "static"
        },
        {
            "template_name": "b87c691a43f5d0f5d35bf759a8ea7cc0a2252af2",
            "translation": [
                -13.01159,
                1.7500001,
                -3.2043795
            ],
            "rotation": [
                -0.5,
                -0.5,
                0.5,
                -0.4999999
            ],
            "motion_type": "static"
        },
        {
            "template_name": "b87c691a43f5d0f5d35bf759a8ea7cc0a2252af2",
            "translation": [
                -10.8572788,
                1.7500002,
                -5.1984996
            ],
            "rotation": [
                -0.5,
                -0.5,
                0.5,
                -0.4999999
            ],
            "motion_type": "static"
        },
        {
            "template_name": "b87c691a43f5d0f5d35bf759a8ea7cc0a2252af2",
            "translation": [
                -3.5928399,
                1.7500003,
                -10.2218885
            ],
            "rotation": [
                0.0,
                0.0,
                0.7071068,
                -0.7071067
            ],
            "motion_type": "static"
        },
        {
            "template_name": "b87c691a43f5d0f5d35bf759a8ea7cc0a2252af2",
            "translation": [
                -2.10343,
                1.7500003,
                -10.2218885
            ],
            "rotation": [
                0.0,
                0.0,
                0.7071068,
                -0.7071067
            ],
            "motion_type": "static"
        },
        {
            "template_name": "eb507382bbec176e7ccfb7867b0588031275a69c",
            "translation": [
                -2.5748102,
                6.258487701416016e-7,
                -10.5140886
            ],
            "motion_type": "static"
        },
        {
            "template_name": "29e15439b2a076e131c5548a8966eab052468e7e",
            "translation": [
                -0.2568899,
                9.5367431640625e-7,
                -16.077568
            ],
            "rotation": [
                0.7071068,
                0.0,
                -0.7071067,
                0.0
            ],
            "motion_type": "static"
        },
        {
            "template_name": "049ace75a833785e8067da57c66cb7bb302e5611",
            "translation": [
                -14.8432197,
                3.2782554626464846e-7,
                -5.6280593
            ],
            "motion_type": "static"
        },
        {
            "template_name": "76d114aea1c89ed0d8d12b61cccfc4b91282b1c2",
            "translation": [
                -5.8377199,
                8.940696716308594e-7,
                -14.8504381
            ],
            "rotation": [
                0.7071068,
                0.0,
                -0.7071067,
                0.0
            ],
            "motion_type": "static"
        },
        {
            "template_name": "47744caae139cdb6f742ccf066b36c8a4a3e83b8",
            "translation": [
                -3.2831799,
                8.940696716308594e-7,
                -14.7864589
            ],
            "rotation": [
                0.0,
                0.0,
                1.0,
                0.0
            ],
            "motion_type": "static"
        },
        {
            "template_name": "3759-0",
            "translation": [
                -15.7764396,
                1.3000003,
                -5.0885796
            ],
            "rotation": [
                0.7071068,
                0.0,
                -0.7071067,
                0.0
            ],
            "motion_type": "static",
            "non_uniform_scale": [
                -0.9999998,
                0.9999998,
                0.9999998
            ]
        },
        {
            "template_name": "3759-0",
            "translation": [
                -15.7764396,
                1.3000004,
                -7.2297692
            ],
            "rotation": [
                0.7071067,
                0.0,
                0.7071067,
                0.0
            ],
            "motion_type": "static",
            "non_uniform_scale": [
                -0.9999998,
                0.9999998,
                0.9999998
            ]
        },
        {
            "template_name": "3759-0",
            "translation": [
                -13.2680606,
                1.3000005,
                -8.439969
            ],
            "motion_type": "static",
            "non_uniform_scale": [
                -1.0,
                0.9999998,
                0.9999998
            ]
        },
        {
            "template_name": "3759-0",
            "translation": [
                -14.8607797,
                1.3000005,
                -8.439969
            ],
            "motion_type": "static",
            "non_uniform_scale": [
                -1.0,
                0.9999998,
                0.9999998
            ]
        },
        {
            "template_name": "3759-0",
            "translation": [
                -12.50531,
                1.3000004,
                -7.7770495
            ],
            "rotation": [
                0.7071068,
                0.0,
                -0.7071067,
                0.0
            ],
            "motion_type": "static",
            "non_uniform_scale": [
                -0.9999998,
                0.9999998,
                0.9999998
            ]
        },
        {
            "template_name": "205-0",
            "translation": [
                -11.3889102,
                1.1200002,
                -6.195899
            ],
            "motion_type": "static"
        },
        {
            "template_name": "3759-0",
            "translation": [
                -12.2019596,
                1.2999999,
                -1.2318296
            ],
            "motion_type": "static",
            "non_uniform_scale": [
                -1.0,
                0.9999998,
                0.9999998
            ]
        },
        {
            "template_name": "3759-0",
            "translation": [
                -13.5341796,
                1.2999999,
                -1.2318296
            ],
            "motion_type": "static",
            "non_uniform_scale": [
                -1.0,
                0.9999998,
                0.9999998
            ]
        },
        {
            "template_name": "3759-0",
            "translation": [
                -15.1799402,
                1.2999999,
                -1.2318296
            ],
            "motion_type": "static",
            "non_uniform_scale": [
                -1.0,
                0.9999998,
                0.9999998
            ]
        },
        {
            "template_name": "3760-1",
            "translation": [
                -0.02252,
                1.5499999,
                -2.4887397
            ],
            "rotation": [
                0.7071068,
                0.0,
                -0.7071067,
                0.0
            ],
            "motion_type": "static",
            "non_uniform_scale": [
                -0.9999998,
                0.9999998,
                0.9999998
            ]
        },
        {
            "template_name": "3760-1",
            "translation": [
                -0.02252,
                1.5499999,
                -0.8220697
            ],
            "rotation": [
                0.7071068,
                0.0,
                -0.7071067,
                0.0
            ],
            "motion_type": "static",
            "non_uniform_scale": [
                -0.9999998,
                0.9999998,
                0.9999998
            ]
        },
        {
            "template_name": "3760-1",
            "translation": [
                -0.76577,
                1.5499999,
                -0.0337799
            ],
            "rotation": [
                0.0,
                0.0,
                1.0,
                0.0
            ],
            "motion_type": "static",
            "non_uniform_scale": [
                -1.0,
                0.9999998,
                0.9999998
            ]
        },
        {
            "template_name": "3760-1",
            "translation": [
                -2.04955,
                1.5499999,
                -0.0337799
            ],
            "rotation": [
                0.0,
                0.0,
                1.0,
                0.0
            ],
            "motion_type": "static",
            "non_uniform_scale": [
                -1.0,
                0.9999998,
                0.9999998
            ]
        },
        {
            "template_name": "3760-1",
            "translation": [
                -3.1981999,
                1.5499999,
                -0.0337799
            ],
            "rotation": [
                0.0,
                0.0,
                1.0,
                0.0
            ],
            "motion_type": "static",
            "non_uniform_scale": [
                -1.0,
                0.9999998,
                0.9999998
            ]
        },
        {
            "template_name": "3760-1",
            "translation": [
                -0.02252,
                1.5499999,
                -4.0427894
            ],
            "rotation": [
                0.7071068,
                0.0,
                -0.7071067,
                0.0
            ],
            "motion_type": "static",
            "non_uniform_scale": [
                -0.9999998,
                0.9999998,
                0.9999998
            ]
        },
        {
            "template_name": "3760-1",
            "translation": [
                -5.2702698,
                1.5499999,
                -0.0337799
            ],
            "rotation": [
                0.0,
                0.0,
                1.0,
                0.0
            ],
            "motion_type": "static",
            "non_uniform_scale": [
                -1.0,
                0.9999998,
                0.9999998
            ]
        },
        {
            "template_name": "3760-1",
            "translation": [
                -6.8693695,
                1.5499999,
                -0.0337799
            ],
            "rotation": [
                0.0,
                0.0,
                1.0,
                0.0
            ],
            "motion_type": "static",
            "non_uniform_scale": [
                -1.0,
                0.9999998,
                0.9999998
            ]
        },
        {
            "template_name": "3754-0",
            "translation": [
                -8.4008998,
                1.45,
                -2.2635099
            ],
            "rotation": [
                0.7071067,
                0.0,
                0.7071067,
                0.0
            ],
            "motion_type": "static",
            "non_uniform_scale": [
                -0.9999998,
                0.9999998,
                0.9999998
            ]
        },
        {
            "template_name": "3760-1",
            "translation": [
                -8.4008998,
                1.5499999,
                -0.9346799
            ],
            "rotation": [
                0.7071067,
                0.0,
                0.7071067,
                0.0
            ],
            "motion_type": "static",
            "non_uniform_scale": [
                -0.9999998,
                0.9999998,
                0.9999998
            ]
        },
        {
            "template_name": "4076-2",
            "translation": [
                -8.4008998,
                1.1200002,
                -4.3179492
            ],
            "rotation": [
                0.7071067,
                0.0,
                0.7071067,
                0.0
            ],
            "motion_type": "static",
            "non_uniform_scale": [
                -0.9999998,
                0.9999998,
                0.9999998
            ]
        },
        {
            "template_name": "204-2",
            "translation": [
                -8.397974,
                1.1200002,
                -7.3740496
            ],
            "rotation": [
                0.7079135,
                0.0,
                0.706299,
                0.0
            ],
            "motion_type": "static"
        },
        {
            "template_name": "3756-1",
            "translation": [
                -8.3949403,
                1.7700008,
                -16.231678
            ],
            "rotation": [
                0.7071067,
                0.0,
                0.7071067,
                0.0
            ],
            "motion_type": "static",
            "non_uniform_scale": [
                -0.9999998,
                0.9999998,
                0.9999998
            ]
        },
        {
            "template_name": "3756-1",
            "translation": [
                -8.3949403,
                1.7700009,
                -17.5942287
            ],
            "rotation": [
                0.7071067,
                0.0,
                0.7071067,
                0.0
            ],
            "motion_type": "static",
            "non_uniform_scale": [
                -0.9999998,
                0.9999998,
                0.9999998
            ]
        },
        {
            "template_name": "3756-1",
            "translation": [
                -3.2892296,
                1.7700009,
                -18.6486682
            ],
            "motion_type": "static",
            "non_uniform_scale": [
                -1.0,
                0.9999998,
                0.9999998
            ]
        },
        {
            "template_name": "3756-1",
            "translation": [
                -6.4484004,
                1.7700009,
                -18.6486682
            ],
            "motion_type": "static",
            "non_uniform_scale": [
                -1.0,
                0.9999998,
                0.9999998
            ]
        },
        {
            "template_name": "3756-1",
            "translation": [
                -2.0146501,
                1.7700009,
                -18.6486682
            ],
            "motion_type": "static",
            "non_uniform_scale": [
                -1.0,
                0.9999998,
                0.9999998
            ]
        },
        {
            "template_name": "3760-1",
            "translation": [
                -0.02252,
                1.5500004,
                -6.9465889
            ],
            "rotation": [
                0.7071068,
                0.0,
                -0.7071067,
                0.0
            ],
            "motion_type": "static",
            "non_uniform_scale": [
                -0.9999998,
                0.9999998,
                0.9999998
            ]
        },
        {
            "template_name": "3754-0",
            "translation": [
                -0.02252,
                1.4500006,
                -13.7959089
            ],
            "rotation": [
                0.7071067,
                0.0,
                0.7071067,
                0.0
            ],
            "motion_type": "static",
            "non_uniform_scale": [
                -0.9999998,
                0.9999998,
                0.9999998
            ]
        },
        {
            "template_name": "3754-0",
            "translation": [
                -0.02252,
                1.4500006,
                -12.3098278
            ],
            "rotation": [
                0.7071067,
                0.0,
                0.7071067,
                0.0
            ],
            "motion_type": "static",
            "non_uniform_scale": [
                -0.9999998,
                0.9999998,
                0.9999998
            ]
        },
        {
            "template_name": "3756-1",
            "translation": [
                -0.0225198,
                1.7700004,
                -10.964529
            ],
            "rotation": [
                0.7071067,
                0.0,
                0.7071067,
                0.0
            ],
            "motion_type": "static",
            "non_uniform_scale": [
                -0.9999998,
                0.9999998,
                0.9999998
            ]
        },
        {
            "template_name": "3756-1",
            "translation": [
                -0.02252,
                1.7700009,
                -17.4830284
            ],
            "rotation": [
                0.7071068,
                0.0,
                -0.7071067,
                0.0
            ],
            "motion_type": "static",
            "non_uniform_scale": [
                -0.9999998,
                0.9999998,
                0.9999998
            ]
        }
    ],
    "articulated_object_instances": [],
    "stage_instance": {
        "template_name": "stages/104862573_172226682",
        "motion_type": "static"
    },
    "pbr_shader_region_configs": {},
    "user_defined": {
        "scene_filter_file": "scene_filter_files/104862573_172226682.rec_filter.json"
    }
}