{
    "translation_origin": "asset_local",
    "default_lighting": "",
    "navmesh_instance": "",
    "object_instances": [
        {
            "template_name": "3bd3f3a882da9283719fe1d238ad49d88760d0c3",
            "translation": [
                -4.7102198,
                -1.1920928955078125e-07,
                2.1951198
            ],
            "rotation": [
                0.7071068,
                0.0,
                -0.7071067,
                0.0
            ],
            "motion_type": "static"
        },
        {
            "template_name": "5a78d11b8db1d16be0128bd1a5ccd5febfbe099e",
            "translation": [
                -0.1797699,
                0.4900001,
                -3.2261297
            ],
            "rotation": [
                0.7071068,
                0.0,
                -0.7071067,
                0.0
            ],
            "motion_type": "static"
        },
        {
            "template_name": "b6269374895fd9fdc7c86da11ad46a03e8b87682",
            "translation": [
                -9.5570497,
                2.384185791015625e-07,
                -3.7523996
            ],
            "rotation": [
                0.7071068,
                0.0,
                0.7071067,
                0.0
            ],
            "motion_type": "static"
        },
        {
            "template_name": "b2a384772966d2ece10f4744ec989455bb67c6de",
            "translation": [
                -9.08854,
                -1.862645149230957e-07,
                3.0812797
            ],
            "motion_type": "static"
        },
        {
            "template_name": "a1ef5b93eaf029da57b49fb31ed5e05c01003749",
            "translation": [
                -5.73175,
                -1.4808028936386108e-07,
                2.4845798
            ],
            "rotation": [
                0.7071068,
                0.0,
                -0.7071067,
                0.0
            ],
            "motion_type": "static"
        },
        {
            "template_name": "7caa1c9b938aca4edb801de0c96189c59b20f7e6",
            "translation": [
                -6.6821599,
                -2.086162567138672e-07,
                3.4630796
            ],
            "rotation": [
                0.7071068,
                0.0,
                0.7071067,
                0.0
            ],
            "motion_type": "static"
        },
        {
            "template_name": "6eff587f10b5f78090445356d4548eeab71fae3e",
            "translation": [
                -4.4833002,
                -1.1920928955078125e-07,
                1.7721498
            ],
            "rotation": [
                0.7071068,
                0.0,
                -0.7071067,
                0.0
            ],
            "motion_type": "static"
        },
        {
            "template_name": "de016d31ad24004bf75eeb8c0107e966c626133f",
            "translation": [
                -6.6389603,
                0.7089998,
                1.7785699
            ],
            "rotation": [
                0.7071068,
                0.0,
                -0.7071067,
                0.0
            ],
            "motion_type": "static"
        },
        {
            "template_name": "843558e67124f37f2666de50b9727e6fa4494232",
            "translation": [
                -4.0444102,
                2.086162567138672e-07,
                -3.4882595
            ],
            "rotation": [
                0.7071068,
                0.0,
                -0.7071067,
                0.0
            ],
            "motion_type": "static"
        },
        {
            "template_name": "03b9da6158d9f400ab8842ead21e2644f596ddee",
            "translation": [
                -4.8008799,
                1.7952998,
                -0.0463499
            ],
            "rotation": [
                0.7071068,
                0.7071067,
                0.0,
                0.0
            ],
            "motion_type": "static"
        },
        {
            "template_name": "fcbd5b4248b9d224b000d36ec0a923993d8d69d7_part_11",
            "translation": [
                -11.1491508,
                -2.980232238769531e-07,
                -1.5167202
            ],
            "rotation": [
                0.7071068,
                0.0,
                0.7071067,
                0.0
            ],
            "motion_type": "static"
        },
        {
            "template_name": "6e8ba0503682447c09014295ae4e35b1f3fc1f5f",
            "translation": [
                -1.47674,
                1.4445902,
                -5.3785047
            ],
            "rotation": [
                0.7071068,
                0.7071067,
                0.0,
                0.0
            ],
            "motion_type": "static"
        },
        {
            "template_name": "1d438cf2a0be5706ffdbd1489fbfb27f712589a0",
            "translation": [
                -6.4321599,
                1.3189496,
                1.7223601
            ],
            "rotation": [
                -0.5,
                -0.5,
                0.5,
                -0.4999999
            ],
            "motion_type": "static"
        },
        {
            "template_name": "694d64889ab8999c2ada361050a00d89675f7781",
            "translation": [
                -4.6478199,
                0.0,
                0.5886499
            ],
            "rotation": [
                0.7071068,
                0.0,
                -0.7071067,
                0.0
            ],
            "motion_type": "static"
        },
        {
            "template_name": "7258807d160c815dc001a59b6a6be88f5b9ea898",
            "translation": [
                -4.7381,
                1.7499998,
                -0.4613498
            ],
            "rotation": [
                0.0,
                0.0,
                0.7071068,
                -0.7071067
            ],
            "motion_type": "static"
        },
        {
            "template_name": "b5d82a59f497f2d8f8df845c8d0da0997541ff3b",
            "translation": [
                -2.6108899,
                1.5299997,
                3.4693498
            ],
            "rotation": [
                0.7071068,
                0.0,
                -0.7071067,
                0.0
            ],
            "motion_type": "static"
        },
        {
            "template_name": "906d71ff11f2bdcea5d37916ed1fd0c77259579d",
            "translation": [
                -10.4279308,
                -1.1920928955078125e-07,
                1.87784
            ],
            "rotation": [
                0.7071068,
                0.0,
                0.7071067,
                0.0
            ],
            "motion_type": "static"
        },
        {
            "template_name": "5490204f6f1763c1ec45b7e6e5b4e2608a86b6c7",
            "translation": [
                -2.3567099,
                -7.031485438346863e-08,
                1.1815699
            ],
            "rotation": [
                -0.2305634,
                0.0,
                0.9730572,
                0.0
            ],
            "motion_type": "static"
        },
        {
            "template_name": "d4e3e02c7f173b63983be9dd6754f3dc053f5490",
            "translation": [
                -8.7929801,
                -9.080395102500916e-08,
                1.5198397
            ],
            "rotation": [
                0.7071068,
                0.0,
                -0.7071067,
                0.0
            ],
            "motion_type": "static"
        },
        {
            "template_name": "20e9177223672e9bf6bd79a4db6022cb27c03e58",
            "translation": [
                -9.83498,
                -2.384185791015625e-07,
                3.9673297
            ],
            "motion_type": "static"
        },
        {
            "template_name": "538f11be1a17f9f645ca8e83fd5555baa3abdf66",
            "translation": [
                -0.3010213,
                0.7619998,
                1.5533198
            ],
            "rotation": [
                -0.5413117,
                0.0,
                0.8408219,
                0.0
            ],
            "motion_type": "static"
        },
        {
            "template_name": "34170a3abede075d1e15942197394d95ee063bf7",
            "translation": [
                -10.5237302,
                -2.384185791015625e-07,
                3.8932697
            ],
            "rotation": [
                0.2419219,
                0.0,
                0.9702957,
                0.0
            ],
            "motion_type": "static"
        },
        {
            "template_name": "e3336af016f47fccf39e1683a8f537fef5efe05d",
            "translation": [
                -0.24095,
                0.7619998,
                0.99219
            ],
            "rotation": [
                -0.6599228,
                0.0,
                0.7513333,
                0.0
            ],
            "motion_type": "static"
        },
        {
            "template_name": "e3336af016f47fccf39e1683a8f537fef5efe05d",
            "translation": [
                -0.45442,
                0.762,
                0.20888
            ],
            "rotation": [
                0.91277,
                0.0,
                -0.4084737,
                0.0
            ],
            "motion_type": "static"
        },
        {
            "template_name": "a26d4df493924068eca71b940a3fe9966d685baa",
            "translation": [
                -0.6846299,
                0.0,
                -0.0439599
            ],
            "rotation": [
                0.0,
                0.0,
                1.0,
                0.0
            ],
            "motion_type": "static"
        },
        {
            "template_name": "58038ec89b90f23a319ba82181cd6075f9cc7e9d",
            "translation": [
                -10.4978599,
                1.1920928955078125e-07,
                -1.8968998
            ],
            "rotation": [
                0.0,
                0.0,
                1.0,
                0.0
            ],
            "motion_type": "static"
        },
        {
            "template_name": "58038ec89b90f23a319ba82181cd6075f9cc7e9d",
            "translation": [
                -9.4792098,
                1.1920928955078125e-07,
                -1.8968998
            ],
            "rotation": [
                0.0,
                0.0,
                1.0,
                0.0
            ],
            "motion_type": "static"
        },
        {
            "template_name": "58038ec89b90f23a319ba82181cd6075f9cc7e9d",
            "translation": [
                -8.4888696,
                1.4901161193847656e-07,
                -2.6200697
            ],
            "rotation": [
                0.7071068,
                0.0,
                -0.7071067,
                0.0
            ],
            "motion_type": "static"
        },
        {
            "template_name": "a536e8f30b7941256dfd8a5b8d93903011987572",
            "translation": [
                -1.1419999,
                1.4901161193847656e-07,
                -2.3453998
            ],
            "rotation": [
                0.0,
                0.0,
                1.0,
                0.0
            ],
            "motion_type": "static"
        },
        {
            "template_name": "79208602e24336c463c0e52f5ed94794756de9df",
            "translation": [
                -7.2281203,
                3.129243850708008e-07,
                -5.2061095
            ],
            "motion_type": "static"
        },
        {
            "template_name": "e97d688a2e3203ae2eb687915b8b280f6652beec",
            "translation": [
                -6.2821545,
                1.1393496,
                2.4388899
            ],
            "rotation": [
                0.4999999,
                0.4999999,
                0.5,
                -0.5
            ],
            "motion_type": "static"
        },
        {
            "template_name": "a149eb75978abe43e1c968676d3d52b1759b9b5a",
            "translation": [
                -9.7354507,
                1.7500003,
                -5.3785796
            ],
            "rotation": [
                0.7071068,
                0.7071067,
                0.0,
                0.0
            ],
            "motion_type": "static"
        },
        {
            "template_name": "ff5725aa43f042c86751cb55d81fcc40d7881f43",
            "translation": [
                -3.9053299,
                1.6001998,
                2.38841
            ],
            "rotation": [
                0.9997143,
                0.0,
                0.0239025,
                0.0
            ],
            "motion_type": "static"
        },
        {
            "template_name": "869a49f22f68a2d39f548138aa5165743aaf790a_part_1",
            "translation": [
                -11.2512397,
                1.988197,
                -1.448637
            ],
            "rotation": [
                0.4999999,
                0.4999999,
                0.5,
                -0.5
            ],
            "motion_type": "static"
        },
        {
            "template_name": "869a49f22f68a2d39f548138aa5165743aaf790a_part_3",
            "translation": [
                -11.3650522,
                1.9379527,
                -1.1562459
            ],
            "rotation": [
                0.4999999,
                0.4999999,
                0.5,
                -0.5
            ],
            "motion_type": "static"
        },
        {
            "template_name": "869a49f22f68a2d39f548138aa5165743aaf790a_part_4",
            "translation": [
                -11.3520126,
                1.752277,
                -1.1756198
            ],
            "rotation": [
                0.4999999,
                0.4999999,
                0.5,
                -0.5
            ],
            "motion_type": "static"
        },
        {
            "template_name": "869a49f22f68a2d39f548138aa5165743aaf790a_part_6",
            "translation": [
                -11.3104896,
                1.917038,
                -0.9086946
            ],
            "rotation": [
                0.4999999,
                0.4999999,
                0.5,
                -0.5
            ],
            "motion_type": "static"
        },
        {
            "template_name": "09b7f888a08a35d64d05e5f94cde9b75715c9a6d",
            "translation": [
                -10.7184066,
                0.8900001,
                -5.0298194
            ],
            "rotation": [
                0.983793,
                0.0,
                0.1793079,
                0.0
            ],
            "motion_type": "static"
        },
        {
            "template_name": "bc71f73e9f0f3ab3fee5f8a00085d8f6d51e29be",
            "translation": [
                -6.4321599,
                1.7507499,
                0.0012601
            ],
            "rotation": [
                -0.5,
                -0.5,
                0.5,
                -0.4999999
            ],
            "motion_type": "static"
        },
        {
            "template_name": "e7af9fee904b6d58efdcd8208a2d01d1f481af60",
            "translation": [
                -1.4178099,
                2.9802322387695312e-08,
                -0.7323499
            ],
            "rotation": [
                0.0,
                0.0,
                1.0,
                0.0
            ],
            "motion_type": "static"
        },
        {
            "template_name": "11f6ff3dbfc997ba5c70d59905246f7fa5b5c7fb",
            "translation": [
                -4.2275848,
                1.8987096,
                0.6962
            ],
            "rotation": [
                0.4999999,
                0.4999999,
                0.5,
                -0.5
            ],
            "motion_type": "static"
        },
        {
            "template_name": "ded915cd6ff75d772c84abbc4ca2bf141d0caa90_part_1",
            "translation": [
                -0.3046084,
                2.0948123,
                3.6110718
            ],
            "rotation": [
                0.0,
                0.0,
                0.7071068,
                -0.7071067
            ],
            "motion_type": "static"
        },
        {
            "template_name": "ded915cd6ff75d772c84abbc4ca2bf141d0caa90_part_2",
            "translation": [
                -0.7149077,
                2.3063395,
                3.6228899
            ],
            "rotation": [
                0.0,
                0.0,
                0.7071068,
                -0.7071067
            ],
            "motion_type": "static"
        },
        {
            "template_name": "ded915cd6ff75d772c84abbc4ca2bf141d0caa90_part_3",
            "translation": [
                -0.4481953,
                1.2770075,
                3.6501224
            ],
            "rotation": [
                0.0,
                0.0,
                0.7071068,
                -0.7071067
            ],
            "motion_type": "static"
        },
        {
            "template_name": "ded915cd6ff75d772c84abbc4ca2bf141d0caa90_part_4",
            "translation": [
                -0.4245086,
                1.0885477,
                3.6413505
            ],
            "rotation": [
                0.0,
                0.0,
                0.7071068,
                -0.7071067
            ],
            "motion_type": "static"
        },
        {
            "template_name": "ded915cd6ff75d772c84abbc4ca2bf141d0caa90_part_5",
            "translation": [
                -0.5015676,
                1.5869106,
                3.642378
            ],
            "rotation": [
                0.0,
                0.0,
                0.7071068,
                -0.7071067
            ],
            "motion_type": "static"
        },
        {
            "template_name": "ded915cd6ff75d772c84abbc4ca2bf141d0caa90_part_6",
            "translation": [
                -0.3048837,
                1.9885065,
                3.6418001
            ],
            "rotation": [
                0.0,
                0.0,
                0.7071068,
                -0.7071067
            ],
            "motion_type": "static"
        },
        {
            "template_name": "ded915cd6ff75d772c84abbc4ca2bf141d0caa90_part_7",
            "translation": [
                -0.7297096,
                2.1805386,
                3.6413507
            ],
            "rotation": [
                0.0,
                0.0,
                0.7071068,
                -0.7071067
            ],
            "motion_type": "static"
        },
        {
            "template_name": "ab0b3cb143dd3f2921abee437c9cc629bd35887e",
            "translation": [
                -3.01075,
                1.5299996,
                3.47248
            ],
            "rotation": [
                0.0,
                0.0,
                1.0,
                0.0
            ],
            "motion_type": "static"
        },
        {
            "template_name": "c3e45e226f51e328829dcf0afc2b3baf5de0ac0c",
            "translation": [
                -0.40617,
                1.74953,
                -5.3619594
            ],
            "rotation": [
                0.7071068,
                0.7071067,
                0.0,
                0.0
            ],
            "motion_type": "static"
        },
        {
            "template_name": "2c4bc5b4afebaf03548b211cd5f637c262ae96d1",
            "translation": [
                -11.3650493,
                1.7499997,
                1.4854798
            ],
            "rotation": [
                0.4999999,
                0.4999999,
                0.5,
                -0.5
            ],
            "motion_type": "static"
        },
        {
            "template_name": "6e7da448a42378325c82a2a596d967ca75e84ac1",
            "translation": [
                -11.3650493,
                1.75,
                -2.0591998
            ],
            "rotation": [
                0.4999999,
                0.4999999,
                0.5,
                -0.5
            ],
            "motion_type": "static"
        },
        {
            "template_name": "725c5e0c013448a939b748491fe3262b0fb3185e",
            "translation": [
                -0.2550599,
                1.9371509552001953e-07,
                -3.26054
            ],
            "rotation": [
                0.7071068,
                0.0,
                -0.7071067,
                0.0
            ],
            "motion_type": "static"
        },
        {
            "template_name": "3ab03fd39fa7fe7dd90d0fba725e6e312d9579d9",
            "translation": [
                -4.7035598,
                2.7999997,
                0.63894
            ],
            "rotation": [
                0.7071068,
                0.0,
                -0.7071067,
                0.0
            ],
            "motion_type": "static"
        },
        {
            "template_name": "73b1c08116757336da9e7384dcb3d770a9803d8a",
            "translation": [
                -1.0519423,
                -5.960464477539063e-08,
                0.7581309
            ],
            "rotation": [
                0.5730026,
                0.0,
                0.8195534,
                0.0
            ],
            "motion_type": "static"
        },
        {
            "template_name": "14eec36e26211ebb7a14a24a85800ff206c9f4ca",
            "translation": [
                -9.0063199,
                2.7999997,
                1.62547
            ],
            "rotation": [
                0.7071068,
                0.0,
                -0.7071067,
                0.0
            ],
            "motion_type": "static"
        },
        {
            "template_name": "0d1b069fb10cfdf67080e59b1bf0e73fe84151dd",
            "translation": [
                -1.24907,
                0.7619999,
                -0.1046199
            ],
            "motion_type": "static"
        },
        {
            "template_name": "c61fefb9251e37e49f9bab947b800721fa966e39",
            "translation": [
                -7.7865352,
                -2.384185791015625e-07,
                3.5885944
            ],
            "rotation": [
                -0.21332,
                0.0,
                0.9769823,
                0.0
            ],
            "motion_type": "static"
        },
        {
            "template_name": "61da788a7fd67fe1a1bf270e16f458caadb0225e",
            "translation": [
                -6.6633701,
                -1.1920928955078125e-07,
                1.6854299
            ],
            "rotation": [
                0.7071068,
                0.0,
                -0.7071067,
                0.0
            ],
            "motion_type": "static"
        },
        {
            "template_name": "df21f89b4559be781d3f70f41832c90ed035d0ef",
            "translation": [
                -8.8677597,
                -8.940696716308594e-08,
                1.5969098
            ],
            "rotation": [
                0.7071068,
                0.0,
                0.7071067,
                0.0
            ],
            "motion_type": "static"
        },
        {
            "template_name": "2686944679d3a20f8024747c31a244a9e9310ff3",
            "translation": [
                -1.07394,
                2.682209014892578e-07,
                -4.4251995
            ],
            "rotation": [
                0.7071068,
                0.0,
                -0.7071067,
                0.0
            ],
            "motion_type": "static"
        },
        {
            "template_name": "8f94174aab1b3a43dc9c4dc8c1b845e963f6c21a",
            "translation": [
                -2.1853599,
                1.7499998,
                -0.4613498
            ],
            "rotation": [
                0.0,
                0.0,
                0.7071068,
                -0.7071067
            ],
            "motion_type": "static"
        },
        {
            "template_name": "ae5035f88f88328d04c9093ed15cda8a235fb885",
            "translation": [
                -3.9175901,
                -1.7881393432617188e-07,
                2.7023298
            ],
            "rotation": [
                0.7071068,
                0.0,
                0.7071067,
                0.0
            ],
            "motion_type": "static",
            "non_uniform_scale": [
                1.5932202,
                1.0,
                0.9999998
            ]
        },
        {
            "template_name": "4e2de8a62cb2e4e8613653d35488c62579d521b0",
            "translation": [
                -2.7128202,
                0.7400002,
                -5.0975704
            ],
            "rotation": [
                0.8848666,
                0.0,
                -0.4658444,
                0.0
            ],
            "motion_type": "static"
        },
        {
            "template_name": "a8d5c2a789290c41ec2d7f939d616ecdd685c367",
            "translation": [
                -9.9690103,
                2.7999999,
                -2.6189398
            ],
            "motion_type": "static"
        },
        {
            "template_name": "4f19667d3471b5c6334c100f58e8028bce855ddf",
            "translation": [
                -3.95753,
                -5.960464477539063e-08,
                1.1547398
            ],
            "rotation": [
                0.7071068,
                0.0,
                0.7071067,
                0.0
            ],
            "motion_type": "static"
        },
        {
            "template_name": "149883641df778c30c5871ebbcc8ff276ed337af_part_15",
            "translation": [
                -2.3981502,
                1.2254359,
                -4.633532
            ],
            "rotation": [
                0.7071068,
                0.0,
                0.7071067,
                0.0
            ],
            "motion_type": "static"
        },
        {
            "template_name": "149883641df778c30c5871ebbcc8ff276ed337af_part_16",
            "translation": [
                -2.3981499,
                6.556510925292969e-07,
                -4.7792897
            ],
            "rotation": [
                0.7071068,
                0.0,
                0.7071067,
                0.0
            ],
            "motion_type": "static"
        },
        {
            "template_name": "149883641df778c30c5871ebbcc8ff276ed337af_part_17",
            "translation": [
                -2.3981499,
                0.5387655,
                -4.7792897
            ],
            "rotation": [
                0.7071068,
                0.0,
                0.7071067,
                0.0
            ],
            "motion_type": "static"
        },
        {
            "template_name": "c4492609d027c557c5dc1ab8fc83bdd2e7617e12_part_14",
            "translation": [
                -2.7907199,
                -1.7881393432617188e-07,
                3.4684948
            ],
            "rotation": [
                0.0,
                0.0,
                1.0,
                0.0
            ],
            "motion_type": "static"
        },
        {
            "template_name": "f0445464b0b253539065418da867b5ecb54bfb84",
            "translation": [
                -0.0454699,
                1.3930097,
                3.2114596
            ],
            "rotation": [
                -0.5,
                -0.5,
                0.5,
                -0.4999999
            ],
            "motion_type": "static"
        },
        {
            "template_name": "edfeaf0a0d10011024b0a35b28c8219894076cec",
            "translation": [
                -10.8885097,
                1.4901161193847656e-08,
                -0.1356099
            ],
            "rotation": [
                0.0,
                0.0,
                1.0,
                0.0
            ],
            "motion_type": "static"
        },
        {
            "template_name": "09b1df19e95ab47e50c8aac06137ef2f51144d34",
            "translation": [
                -6.4848952,
                1.7495995,
                3.3899497
            ],
            "rotation": [
                -0.5,
                -0.5,
                0.5,
                -0.4999999
            ],
            "motion_type": "static"
        },
        {
            "template_name": "6be063043a40af34c8c7251519bc4e132d6aa1f2",
            "translation": [
                -4.22759,
                1.6680701,
                -3.5856297
            ],
            "rotation": [
                0.4999999,
                0.4999999,
                0.5,
                -0.5
            ],
            "motion_type": "static"
        },
        {
            "template_name": "1961685eb689d8a3f46dc0f5ceb69cbd00d315df",
            "translation": [
                -4.5775899,
                2.2351741790771484e-07,
                -3.7584998
            ],
            "rotation": [
                0.7071068,
                0.0,
                -0.7071067,
                0.0
            ],
            "motion_type": "static"
        },
        {
            "template_name": "21d8ce05e5b4ff0b35244d2b5f8073cf4d28f04d",
            "translation": [
                -4.5841898,
                3.5762786865234375e-07,
                -5.0784993
            ],
            "rotation": [
                0.7071068,
                0.0,
                -0.7071067,
                0.0
            ],
            "motion_type": "static"
        },
        {
            "template_name": "21d8ce05e5b4ff0b35244d2b5f8073cf4d28f04d",
            "translation": [
                -4.5841898,
                1.1920928955078125e-07,
                -2.4401698
            ],
            "rotation": [
                0.7071068,
                0.0,
                -0.7071067,
                0.0
            ],
            "motion_type": "static"
        },
        {
            "template_name": "940566b7ca5ae78af383d69f0962780bae37609f",
            "translation": [
                -11.3650493,
                1.7499998,
                0.60404
            ],
            "rotation": [
                0.4999999,
                0.4999999,
                0.5,
                -0.5
            ],
            "motion_type": "static"
        },
        {
            "template_name": "0fabdc71189a458edf4c16a6e595f7fe8685d447",
            "translation": [
                -11.3650493,
                1.7499997,
                2.31661
            ],
            "rotation": [
                0.4999999,
                0.4999999,
                0.5,
                -0.5
            ],
            "motion_type": "static"
        },
        {
            "template_name": "10491f32e319348c81628fce7960f8c520725f2f",
            "translation": [
                -3.18401,
                -1.555308699607849e-07,
                2.6104094
            ],
            "rotation": [
                0.0,
                0.0,
                1.0,
                0.0
            ],
            "motion_type": "static"
        },
        {
            "template_name": "c4729847b4dc8e961fb040ff64c991abd5133434",
            "translation": [
                -5.3039007,
                -1.7881393432617188e-07,
                3.2534098
            ],
            "rotation": [
                0.7071068,
                0.0,
                -0.7071067,
                0.0
            ],
            "motion_type": "static",
            "non_uniform_scale": [
                1.1105793,
                0.9999998,
                1.1052504
            ]
        },
        {
            "template_name": "3ae4103c3669dd551e1ab0982374940bf70d355a_part_1",
            "translation": [
                -3.3770568,
                -8.8e-06,
                -4.3553047
            ],
            "motion_type": "static"
        },
        {
            "template_name": "3ae4103c3669dd551e1ab0982374940bf70d355a_part_2",
            "translation": [
                -3.4162135,
                0.7420622,
                -5.0328822
            ],
            "motion_type": "static"
        },
        {
            "template_name": "3ae4103c3669dd551e1ab0982374940bf70d355a_part_3",
            "translation": [
                -3.4287984,
                0.7430016,
                -4.7230944
            ],
            "motion_type": "static"
        },
        {
            "template_name": "3ae4103c3669dd551e1ab0982374940bf70d355a_part_4",
            "translation": [
                -3.1581342,
                0.7428596,
                -4.7941708
            ],
            "motion_type": "static"
        },
        {
            "template_name": "3ae4103c3669dd551e1ab0982374940bf70d355a_part_5",
            "translation": [
                -3.3975503,
                -0.0001514,
                -4.9785017
            ],
            "motion_type": "static"
        },
        {
            "template_name": "fa86d57a2be6ef6d18ecf7a03230c0ac5f369c51",
            "translation": [
                -4.2270898,
                1.4013803,
                -4.6971397
            ],
            "rotation": [
                0.4999999,
                0.4999999,
                0.5,
                -0.5
            ],
            "motion_type": "static"
        },
        {
            "template_name": "ea4826625a4ad17e2bd2f4013acdb1c26b568999",
            "translation": [
                -0.999615,
                -2.9802322387695312e-08,
                0.7107898
            ],
            "motion_type": "static",
            "non_uniform_scale": [
                1.0,
                1.0,
                1.0389367
            ]
        },
        {
            "template_name": "3897af564168953eedff5c040579e9756218d3a0",
            "translation": [
                -0.0454699,
                1.7499998,
                0.09693
            ],
            "rotation": [
                -0.5,
                -0.5,
                0.5,
                -0.4999999
            ],
            "motion_type": "static"
        },
        {
            "template_name": "0164a753999c91217e819b52f8f354b3f60ded96",
            "translation": [
                -6.1942806,
                2.966262400150299e-07,
                -4.9758496
            ],
            "motion_type": "static"
        },
        {
            "template_name": "c9c199f55ec5477cc472eabf86b1e64e8714c1e1",
            "translation": [
                -6.5321598,
                -1.7881393432617188e-07,
                3.0925998
            ],
            "motion_type": "static"
        },
        {
            "template_name": "5da5f3f5d0327f6cdac3f1ee3e8a5cee12cc5476",
            "translation": [
                -2.05199,
                1.5463899,
                -1.9901696
            ],
            "rotation": [
                0.7071068,
                0.7071067,
                0.0,
                0.0
            ],
            "motion_type": "static"
        },
        {
            "template_name": "f23b916e6a3068b5ef3c84425b05cd7658be01ca",
            "translation": [
                -2.2715399,
                2.4354085326194763e-07,
                -4.0891695
            ],
            "rotation": [
                0.7071068,
                0.0,
                -0.7071067,
                0.0
            ],
            "motion_type": "static"
        },
        {
            "template_name": "6cd2dc2611c27f758c972b4874efad8c8cbd5d29",
            "translation": [
                -0.3526099,
                5.960464477539063e-08,
                -0.9228248
            ],
            "rotation": [
                0.7071068,
                0.0,
                -0.7071067,
                0.0
            ],
            "motion_type": "static"
        },
        {
            "template_name": "499ffdb8a280a0f0a3e6b6ac2b41ae3d191f8059",
            "translation": [
                -0.38992,
                1.7499998,
                -0.4113498
            ],
            "rotation": [
                0.7071068,
                0.7071067,
                0.0,
                0.0
            ],
            "motion_type": "static"
        },
        {
            "template_name": "ab541ddf6a38484c5fa53f5f642d8897133519c7_part_4",
            "translation": [
                -3.4319467,
                1.7687251,
                -5.3714723
            ],
            "rotation": [
                0.7071068,
                0.7071067,
                0.0,
                0.0
            ],
            "motion_type": "static"
        },
        {
            "template_name": "ab541ddf6a38484c5fa53f5f642d8897133519c7_part_1",
            "translation": [
                -3.8560712,
                1.7061895,
                -5.357798
            ],
            "rotation": [
                0.7071068,
                0.7071067,
                0.0,
                0.0
            ],
            "motion_type": "static"
        },
        {
            "template_name": "ab541ddf6a38484c5fa53f5f642d8897133519c7_part_3",
            "translation": [
                -3.639913,
                1.7145531,
                -5.3659992
            ],
            "rotation": [
                0.7071068,
                0.7071067,
                0.0,
                0.0
            ],
            "motion_type": "static"
        },
        {
            "template_name": "ab541ddf6a38484c5fa53f5f642d8897133519c7_part_2",
            "translation": [
                -3.7566401,
                1.7208685,
                -5.2673821
            ],
            "rotation": [
                0.7071068,
                0.7071067,
                0.0,
                0.0
            ],
            "motion_type": "static"
        },
        {
            "template_name": "ab541ddf6a38484c5fa53f5f642d8897133519c7_part_5",
            "translation": [
                -3.1331913,
                1.702495,
                -5.372981
            ],
            "rotation": [
                0.7071068,
                0.7071067,
                0.0,
                0.0
            ],
            "motion_type": "static"
        },
        {
            "template_name": "ab541ddf6a38484c5fa53f5f642d8897133519c7_part_6",
            "translation": [
                -3.4469001,
                1.5733433,
                -5.3782215
            ],
            "rotation": [
                0.7071068,
                0.7071067,
                0.0,
                0.0
            ],
            "motion_type": "static"
        },
        {
            "template_name": "ab541ddf6a38484c5fa53f5f642d8897133519c7_part_4",
            "translation": [
                -11.3580217,
                1.3820147,
                -0.4183032
            ],
            "rotation": [
                0.4999999,
                0.4999999,
                0.5,
                -0.5
            ],
            "motion_type": "static"
        },
        {
            "template_name": "ab541ddf6a38484c5fa53f5f642d8897133519c7_part_1",
            "translation": [
                -11.3443479,
                1.3194791,
                0.005821
            ],
            "rotation": [
                0.4999999,
                0.4999999,
                0.5,
                -0.5
            ],
            "motion_type": "static"
        },
        {
            "template_name": "ab541ddf6a38484c5fa53f5f642d8897133519c7_part_3",
            "translation": [
                -11.3525485,
                1.3278427,
                -0.2103368
            ],
            "rotation": [
                0.4999999,
                0.4999999,
                0.5,
                -0.5
            ],
            "motion_type": "static"
        },
        {
            "template_name": "ab541ddf6a38484c5fa53f5f642d8897133519c7_part_2",
            "translation": [
                -11.2539319,
                1.3341581,
                -0.0936099
            ],
            "rotation": [
                0.4999999,
                0.4999999,
                0.5,
                -0.5
            ],
            "motion_type": "static"
        },
        {
            "template_name": "ab541ddf6a38484c5fa53f5f642d8897133519c7_part_5",
            "translation": [
                -11.3595304,
                1.3157848,
                -0.7170585
            ],
            "rotation": [
                0.4999999,
                0.4999999,
                0.5,
                -0.5
            ],
            "motion_type": "static"
        },
        {
            "template_name": "ab541ddf6a38484c5fa53f5f642d8897133519c7_part_6",
            "translation": [
                -11.3647708,
                1.1866329,
                -0.4033498
            ],
            "rotation": [
                0.4999999,
                0.4999999,
                0.5,
                -0.5
            ],
            "motion_type": "static"
        },
        {
            "template_name": "f2d9299e356542269fd4f517a71c8671d262f6fe",
            "translation": [
                -6.5931701,
                0.7089998,
                1.3215551
            ],
            "rotation": [
                0.54836,
                0.0,
                0.8362423,
                0.0
            ],
            "motion_type": "static"
        },
        {
            "template_name": "fbf471c28742c0448154c4030d1ec088fe6c3ac5",
            "translation": [
                -1.3137899,
                1.6568799,
                -0.3110049
            ],
            "rotation": [
                0.7071068,
                0.7071067,
                0.0,
                0.0
            ],
            "motion_type": "static"
        },
        {
            "template_name": "652f0506537d208d45b7a71bfeb1c18b3f50c69b",
            "translation": [
                -9.3402099,
                -2.384185791015625e-07,
                4.1943593
            ],
            "rotation": [
                0.722332,
                0.0,
                0.6915463,
                0.0
            ],
            "motion_type": "static"
        },
        {
            "template_name": "66028b1e91b3daca686e0b06468e2bf599ab6b71",
            "translation": [
                -11.3650493,
                1.7499997,
                3.20331
            ],
            "rotation": [
                0.4999999,
                0.4999999,
                0.5,
                -0.5
            ],
            "motion_type": "static"
        },
        {
            "template_name": "7121cc194c6e576f2da123eb217e5af26cde3bb8",
            "translation": [
                -5.3380098,
                0.0099998,
                2.8207798
            ],
            "rotation": [
                0.0,
                0.0,
                1.0,
                0.0
            ],
            "motion_type": "static",
            "non_uniform_scale": [
                1.358067,
                1.2739886,
                0.9999998
            ]
        },
        {
            "template_name": "9f8134ad0b504552b884198464ac2b4a3dbe3eb2",
            "translation": [
                -4.6592597,
                2.384185791015625e-07,
                -3.6688449
            ],
            "rotation": [
                0.7071068,
                0.0,
                -0.7071067,
                0.0
            ],
            "motion_type": "static"
        },
        {
            "template_name": "e01080481e334e84ed9fb1100964dea0a9695c99",
            "translation": [
                -9.5739002,
                2.635642886161804e-07,
                -4.4189496
            ],
            "rotation": [
                0.7071068,
                0.0,
                -0.7071067,
                0.0
            ],
            "motion_type": "static"
        },
        {
            "template_name": "dc704bb098f08b7a784d4b4f650c9e9c679cc64a",
            "translation": [
                -5.2798099,
                1.7020001,
                -2.3793396
            ],
            "rotation": [
                -0.5,
                -0.5,
                0.5,
                -0.4999999
            ],
            "motion_type": "static"
        },
        {
            "template_name": "432ea22941c88f9849c68d2fc40f2ee62af3b303",
            "translation": [
                -10.6473398,
                0.8900001,
                -2.5616397
            ],
            "rotation": [
                0.7071068,
                0.0,
                -0.7071067,
                0.0
            ],
            "motion_type": "static"
        },
        {
            "template_name": "3f4f000ead3ecadaa3aad35d8489182509552154",
            "translation": [
                -4.0636301,
                1.1549998,
                1.4643299
            ],
            "rotation": [
                0.7071068,
                0.0,
                0.7071067,
                0.0
            ],
            "motion_type": "static"
        },
        {
            "template_name": "b613ec7524240ac679fecf7b3fdc124ced06e6f9",
            "translation": [
                -7.2341704,
                1.7513002,
                -5.3784995
            ],
            "rotation": [
                0.7071068,
                0.7071067,
                0.0,
                0.0
            ],
            "motion_type": "static"
        },
        {
            "template_name": "b8273c8e54e91523e768e956351dcb4395d6e9f2",
            "translation": [
                -6.1019606,
                -5.960464477539063e-08,
                1.1455699
            ],
            "rotation": [
                0.7071068,
                0.0,
                0.7071067,
                0.0
            ],
            "motion_type": "static"
        },
        {
            "template_name": "76eb8317661751dd4897b39db29df5db517e2d5c",
            "translation": [
                -8.7483797,
                -2.384185791015625e-07,
                3.9997999
            ],
            "rotation": [
                0.0,
                0.0,
                1.0,
                0.0
            ],
            "motion_type": "static"
        },
        {
            "template_name": "229c1783b2b4f58c3ac952b074fc050bec98d2d1",
            "translation": [
                -6.3568496,
                2.7999999,
                -1.2818497
            ],
            "rotation": [
                0.0,
                0.0,
                1.0,
                0.0
            ],
            "motion_type": "static"
        },
        {
            "template_name": "229c1783b2b4f58c3ac952b074fc050bec98d2d1",
            "translation": [
                -2.27002,
                2.7999999,
                -1.2579497
            ],
            "rotation": [
                0.0,
                0.0,
                1.0,
                0.0
            ],
            "motion_type": "static"
        },
        {
            "template_name": "229c1783b2b4f58c3ac952b074fc050bec98d2d1",
            "translation": [
                -9.7027797,
                2.7999999,
                -1.2101497
            ],
            "rotation": [
                0.0,
                0.0,
                1.0,
                0.0
            ],
            "motion_type": "static"
        },
        {
            "template_name": "229c1783b2b4f58c3ac952b074fc050bec98d2d1",
            "translation": [
                -4.7557001,
                2.7999999,
                -3.839219
            ],
            "rotation": [
                0.7071068,
                0.0,
                -0.7071067,
                0.0
            ],
            "motion_type": "static"
        },
        {
            "template_name": "229c1783b2b4f58c3ac952b074fc050bec98d2d1",
            "translation": [
                -9.6072998,
                2.7999999,
                -3.8153195
            ],
            "rotation": [
                0.7071068,
                0.0,
                -0.7071067,
                0.0
            ],
            "motion_type": "static"
        },
        {
            "template_name": "229c1783b2b4f58c3ac952b074fc050bec98d2d1",
            "translation": [
                -6.4048805,
                2.7999999,
                -3.8253695
            ],
            "motion_type": "static"
        },
        {
            "template_name": "229c1783b2b4f58c3ac952b074fc050bec98d2d1",
            "translation": [
                -2.1665799,
                2.7999999,
                -3.9666893
            ],
            "rotation": [
                0.7071068,
                0.0,
                -0.7071067,
                0.0
            ],
            "motion_type": "static"
        },
        {
            "template_name": "229c1783b2b4f58c3ac952b074fc050bec98d2d1",
            "translation": [
                -2.3099799,
                2.7999997,
                1.4346101
            ],
            "rotation": [
                0.7071068,
                0.0,
                -0.7071067,
                0.0
            ],
            "motion_type": "static"
        },
        {
            "template_name": "229c1783b2b4f58c3ac952b074fc050bec98d2d1",
            "translation": [
                -5.4281296,
                2.7999997,
                1.62311
            ],
            "rotation": [
                0.7071068,
                0.0,
                -0.7071067,
                0.0
            ],
            "motion_type": "static"
        },
        {
            "template_name": "9ae971c9484ddb1adc5ba2d74e06f45c14ef40bb",
            "translation": [
                -1.1948944,
                -1.4901161193847656e-07,
                2.6555597
            ],
            "rotation": [
                0.7071068,
                0.0,
                -0.7071067,
                0.0
            ],
            "motion_type": "static",
            "non_uniform_scale": [
                1.0963342,
                1.0,
                1.124359
            ]
        },
        {
            "template_name": "16c33cffd5b62d0d5df5ed6dd607f690ce2ee7c7",
            "translation": [
                -0.35045,
                8.940696716308594e-08,
                -1.5805798
            ],
            "rotation": [
                0.7071068,
                0.0,
                -0.7071067,
                0.0
            ],
            "motion_type": "static"
        },
        {
            "template_name": "3459ff07fbf6366f77c2fb2fdcffc159822b862e",
            "translation": [
                -2.6804997,
                1.1920928955078125e-07,
                -2.2174696
            ],
            "rotation": [
                0.0,
                0.0,
                1.0,
                0.0
            ],
            "motion_type": "static",
            "non_uniform_scale": [
                0.5935999,
                0.9999998,
                0.9999998
            ]
        },
        {
            "template_name": "3459ff07fbf6366f77c2fb2fdcffc159822b862e",
            "translation": [
                -2.45349,
                0.001,
                -0.2340499
            ],
            "motion_type": "static",
            "non_uniform_scale": [
                0.5935999,
                0.9999998,
                0.9999998
            ]
        },
        {
            "template_name": "c2aeca9c208ba29df49ca2c17347a6289eaf1b02",
            "translation": [
                -6.6575899,
                -1.4901161193847656e-08,
                0.1378299
            ],
            "rotation": [
                0.0,
                0.0,
                1.0,
                0.0
            ],
            "motion_type": "static"
        },
        {
            "template_name": "3752-0",
            "translation": [
                -10.777009,
                1.4499996,
                4.1240282
            ],
            "rotation": [
                0.9698734,
                0.0,
                -0.243609,
                0.0
            ],
            "motion_type": "static",
            "non_uniform_scale": [
                -1.0,
                0.9999998,
                0.9999998
            ]
        },
        {
            "template_name": "200-3",
            "translation": [
                -6.2135896,
                1.1200002,
                -5.4534993
            ],
            "rotation": [
                0.0,
                0.0,
                1.0,
                0.0
            ],
            "motion_type": "static",
            "non_uniform_scale": [
                -1.0,
                0.9999998,
                0.9999998
            ]
        },
        {
            "template_name": "3752-0",
            "translation": [
                -8.30729,
                1.4499996,
                4.4481101
            ],
            "rotation": [
                0.0,
                0.0,
                1.0,
                0.0
            ],
            "motion_type": "static",
            "non_uniform_scale": [
                -1.0,
                0.9999998,
                0.9999998
            ]
        },
        {
            "template_name": "3752-0",
            "translation": [
                -9.4596395,
                1.4499996,
                4.4481101
            ],
            "rotation": [
                0.0,
                0.0,
                1.0,
                0.0
            ],
            "motion_type": "static",
            "non_uniform_scale": [
                -1.0,
                0.9999998,
                0.9999998
            ]
        },
        {
            "template_name": "3752-0",
            "translation": [
                -6.9970088,
                1.4499996,
                4.0875329
            ],
            "rotation": [
                -0.259263,
                0.0,
                0.9658067,
                0.0
            ],
            "motion_type": "static",
            "non_uniform_scale": [
                -1.0000001,
                0.9999998,
                1.0
            ]
        },
        {
            "template_name": "3752-0",
            "translation": [
                0.0295299,
                1.4500002,
                -4.6370797
            ],
            "rotation": [
                0.7071068,
                0.0,
                -0.7071067,
                0.0
            ],
            "motion_type": "static",
            "non_uniform_scale": [
                -0.9999998,
                0.9999998,
                0.9999998
            ]
        },
        {
            "template_name": "3752-0",
            "translation": [
                0.0295299,
                1.4500001,
                -3.4662797
            ],
            "rotation": [
                0.7071068,
                0.0,
                -0.7071067,
                0.0
            ],
            "motion_type": "static",
            "non_uniform_scale": [
                -0.9999998,
                0.9999998,
                0.9999998
            ]
        },
        {
            "template_name": "3752-0",
            "translation": [
                -1.66462,
                1.4499996,
                3.7173297
            ],
            "rotation": [
                0.0,
                0.0,
                1.0,
                0.0
            ],
            "motion_type": "static",
            "non_uniform_scale": [
                -1.0,
                0.9999998,
                0.9999998
            ]
        },
        {
            "template_name": "3752-0",
            "translation": [
                0.0295299,
                1.4499999,
                1.0895398
            ],
            "rotation": [
                0.7071068,
                0.0,
                -0.7071067,
                0.0
            ],
            "motion_type": "static",
            "non_uniform_scale": [
                -0.9999998,
                0.9999998,
                0.9999998
            ]
        },
        {
            "template_name": "3752-0",
            "translation": [
                0.0295299,
                1.4499998,
                2.26862
            ],
            "rotation": [
                0.7071068,
                0.0,
                -0.7071067,
                0.0
            ],
            "motion_type": "static",
            "non_uniform_scale": [
                -0.9999998,
                0.9999998,
                0.9999998
            ]
        }
    ],
    "articulated_object_instances": [],
    "stage_instance": {
        "template_name": "stages/104862660_172226844",
        "motion_type": "static"
    },
    "user_defined": {
        "scene_filter_file": "scene_filter_files/104862660_172226844.rec_filter.json"
    }
}