{
    "translation_origin": "asset_local",
    "default_lighting": "",
    "navmesh_instance": "",
    "semantic_scene_instance": "hssd_ssd_map",
    "default_pbr_shader_config": "./data/default.pbr_config.json",
    "object_instances": [
        {
            "template_name": "4b88358f9e5e92dd9664a4a0719afc269819df0e",
            "translation": [
                -5.9723496,
                0.9000002,
                -5.1987295
            ],
            "rotation": [
                0.7071068,
                0.0,
                0.7071067,
                0.0
            ],
            "motion_type": "static"
        },
        {
            "template_name": "7e5d517c0e402fc5133a808a26157694583502da",
            "translation": [
                2.7372298,
                0.756,
                -3.5919649
            ],
            "rotation": [
                0.7071068,
                0.0,
                -0.7071067,
                0.0
            ],
            "motion_type": "static"
        },
        {
            "template_name": "555c117758ea218eb017c9ff667699d2714c2889",
            "translation": [
                -3.07974,
                2.7999999,
                -1.9034098
            ],
            "rotation": [
                0.0,
                0.0,
                1.0,
                0.0
            ],
            "motion_type": "static"
        },
        {
            "template_name": "555c117758ea218eb017c9ff667699d2714c2889",
            "translation": [
                -1.6954798,
                2.7999999,
                -1.9132899
            ],
            "motion_type": "static"
        },
        {
            "template_name": "555c117758ea218eb017c9ff667699d2714c2889",
            "translation": [
                -0.60785,
                2.7999999,
                -2.6746397
            ],
            "motion_type": "static"
        },
        {
            "template_name": "555c117758ea218eb017c9ff667699d2714c2889",
            "translation": [
                0.59261,
                2.7999999,
                -2.6746397
            ],
            "rotation": [
                0.7071068,
                0.0,
                -0.7071067,
                0.0
            ],
            "motion_type": "static"
        },
        {
            "template_name": "555c117758ea218eb017c9ff667699d2714c2889",
            "translation": [
                -3.20828,
                2.7999999,
                -3.3173296
            ],
            "rotation": [
                0.0,
                0.0,
                1.0,
                0.0
            ],
            "motion_type": "static"
        },
        {
            "template_name": "555c117758ea218eb017c9ff667699d2714c2889",
            "translation": [
                -2.1404199,
                2.7999999,
                -3.3173296
            ],
            "rotation": [
                0.7071068,
                0.0,
                -0.7071067,
                0.0
            ],
            "motion_type": "static"
        },
        {
            "template_name": "99e4f09a61635ce9107c1be7c7b039a4b333b70a",
            "translation": [
                -4.0304198,
                2.2351741790771485e-7,
                -3.8173298
            ],
            "motion_type": "static"
        },
        {
            "template_name": "aee87f94b8fe693757b14827b969fbbfe03eb12e",
            "translation": [
                -10.1796703,
                8.046627044677734e-7,
                -13.5169
            ],
            "rotation": [
                0.7071068,
                0.0,
                0.7071067,
                0.0
            ],
            "motion_type": "static"
        },
        {
            "template_name": "b8e0a03abc828fdd7f55889d0218cca38a8aafb7",
            "translation": [
                -2.5948953,
                2.384185791015625e-7,
                -4.0827646
            ],
            "motion_type": "static",
            "non_uniform_scale": [
                0.8997988,
                0.9999998,
                0.9999998
            ]
        },
        {
            "template_name": "cd98be236fae4658bc279ff1796e05ba5a6c24ca",
            "translation": [
                -3.0142099,
                3.8743019104003908e-7,
                -6.6690096
            ],
            "motion_type": "static",
            "non_uniform_scale": [
                0.8772727,
                1.1972894,
                0.9999998
            ]
        },
        {
            "template_name": "a5143ce70e95c7ccfb8f4061b09b6f731ca37e0b",
            "translation": [
                1.9792648,
                2.682209014892578e-7,
                -4.2906994
            ],
            "rotation": [
                0.7071068,
                0.0,
                0.7071067,
                0.0
            ],
            "motion_type": "static"
        },
        {
            "template_name": "84483aa867f177fad5ab8bac3ff7fb95ac628674",
            "translation": [
                1.0184998,
                7.152557373046875e-7,
                -11.5541296
            ],
            "motion_type": "static"
        },
        {
            "template_name": "0d2c009971e681c8943126c50ae416b50d666577",
            "translation": [
                -11.8930702,
                4.598405212163925e-7,
                -7.713839
            ],
            "rotation": [
                0.7071068,
                0.0,
                0.7071067,
                0.0
            ],
            "motion_type": "static"
        },
        {
            "template_name": "1e75cbd1de1dd4fd133f54e0559de04a1d64c597",
            "translation": [
                -9.7882299,
                2.8000001,
                -8.0090188
            ],
            "rotation": [
                0.7071068,
                0.0,
                0.7071067,
                0.0
            ],
            "motion_type": "static"
        },
        {
            "template_name": "1e75cbd1de1dd4fd133f54e0559de04a1d64c597",
            "translation": [
                -6.7323999,
                2.8000001,
                -8.0056295
            ],
            "rotation": [
                0.7071068,
                0.0,
                0.7071067,
                0.0
            ],
            "motion_type": "static"
        },
        {
            "template_name": "5f414e6759858beb19086b77e40b260e0a700eff",
            "translation": [
                -9.4062299,
                7.152557373046875e-7,
                -11.7838087
            ],
            "rotation": [
                0.3594979,
                0.0,
                0.9331458,
                0.0
            ],
            "motion_type": "static"
        },
        {
            "template_name": "409aa5478fde8958607258c5974eac6d5336657e",
            "translation": [
                -6.6380295,
                7.152557373046875e-7,
                -11.8809194
            ],
            "rotation": [
                0.7071068,
                0.0,
                -0.7071067,
                0.0
            ],
            "motion_type": "static"
        },
        {
            "template_name": "4f57464673d3246f6d99a022c28f100009c45850",
            "translation": [
                -4.3302102,
                2.8000001,
                -6.6420493
            ],
            "rotation": [
                0.7071068,
                0.0,
                -0.7071067,
                0.0
            ],
            "motion_type": "static"
        },
        {
            "template_name": "a2d18114421991200bb43645a15359859ee9f95d",
            "translation": [
                -4.3157901,
                3.8743019104003908e-7,
                -6.6378598
            ],
            "rotation": [
                0.7071068,
                0.0,
                0.7071067,
                0.0
            ],
            "motion_type": "static"
        },
        {
            "template_name": "78da408a3864493508ff2078d9ef2c0b1ff81b93",
            "translation": [
                0.92689,
                6.854534149169922e-7,
                -11.2602186
            ],
            "rotation": [
                0.0,
                0.0,
                1.0,
                0.0
            ],
            "motion_type": "static",
            "non_uniform_scale": [
                1.2166664,
                1.2328765,
                0.8133332
            ]
        },
        {
            "template_name": "ef5e6d723f4929ed1ed175781801e390569e7e9a",
            "translation": [
                -4.9767799,
                2.2351741790771485e-7,
                -3.8353497
            ],
            "motion_type": "static"
        },
        {
            "template_name": "ef5e6d723f4929ed1ed175781801e390569e7e9a",
            "translation": [
                -11.5422096,
                3.129243850708008e-7,
                -5.306159
            ],
            "rotation": [
                0.7071068,
                0.0,
                -0.7071067,
                0.0
            ],
            "motion_type": "static"
        },
        {
            "template_name": "d71f5bab673455e03c0653e125ce31a1ba75e7a9",
            "translation": [
                -4.4750599,
                2.7999999,
                -2.9346296
            ],
            "rotation": [
                0.7071068,
                0.0,
                0.7071067,
                0.0
            ],
            "motion_type": "static"
        },
        {
            "template_name": "d71f5bab673455e03c0653e125ce31a1ba75e7a9",
            "translation": [
                1.10467,
                2.7999999,
                -4.7669496
            ],
            "motion_type": "static"
        },
        {
            "template_name": "d71f5bab673455e03c0653e125ce31a1ba75e7a9",
            "translation": [
                1.16865,
                2.8000001,
                -6.2679595
            ],
            "motion_type": "static"
        },
        {
            "template_name": "d71f5bab673455e03c0653e125ce31a1ba75e7a9",
            "translation": [
                1.126,
                2.8000001,
                -8.6245889
            ],
            "rotation": [
                0.0,
                0.0,
                1.0,
                0.0
            ],
            "motion_type": "static"
        },
        {
            "template_name": "d71f5bab673455e03c0653e125ce31a1ba75e7a9",
            "translation": [
                -4.9125099,
                2.8000001,
                -5.1408996
            ],
            "rotation": [
                0.7071068,
                0.0,
                -0.7071067,
                0.0
            ],
            "motion_type": "static"
        },
        {
            "template_name": "d71f5bab673455e03c0653e125ce31a1ba75e7a9",
            "translation": [
                -4.8226499,
                2.8000001,
                -7.8545498
            ],
            "rotation": [
                0.7071068,
                0.0,
                -0.7071067,
                0.0
            ],
            "motion_type": "static"
        },
        {
            "template_name": "d71f5bab673455e03c0653e125ce31a1ba75e7a9",
            "translation": [
                -1.7136298,
                2.8000004,
                -9.8134088
            ],
            "motion_type": "static"
        },
        {
            "template_name": "d71f5bab673455e03c0653e125ce31a1ba75e7a9",
            "translation": [
                -4.8046798,
                2.8000004,
                -9.8134088
            ],
            "rotation": [
                0.8480479,
                0.0,
                0.5299192,
                0.0
            ],
            "motion_type": "static"
        },
        {
            "template_name": "d71f5bab673455e03c0653e125ce31a1ba75e7a9",
            "translation": [
                -7.4916505,
                2.8000004,
                -9.7615394
            ],
            "rotation": [
                0.7071068,
                0.0,
                0.7071067,
                0.0
            ],
            "motion_type": "static"
        },
        {
            "template_name": "d71f5bab673455e03c0653e125ce31a1ba75e7a9",
            "translation": [
                -9.2707996,
                2.8000004,
                -9.7076187
            ],
            "rotation": [
                0.7071068,
                0.0,
                -0.7071067,
                0.0
            ],
            "motion_type": "static"
        },
        {
            "template_name": "d71f5bab673455e03c0653e125ce31a1ba75e7a9",
            "translation": [
                2.0002999,
                2.8000004,
                -12.0287189
            ],
            "motion_type": "static"
        },
        {
            "template_name": "d71f5bab673455e03c0653e125ce31a1ba75e7a9",
            "translation": [
                -1.1446598,
                2.8000004,
                -12.06466
            ],
            "rotation": [
                0.0,
                0.0,
                1.0,
                0.0
            ],
            "motion_type": "static"
        },
        {
            "template_name": "d71f5bab673455e03c0653e125ce31a1ba75e7a9",
            "translation": [
                -3.35905,
                2.8000006,
                -12.8845176
            ],
            "motion_type": "static"
        },
        {
            "template_name": "d71f5bab673455e03c0653e125ce31a1ba75e7a9",
            "translation": [
                -5.1741399,
                2.8000006,
                -12.9024896
            ],
            "rotation": [
                0.0,
                0.0,
                1.0,
                0.0
            ],
            "motion_type": "static"
        },
        {
            "template_name": "d71f5bab673455e03c0653e125ce31a1ba75e7a9",
            "translation": [
                -12.3985595,
                2.8000004,
                -10.8178386
            ],
            "rotation": [
                0.7071068,
                0.0,
                0.7071067,
                0.0
            ],
            "motion_type": "static"
        },
        {
            "template_name": "d71f5bab673455e03c0653e125ce31a1ba75e7a9",
            "translation": [
                -12.1829099,
                2.8000004,
                -12.3813285
            ],
            "rotation": [
                0.7071068,
                0.0,
                -0.7071067,
                0.0
            ],
            "motion_type": "static"
        },
        {
            "template_name": "d71f5bab673455e03c0653e125ce31a1ba75e7a9",
            "translation": [
                -12.30871,
                2.8000006,
                -13.7291688
            ],
            "motion_type": "static"
        },
        {
            "template_name": "d71f5bab673455e03c0653e125ce31a1ba75e7a9",
            "translation": [
                -12.775959,
                2.8000004,
                -9.0746288
            ],
            "rotation": [
                0.4578737,
                0.0,
                0.8890171,
                0.0
            ],
            "motion_type": "static"
        },
        {
            "template_name": "d71f5bab673455e03c0653e125ce31a1ba75e7a9",
            "translation": [
                -6.9477205,
                2.8000001,
                -6.1271395
            ],
            "rotation": [
                0.7071068,
                0.0,
                0.7071067,
                0.0
            ],
            "motion_type": "static"
        },
        {
            "template_name": "d71f5bab673455e03c0653e125ce31a1ba75e7a9",
            "translation": [
                -9.4924402,
                2.8000001,
                -6.0732293
            ],
            "rotation": [
                0.7071068,
                0.0,
                -0.7071067,
                0.0
            ],
            "motion_type": "static"
        },
        {
            "template_name": "d71f5bab673455e03c0653e125ce31a1ba75e7a9",
            "translation": [
                -12.5131998,
                2.8000001,
                -5.5700397
            ],
            "rotation": [
                0.7071068,
                0.0,
                -0.7071067,
                0.0
            ],
            "motion_type": "static"
        },
        {
            "template_name": "d71f5bab673455e03c0653e125ce31a1ba75e7a9",
            "translation": [
                -12.4952297,
                2.8000001,
                -6.6303396
            ],
            "motion_type": "static"
        },
        {
            "template_name": "a536e8f30b7941256dfd8a5b8d93903011987572",
            "translation": [
                -1.99898,
                7.152557373046875e-7,
                -12.1988792
            ],
            "rotation": [
                0.7071068,
                0.0,
                0.7071067,
                0.0
            ],
            "motion_type": "static"
        },
        {
            "template_name": "c1965c146b48cddf434f6d5407dfc6ac43bde9b7",
            "translation": [
                -12.3845186,
                2.682209014892578e-7,
                -4.5617294
            ],
            "rotation": [
                0.0,
                0.0,
                1.0,
                0.0
            ],
            "motion_type": "static"
        },
        {
            "template_name": "fe6a04f91f6d8c9d44b6c1ec30350ae3b12c6ef0",
            "translation": [
                -2.3542098,
                1.7500003,
                -13.0761489
            ],
            "rotation": [
                -0.5,
                -0.5,
                0.5,
                -0.4999999
            ],
            "motion_type": "static"
        },
        {
            "template_name": "626af6d1f26dc84369a1c192c6da465dd85aae08",
            "translation": [
                -13.7928609,
                0.7866401,
                -5.1514902
            ],
            "rotation": [
                0.4999999,
                0.4999999,
                0.5,
                -0.5
            ],
            "motion_type": "static"
        },
        {
            "template_name": "626af6d1f26dc84369a1c192c6da465dd85aae08",
            "translation": [
                -13.7928609,
                0.7866402,
                -5.7591094
            ],
            "rotation": [
                0.4999999,
                0.4999999,
                0.5,
                -0.5
            ],
            "motion_type": "static"
        },
        {
            "template_name": "626af6d1f26dc84369a1c192c6da465dd85aae08",
            "translation": [
                -2.3544201,
                0.7866405,
                -12.3870592
            ],
            "rotation": [
                -0.5,
                -0.5,
                0.5,
                -0.4999999
            ],
            "motion_type": "static"
        },
        {
            "template_name": "626af6d1f26dc84369a1c192c6da465dd85aae08",
            "translation": [
                -2.3544201,
                0.7866405,
                -12.9673194
            ],
            "rotation": [
                -0.5,
                -0.5,
                0.5,
                -0.4999999
            ],
            "motion_type": "static"
        },
        {
            "template_name": "c37e1c6105bc43c44c14b8fb371b0d3c843ec313",
            "translation": [
                -13.51161,
                0.4571905,
                -9.3778791
            ],
            "rotation": [
                0.0,
                0.0,
                1.0,
                0.0
            ],
            "motion_type": "static"
        },
        {
            "template_name": "b827ad39b820d4908a4222dc95dd4b63ecf6c0a6_part_2",
            "translation": [
                -6.1213936,
                2.0174472,
                -13.0648269
            ],
            "rotation": [
                0.7071068,
                0.0,
                -0.7071067,
                0.0
            ],
            "motion_type": "static"
        },
        {
            "template_name": "b827ad39b820d4908a4222dc95dd4b63ecf6c0a6_part_3",
            "translation": [
                -6.1258792,
                1.9685704,
                -13.0624189
            ],
            "rotation": [
                0.7071068,
                0.0,
                -0.7071067,
                0.0
            ],
            "motion_type": "static"
        },
        {
            "template_name": "b827ad39b820d4908a4222dc95dd4b63ecf6c0a6_part_3",
            "translation": [
                -6.1258792,
                1.5896805,
                -13.0624189
            ],
            "rotation": [
                0.7071068,
                0.0,
                -0.7071067,
                0.0
            ],
            "motion_type": "static"
        },
        {
            "template_name": "b827ad39b820d4908a4222dc95dd4b63ecf6c0a6_part_3",
            "translation": [
                -6.1258792,
                1.2107906,
                -13.0624189
            ],
            "rotation": [
                0.7071068,
                0.0,
                -0.7071067,
                0.0
            ],
            "motion_type": "static"
        },
        {
            "template_name": "cf14514957dc6606f15bb9d581974a69b7887826",
            "translation": [
                2.6324648,
                4.172325134277344e-7,
                -6.9771943
            ],
            "rotation": [
                0.7071068,
                0.0,
                -0.7071067,
                0.0
            ],
            "motion_type": "static"
        },
        {
            "template_name": "bc13da79c39ee5737de2f35ca776975b21a1e876",
            "translation": [
                -7.2534599,
                2.384185791015625e-7,
                -4.4388694
            ],
            "rotation": [
                0.4090729,
                0.0,
                0.9125015,
                0.0
            ],
            "motion_type": "static"
        },
        {
            "template_name": "d73e42643f1ef45804acbef1680aef5604ef28bd",
            "translation": [
                -4.8404197,
                2.8000001,
                -1.5974599
            ],
            "rotation": [
                0.7071068,
                0.0,
                0.7071067,
                0.0
            ],
            "motion_type": "static"
        },
        {
            "template_name": "65d87ac0837da66a1db1beb43cd77e1355a3685e",
            "translation": [
                -8.3981704,
                5.83939254283905e-7,
                -9.7988986
            ],
            "motion_type": "static"
        },
        {
            "template_name": "e0ba0f943fe851ef01d90bbab215daceccc4ec63",
            "translation": [
                -10.5066547,
                1.4592107,
                -13.5023603
            ],
            "rotation": [
                0.4999999,
                0.4999999,
                0.5,
                -0.5
            ],
            "motion_type": "static"
        },
        {
            "template_name": "9acbf43bc62407819841f589f3dfb75fc431b14b",
            "translation": [
                -6.8927631,
                2.682209014892578e-7,
                -4.7371382
            ],
            "rotation": [
                -0.3215743,
                0.0,
                0.9468842,
                0.0
            ],
            "motion_type": "static"
        },
        {
            "template_name": "098cb07d9311b915c7d28680fd4ce1b44df9b637",
            "translation": [
                -13.3112716,
                5.364418029785156e-7,
                -8.8124952
            ],
            "rotation": [
                0.4565145,
                0.0,
                0.8897159,
                0.0
            ],
            "motion_type": "static"
        },
        {
            "template_name": "5308f862dcc5bd45f62aececd538135a03ff93d2",
            "translation": [
                -2.8161199,
                1.75,
                -1.4056849
            ],
            "rotation": [
                0.0,
                0.0,
                0.7071068,
                -0.7071067
            ],
            "motion_type": "static"
        },
        {
            "template_name": "afe773ff0423115a55e49defb4c62bf5e20cf172",
            "translation": [
                -5.034285,
                1.7499898,
                -2.0908997
            ],
            "rotation": [
                0.4999999,
                0.4999999,
                0.5,
                -0.5
            ],
            "motion_type": "static"
        },
        {
            "template_name": "7085b4004190c7be381525d7341f0390b20add51",
            "translation": [
                -10.326641,
                2.980232238769531e-7,
                -4.5603394
            ],
            "rotation": [
                0.2466237,
                0.0,
                0.9691112,
                0.0
            ],
            "motion_type": "static"
        },
        {
            "template_name": "24dcf1f353b54d43bf12bcf17266f2685091318d",
            "translation": [
                2.73862,
                0.7560001,
                -3.7425098
            ],
            "rotation": [
                0.7071068,
                0.0,
                -0.7071067,
                0.0
            ],
            "motion_type": "static"
        },
        {
            "template_name": "0a516d39b100499cfde1b2f7071930bbe6c61cea",
            "translation": [
                -4.7588701,
                1.1920928955078126e-7,
                -2.3508198
            ],
            "rotation": [
                0.7071068,
                0.0,
                0.7071067,
                0.0
            ],
            "motion_type": "static"
        },
        {
            "template_name": "68744e05acc15c9127eeb0dad854289babb1a809",
            "translation": [
                -4.1610498,
                2.5331974029541018e-7,
                -4.2325496
            ],
            "rotation": [
                0.0,
                0.0,
                1.0,
                0.0
            ],
            "motion_type": "static"
        },
        {
            "template_name": "13974f21f6fd7b8390c6927716b764009873a5fe",
            "translation": [
                -4.4593,
                0.5315901,
                -3.8928496
            ],
            "rotation": [
                0.7071068,
                0.7071067,
                0.0,
                0.0
            ],
            "motion_type": "static"
        },
        {
            "template_name": "13974f21f6fd7b8390c6927716b764009873a5fe",
            "translation": [
                -11.4847097,
                0.5315902,
                -5.6679096
            ],
            "rotation": [
                -0.5,
                -0.5,
                0.5,
                -0.4999999
            ],
            "motion_type": "static"
        },
        {
            "template_name": "6ab9c55a8c2f8752252ebd7fd6db0a837f0f172d",
            "translation": [
                0.40345,
                2.384185791015625e-7,
                -4.8960709
            ],
            "rotation": [
                0.0,
                0.0,
                1.0,
                0.0
            ],
            "motion_type": "static"
        },
        {
            "template_name": "793b53d25a8b26dbe12430fe86e07f8cdeb3bb2f",
            "translation": [
                -4.5053,
                8.344650268554688e-7,
                -14.1700592
            ],
            "motion_type": "static"
        },
        {
            "template_name": "3f8843df4c90130d433e81ec43ed93c27b8b49c6",
            "translation": [
                0.43362,
                1.7500004,
                -10.9552192
            ],
            "rotation": [
                0.0,
                0.0,
                0.7071068,
                -0.7071067
            ],
            "motion_type": "static",
            "non_uniform_scale": [
                3.3234736,
                0.9999998,
                0.9999998
            ]
        },
        {
            "template_name": "0a22539d08541604a273ac11a98fa07eafb88ed9",
            "translation": [
                1.042755,
                1.7881393432617188e-7,
                -2.6762797
            ],
            "rotation": [
                0.7071068,
                0.0,
                0.7071067,
                0.0
            ],
            "motion_type": "static"
        },
        {
            "template_name": "55f1f71873bd4e2886e9735391e0b037fe7e1a66",
            "translation": [
                0.8605849,
                4.172325134277344e-7,
                -7.4132008
            ],
            "rotation": [
                0.7071068,
                0.0,
                0.7071067,
                0.0
            ],
            "motion_type": "static"
        },
        {
            "template_name": "9d692e71cb27080c9967244f2385ff11d5c4dd17",
            "translation": [
                -8.2392902,
                4.172325134277344e-7,
                -7.0344543
            ],
            "motion_type": "static"
        },
        {
            "template_name": "19279a6433e47450b7638d0e7dc2ae31c55cbac5",
            "translation": [
                1.3060349,
                1.1920928955078126e-7,
                -1.8115848
            ],
            "rotation": [
                0.7071068,
                0.0,
                -0.7071067,
                0.0
            ],
            "motion_type": "static"
        },
        {
            "template_name": "ab56aaa7f6e5e1baf9382b507d105db411484a50",
            "translation": [
                -11.0331802,
                3.5762786865234377e-7,
                -5.1449995
            ],
            "rotation": [
                0.7071068,
                0.0,
                0.7071067,
                0.0
            ],
            "motion_type": "static",
            "non_uniform_scale": [
                1.2920391,
                0.9999998,
                0.9999998
            ]
        },
        {
            "template_name": "ab56aaa7f6e5e1baf9382b507d105db411484a50",
            "translation": [
                -10.9581899,
                8.344650268554688e-7,
                -13.5138587
            ],
            "rotation": [
                0.7071068,
                0.0,
                -0.7071067,
                0.0
            ],
            "motion_type": "static",
            "non_uniform_scale": [
                1.3884601,
                1.2956901,
                0.9999998
            ]
        },
        {
            "template_name": "ab56aaa7f6e5e1baf9382b507d105db411484a50",
            "translation": [
                -10.9581899,
                7.152557373046875e-7,
                -11.3888587
            ],
            "rotation": [
                0.7071068,
                0.0,
                -0.7071067,
                0.0
            ],
            "motion_type": "static",
            "non_uniform_scale": [
                1.3434636,
                1.2956901,
                0.9999998
            ]
        },
        {
            "template_name": "f5392f1b1caa4aa74bfd589a93bb1cc1467425d2",
            "translation": [
                -13.793065,
                1.3005502,
                -6.0623397
            ],
            "rotation": [
                0.4999999,
                0.4999999,
                0.5,
                -0.5
            ],
            "motion_type": "static"
        },
        {
            "template_name": "bb034d375833247e8539a25b7075afb01e908507",
            "translation": [
                2.4448199,
                2.682209014892578e-7,
                -4.2700095
            ],
            "rotation": [
                0.7071068,
                0.0,
                -0.7071067,
                0.0
            ],
            "motion_type": "static"
        },
        {
            "template_name": "1ec9f015ba547c5543dc3e42d81f497ff0ea81be",
            "translation": [
                -7.9902601,
                2.8000006,
                -13.0840997
            ],
            "rotation": [
                0.7071068,
                0.0,
                -0.7071067,
                0.0
            ],
            "motion_type": "static"
        },
        {
            "template_name": "b13253a6054a680cba603ed5d4c12f081d38b098",
            "translation": [
                -5.9695801,
                3.5762786865234377e-7,
                -6.3353538
            ],
            "rotation": [
                0.7071068,
                0.0,
                0.7071067,
                0.0
            ],
            "motion_type": "static",
            "non_uniform_scale": [
                0.9999998,
                0.9367679,
                0.9999998
            ]
        },
        {
            "template_name": "09b1df19e95ab47e50c8aac06137ef2f51144d34",
            "translation": [
                -3.5777897,
                1.7495999,
                -2.5855846
            ],
            "rotation": [
                0.0,
                0.0,
                0.7071068,
                -0.7071067
            ],
            "motion_type": "static"
        },
        {
            "template_name": "6acabe8ca4c405e345597a464d4111bdd4fe3337",
            "translation": [
                1.5735299,
                4.172325134277344e-7,
                -7.1457095
            ],
            "rotation": [
                0.7071068,
                0.0,
                0.7071067,
                0.0
            ],
            "motion_type": "static"
        },
        {
            "template_name": "ec8290e25052875609487ff91cdf4888f524d647",
            "translation": [
                -3.5547699,
                3.5762786865234377e-7,
                -6.0911245
            ],
            "rotation": [
                0.0,
                0.0,
                1.0,
                0.0
            ],
            "motion_type": "static"
        },
        {
            "template_name": "ec8290e25052875609487ff91cdf4888f524d647",
            "translation": [
                -2.6229,
                3.5762786865234377e-7,
                -6.0911245
            ],
            "rotation": [
                0.0,
                0.0,
                1.0,
                0.0
            ],
            "motion_type": "static"
        },
        {
            "template_name": "ec8290e25052875609487ff91cdf4888f524d647",
            "translation": [
                -3.58468,
                4.470348358154297e-7,
                -7.2927141
            ],
            "motion_type": "static"
        },
        {
            "template_name": "ec8290e25052875609487ff91cdf4888f524d647",
            "translation": [
                -2.5894699,
                4.470348358154297e-7,
                -7.3363351
            ],
            "motion_type": "static"
        },
        {
            "template_name": "f6063bea0305f452aaaf33c0e8d6f671a71b765b",
            "translation": [
                -1.6526701,
                2.086162567138672e-7,
                -3.5427496
            ],
            "motion_type": "static"
        },
        {
            "template_name": "fcfb0f1835ea7bc4381c8744aec2671153dc76fd",
            "translation": [
                0.9618678,
                0.9000004,
                -11.3364706
            ],
            "rotation": [
                -0.0174522,
                0.0,
                0.9998477,
                0.0
            ],
            "motion_type": "static"
        },
        {
            "template_name": "f719e6f9cc9fa51fdcf651e9e1664b45b33e61f5",
            "translation": [
                -1.9051201,
                6.556510925292969e-7,
                -11.2359285
            ],
            "rotation": [
                0.0,
                0.0,
                1.0,
                0.0
            ],
            "motion_type": "static"
        },
        {
            "template_name": "6a5c779b2deee1af83e7d2f85605fe0a1d39f665",
            "translation": [
                -0.4034098,
                6.556510925292969e-7,
                -11.2692193
            ],
            "rotation": [
                0.0,
                0.0,
                1.0,
                0.0
            ],
            "motion_type": "static"
        },
        {
            "template_name": "d65acf3bee65ebddd5d56459d696698eca2e101c",
            "translation": [
                -12.9930696,
                4.76837158203125e-7,
                -7.7189393
            ],
            "motion_type": "static",
            "non_uniform_scale": [
                1.0,
                1.1663261,
                0.9999998
            ]
        },
        {
            "template_name": "d65acf3bee65ebddd5d56459d696698eca2e101c",
            "translation": [
                -5.47898,
                7.152557373046875e-7,
                -11.7410192
            ],
            "rotation": [
                0.0,
                0.0,
                1.0,
                0.0
            ],
            "motion_type": "static",
            "non_uniform_scale": [
                1.0,
                1.1663261,
                0.9999998
            ]
        },
        {
            "template_name": "2efebdcc1ba9514b0deb0dfb05951341432bd26a",
            "translation": [
                2.4232499,
                0.7560002,
                -4.2595396
            ],
            "rotation": [
                0.7071068,
                0.0,
                -0.7071067,
                0.0
            ],
            "motion_type": "static"
        },
        {
            "template_name": "5d757779f5f3631a3a9bff094998f739e98329a1",
            "translation": [
                -3.0541501,
                2.8000001,
                -6.6694293
            ],
            "motion_type": "static"
        },
        {
            "template_name": "fc05e7ac46a9c7694f68561f9854500f0feb34fc",
            "translation": [
                -3.1029899,
                1.6391277313232423e-7,
                -2.8019397
            ],
            "rotation": [
                0.0,
                0.0,
                1.0,
                0.0
            ],
            "motion_type": "static"
        },
        {
            "template_name": "71dc0202fcd0c3c8a29574530594cbd339347a63",
            "translation": [
                -11.4851102,
                0.8841003,
                -5.9464092
            ],
            "rotation": [
                -0.5,
                -0.5,
                0.5,
                -0.4999999
            ],
            "motion_type": "static"
        },
        {
            "template_name": "71dc0202fcd0c3c8a29574530594cbd339347a63",
            "translation": [
                -5.0338797,
                0.8841,
                -3.54007
            ],
            "rotation": [
                0.4999999,
                0.4999999,
                0.5,
                -0.5
            ],
            "motion_type": "static"
        },
        {
            "template_name": "009f9df21592e289bc08c4562f21dce15fced6fb",
            "translation": [
                -2.63752,
                6.854534149169922e-7,
                -11.5676593
            ],
            "rotation": [
                0.7071068,
                0.0,
                -0.7071067,
                0.0
            ],
            "motion_type": "static"
        },
        {
            "template_name": "3a964f0fe562a2629a62243fe351b421991a485a",
            "translation": [
                -11.4847097,
                1.5064003,
                -7.7230195
            ],
            "rotation": [
                -0.5,
                -0.5,
                0.5,
                -0.4999999
            ],
            "motion_type": "static"
        },
        {
            "template_name": "3a964f0fe562a2629a62243fe351b421991a485a",
            "translation": [
                -2.3542101,
                1.5064004,
                -11.7328977
            ],
            "rotation": [
                -0.5,
                -0.5,
                0.5,
                -0.4999999
            ],
            "motion_type": "static"
        },
        {
            "template_name": "xxxx1d3141f1xa14ex4f1bxa180x6a76dcc05a5c",
            "translation": [
                -1.94699,
                2.8000004,
                -12.3959693
            ],
            "rotation": [
                0.7071068,
                0.0,
                -0.7071067,
                0.0
            ],
            "motion_type": "static"
        },
        {
            "template_name": "dbe367f20357458727f2f40e77ef04d6cb38bc24",
            "translation": [
                -8.1393299,
                7.851049304008484e-7,
                -13.1759185
            ],
            "rotation": [
                0.0,
                0.0,
                1.0,
                0.0
            ],
            "motion_type": "static"
        },
        {
            "template_name": "4ac5e435efc97b7e2ae23e51e6b043de2276c1df",
            "translation": [
                -6.8623399,
                4.76837158203125e-7,
                -7.9790396
            ],
            "motion_type": "static"
        },
        {
            "template_name": "4ac5e435efc97b7e2ae23e51e6b043de2276c1df",
            "translation": [
                -9.6586303,
                4.76837158203125e-7,
                -7.9790396
            ],
            "motion_type": "static"
        },
        {
            "template_name": "475870f8089a1c7bf8186679ed82537d9fbcc587",
            "translation": [
                -3.1057801,
                8.344650268554688e-7,
                -13.8516788
            ],
            "rotation": [
                0.7071068,
                0.0,
                -0.7071067,
                0.0
            ],
            "motion_type": "static"
        },
        {
            "template_name": "f6402c587fa67fbdba921024206525ee86432449",
            "translation": [
                -1.3037098,
                6.854534149169922e-7,
                -11.2692193
            ],
            "motion_type": "static",
            "non_uniform_scale": [
                0.4997917,
                0.9999998,
                0.9999998
            ]
        },
        {
            "template_name": "4ae181779d525074866d97808cadd9c2ee05824b",
            "translation": [
                -8.4185771,
                1.7499997,
                -4.1400041
            ],
            "rotation": [
                0.0,
                0.0,
                0.7071068,
                -0.7071067
            ],
            "motion_type": "static",
            "non_uniform_scale": [
                1.7727576,
                0.9999998,
                0.9999998
            ]
        },
        {
            "template_name": "4ae181779d525074866d97808cadd9c2ee05824b",
            "translation": [
                2.852365,
                1.7500002,
                -9.1118946
            ],
            "rotation": [
                -0.5,
                -0.5,
                0.5,
                -0.4999999
            ],
            "motion_type": "static",
            "non_uniform_scale": [
                1.3391727,
                0.9999998,
                0.9999998
            ]
        },
        {
            "template_name": "4ae181779d525074866d97808cadd9c2ee05824b",
            "translation": [
                2.852365,
                1.7499997,
                -4.7459249
            ],
            "rotation": [
                -0.5,
                -0.5,
                0.5,
                -0.4999999
            ],
            "motion_type": "static",
            "non_uniform_scale": [
                1.3391727,
                0.9999998,
                0.9999998
            ]
        },
        {
            "template_name": "4ae181779d525074866d97808cadd9c2ee05824b",
            "translation": [
                0.2331776,
                1.7500003,
                -12.6021833
            ],
            "rotation": [
                0.7071068,
                0.7071067,
                0.0,
                0.0
            ],
            "motion_type": "static",
            "non_uniform_scale": [
                2.4917397,
                0.9999998,
                0.9999998
            ]
        },
        {
            "template_name": "4ae181779d525074866d97808cadd9c2ee05824b",
            "translation": [
                -13.2932233,
                1.7499997,
                -4.1400041
            ],
            "rotation": [
                0.0,
                0.0,
                0.7071068,
                -0.7071067
            ],
            "motion_type": "static",
            "non_uniform_scale": [
                0.5488412,
                0.9999998,
                0.9999998
            ]
        },
        {
            "template_name": "4ae181779d525074866d97808cadd9c2ee05824b",
            "translation": [
                -8.5966835,
                1.7500003,
                -14.5938539
            ],
            "rotation": [
                0.7071068,
                0.7071067,
                0.0,
                0.0
            ],
            "motion_type": "static",
            "non_uniform_scale": [
                1.7727576,
                0.9999998,
                0.9999998
            ]
        },
        {
            "template_name": "d6f9b4561838f68f34d3fc36a7b700bc2c180253",
            "translation": [
                -9.7584552,
                8.046627044677734e-7,
                -13.505454
            ],
            "rotation": [
                0.7071068,
                0.0,
                -0.7071067,
                0.0
            ],
            "motion_type": "static"
        },
        {
            "template_name": "71ad8aa377c8cfba37c9a9e0cccfeaa89341995f",
            "translation": [
                -13.5781106,
                5.662441253662109e-7,
                -9.4379987
            ],
            "rotation": [
                0.7071068,
                0.0,
                0.7071067,
                0.0
            ],
            "motion_type": "static"
        },
        {
            "template_name": "0392aac9912e9cc1420355e1c03c89df342c2e39",
            "translation": [
                -13.7930994,
                1.6700003,
                -5.4429097
            ],
            "rotation": [
                0.4999999,
                0.4999999,
                0.5,
                -0.5
            ],
            "motion_type": "static",
            "non_uniform_scale": [
                1.9999996,
                0.9999997,
                0.9999998
            ]
        },
        {
            "template_name": "0392aac9912e9cc1420355e1c03c89df342c2e39",
            "translation": [
                -2.3541798,
                1.6700005,
                -12.6393394
            ],
            "rotation": [
                -0.5,
                -0.5,
                0.5,
                -0.4999999
            ],
            "motion_type": "static",
            "non_uniform_scale": [
                1.9999996,
                0.9999997,
                0.9999998
            ]
        },
        {
            "template_name": "08705ce22129b92cd98a3757e6cad950c2b15689",
            "translation": [
                -13.7643699,
                0.9200001,
                -4.9213595
            ],
            "rotation": [
                0.7071068,
                0.0,
                0.7071067,
                0.0
            ],
            "motion_type": "static"
        },
        {
            "template_name": "04ed449bae4986d2fcf17340168a9bdfeeac5084",
            "translation": [
                -13.6005496,
                5.960464477539063e-7,
                -10.8462991
            ],
            "rotation": [
                0.7071068,
                0.0,
                0.7071067,
                0.0
            ],
            "motion_type": "static"
        },
        {
            "template_name": "04ed449bae4986d2fcf17340168a9bdfeeac5084",
            "translation": [
                -5.6986598,
                8.344650268554688e-7,
                -14.4013385
            ],
            "motion_type": "static"
        },
        {
            "template_name": "04ed449bae4986d2fcf17340168a9bdfeeac5084",
            "translation": [
                0.42811,
                1.1920928955078126e-7,
                -1.5981998
            ],
            "rotation": [
                0.0,
                0.0,
                1.0,
                0.0
            ],
            "motion_type": "static"
        },
        {
            "template_name": "e8ff1a47df210a1ce6533b980954ca301d6bbb7b",
            "translation": [
                -7.4261097,
                7.748603820800781e-7,
                -13.1087989
            ],
            "rotation": [
                0.7071068,
                0.0,
                -0.7071067,
                0.0
            ],
            "motion_type": "static"
        },
        {
            "template_name": "bd8a1dc70062c8e7c8a33cb92ee86fbe6b015547",
            "translation": [
                -5.8520298,
                6.556510925292969e-7,
                -10.6724586
            ],
            "rotation": [
                0.8476635,
                0.0,
                0.5305342,
                0.0
            ],
            "motion_type": "static"
        },
        {
            "template_name": "xxxx96b5ab46x0f03x401fx91dfx0a0c108791ac",
            "translation": [
                -3.5433397,
                0.9200003,
                -6.3461194
            ],
            "motion_type": "static",
            "non_uniform_scale": [
                1.0,
                2.2370369,
                0.9999998
            ]
        },
        {
            "template_name": "xxxx96b5ab46x0f03x401fx91dfx0a0c108791ac",
            "translation": [
                -2.6114699,
                0.9200003,
                -6.3461194
            ],
            "motion_type": "static",
            "non_uniform_scale": [
                1.0,
                2.2370369,
                0.9999998
            ]
        },
        {
            "template_name": "xxxx96b5ab46x0f03x401fx91dfx0a0c108791ac",
            "translation": [
                -2.6008999,
                0.9200003,
                -6.9918994
            ],
            "motion_type": "static",
            "non_uniform_scale": [
                1.0,
                2.2370369,
                0.9999998
            ]
        },
        {
            "template_name": "xxxx96b5ab46x0f03x401fx91dfx0a0c108791ac",
            "translation": [
                -3.57325,
                0.9200003,
                -6.9918994
            ],
            "motion_type": "static",
            "non_uniform_scale": [
                1.0,
                2.2370369,
                0.9999998
            ]
        },
        {
            "template_name": "66971c63d2b4e3c6c42ec3563a66db522c2e8b93",
            "translation": [
                -10.2568912,
                7.152557373046875e-7,
                -12.3759193
            ],
            "rotation": [
                0.7071068,
                0.0,
                0.7071067,
                0.0
            ],
            "motion_type": "static",
            "non_uniform_scale": [
                1.6333328,
                0.9999998,
                0.9999998
            ]
        },
        {
            "template_name": "0e6f903a9fd3dc5d57660907bc2614428bc52196",
            "translation": [
                -10.2568912,
                7.152557373046875e-7,
                -11.5859193
            ],
            "rotation": [
                0.7071068,
                0.0,
                0.7071067,
                0.0
            ],
            "motion_type": "static"
        },
        {
            "template_name": "218-23",
            "translation": [
                0.34729,
                1.45,
                -1.33068
            ],
            "rotation": [
                0.0,
                0.0,
                1.0,
                0.0
            ],
            "motion_type": "static",
            "non_uniform_scale": [
                -1.0,
                0.9999998,
                0.9999998
            ]
        },
        {
            "template_name": "4141-2",
            "translation": [
                -1.3644603,
                0.9199998,
                -1.33068
            ],
            "motion_type": "static"
        },
        {
            "template_name": "218-108",
            "translation": [
                2.92737,
                1.4500005,
                -9.1086187
            ],
            "rotation": [
                0.7071068,
                0.0,
                -0.7071067,
                0.0
            ],
            "motion_type": "static",
            "non_uniform_scale": [
                -0.9999998,
                0.9999998,
                0.9999998
            ]
        },
        {
            "template_name": "218-108",
            "translation": [
                2.92737,
                1.4500001,
                -4.7140002
            ],
            "rotation": [
                0.7071068,
                0.0,
                -0.7071067,
                0.0
            ],
            "motion_type": "static",
            "non_uniform_scale": [
                -0.9999998,
                0.9999998,
                0.9999998
            ]
        },
        {
            "template_name": "218-109",
            "translation": [
                0.2366199,
                1.4500006,
                -12.6771888
            ],
            "motion_type": "static",
            "non_uniform_scale": [
                -1.0,
                0.9999998,
                0.9999998
            ]
        },
        {
            "template_name": "4373-8",
            "translation": [
                -13.2590999,
                1.1699999,
                -4.0649995
            ],
            "rotation": [
                0.0,
                0.0,
                1.0,
                0.0
            ],
            "motion_type": "static",
            "non_uniform_scale": [
                -1.0,
                0.9999998,
                0.9999998
            ]
        },
        {
            "template_name": "4373-9",
            "translation": [
                -8.4166898,
                1.1699999,
                -4.0649995
            ],
            "rotation": [
                0.0,
                0.0,
                1.0,
                0.0
            ],
            "motion_type": "static",
            "non_uniform_scale": [
                -1.0,
                0.9999998,
                0.9999998
            ]
        },
        {
            "template_name": "218-110",
            "translation": [
                -4.3832101,
                1.4500007,
                -14.6688585
            ],
            "motion_type": "static",
            "non_uniform_scale": [
                -1.0,
                0.9999998,
                0.9999998
            ]
        },
        {
            "template_name": "218-110",
            "translation": [
                -13.8680696,
                1.4500006,
                -12.3801994
            ],
            "rotation": [
                0.7071067,
                0.0,
                0.7071067,
                0.0
            ],
            "motion_type": "static",
            "non_uniform_scale": [
                -0.9999998,
                0.9999998,
                0.9999998
            ]
        },
        {
            "template_name": "6408-0",
            "translation": [
                -11.9019403,
                1.1200008,
                -14.6688585
            ],
            "motion_type": "static",
            "non_uniform_scale": [
                -1.0,
                0.9999998,
                0.9999998
            ]
        },
        {
            "template_name": "4373-9",
            "translation": [
                -8.6019897,
                1.1700006,
                -14.6688585
            ],
            "rotation": [
                0.0,
                0.0,
                1.0,
                0.0
            ],
            "motion_type": "static",
            "non_uniform_scale": [
                -1.0,
                0.9999998,
                0.9999998
            ]
        }
    ],
    "articulated_object_instances": [],
    "stage_instance": {
        "template_name": "stages/104862534_172226625",
        "motion_type": "static"
    },
    "pbr_shader_region_configs": {},
    "user_defined": {
        "scene_filter_file": "scene_filter_files/104862534_172226625.rec_filter.json"
    }
}