{
    "translation_origin": "asset_local",
    "default_lighting": "",
    "navmesh_instance": "",
    "semantic_scene_instance": "hssd_ssd_map",
    "default_pbr_shader_config": "./data/default.pbr_config.json",
    "object_instances": [
        {
            "template_name": "39ed21c87f36954eab1d5487000631bc7ef18a06",
            "translation": [
                -1.2341899,
                2.5331974029541018e-7,
                -4.2426695
            ],
            "rotation": [
                0.7071068,
                0.0,
                0.7071067,
                0.0
            ],
            "motion_type": "static"
        },
        {
            "template_name": "31ce9e9df83a6deb8d40ab8bba2df1dfd874e36c",
            "translation": [
                -8.8550996,
                -1.1920928955078126e-7,
                2.0958397
            ],
            "rotation": [
                0.7071068,
                0.0,
                0.7071067,
                0.0
            ],
            "motion_type": "static",
            "non_uniform_scale": [
                1.1684427,
                0.9999998,
                0.9999998
            ]
        },
        {
            "template_name": "e9d84ff084d2208568f9448d9f8426d375bdc0c0",
            "translation": [
                -5.5965199,
                -5.960464477539063e-8,
                1.2620298
            ],
            "rotation": [
                0.0,
                0.0,
                1.0,
                0.0
            ],
            "motion_type": "static"
        },
        {
            "template_name": "86b128efdbc740ff486abc56bd3557e0f3f4a3d9",
            "translation": [
                -3.1752402,
                4.470348358154297e-8,
                -0.6446199
            ],
            "rotation": [
                0.0,
                0.0,
                1.0,
                0.0
            ],
            "motion_type": "static"
        },
        {
            "template_name": "8f5198f1847bed28274f00169388bb28bf1ee433",
            "translation": [
                -5.8371701,
                0.8999998,
                2.5094699
            ],
            "rotation": [
                0.7071068,
                0.0,
                -0.7071067,
                0.0
            ],
            "motion_type": "static"
        },
        {
            "template_name": "c5e608ebbdfd0ca139c610e2ecbf9acf67456d99",
            "translation": [
                -9.1757297,
                1.7499997,
                1.4534399
            ],
            "rotation": [
                0.4999999,
                0.4999999,
                0.5,
                -0.5
            ],
            "motion_type": "static"
        },
        {
            "template_name": "c02b2f65e90d191abfa3ed44ec9c05141b6462b2",
            "translation": [
                -5.3209848,
                0.8200002,
                -3.5571496
            ],
            "rotation": [
                0.710892,
                0.0,
                -0.7033011,
                0.0
            ],
            "motion_type": "static"
        },
        {
            "template_name": "6e8ba0503682447c09014295ae4e35b1f3fc1f5f",
            "translation": [
                -1.59,
                2.2318899,
                -2.5055148
            ],
            "rotation": [
                0.0,
                0.0,
                0.7071068,
                -0.7071067
            ],
            "motion_type": "static",
            "non_uniform_scale": [
                0.7909376,
                0.9999998,
                0.9999998
            ]
        },
        {
            "template_name": "bc6c8a3e519467676740e364525104805f91be7a_part_2",
            "translation": [
                -5.1514091,
                1.8906211,
                -5.3970093
            ],
            "rotation": [
                -0.5,
                -0.5,
                0.5,
                -0.4999999
            ],
            "motion_type": "static"
        },
        {
            "template_name": "bc6c8a3e519467676740e364525104805f91be7a_part_3",
            "translation": [
                -5.3933897,
                1.9893701,
                -5.0829877
            ],
            "rotation": [
                -0.5,
                -0.5,
                0.5,
                -0.4999999
            ],
            "motion_type": "static"
        },
        {
            "template_name": "29851ebf2741441607a1ab9cd16950540ed60477",
            "translation": [
                -5.9513607,
                3.2782554626464846e-7,
                -5.2864294
            ],
            "motion_type": "static",
            "non_uniform_scale": [
                1.0,
                1.0,
                0.7299999
            ]
        },
        {
            "template_name": "90fb5508ae70a0a4525e80c382ec79637a02494a",
            "translation": [
                -1.37501,
                -1.4901161193847657e-7,
                2.2563097
            ],
            "rotation": [
                0.7071068,
                0.0,
                -0.7071067,
                0.0
            ],
            "motion_type": "static",
            "non_uniform_scale": [
                0.9999998,
                1.6186119,
                0.9999998
            ]
        },
        {
            "template_name": "64abd6658956997ca546c00ebe1e369ffc9bffd4",
            "translation": [
                -8.7505102,
                -1.7881393432617188e-7,
                3.0795848
            ],
            "rotation": [
                0.0,
                0.0,
                1.0,
                0.0
            ],
            "motion_type": "static"
        },
        {
            "template_name": "64abd6658956997ca546c00ebe1e369ffc9bffd4",
            "translation": [
                -5.8197245,
                -1.7881393432617188e-7,
                3.1130597
            ],
            "rotation": [
                0.7071068,
                0.0,
                -0.7071067,
                0.0
            ],
            "motion_type": "static"
        },
        {
            "template_name": "64abd6658956997ca546c00ebe1e369ffc9bffd4",
            "translation": [
                -8.7528047,
                -8.940696716308594e-8,
                1.3214998
            ],
            "rotation": [
                0.7071068,
                0.0,
                0.7071067,
                0.0
            ],
            "motion_type": "static"
        },
        {
            "template_name": "821a2d741626ea190a2ed794c681a51dbcda48fa",
            "translation": [
                -5.7017998,
                -1.1920928955078126e-7,
                1.7869298
            ],
            "rotation": [
                0.7071068,
                0.0,
                -0.7071067,
                0.0
            ],
            "motion_type": "static",
            "non_uniform_scale": [
                1.1475406,
                1.0006217,
                0.9999998
            ]
        },
        {
            "template_name": "7f56c6561d82e0ccf1808a29ed58f66d9e8345a3",
            "translation": [
                -7.3569602,
                -1.3434328138828278e-7,
                2.2532949
            ],
            "motion_type": "static"
        },
        {
            "template_name": "xxxx6fbd367fx6cc0x471fxaa4cx55e2511d8bf7",
            "translation": [
                -6.0689001,
                2.980232238769531e-7,
                -5.2390694
            ],
            "rotation": [
                0.48043,
                0.0,
                0.877033,
                0.0
            ],
            "motion_type": "static"
        },
        {
            "template_name": "0a8b64354743c9e3f3390f5a1bde2a475628dc56",
            "translation": [
                -5.3338298,
                0.7000002,
                -5.3319196
            ],
            "rotation": [
                0.832247,
                0.0,
                -0.5544049,
                0.0
            ],
            "motion_type": "static"
        },
        {
            "template_name": "0a8b64354743c9e3f3390f5a1bde2a475628dc56",
            "translation": [
                -5.7786598,
                0.7000002,
                -5.8058395
            ],
            "rotation": [
                0.9719221,
                0.0,
                -0.2353025,
                0.0
            ],
            "motion_type": "static"
        },
        {
            "template_name": "0546a524f6584d5beeaf8a72b3df494f9ceeec90",
            "translation": [
                -8.8833703,
                3.5762786865234377e-7,
                -5.2661795
            ],
            "rotation": [
                0.7071068,
                0.0,
                0.7071067,
                0.0
            ],
            "motion_type": "static",
            "non_uniform_scale": [
                1.6434869,
                0.9999998,
                0.9999998
            ]
        },
        {
            "template_name": "0c4ab4d4ccdc801b4093f10a9aa9c0bfd08ab584",
            "translation": [
                -3.19436,
                -1.7881393432617188e-7,
                3.1622498
            ],
            "rotation": [
                0.0,
                0.0,
                1.0,
                0.0
            ],
            "motion_type": "static"
        },
        {
            "template_name": "15415d66ffba409b87c9da81257442c7cbda52f8",
            "translation": [
                -8.8188896,
                2.1100001,
                -4.8905096
            ],
            "rotation": [
                0.7071068,
                0.0,
                0.7071067,
                0.0
            ],
            "motion_type": "static"
        },
        {
            "template_name": "34170a3abede075d1e15942197394d95ee063bf7",
            "translation": [
                -0.72136,
                0.0,
                0.0573799
            ],
            "rotation": [
                0.7071068,
                0.0,
                -0.7071067,
                0.0
            ],
            "motion_type": "static"
        },
        {
            "template_name": "aaa7d9e60617aa53e918da84c3b15e887dcf548a",
            "translation": [
                -5.15136,
                1.7493001,
                -4.3106493
            ],
            "rotation": [
                -0.5,
                -0.5,
                0.5,
                -0.4999999
            ],
            "motion_type": "static"
        },
        {
            "template_name": "856317b238f6a70ae6f0afffed1f6d5e3ab7b80c",
            "translation": [
                -4.9144401,
                -1.7881393432617188e-7,
                3.1901447
            ],
            "rotation": [
                0.7071068,
                0.0,
                0.7071067,
                0.0
            ],
            "motion_type": "static"
        },
        {
            "template_name": "3a08b42318c54a51a0ea28547a12d919ea4f46ca_part_2",
            "translation": [
                -2.8726999,
                2.1911594,
                -2.3551816
            ],
            "rotation": [
                0.7071068,
                0.7071067,
                0.0,
                0.0
            ],
            "motion_type": "static"
        },
        {
            "template_name": "3a08b42318c54a51a0ea28547a12d919ea4f46ca_part_3",
            "translation": [
                -3.0121951,
                2.2821002,
                -2.1139795
            ],
            "rotation": [
                0.7071068,
                0.7071067,
                0.0,
                0.0
            ],
            "motion_type": "static"
        },
        {
            "template_name": "a1df429dfce559731be5c2dbcae1b8073cdd8e1f",
            "translation": [
                -3.9813253,
                3.2782554626464846e-7,
                -5.4026513
            ],
            "rotation": [
                0.759405,
                0.0,
                -0.6506181,
                0.0
            ],
            "motion_type": "static"
        },
        {
            "template_name": "58038ec89b90f23a319ba82181cd6075f9cc7e9d",
            "translation": [
                -7.9209046,
                -2.9802322387695315e-8,
                0.5165
            ],
            "rotation": [
                0.999679,
                0.0,
                -0.0253311,
                0.0
            ],
            "motion_type": "static"
        },
        {
            "template_name": "58038ec89b90f23a319ba82181cd6075f9cc7e9d",
            "translation": [
                -8.6574201,
                -2.9802322387695315e-8,
                0.49369
            ],
            "motion_type": "static"
        },
        {
            "template_name": "c461ecb62efa4ef74eb34fb8152acf8cc8ac427d",
            "translation": [
                -5.2877931,
                1.0400002,
                -4.4496846
            ],
            "rotation": [
                0.9801553,
                0.0,
                -0.198231,
                0.0
            ],
            "motion_type": "static"
        },
        {
            "template_name": "c461ecb62efa4ef74eb34fb8152acf8cc8ac427d",
            "translation": [
                -4.8310909,
                1.8117001,
                -4.916779
            ],
            "rotation": [
                0.7388979,
                0.0,
                -0.6738173,
                0.0
            ],
            "motion_type": "static"
        },
        {
            "template_name": "dab1618febb08ddf95ad9edc4e547646a4d01a0c",
            "translation": [
                -5.4469394,
                1.7500003,
                -6.0164294
            ],
            "rotation": [
                0.7071068,
                0.7071067,
                0.0,
                0.0
            ],
            "motion_type": "static"
        },
        {
            "template_name": "03e195f8bd27ffb3982ccb69dcab98d53f3f6920",
            "translation": [
                -3.5,
                2.7999999,
                -3.6739795
            ],
            "rotation": [
                0.0,
                0.0,
                1.0,
                0.0
            ],
            "motion_type": "static"
        },
        {
            "template_name": "800f42a04a677e79c61400b604ccc278347d5737",
            "translation": [
                -2.2713301,
                -1.7881393432617188e-7,
                3.2963497
            ],
            "motion_type": "static"
        },
        {
            "template_name": "dd665def2d6a4b899e40affc18c777799f0d65fd",
            "translation": [
                -8.0758905,
                -1.7881393432617188e-7,
                3.2025196
            ],
            "rotation": [
                0.0,
                0.0,
                1.0,
                0.0
            ],
            "motion_type": "static"
        },
        {
            "template_name": "dd665def2d6a4b899e40affc18c777799f0d65fd",
            "translation": [
                -7.7198691,
                -1.7881393432617188e-7,
                3.2025196
            ],
            "rotation": [
                0.0,
                0.0,
                1.0,
                0.0
            ],
            "motion_type": "static",
            "non_uniform_scale": [
                0.4182433,
                0.9999998,
                0.9999998
            ]
        },
        {
            "template_name": "dd665def2d6a4b899e40affc18c777799f0d65fd",
            "translation": [
                -6.7098488,
                -1.7881393432617188e-7,
                3.2025196
            ],
            "rotation": [
                0.0,
                0.0,
                1.0,
                0.0
            ],
            "motion_type": "static",
            "non_uniform_scale": [
                0.4182433,
                0.9999998,
                0.9999998
            ]
        },
        {
            "template_name": "dd665def2d6a4b899e40affc18c777799f0d65fd",
            "translation": [
                -6.3537693,
                -1.7881393432617188e-7,
                3.2025196
            ],
            "rotation": [
                0.0,
                0.0,
                1.0,
                0.0
            ],
            "motion_type": "static"
        },
        {
            "template_name": "dd665def2d6a4b899e40affc18c777799f0d65fd",
            "translation": [
                -5.6968007,
                -1.4901161193847657e-7,
                2.4131846
            ],
            "rotation": [
                0.7071068,
                0.0,
                -0.7071067,
                0.0
            ],
            "motion_type": "static",
            "non_uniform_scale": [
                1.1005773,
                0.9999998,
                0.9999998
            ]
        },
        {
            "template_name": "dd665def2d6a4b899e40affc18c777799f0d65fd",
            "translation": [
                -8.8740301,
                -1.4901161193847657e-7,
                2.5516908
            ],
            "rotation": [
                0.7071068,
                0.0,
                0.7071067,
                0.0
            ],
            "motion_type": "static",
            "non_uniform_scale": [
                0.4182433,
                0.9999998,
                0.9999998
            ]
        },
        {
            "template_name": "fdf7479cc9da8f4486359f66965869b5c58c74ed",
            "translation": [
                -6.2883701,
                1.8767496,
                3.5025146
            ],
            "rotation": [
                0.0,
                0.0,
                0.7071068,
                -0.7071067
            ],
            "motion_type": "static"
        },
        {
            "template_name": "fdf7479cc9da8f4486359f66965869b5c58c74ed",
            "translation": [
                -6.7775001,
                1.8767496,
                3.5025146
            ],
            "rotation": [
                0.0,
                0.0,
                0.7071068,
                -0.7071067
            ],
            "motion_type": "static"
        },
        {
            "template_name": "fdf7479cc9da8f4486359f66965869b5c58c74ed",
            "translation": [
                -7.2811999,
                1.8767496,
                3.5025146
            ],
            "rotation": [
                0.0,
                0.0,
                0.7071068,
                -0.7071067
            ],
            "motion_type": "static"
        },
        {
            "template_name": "fdf7479cc9da8f4486359f66965869b5c58c74ed",
            "translation": [
                -7.76968,
                1.8767496,
                3.5025146
            ],
            "rotation": [
                0.0,
                0.0,
                0.7071068,
                -0.7071067
            ],
            "motion_type": "static"
        },
        {
            "template_name": "fdf7479cc9da8f4486359f66965869b5c58c74ed",
            "translation": [
                -8.2846097,
                1.8767496,
                3.5025146
            ],
            "rotation": [
                0.0,
                0.0,
                0.7071068,
                -0.7071067
            ],
            "motion_type": "static",
            "non_uniform_scale": [
                1.0478999,
                0.9999998,
                0.9999998
            ]
        },
        {
            "template_name": "fdf7479cc9da8f4486359f66965869b5c58c74ed",
            "translation": [
                -5.3967952,
                1.8767497,
                2.6152799
            ],
            "rotation": [
                -0.5,
                -0.5,
                0.5,
                -0.4999999
            ],
            "motion_type": "static",
            "non_uniform_scale": [
                1.0350997,
                0.9999998,
                0.9999998
            ]
        },
        {
            "template_name": "ffa1b3baa11cd5cee0cafd1aa6c6d374a371e400",
            "translation": [
                -1.20323,
                2.384185791015625e-7,
                -3.5097301
            ],
            "rotation": [
                0.7071068,
                0.0,
                -0.7071067,
                0.0
            ],
            "motion_type": "static"
        },
        {
            "template_name": "7a6def1426f562d3c426c0aa5531b0470cb5fb7a",
            "translation": [
                -7.1583299,
                3.2782554626464846e-7,
                -5.7364196
            ],
            "motion_type": "static"
        },
        {
            "template_name": "2dc4fc2ba44e670900db84b7fe9e7e98c8c7b338",
            "translation": [
                -5.3958301,
                2.086162567138672e-7,
                -3.2856447
            ],
            "rotation": [
                0.7071068,
                0.0,
                -0.7071067,
                0.0
            ],
            "motion_type": "static"
        },
        {
            "template_name": "ee7b9e4cf5c533737ebd058f7950ca632db5bc62",
            "translation": [
                -8.8182001,
                2.1100001,
                -5.6840152
            ],
            "rotation": [
                0.7071068,
                0.0,
                0.7071067,
                0.0
            ],
            "motion_type": "static"
        },
        {
            "template_name": "5308f862dcc5bd45f62aececd538135a03ff93d2",
            "translation": [
                -2.8903501,
                1.6986298,
                -2.5055146
            ],
            "rotation": [
                0.0,
                0.0,
                0.7071068,
                -0.7071067
            ],
            "motion_type": "static"
        },
        {
            "template_name": "a149eb75978abe43e1c968676d3d52b1759b9b5a",
            "translation": [
                -0.99992,
                2.2829298,
                -3.52005
            ],
            "rotation": [
                -0.5,
                -0.5,
                0.5,
                -0.4999999
            ],
            "motion_type": "static"
        },
        {
            "template_name": "a149eb75978abe43e1c968676d3d52b1759b9b5a",
            "translation": [
                -2.5406799,
                1.7499998,
                1.25636
            ],
            "rotation": [
                0.0,
                0.0,
                0.7071068,
                -0.7071067
            ],
            "motion_type": "static"
        },
        {
            "template_name": "ffd5d856642f1a686d533ad41029edd975271a7e",
            "translation": [
                -3.9641501,
                1.9831502,
                -6.0164299
            ],
            "rotation": [
                0.7071068,
                0.7071067,
                0.0,
                0.0
            ],
            "motion_type": "static",
            "non_uniform_scale": [
                2.1912918,
                0.9999998,
                0.9999998
            ]
        },
        {
            "template_name": "ffd5d856642f1a686d533ad41029edd975271a7e",
            "translation": [
                -2.06871,
                1.9831502,
                -6.0164299
            ],
            "rotation": [
                0.7071068,
                0.7071067,
                0.0,
                0.0
            ],
            "motion_type": "static",
            "non_uniform_scale": [
                2.1912918,
                0.9999998,
                0.9999998
            ]
        },
        {
            "template_name": "b6b2bf8d28f89d2e6c41dd13c50c7362178ac41d",
            "translation": [
                -3.59047,
                1.4475699,
                -2.5096597
            ],
            "rotation": [
                0.0,
                0.0,
                0.7071068,
                -0.7071067
            ],
            "motion_type": "static"
        },
        {
            "template_name": "869a49f22f68a2d39f548138aa5165743aaf790a_part_1",
            "translation": [
                -3.6441941,
                2.4959971,
                -5.9026179
            ],
            "rotation": [
                0.7071068,
                0.7071067,
                0.0,
                0.0
            ],
            "motion_type": "static",
            "non_uniform_scale": [
                1.156321,
                0.9999998,
                0.9999998
            ]
        },
        {
            "template_name": "869a49f22f68a2d39f548138aa5165743aaf790a_part_3",
            "translation": [
                -3.9822921,
                2.4457526,
                -6.0164308
            ],
            "rotation": [
                0.7071068,
                0.7071067,
                0.0,
                0.0
            ],
            "motion_type": "static",
            "non_uniform_scale": [
                1.156321,
                0.9999998,
                0.9999998
            ]
        },
        {
            "template_name": "869a49f22f68a2d39f548138aa5165743aaf790a_part_4",
            "translation": [
                -3.9598898,
                2.2600769,
                -6.0033912
            ],
            "rotation": [
                0.7071068,
                0.7071067,
                0.0,
                0.0
            ],
            "motion_type": "static",
            "non_uniform_scale": [
                1.156321,
                0.9999998,
                0.9999998
            ]
        },
        {
            "template_name": "869a49f22f68a2d39f548138aa5165743aaf790a_part_6",
            "translation": [
                -4.2685408,
                2.424838,
                -5.9618673
            ],
            "rotation": [
                0.7071068,
                0.7071067,
                0.0,
                0.0
            ],
            "motion_type": "static",
            "non_uniform_scale": [
                1.156321,
                0.9999998,
                0.9999998
            ]
        },
        {
            "template_name": "09b7f888a08a35d64d05e5f94cde9b75715c9a6d",
            "translation": [
                -5.8104181,
                0.8999996,
                3.101396
            ],
            "rotation": [
                -0.3924567,
                0.0,
                0.9197704,
                0.0
            ],
            "motion_type": "static"
        },
        {
            "template_name": "8b6b51a58869080e3cbadbb2b9dad90c5f2369ae",
            "translation": [
                -2.7513501,
                2.7999997,
                -0.4961297
            ],
            "rotation": [
                0.0,
                0.0,
                1.0,
                0.0
            ],
            "motion_type": "static"
        },
        {
            "template_name": "0b3f4a45f141d6239c3ab712988b59d99e58abc0",
            "translation": [
                -2.48037,
                -2.9802322387695315e-8,
                0.2952799
            ],
            "rotation": [
                0.0,
                0.0,
                1.0,
                0.0
            ],
            "motion_type": "static"
        },
        {
            "template_name": "14bdc1398760aef6d8757e2dd6a1c674d7851e66",
            "translation": [
                -1.2214599,
                1.14605,
                -3.8136596
            ],
            "motion_type": "static"
        },
        {
            "template_name": "11f6ff3dbfc997ba5c70d59905246f7fa5b5c7fb",
            "translation": [
                -2.55289,
                1.7499997,
                1.256275
            ],
            "rotation": [
                0.0,
                0.0,
                0.7071068,
                -0.7071067
            ],
            "motion_type": "static"
        },
        {
            "template_name": "74aa374d947be43000a70539b539dbac9e6d39ab",
            "translation": [
                -2.7945599,
                1.1920928955078126e-7,
                -2.1355097
            ],
            "motion_type": "static"
        },
        {
            "template_name": "ea0200d78c2699f025cc8ec86930842e214bd6d2",
            "translation": [
                -4.8654599,
                1.8117001,
                -5.2447395
            ],
            "rotation": [
                0.2325184,
                0.0,
                0.9725919,
                0.0
            ],
            "motion_type": "static"
        },
        {
            "template_name": "9975a02f2e7126a6df355330da72a9b8ac01525d",
            "translation": [
                -4.8674898,
                1.8129501,
                -5.6675696
            ],
            "rotation": [
                0.7071068,
                0.0,
                0.7071067,
                0.0
            ],
            "motion_type": "static"
        },
        {
            "template_name": "7842e497a24975bfdaca85cbdb8fcff04c440785",
            "translation": [
                -9.1756248,
                2.1830999,
                2.0880699
            ],
            "rotation": [
                0.4999999,
                0.4999999,
                0.5,
                -0.5
            ],
            "motion_type": "static"
        },
        {
            "template_name": "292f2e0d92ee49e30ad6a1041c1f13c484d81e3d",
            "translation": [
                -2.92491,
                3.725290298461914e-8,
                -0.6129799
            ],
            "rotation": [
                0.0,
                0.0,
                1.0,
                0.0
            ],
            "motion_type": "static"
        },
        {
            "template_name": "0d1b069fb10cfdf67080e59b1bf0e73fe84151dd",
            "translation": [
                -5.3943104,
                0.7000001,
                -4.7810792
            ],
            "rotation": [
                -0.5790318,
                0.0,
                0.8153049,
                0.0
            ],
            "motion_type": "static"
        },
        {
            "template_name": "52faa6f3c0cb359484f1a540494d2c4fb8b8b805",
            "translation": [
                -6.5510582,
                0.7000002,
                -5.8027324
            ],
            "rotation": [
                0.9648542,
                0.0,
                0.2627855,
                0.0
            ],
            "motion_type": "static"
        },
        {
            "template_name": "b9acee2dff54f19f51dd086dffb1db280cbc6b25",
            "translation": [
                -7.2269401,
                1.4901161193847657e-7,
                -2.7212846
            ],
            "rotation": [
                0.0,
                0.0,
                1.0,
                0.0
            ],
            "motion_type": "static"
        },
        {
            "template_name": "a6d4ca2a63e1bd0bff603d1fd57e3e321d16587f",
            "translation": [
                -3.0524001,
                1.4901161193847657e-7,
                -2.7412097
            ],
            "rotation": [
                0.0,
                0.0,
                1.0,
                0.0
            ],
            "motion_type": "static"
        },
        {
            "template_name": "xxxx838936e7xcde9x4509xbe53x0ffe534f59cc",
            "translation": [
                -1.5627399,
                1.4436,
                -2.3555097
            ],
            "rotation": [
                0.7071068,
                0.7071067,
                0.0,
                0.0
            ],
            "motion_type": "static"
        },
        {
            "template_name": "ae5035f88f88328d04c9093ed15cda8a235fb885",
            "translation": [
                -1.59,
                1.7881393432617188e-7,
                -2.7548201
            ],
            "rotation": [
                0.0,
                0.0,
                1.0,
                0.0
            ],
            "motion_type": "static"
        },
        {
            "template_name": "320a457988d8a21f5a83e019ceab20f57c4fc3e8",
            "translation": [
                -8.0441503,
                1.6726,
                -2.5055098
            ],
            "rotation": [
                0.0,
                0.0,
                0.7071068,
                -0.7071067
            ],
            "motion_type": "static"
        },
        {
            "template_name": "34f3d0479cfbd78096971a32f2d564c2b6d79d83",
            "translation": [
                -7.2425298,
                0.53,
                -2.6229097
            ],
            "motion_type": "static"
        },
        {
            "template_name": "4e2de8a62cb2e4e8613653d35488c62579d521b0",
            "translation": [
                -4.8765478,
                0.7600002,
                -5.874998
            ],
            "rotation": [
                0.9793254,
                0.0,
                0.2022913,
                0.0
            ],
            "motion_type": "static"
        },
        {
            "template_name": "b79121538512576ec56d645e67e30fc5ebefd858",
            "translation": [
                -5.2872996,
                1.0400002,
                -4.2003593
            ],
            "rotation": [
                -0.4656144,
                0.0,
                0.8849876,
                0.0
            ],
            "motion_type": "static"
        },
        {
            "template_name": "d14e1d5cb087cf36434a49d051df7973c0d67725",
            "translation": [
                -9.1757307,
                1.3957999,
                -3.4835195
            ],
            "rotation": [
                0.4999999,
                0.4999999,
                0.5,
                -0.5
            ],
            "motion_type": "static",
            "non_uniform_scale": [
                1.2421048,
                0.9999998,
                0.9999998
            ]
        },
        {
            "template_name": "d44836372348cee4bb44eefe9cdc2459f78e0ca1",
            "translation": [
                -5.3308606,
                2.384185791015625e-7,
                -4.3214297
            ],
            "rotation": [
                0.7071068,
                0.0,
                -0.7071067,
                0.0
            ],
            "motion_type": "static"
        },
        {
            "template_name": "09b1df19e95ab47e50c8aac06137ef2f51144d34",
            "translation": [
                -5.3118,
                1.7495999,
                -2.3027749
            ],
            "rotation": [
                0.7071068,
                0.7071067,
                0.0,
                0.0
            ],
            "motion_type": "static"
        },
        {
            "template_name": "0f10a95add8f9ca871fca2393c758f449ae4b302",
            "translation": [
                -8.1125297,
                6.007030606269837e-8,
                -1.0065798
            ],
            "rotation": [
                0.0,
                0.0,
                1.0,
                0.0
            ],
            "motion_type": "static"
        },
        {
            "template_name": "f71c22e2956fcc6e97ace5d6bc9334ddcd1842c1",
            "translation": [
                -7.2147898,
                -1.7881393432617188e-7,
                3.2025196
            ],
            "rotation": [
                0.0,
                0.0,
                1.0,
                0.0
            ],
            "motion_type": "static"
        },
        {
            "template_name": "4f167cad5def9f7fdb4ba74e90d21ba0943445a0",
            "translation": [
                -5.3968,
                1.8768095,
                3.17948
            ],
            "rotation": [
                -0.5,
                -0.5,
                0.5,
                -0.4999999
            ],
            "motion_type": "static"
        },
        {
            "template_name": "4f167cad5def9f7fdb4ba74e90d21ba0943445a0",
            "translation": [
                -8.8509902,
                1.8768095,
                3.50422
            ],
            "rotation": [
                0.0,
                0.0,
                0.7071068,
                -0.7071067
            ],
            "motion_type": "static"
        },
        {
            "template_name": "a77b9e8e880ddfe7c9123140d4e88e0bf001d1f2",
            "translation": [
                -3.0460999,
                2.468004822731018e-7,
                -4.1361994
            ],
            "rotation": [
                0.7071068,
                0.0,
                0.7071067,
                0.0
            ],
            "motion_type": "static"
        },
        {
            "template_name": "f4890fa990296b58a88d82bea9a4a7f2bf848015",
            "translation": [
                -4.6330599,
                3.2782554626464846e-7,
                -5.3179297
            ],
            "rotation": [
                0.7071068,
                0.0,
                -0.7071067,
                0.0
            ],
            "motion_type": "static"
        },
        {
            "template_name": "4c76a3fc94e54d7b42035411b3648ebfc0a85756",
            "translation": [
                -6.6331901,
                3.2782554626464846e-7,
                -5.5475893
            ],
            "rotation": [
                0.9647873,
                0.0,
                0.2630312,
                0.0
            ],
            "motion_type": "static"
        },
        {
            "template_name": "8bb1fc9db387a8a1f59e6eb922654e097b5f2ef1",
            "translation": [
                -1.5609699,
                1.1920928955078126e-7,
                -2.0269398
            ],
            "rotation": [
                -0.1950903,
                0.0,
                0.9807852,
                0.0
            ],
            "motion_type": "static"
        },
        {
            "template_name": "ec5a7b51f7301d831b35da3e857ce1e189e34cce",
            "translation": [
                -7.8450899,
                3.5762786865234377e-7,
                -5.7722797
            ],
            "rotation": [
                0.7071068,
                0.0,
                -0.7071067,
                0.0
            ],
            "motion_type": "static"
        },
        {
            "template_name": "223af36e92a0aa97bf08833dfb9365c20e3ec240",
            "translation": [
                -1.2086499,
                1.5462501,
                -3.7272796
            ],
            "rotation": [
                0.8086414,
                0.0,
                -0.5883017,
                0.0
            ],
            "motion_type": "static"
        },
        {
            "template_name": "08450df2c9b24a62bf8b6925b3dca0e2de818917",
            "translation": [
                -7.3350095,
                2.4959444999694826e-7,
                -4.1913495
            ],
            "rotation": [
                0.9056698,
                0.0,
                0.4239835,
                0.0
            ],
            "motion_type": "static"
        },
        {
            "template_name": "1fed03ca5b84ba5de9d2be405050acec4cfeaf10",
            "translation": [
                -4.7058501,
                0.7600002,
                -5.3693594
            ],
            "rotation": [
                0.6651971,
                0.0,
                0.7466677,
                0.0
            ],
            "motion_type": "static"
        },
        {
            "template_name": "198fc645c6af2f5a04060569dfd2d1f86ea449bf",
            "translation": [
                -7.2288694,
                1.75,
                -2.5055096
            ],
            "rotation": [
                0.0,
                0.0,
                0.7071068,
                -0.7071067
            ],
            "motion_type": "static"
        },
        {
            "template_name": "3b31a045ac47c0c8da0c6a439c7f1ce8e4a858fc",
            "translation": [
                -3.6106996,
                1.7499997,
                1.25628
            ],
            "rotation": [
                0.0,
                0.0,
                0.7071068,
                -0.7071067
            ],
            "motion_type": "static"
        },
        {
            "template_name": "08a658d2eca1d1dae199eeb03e185e46edf75141",
            "translation": [
                -1.1263899,
                8.940696716308594e-8,
                -1.4826599
            ],
            "rotation": [
                0.8320425,
                0.0,
                -0.5547118,
                0.0
            ],
            "motion_type": "static"
        },
        {
            "template_name": "31a2b3d52aafa438f763b1d4a6b60297b95fa4e4_part_2",
            "translation": [
                -5.4148998,
                0.8199968,
                -2.5954997
            ],
            "motion_type": "static",
            "non_uniform_scale": [
                0.8998004,
                0.9999998,
                0.9999998
            ]
        },
        {
            "template_name": "296b43e62a47818108187de2baa6011f06403446",
            "translation": [
                -4.6889562,
                0.7600002,
                -4.8079676
            ],
            "rotation": [
                0.4551917,
                0.0,
                0.8903934,
                0.0
            ],
            "motion_type": "static"
        },
        {
            "template_name": "6cd2dc2611c27f758c972b4874efad8c8cbd5d29",
            "translation": [
                -4.93966,
                -1.4901161193847657e-7,
                2.5788748
            ],
            "rotation": [
                0.7071068,
                0.0,
                0.7071067,
                0.0
            ],
            "motion_type": "static",
            "non_uniform_scale": [
                0.9999998,
                1.2210519,
                0.9999998
            ]
        },
        {
            "template_name": "ab541ddf6a38484c5fa53f5f642d8897133519c7_part_4",
            "translation": [
                -2.0316891,
                2.4554247,
                -6.0094017
            ],
            "rotation": [
                0.7071068,
                0.7071067,
                0.0,
                0.0
            ],
            "motion_type": "static",
            "non_uniform_scale": [
                1.156321,
                0.9999998,
                0.9999998
            ]
        },
        {
            "template_name": "ab541ddf6a38484c5fa53f5f642d8897133519c7_part_1",
            "translation": [
                -2.522113,
                2.3928892,
                -5.995728
            ],
            "rotation": [
                0.7071068,
                0.7071067,
                0.0,
                0.0
            ],
            "motion_type": "static",
            "non_uniform_scale": [
                1.156321,
                0.9999998,
                0.9999998
            ]
        },
        {
            "template_name": "ab541ddf6a38484c5fa53f5f642d8897133519c7_part_3",
            "translation": [
                -2.272165,
                2.4012529,
                -6.0039286
            ],
            "rotation": [
                0.7071068,
                0.7071067,
                0.0,
                0.0
            ],
            "motion_type": "static",
            "non_uniform_scale": [
                1.156321,
                0.9999998,
                0.9999998
            ]
        },
        {
            "template_name": "ab541ddf6a38484c5fa53f5f642d8897133519c7_part_2",
            "translation": [
                -2.4071388,
                2.4075684,
                -5.9053115
            ],
            "rotation": [
                0.7071068,
                0.7071067,
                0.0,
                0.0
            ],
            "motion_type": "static",
            "non_uniform_scale": [
                1.156321,
                0.9999998,
                0.9999998
            ]
        },
        {
            "template_name": "ab541ddf6a38484c5fa53f5f642d8897133519c7_part_5",
            "translation": [
                -1.6862319,
                2.3891949,
                -6.0109105
            ],
            "rotation": [
                0.7071068,
                0.7071067,
                0.0,
                0.0
            ],
            "motion_type": "static",
            "non_uniform_scale": [
                1.156321,
                0.9999998,
                0.9999998
            ]
        },
        {
            "template_name": "ab541ddf6a38484c5fa53f5f642d8897133519c7_part_6",
            "translation": [
                -2.0489799,
                2.2600431,
                -6.0161514
            ],
            "rotation": [
                0.7071068,
                0.7071067,
                0.0,
                0.0
            ],
            "motion_type": "static",
            "non_uniform_scale": [
                1.156321,
                0.9999998,
                0.9999998
            ]
        },
        {
            "template_name": "acf548e4c65d6e6b6a855a446b17d33e2e2c498d",
            "translation": [
                -2.7859401,
                1.7530499,
                -2.3537096
            ],
            "rotation": [
                0.7071068,
                0.7071067,
                0.0,
                0.0
            ],
            "motion_type": "static"
        },
        {
            "template_name": "824c3103fb0090f0cdce8f2792eb2ca08f392205",
            "translation": [
                -1.4827898,
                1.7499997,
                1.25628
            ],
            "rotation": [
                0.0,
                0.0,
                0.7071068,
                -0.7071067
            ],
            "motion_type": "static"
        },
        {
            "template_name": "bfec5fe56eb18fcd84d3c5b400de000ee237555f",
            "translation": [
                -2.493587,
                0.8800001,
                -2.7162923
            ],
            "rotation": [
                0.9554855,
                0.0,
                -0.2950378,
                0.0
            ],
            "motion_type": "static"
        },
        {
            "template_name": "cc22182ec83fb0d00a1fbd5e1b6b550d1beae125",
            "translation": [
                -5.1513595,
                1.4447503,
                -5.3996396
            ],
            "rotation": [
                -0.5,
                -0.5,
                0.5,
                -0.4999999
            ],
            "motion_type": "static"
        },
        {
            "template_name": "652f0506537d208d45b7a71bfeb1c18b3f50c69b",
            "translation": [
                -0.7866699,
                2.9802322387695315e-8,
                -0.3654299
            ],
            "motion_type": "static"
        },
        {
            "template_name": "b44b3601e32d9c2501796de2481bb9f4d8490b7e",
            "translation": [
                -8.4260101,
                3.427267074584961e-7,
                -5.8509297
            ],
            "rotation": [
                0.7071068,
                0.0,
                0.7071067,
                0.0
            ],
            "motion_type": "static"
        },
        {
            "template_name": "f040a5e7efbeb978c90b76b5ac1e412d65416a36",
            "translation": [
                -8.8707304,
                1.75,
                -2.5055096
            ],
            "rotation": [
                0.0,
                0.0,
                0.7071068,
                -0.7071067
            ],
            "motion_type": "static"
        },
        {
            "template_name": "dc6837563f4b5990c246cb4a6ae2f6247bfd5ce3",
            "translation": [
                -5.0013546,
                1.7500001,
                -3.7045297
            ],
            "rotation": [
                0.4999999,
                0.4999999,
                0.5,
                -0.5
            ],
            "motion_type": "static"
        },
        {
            "template_name": "8cb1246e2aa1ce25e9fd05a3dcefce68a4aba804",
            "translation": [
                -9.1757307,
                2.4876003,
                -5.0664296
            ],
            "rotation": [
                0.4999999,
                0.4999999,
                0.5,
                -0.5
            ],
            "motion_type": "static"
        },
        {
            "template_name": "8cb1246e2aa1ce25e9fd05a3dcefce68a4aba804",
            "translation": [
                -9.1757307,
                2.4876,
                -3.4555096
            ],
            "rotation": [
                0.4999999,
                0.4999999,
                0.5,
                -0.5
            ],
            "motion_type": "static"
        },
        {
            "template_name": "8cb1246e2aa1ce25e9fd05a3dcefce68a4aba804",
            "translation": [
                -8.1502304,
                2.4876,
                -2.5055096
            ],
            "rotation": [
                0.0,
                0.0,
                0.7071068,
                -0.7071067
            ],
            "motion_type": "static",
            "non_uniform_scale": [
                1.0794737,
                0.9999998,
                0.9999998
            ]
        },
        {
            "template_name": "8cb1246e2aa1ce25e9fd05a3dcefce68a4aba804",
            "translation": [
                -6.1768498,
                2.4876,
                -2.5055096
            ],
            "rotation": [
                0.0,
                0.0,
                0.7071068,
                -0.7071067
            ],
            "motion_type": "static",
            "non_uniform_scale": [
                1.0794737,
                0.9999998,
                0.9999998
            ]
        },
        {
            "template_name": "8cb1246e2aa1ce25e9fd05a3dcefce68a4aba804",
            "translation": [
                -6.1768498,
                2.4876003,
                -6.0164294
            ],
            "rotation": [
                0.7071068,
                0.7071067,
                0.0,
                0.0
            ],
            "motion_type": "static",
            "non_uniform_scale": [
                1.0794737,
                0.9999998,
                0.9999998
            ]
        },
        {
            "template_name": "8cb1246e2aa1ce25e9fd05a3dcefce68a4aba804",
            "translation": [
                -8.1502304,
                2.4876003,
                -6.0164294
            ],
            "rotation": [
                0.7071068,
                0.7071067,
                0.0,
                0.0
            ],
            "motion_type": "static",
            "non_uniform_scale": [
                1.0794737,
                0.9999998,
                0.9999998
            ]
        },
        {
            "template_name": "8cb1246e2aa1ce25e9fd05a3dcefce68a4aba804",
            "translation": [
                -5.15136,
                2.4876,
                -3.4555096
            ],
            "rotation": [
                -0.5,
                -0.5,
                0.5,
                -0.4999999
            ],
            "motion_type": "static"
        },
        {
            "template_name": "8cb1246e2aa1ce25e9fd05a3dcefce68a4aba804",
            "translation": [
                -5.15136,
                2.4876003,
                -5.0664296
            ],
            "rotation": [
                -0.5,
                -0.5,
                0.5,
                -0.4999999
            ],
            "motion_type": "static"
        },
        {
            "template_name": "5bf43afca1520ee67529f9edc1565c871f6b43f0",
            "translation": [
                -5.0013599,
                1.8007001,
                -5.3163294
            ],
            "rotation": [
                0.4999999,
                0.4999999,
                0.5,
                -0.5
            ],
            "motion_type": "static"
        },
        {
            "template_name": "fcaebfe141f5a16bffdb8599c50551150353010c",
            "translation": [
                -3.06326,
                -1.1920928955078126e-7,
                1.6634398
            ],
            "motion_type": "static"
        },
        {
            "template_name": "4bfb1238ae50a19e85fc692e35f566dc634cba8c",
            "translation": [
                -0.7756199,
                5.960464477539063e-8,
                -0.7507399
            ],
            "rotation": [
                0.7071068,
                0.0,
                0.7071067,
                0.0
            ],
            "motion_type": "static"
        },
        {
            "template_name": "27e2fe8d91a9d2cc02ce98e94f5f498548b88a5f",
            "translation": [
                -8.2357301,
                -5.960464477539063e-8,
                1.0517598
            ],
            "motion_type": "static",
            "non_uniform_scale": [
                1.2568693,
                0.9999998,
                0.9999998
            ]
        },
        {
            "template_name": "9ae971c9484ddb1adc5ba2d74e06f45c14ef40bb",
            "translation": [
                -8.3848304,
                2.086162567138672e-7,
                -3.5270648
            ],
            "rotation": [
                0.0011503,
                0.0,
                0.9999993,
                0.0
            ],
            "motion_type": "static"
        },
        {
            "template_name": "9ae971c9484ddb1adc5ba2d74e06f45c14ef40bb",
            "translation": [
                -2.0328149,
                2.980232238769531e-7,
                -5.2302298
            ],
            "rotation": [
                -0.7062929,
                0.0,
                0.7079196,
                0.0
            ],
            "motion_type": "static"
        },
        {
            "template_name": "dfefd7abfc58df9f16eac562b399e52add53386f",
            "translation": [
                -3.0297899,
                1.7500002,
                -6.0164299
            ],
            "rotation": [
                0.7071068,
                0.7071067,
                0.0,
                0.0
            ],
            "motion_type": "static"
        },
        {
            "template_name": "xxxx565510a2xdf58x42ebxb8b2x610950cea20a",
            "translation": [
                -5.47935,
                0.82,
                -2.8702998
            ],
            "rotation": [
                0.7071068,
                0.0,
                0.7071067,
                0.0
            ],
            "motion_type": "static"
        },
        {
            "template_name": "3760-39",
            "translation": [
                -0.3971599,
                1.6241497,
                -0.4926198
            ],
            "rotation": [
                0.7071068,
                0.0,
                -0.7071067,
                0.0
            ],
            "motion_type": "static",
            "non_uniform_scale": [
                -0.9999998,
                0.9999998,
                0.9999998
            ]
        },
        {
            "template_name": "3760-40",
            "translation": [
                -0.6320905,
                1.6241499,
                -1.7487394
            ],
            "rotation": [
                0.8350865,
                0.0,
                -0.5501186,
                0.0
            ],
            "motion_type": "static",
            "non_uniform_scale": [
                -0.9999999,
                0.9999998,
                0.9999999
            ]
        },
        {
            "template_name": "219-4",
            "translation": [
                -0.925,
                1.4500002,
                -4.8328394
            ],
            "rotation": [
                0.7071068,
                0.0,
                -0.7071067,
                0.0
            ],
            "motion_type": "static",
            "non_uniform_scale": [
                -0.9999998,
                0.9999998,
                0.9999998
            ]
        },
        {
            "template_name": "219-4",
            "translation": [
                -8.0060701,
                1.4500002,
                -6.0914297
            ],
            "motion_type": "static",
            "non_uniform_scale": [
                -1.0,
                0.9999998,
                0.9999998
            ]
        },
        {
            "template_name": "219-4",
            "translation": [
                -6.2457299,
                1.4500002,
                -6.0914297
            ],
            "motion_type": "static",
            "non_uniform_scale": [
                -1.0,
                0.9999998,
                0.9999998
            ]
        },
        {
            "template_name": "219-4",
            "translation": [
                -3.9513502,
                1.4500002,
                -6.0914297
            ],
            "motion_type": "static",
            "non_uniform_scale": [
                -1.0,
                0.9999998,
                0.9999998
            ]
        },
        {
            "template_name": "219-4",
            "translation": [
                -2.0543899,
                1.4500002,
                -6.0914297
            ],
            "motion_type": "static",
            "non_uniform_scale": [
                -1.0,
                0.9999998,
                0.9999998
            ]
        },
        {
            "template_name": "200-3",
            "translation": [
                -9.2507295,
                1.12,
                -0.9739293
            ],
            "rotation": [
                0.7071067,
                0.0,
                0.7071067,
                0.0
            ],
            "motion_type": "static"
        },
        {
            "template_name": "3760-40",
            "translation": [
                -0.645383,
                1.6241497,
                0.7408286
            ],
            "rotation": [
                -0.5347912,
                0.0,
                0.8449842,
                0.0
            ],
            "motion_type": "static",
            "non_uniform_scale": [
                -1.0,
                0.9999998,
                1.0
            ]
        }
    ],
    "articulated_object_instances": [],
    "stage_instance": {
        "template_name": "stages/104862687_172226883",
        "motion_type": "static"
    },
    "pbr_shader_region_configs": {},
    "user_defined": {
        "scene_filter_file": "scene_filter_files/104862687_172226883.rec_filter.json"
    }
}