{
    "translation_origin": "asset_local",
    "default_lighting": "",
    "navmesh_instance": "",
    "semantic_scene_instance": "hssd_ssd_map",
    "default_pbr_shader_config": "./data/default.pbr_config.json",
    "object_instances": [
        {
            "template_name": "13b578b029ed8025c93a6cd021f1fed3906dffc2",
            "translation": [
                -5.8461599,
                7.450580596923828e-8,
                -1.1538398
            ],
            "rotation": [
                0.0,
                0.0,
                1.0,
                0.0
            ],
            "motion_type": "static"
        },
        {
            "template_name": "d56dfbc4c8784e8a554e07a9ad355f87b44609a8",
            "translation": [
                -5.7899999,
                -3.5762786865234377e-7,
                5.6165294
            ],
            "rotation": [
                0.7071068,
                0.0,
                0.7071067,
                0.0
            ],
            "motion_type": "static"
        },
        {
            "template_name": "d56dfbc4c8784e8a554e07a9ad355f87b44609a8",
            "translation": [
                -5.7899999,
                -2.980232238769531e-7,
                5.1665296
            ],
            "rotation": [
                0.7071068,
                0.0,
                0.7071067,
                0.0
            ],
            "motion_type": "static"
        },
        {
            "template_name": "2ad1405f0db1e149724804d2451c63097ecb28f4",
            "translation": [
                -2.6520199,
                0.2560001,
                -2.4053997
            ],
            "rotation": [
                0.0,
                0.0,
                1.0,
                0.0
            ],
            "motion_type": "static"
        },
        {
            "template_name": "f7dff284ffe0c62d7ada025247bef7302b3b614c",
            "translation": [
                3.7269899,
                1.564621925354004e-7,
                -2.6563696
            ],
            "motion_type": "static"
        },
        {
            "template_name": "54febf97a3c0ee7e010babe4ae9520fbf8858e87",
            "translation": [
                -5.9995999,
                1.7499996,
                3.36681
            ],
            "rotation": [
                0.4999999,
                0.4999999,
                0.5,
                -0.5
            ],
            "motion_type": "static"
        },
        {
            "template_name": "54febf97a3c0ee7e010babe4ae9520fbf8858e87",
            "translation": [
                -5.9995999,
                1.7499996,
                4.30308
            ],
            "rotation": [
                0.4999999,
                0.4999999,
                0.5,
                -0.5
            ],
            "motion_type": "static"
        },
        {
            "template_name": "9f3a1c20d3efa14cca4563bd9b5c53d8e96d4b28",
            "translation": [
                -4.5908551,
                2.980232238769531e-7,
                -5.2630496
            ],
            "motion_type": "static"
        },
        {
            "template_name": "4fa98f238cf9f4821a9f5702f293801df84994d2",
            "translation": [
                -1.6233898,
                -2.384185791015625e-7,
                4.0714592
            ],
            "rotation": [
                0.7071068,
                0.0,
                -0.7071067,
                0.0
            ],
            "motion_type": "static"
        },
        {
            "template_name": "d575d5f3dad22b89787f1d6635ca32c1885cee28",
            "translation": [
                -4.31572,
                -1.7881393432617188e-7,
                3.4346096
            ],
            "rotation": [
                0.7071068,
                0.0,
                -0.7071067,
                0.0
            ],
            "motion_type": "static"
        },
        {
            "template_name": "762665bc7a958151874c15edfc2711b161376678",
            "translation": [
                2.6516599,
                -2.086162567138672e-7,
                3.4767196
            ],
            "rotation": [
                0.7071068,
                0.0,
                -0.7071067,
                0.0
            ],
            "motion_type": "static"
        },
        {
            "template_name": "0665c20a203a9982c8c528b453961a91745d229d",
            "translation": [
                1.9264301,
                -2.384185791015625e-7,
                4.2061195
            ],
            "rotation": [
                0.7071068,
                0.0,
                -0.7071067,
                0.0
            ],
            "motion_type": "static",
            "non_uniform_scale": [
                -0.9999998,
                0.9999998,
                0.9999998
            ]
        },
        {
            "template_name": "128b5f2d072869004b7a218ab674f93f73a66670",
            "translation": [
                -3.5784201,
                -2.384185791015625e-7,
                3.9487295
            ],
            "rotation": [
                0.7071068,
                0.0,
                0.7071067,
                0.0
            ],
            "motion_type": "static"
        },
        {
            "template_name": "a60150783b79e0fb4cb3d938483f718585c52bda_part_2",
            "translation": [
                -4.4899997,
                1.1920928955078126e-7,
                -2.3177998
            ],
            "motion_type": "static"
        },
        {
            "template_name": "a60150783b79e0fb4cb3d938483f718585c52bda_part_3",
            "translation": [
                -4.7321991,
                0.1031032,
                -2.3177998
            ],
            "motion_type": "static"
        },
        {
            "template_name": "a60150783b79e0fb4cb3d938483f718585c52bda_part_10",
            "translation": [
                -4.7019467,
                1.4992798,
                -2.3178
            ],
            "motion_type": "static"
        },
        {
            "template_name": "a60150783b79e0fb4cb3d938483f718585c52bda_part_17",
            "translation": [
                -4.3276724,
                1.4992804,
                -2.3178
            ],
            "motion_type": "static"
        },
        {
            "template_name": "db99ea06891a3dbce721816075f0f8de683dbde1",
            "translation": [
                6.1831693,
                -1.1920928955078126e-7,
                2.5235598
            ],
            "rotation": [
                0.7071068,
                0.0,
                -0.7071067,
                0.0
            ],
            "motion_type": "static"
        },
        {
            "template_name": "db99ea06891a3dbce721816075f0f8de683dbde1",
            "translation": [
                -0.0632899,
                -1.1920928955078126e-7,
                2.5235598
            ],
            "rotation": [
                0.7071068,
                0.0,
                0.7071067,
                0.0
            ],
            "motion_type": "static"
        },
        {
            "template_name": "dcce812338b1c2a4cd4deda1b1896ce272c4b68f",
            "translation": [
                -0.17836,
                -2.980232238769531e-7,
                4.6299295
            ],
            "rotation": [
                0.7071068,
                0.0,
                0.7071067,
                0.0
            ],
            "motion_type": "static"
        },
        {
            "template_name": "4254f35550281f6e419bb5c25f5ee5350b5c6487",
            "translation": [
                4.4492998,
                2.086162567138672e-7,
                -3.5130796
            ],
            "motion_type": "static"
        },
        {
            "template_name": "fb43121461f64e0e21ca253a07bf0a766fb5d158",
            "translation": [
                -4.0879898,
                2.682209014892578e-7,
                -4.5948796
            ],
            "motion_type": "static"
        },
        {
            "template_name": "fb8325020112cbf94b481e2524f9975ad7a45de1",
            "translation": [
                3.3011999,
                -2.086162567138672e-7,
                3.4767196
            ],
            "rotation": [
                0.7071068,
                0.0,
                0.7071067,
                0.0
            ],
            "motion_type": "static"
        },
        {
            "template_name": "08308ea1093bfa3d8c0ba53c8dc49c184f63daed",
            "translation": [
                -5.8499999,
                5.960464477539063e-8,
                -0.6999999
            ],
            "motion_type": "static"
        },
        {
            "template_name": "08308ea1093bfa3d8c0ba53c8dc49c184f63daed",
            "translation": [
                -5.8499999,
                -1.1920928955078126e-7,
                1.5935597
            ],
            "rotation": [
                0.7071068,
                0.0,
                -0.7071067,
                0.0
            ],
            "motion_type": "static"
        },
        {
            "template_name": "4552d971acc237a0c1f568d7093740bef1592fd1",
            "translation": [
                2.12489,
                3.5762786865234377e-7,
                -5.8120193
            ],
            "motion_type": "static"
        },
        {
            "template_name": "8651e8d0018be9844a2471273d17157e5684fd80",
            "translation": [
                -5.9995999,
                1.7499996,
                2.3937599
            ],
            "rotation": [
                0.4999999,
                0.4999999,
                0.5,
                -0.5
            ],
            "motion_type": "static"
        },
        {
            "template_name": "ff587a04fe3412b83b8fc870a7216374e70506c4_part_39",
            "translation": [
                -2.3877544,
                0.000114,
                -0.6343369
            ],
            "motion_type": "static"
        },
        {
            "template_name": "8597e0af462124aef9ec06dde13f45bb2b223a74_part_1",
            "translation": [
                -5.85394,
                0.752887,
                -2.1590621
            ],
            "motion_type": "static"
        },
        {
            "template_name": "8597e0af462124aef9ec06dde13f45bb2b223a74_part_2",
            "translation": [
                -5.5198097,
                0.7169191,
                -1.940098
            ],
            "motion_type": "static"
        },
        {
            "template_name": "8597e0af462124aef9ec06dde13f45bb2b223a74_part_3",
            "translation": [
                -5.4999709,
                -0.0000123,
                -1.6141748
            ],
            "motion_type": "static"
        },
        {
            "template_name": "8597e0af462124aef9ec06dde13f45bb2b223a74_part_4",
            "translation": [
                -5.5,
                -0.000077,
                -2.1828026
            ],
            "motion_type": "static"
        },
        {
            "template_name": "9db21998c823fe0f57702c27e946c248114e075f",
            "translation": [
                4.4698901,
                3.5762786865234377e-7,
                -5.6934294
            ],
            "motion_type": "static"
        },
        {
            "template_name": "5368e6e4bb682ba841fb69dc471f5c048a33fa48",
            "translation": [
                5.9321804,
                5.960464477539063e-8,
                -0.5693147
            ],
            "rotation": [
                0.7071068,
                0.0,
                0.7071067,
                0.0
            ],
            "motion_type": "static"
        },
        {
            "template_name": "a59f443c419c8514ecface071b4fd67bd44b4471_part_25",
            "translation": [
                -3.7174999,
                -1.1920928955078126e-7,
                1.5510598
            ],
            "rotation": [
                0.0,
                0.0,
                1.0,
                0.0
            ],
            "motion_type": "static"
        },
        {
            "template_name": "cdc5ea4b23fbf633b1b59b72870d7db8695938ec",
            "translation": [
                4.0264301,
                -2.682209014892578e-7,
                4.2517194
            ],
            "rotation": [
                0.7071068,
                0.0,
                0.7071067,
                0.0
            ],
            "motion_type": "static"
        },
        {
            "template_name": "b5281b81131311b05c3707d977da166addba8661",
            "translation": [
                2.6092002,
                -1.4901161193847657e-7,
                2.5351397
            ],
            "rotation": [
                0.7071068,
                0.0,
                -0.7071067,
                0.0
            ],
            "motion_type": "static"
        },
        {
            "template_name": "2e17e86e044c7a9dd97398a9f8791c923d46edd0",
            "translation": [
                3.3436598,
                -1.4901161193847657e-7,
                2.5351397
            ],
            "rotation": [
                0.7071068,
                0.0,
                0.7071067,
                0.0
            ],
            "motion_type": "static"
        },
        {
            "template_name": "08d386c25702f0613120b54e2b0615b4e4d198f7_part_17",
            "translation": [
                3.9186854,
                0.000115,
                -0.6343369
            ],
            "motion_type": "static"
        },
        {
            "template_name": "149883641df778c30c5871ebbcc8ff276ed337af_part_16",
            "translation": [
                2.3772199,
                2.980232238769531e-7,
                1.5741999
            ],
            "rotation": [
                0.0,
                0.0,
                1.0,
                0.0
            ],
            "motion_type": "static"
        },
        {
            "template_name": "3f0778f68a489d3995e2e3f13d13e4a90fb500a8",
            "translation": [
                -5.8005604,
                -1.1920928955078126e-7,
                2.2497496
            ],
            "rotation": [
                0.7071068,
                0.0,
                0.7071067,
                0.0
            ],
            "motion_type": "static"
        },
        {
            "template_name": "3f0778f68a489d3995e2e3f13d13e4a90fb500a8",
            "translation": [
                -5.8005604,
                -1.7881393432617188e-7,
                2.7475097
            ],
            "rotation": [
                0.7071068,
                0.0,
                0.7071067,
                0.0
            ],
            "motion_type": "static"
        },
        {
            "template_name": "3f0778f68a489d3995e2e3f13d13e4a90fb500a8",
            "translation": [
                -5.8005604,
                -1.7881393432617188e-7,
                3.2452697
            ],
            "rotation": [
                0.7071068,
                0.0,
                0.7071067,
                0.0
            ],
            "motion_type": "static"
        },
        {
            "template_name": "3f0778f68a489d3995e2e3f13d13e4a90fb500a8",
            "translation": [
                -5.8005604,
                -2.384185791015625e-7,
                3.7430298
            ],
            "rotation": [
                0.7071068,
                0.0,
                0.7071067,
                0.0
            ],
            "motion_type": "static"
        },
        {
            "template_name": "3f0778f68a489d3995e2e3f13d13e4a90fb500a8",
            "translation": [
                -5.8005604,
                -2.384185791015625e-7,
                4.2407894
            ],
            "rotation": [
                0.7071068,
                0.0,
                0.7071067,
                0.0
            ],
            "motion_type": "static"
        },
        {
            "template_name": "71d09809fa1306bbda506bf4ffb6a807df1b005b",
            "translation": [
                6.2545099,
                -2.980232238769531e-7,
                4.6526994
            ],
            "rotation": [
                0.7071068,
                0.0,
                -0.7071067,
                0.0
            ],
            "motion_type": "static"
        },
        {
            "template_name": "7dcc5566ad16b0a38091413e5d5b0b7368ab298b_part_5",
            "translation": [
                -0.6771,
                2.980232238769531e-7,
                1.5741999
            ],
            "rotation": [
                0.0,
                0.0,
                1.0,
                0.0
            ],
            "motion_type": "static"
        },
        {
            "template_name": "99aff5399a26bd00e6221eb488bac18fa706bcb8",
            "translation": [
                6.0085697,
                -1.1920928955078126e-7,
                1.5038597
            ],
            "rotation": [
                0.0,
                0.0,
                1.0,
                0.0
            ],
            "motion_type": "static"
        },
        {
            "template_name": "e33914ea43ffc53e6dec3ff5d9833b8032f80ddd_part_1",
            "translation": [
                -1.9248572,
                -0.0087393,
                -5.0508823
            ],
            "motion_type": "static"
        },
        {
            "template_name": "e33914ea43ffc53e6dec3ff5d9833b8032f80ddd_part_73",
            "translation": [
                -1.9533698,
                3.5762786865234377e-7,
                -5.7810249
            ],
            "motion_type": "static"
        },
        {
            "template_name": "e33914ea43ffc53e6dec3ff5d9833b8032f80ddd_part_1",
            "translation": [
                0.5351424,
                -0.0087393,
                -5.0508823
            ],
            "motion_type": "static"
        },
        {
            "template_name": "e33914ea43ffc53e6dec3ff5d9833b8032f80ddd_part_73",
            "translation": [
                0.50663,
                3.5762786865234377e-7,
                -5.7810249
            ],
            "motion_type": "static"
        },
        {
            "template_name": "4d6310a9ffa5b50e7dc45940cf724ba1fa3ffddd_part_1",
            "translation": [
                -3.6985573,
                0.6456645,
                -2.7244007
            ],
            "rotation": [
                0.0,
                0.0,
                1.0,
                0.0
            ],
            "motion_type": "static"
        },
        {
            "template_name": "4d6310a9ffa5b50e7dc45940cf724ba1fa3ffddd_part_9",
            "translation": [
                -5.6809697,
                0.083889,
                -3.0446
            ],
            "rotation": [
                0.0,
                0.0,
                1.0,
                0.0
            ],
            "motion_type": "static"
        },
        {
            "template_name": "4d6310a9ffa5b50e7dc45940cf724ba1fa3ffddd_part_14",
            "translation": [
                -3.2403619,
                2.2064802,
                -2.8225517
            ],
            "rotation": [
                0.0,
                0.0,
                1.0,
                0.0
            ],
            "motion_type": "static"
        },
        {
            "template_name": "4d6310a9ffa5b50e7dc45940cf724ba1fa3ffddd_part_14",
            "translation": [
                -2.7128498,
                2.2064802,
                -2.8225517
            ],
            "rotation": [
                0.0,
                0.0,
                1.0,
                0.0
            ],
            "motion_type": "static"
        },
        {
            "template_name": "4d6310a9ffa5b50e7dc45940cf724ba1fa3ffddd_part_10",
            "translation": [
                -5.0357789,
                0.5143392,
                -2.8915522
            ],
            "rotation": [
                0.0,
                0.0,
                1.0,
                0.0
            ],
            "motion_type": "static"
        },
        {
            "template_name": "4d6310a9ffa5b50e7dc45940cf724ba1fa3ffddd_part_70",
            "translation": [
                -4.1778898,
                -0.0150171,
                -2.9729986
            ],
            "rotation": [
                0.0,
                0.0,
                1.0,
                0.0
            ],
            "motion_type": "static"
        },
        {
            "template_name": "32f0dd69c5c68ae650f50fd468be1ba105c7ec6e_part_2",
            "translation": [
                -0.0954649,
                -1.1920928955078126e-7,
                -3.8454408
            ],
            "motion_type": "static"
        },
        {
            "template_name": "32f0dd69c5c68ae650f50fd468be1ba105c7ec6e_part_2",
            "translation": [
                -0.7040349,
                4.470348358154297e-7,
                -3.8454408
            ],
            "motion_type": "static"
        },
        {
            "template_name": "32f0dd69c5c68ae650f50fd468be1ba105c7ec6e_part_2",
            "translation": [
                -0.7040346,
                2.682209014892578e-7,
                -2.9633386
            ],
            "rotation": [
                0.0,
                0.0,
                1.0,
                0.0
            ],
            "motion_type": "static"
        },
        {
            "template_name": "32f0dd69c5c68ae650f50fd468be1ba105c7ec6e_part_2",
            "translation": [
                -0.0954651,
                5.066394805908203e-7,
                -2.9633393
            ],
            "rotation": [
                0.0,
                0.0,
                1.0,
                0.0
            ],
            "motion_type": "static"
        },
        {
            "template_name": "32f0dd69c5c68ae650f50fd468be1ba105c7ec6e_part_2",
            "translation": [
                0.4901748,
                2.384185791015625e-7,
                -3.4070794
            ],
            "rotation": [
                0.7071071,
                0.0,
                -0.7071061,
                0.0
            ],
            "motion_type": "static"
        },
        {
            "template_name": "32f0dd69c5c68ae650f50fd468be1ba105c7ec6e_part_2",
            "translation": [
                -1.289674,
                2.682209014892578e-7,
                -3.4070794
            ],
            "rotation": [
                0.7071067,
                0.0,
                0.7071068,
                0.0
            ],
            "motion_type": "static"
        },
        {
            "template_name": "32f0dd69c5c68ae650f50fd468be1ba105c7ec6e_part_7",
            "translation": [
                -0.3999449,
                1.1920928955078126e-7,
                -3.4101691
            ],
            "motion_type": "static"
        },
        {
            "template_name": "b76d1ec681e35f48b3636d8f383b019e8a32b03c",
            "translation": [
                -4.4300303,
                -2.384185791015625e-7,
                4.9846296
            ],
            "rotation": [
                0.7071068,
                0.0,
                -0.7071067,
                0.0
            ],
            "motion_type": "static"
        },
        {
            "template_name": "d80f27979b4199054d9fb8becceff6d3a383d16c",
            "translation": [
                -0.74864,
                -1.7881393432617188e-7,
                2.9045298
            ],
            "rotation": [
                0.7071068,
                0.0,
                -0.7071067,
                0.0
            ],
            "motion_type": "static"
        },
        {
            "template_name": "d80f27979b4199054d9fb8becceff6d3a383d16c",
            "translation": [
                -0.74864,
                -2.980232238769531e-7,
                5.2383894
            ],
            "rotation": [
                0.7071068,
                0.0,
                -0.7071067,
                0.0
            ],
            "motion_type": "static"
        },
        {
            "template_name": "c5fcff661840480b412a5c4a8fdfb0d58d262ad5",
            "translation": [
                2.30378,
                -1.4901161193847657e-7,
                2.4469597
            ],
            "rotation": [
                0.7071068,
                0.0,
                0.7071067,
                0.0
            ],
            "motion_type": "static"
        },
        {
            "template_name": "071adbd63516406c01906131b0d8da1bb2a5eed9",
            "translation": [
                2.2392299,
                1.7881393432617188e-7,
                -3.47757
            ],
            "rotation": [
                0.0,
                0.0,
                1.0,
                0.0
            ],
            "motion_type": "static"
        },
        {
            "template_name": "0d129d28eedc44412baecf233dfa67e62a255201",
            "translation": [
                4.5416097,
                -3.129243850708008e-7,
                5.1905794
            ],
            "motion_type": "static"
        },
        {
            "template_name": "3dca32a89b68041131bf3b0db5a07b80ad26c0c7_part_41",
            "translation": [
                -0.1632899,
                -2.384185791015625e-7,
                3.6835596
            ],
            "rotation": [
                0.7071068,
                0.0,
                0.7071067,
                0.0
            ],
            "motion_type": "static"
        },
        {
            "template_name": "3dca32a89b68041131bf3b0db5a07b80ad26c0c7_part_41",
            "translation": [
                6.2831702,
                -2.384185791015625e-7,
                3.6835596
            ],
            "rotation": [
                0.7071068,
                0.0,
                -0.7071067,
                0.0
            ],
            "motion_type": "static"
        },
        {
            "template_name": "644494768bb8a108f01e475e9bb0122105c833d2",
            "translation": [
                2.64643,
                -3.2782554626464846e-7,
                5.3865294
            ],
            "rotation": [
                0.7071068,
                0.0,
                -0.7071067,
                0.0
            ],
            "motion_type": "static"
        },
        {
            "template_name": "42b33e2349f4129d28a48bfb4bdadb813c7fd96c_part_1",
            "translation": [
                -2.9770491,
                -0.0000123,
                -1.9186248
            ],
            "rotation": [
                0.0,
                0.0,
                1.0,
                0.0
            ],
            "motion_type": "static"
        },
        {
            "template_name": "42b33e2349f4129d28a48bfb4bdadb813c7fd96c_part_2",
            "translation": [
                -2.6230797,
                0.752887,
                -1.3737374
            ],
            "rotation": [
                0.0,
                0.0,
                1.0,
                0.0
            ],
            "motion_type": "static"
        },
        {
            "template_name": "42b33e2349f4129d28a48bfb4bdadb813c7fd96c_part_3",
            "translation": [
                -2.9572103,
                0.7169191,
                -1.5927013
            ],
            "rotation": [
                0.0,
                0.0,
                1.0,
                0.0
            ],
            "motion_type": "static"
        },
        {
            "template_name": "42b33e2349f4129d28a48bfb4bdadb813c7fd96c_part_4",
            "translation": [
                -2.97702,
                -0.000077,
                -1.3499969
            ],
            "rotation": [
                0.0,
                0.0,
                1.0,
                0.0
            ],
            "motion_type": "static"
        },
        {
            "template_name": "fc25875bc3e862dd82ebaa5db30461c8aa72d662",
            "translation": [
                6.0122599,
                1.5559647,
                1.7428599
            ],
            "rotation": [
                0.0,
                0.0,
                0.7071068,
                -0.7071067
            ],
            "motion_type": "static",
            "non_uniform_scale": [
                1.0095229,
                0.9999998,
                1.0419223
            ]
        },
        {
            "template_name": "1d1c44e50bd959ab596f0fa3adbe72c7b9fd4004",
            "translation": [
                -4.2185297,
                -1.1920928955078126e-7,
                2.4014897
            ],
            "rotation": [
                0.7071068,
                0.0,
                -0.7071067,
                0.0
            ],
            "motion_type": "static"
        },
        {
            "template_name": "24188ef08a9f2783da92954881babfaa6a5bdad7",
            "translation": [
                3.9402701,
                1.1920928955078126e-7,
                -1.3321049
            ],
            "rotation": [
                0.0,
                0.0,
                1.0,
                0.0
            ],
            "motion_type": "static"
        },
        {
            "template_name": "b3aae4e5b95084cae7923d8bad48947e91e5cf72",
            "translation": [
                3.6640799,
                -1.4901161193847657e-7,
                2.4731898
            ],
            "rotation": [
                0.7071068,
                0.0,
                -0.7071067,
                0.0
            ],
            "motion_type": "static"
        },
        {
            "template_name": "220-4",
            "translation": [
                4.5555601,
                1.4499994,
                5.9165296
            ],
            "motion_type": "static",
            "non_uniform_scale": [
                -1.0,
                0.9999998,
                0.9999998
            ]
        },
        {
            "template_name": "219-4",
            "translation": [
                -4.2829298,
                1.4500001,
                -6.0749993
            ],
            "motion_type": "static",
            "non_uniform_scale": [
                -1.0,
                0.9999998,
                0.9999998
            ]
        },
        {
            "template_name": "219-4",
            "translation": [
                5.0283489,
                1.4500001,
                -6.0749993
            ],
            "motion_type": "static",
            "non_uniform_scale": [
                -1.0,
                0.9999998,
                0.9999998
            ]
        },
        {
            "template_name": "219-4",
            "translation": [
                3.2990398,
                1.4500001,
                -6.0749993
            ],
            "motion_type": "static",
            "non_uniform_scale": [
                -1.0,
                0.9999998,
                0.9999998
            ]
        },
        {
            "template_name": "219-4",
            "translation": [
                -6.0749998,
                1.4500001,
                -4.4999995
            ],
            "rotation": [
                0.7071067,
                0.0,
                0.7071067,
                0.0
            ],
            "motion_type": "static",
            "non_uniform_scale": [
                -0.9999998,
                0.9999998,
                0.9999998
            ]
        },
        {
            "template_name": "220-4",
            "translation": [
                1.17188,
                1.4499994,
                5.9165296
            ],
            "rotation": [
                0.0,
                0.0,
                1.0,
                0.0
            ],
            "motion_type": "static",
            "non_uniform_scale": [
                -1.0,
                0.9999998,
                0.9999998
            ]
        },
        {
            "template_name": "220-4",
            "translation": [
                -2.31044,
                1.4499994,
                5.9165296
            ],
            "motion_type": "static",
            "non_uniform_scale": [
                -1.0,
                0.9999998,
                0.9999998
            ]
        },
        {
            "template_name": "219-4",
            "translation": [
                -6.0749998,
                1.45,
                -1.7011897
            ],
            "rotation": [
                0.7071067,
                0.0,
                0.7071067,
                0.0
            ],
            "motion_type": "static",
            "non_uniform_scale": [
                -0.9999998,
                0.9999998,
                0.9999998
            ]
        },
        {
            "template_name": "220-4",
            "translation": [
                6.5831699,
                1.45,
                -3.3524198
            ],
            "rotation": [
                0.7071068,
                0.0,
                -0.7071067,
                0.0
            ],
            "motion_type": "static",
            "non_uniform_scale": [
                -0.9999998,
                0.9999998,
                0.9999998
            ]
        }
    ],
    "articulated_object_instances": [],
    "stage_instance": {
        "template_name": "stages/104862513_172226580",
        "motion_type": "static"
    },
    "pbr_shader_region_configs": {},
    "user_defined": {
        "scene_filter_file": "scene_filter_files/104862513_172226580.rec_filter.json"
    }
}