{
    "translation_origin": "asset_local",
    "default_lighting": "",
    "navmesh_instance": "",
    "object_instances": [
        {
            "template_name": "b04c3fbc617f2d0ba7c0eee4408e689349ee3d79",
            "translation": [
                3.3930399,
                5.960464477539063e-08,
                -1.0919798
            ],
            "rotation": [
                0.7071068,
                0.0,
                0.7071067,
                0.0
            ],
            "motion_type": "static"
        },
        {
            "template_name": "662e1bf92a5ab76e1315a0b61e4dac71a49ac9ac",
            "translation": [
                1.8598998,
                8.344650268554688e-07,
                -14.1997394
            ],
            "rotation": [
                0.7071068,
                0.0,
                -0.7071067,
                0.0
            ],
            "motion_type": "static"
        },
        {
            "template_name": "03ba174d13db7f909a79cb64d4319383c6fa99ee",
            "translation": [
                8.0259304,
                8.344650268554688e-07,
                -14.4121503
            ],
            "rotation": [
                0.7071068,
                0.0,
                -0.7071067,
                0.0
            ],
            "motion_type": "static"
        },
        {
            "template_name": "03ba174d13db7f909a79cb64d4319383c6fa99ee",
            "translation": [
                8.0259304,
                9.5367431640625e-07,
                -15.6121482
            ],
            "rotation": [
                0.7071068,
                0.0,
                -0.7071067,
                0.0
            ],
            "motion_type": "static"
        },
        {
            "template_name": "367fe59968558d7ca74557aacdc5add33d8c43d5",
            "translation": [
                1.75993,
                0.7600006,
                -13.1641187
            ],
            "rotation": [
                0.7071068,
                0.0,
                -0.7071067,
                0.0
            ],
            "motion_type": "static"
        },
        {
            "template_name": "347a45498dfdc2bd553a64da96e1771d5081efe1",
            "translation": [
                -0.64416,
                6.556510925292969e-07,
                -10.805438
            ],
            "motion_type": "static"
        },
        {
            "template_name": "82b8c87d7ed3b69754468b334f9e3927b499a2a9",
            "translation": [
                2.06552,
                1.8500008,
                -14.8656387
            ],
            "rotation": [
                -0.5,
                -0.5,
                0.5,
                -0.4999999
            ],
            "motion_type": "static"
        },
        {
            "template_name": "64399069cfdcb22744c05ed60d8ea7cba507d8a8",
            "translation": [
                -1.1342799,
                1.6298602,
                -8.1373844
            ],
            "rotation": [
                0.4999999,
                0.4999999,
                0.5,
                -0.5
            ],
            "motion_type": "static"
        },
        {
            "template_name": "0b0e6df6479ffd5c48f58de1330e7f2ab1248620",
            "translation": [
                4.66017,
                1.9207005,
                -14.4450988
            ],
            "rotation": [
                -0.5,
                -0.5,
                0.5,
                -0.4999999
            ],
            "motion_type": "static"
        },
        {
            "template_name": "5bfc73bbfb31954cb5734e588cbbedf238782f62",
            "translation": [
                4.6601753,
                1.4537509,
                -16.6576175
            ],
            "rotation": [
                -0.5,
                -0.5,
                0.5,
                -0.4999999
            ],
            "motion_type": "static"
        },
        {
            "template_name": "bf2dfa9d2106781b50ab85f7d875aaea367061f9",
            "translation": [
                -0.9097099,
                7.152557373046875e-07,
                -12.7580547
            ],
            "rotation": [
                0.7071068,
                0.0,
                0.7071067,
                0.0
            ],
            "motion_type": "static"
        },
        {
            "template_name": "28e0ff5e3f1d1b2918986d871c0f66631c918060",
            "translation": [
                7.4364299,
                5.960464477539062e-07,
                -11.6516685
            ],
            "rotation": [
                0.7071068,
                0.0,
                -0.7071067,
                0.0
            ],
            "motion_type": "static",
            "non_uniform_scale": [
                0.9999998,
                1.4280612,
                0.9999998
            ]
        },
        {
            "template_name": "116ae2e0c439a60bb9c05f939b325201ae0bfcf5",
            "translation": [
                0.98517,
                7.152557373046875e-07,
                -11.9381093
            ],
            "rotation": [
                0.7071068,
                0.0,
                0.7071067,
                0.0
            ],
            "motion_type": "static"
        },
        {
            "template_name": "f031282428e3a90b28d2283ec8bb39ba553d66c6",
            "translation": [
                3.4045999,
                2.9802322387695312e-08,
                -0.3507399
            ],
            "rotation": [
                0.0,
                0.0,
                1.0,
                0.0
            ],
            "motion_type": "static"
        },
        {
            "template_name": "f031282428e3a90b28d2283ec8bb39ba553d66c6",
            "translation": [
                4.0486001,
                5.960464477539063e-08,
                -0.9947399
            ],
            "rotation": [
                0.7071068,
                0.0,
                -0.7071067,
                0.0
            ],
            "motion_type": "static"
        },
        {
            "template_name": "f031282428e3a90b28d2283ec8bb39ba553d66c6",
            "translation": [
                2.7606,
                5.960464477539063e-08,
                -0.9947399
            ],
            "rotation": [
                0.7071068,
                0.0,
                0.7071067,
                0.0
            ],
            "motion_type": "static"
        },
        {
            "template_name": "f031282428e3a90b28d2283ec8bb39ba553d66c6",
            "translation": [
                3.4045999,
                8.940696716308594e-08,
                -1.6387398
            ],
            "motion_type": "static"
        },
        {
            "template_name": "c1ea2cbd690472da8f64ab4fa3153772703a8d13",
            "translation": [
                0.9773899,
                4.9639493227005e-07,
                -8.3293685
            ],
            "rotation": [
                0.7071068,
                0.0,
                0.7071067,
                0.0
            ],
            "motion_type": "static"
        },
        {
            "template_name": "74e97a5d4b0f15e4b4661439dd4821d251efd43c",
            "translation": [
                0.76231,
                8.593779057264328e-07,
                -14.4190587
            ],
            "rotation": [
                0.9238795,
                0.0,
                0.3826834,
                0.0
            ],
            "motion_type": "static"
        },
        {
            "template_name": "5404f7c0381a1f52b876f389a4d4625f224838bb",
            "translation": [
                4.4351301,
                9.834766387939453e-07,
                -16.6703586
            ],
            "rotation": [
                0.7071068,
                0.0,
                -0.7071067,
                0.0
            ],
            "motion_type": "static"
        },
        {
            "template_name": "73e0248985913d45c16eec1a7e537c739ea527f6",
            "translation": [
                0.53573,
                2.682209014892578e-07,
                -4.6007795
            ],
            "rotation": [
                0.0,
                0.0,
                1.0,
                0.0
            ],
            "motion_type": "static",
            "non_uniform_scale": [
                -1.0,
                0.9999998,
                0.9999998
            ]
        },
        {
            "template_name": "a0aee66ebcbeac2e2937109356c7463b1252b668",
            "translation": [
                1.1244099,
                0.0,
                -0.3537599
            ],
            "rotation": [
                0.0,
                0.0,
                1.0,
                0.0
            ],
            "motion_type": "static"
        },
        {
            "template_name": "ca8c1111a38843f3d2d1818f2e04217a11e97884",
            "translation": [
                -0.1744149,
                1.1920928955078125e-07,
                -1.9775098
            ],
            "rotation": [
                0.7071068,
                0.0,
                0.7071067,
                0.0
            ],
            "motion_type": "static",
            "non_uniform_scale": [
                -0.9999998,
                0.9999997,
                0.9999998
            ]
        },
        {
            "template_name": "7cba44fcae20074ad3f9c1ad77a7c16060e8949a",
            "translation": [
                -1.1342799,
                1.8750001,
                -4.4769897
            ],
            "rotation": [
                0.4999999,
                0.4999999,
                0.5,
                -0.5
            ],
            "motion_type": "static"
        },
        {
            "template_name": "7cba44fcae20074ad3f9c1ad77a7c16060e8949a",
            "translation": [
                1.3885099,
                1.8750002,
                -4.8751897
            ],
            "rotation": [
                0.7071068,
                0.7071067,
                0.0,
                0.0
            ],
            "motion_type": "static"
        },
        {
            "template_name": "7cba44fcae20074ad3f9c1ad77a7c16060e8949a",
            "translation": [
                0.5902499,
                1.8750002,
                -4.8751897
            ],
            "rotation": [
                0.7071068,
                0.7071067,
                0.0,
                0.0
            ],
            "motion_type": "static"
        },
        {
            "template_name": "86e2f11ddd34c888494ef6c0c506d7528c8fc23a",
            "translation": [
                5.94773,
                4.172325134277344e-07,
                -6.7867941
            ],
            "rotation": [
                0.0,
                0.0,
                1.0,
                0.0
            ],
            "motion_type": "static"
        },
        {
            "template_name": "86e2f11ddd34c888494ef6c0c506d7528c8fc23a",
            "translation": [
                5.9781002,
                5.960464477539062e-07,
                -9.9062232
            ],
            "motion_type": "static"
        },
        {
            "template_name": "4aa682a59b7c12edfab9bdb7c7c88d0e51c2907a",
            "translation": [
                2.0655198,
                1.8750007,
                -13.4246692
            ],
            "rotation": [
                -0.5,
                -0.5,
                0.5,
                -0.4999999
            ],
            "motion_type": "static"
        },
        {
            "template_name": "2332e805af572afb9d2f4ee1ee0558021664ed96",
            "translation": [
                2.7335994,
                2.5000002,
                -5.3990402
            ],
            "rotation": [
                0.6797146,
                0.6797146,
                0.1949051,
                -0.194905
            ],
            "motion_type": "static"
        },
        {
            "template_name": "2332e805af572afb9d2f4ee1ee0558021664ed96",
            "translation": [
                0.8694,
                2.5,
                -3.1972646
            ],
            "rotation": [
                0.7071068,
                0.7071067,
                0.0,
                0.0
            ],
            "motion_type": "static"
        },
        {
            "template_name": "02d45a27671570055bbc6637b6064f6b45e2921d",
            "translation": [
                1.5281201,
                2.980232238769531e-07,
                -5.4186301
            ],
            "rotation": [
                0.7071068,
                0.0,
                0.7071067,
                0.0
            ],
            "motion_type": "static"
        },
        {
            "template_name": "1e297e295dd1bfac300be5f3de7dece5e68c7230",
            "translation": [
                6.3870301,
                1.1150708,
                -14.6375389
            ],
            "rotation": [
                0.0,
                0.0,
                0.7071068,
                -0.7071067
            ],
            "motion_type": "static"
        },
        {
            "template_name": "1e3619a081709b597af8c3765842080724059bc6",
            "translation": [
                8.0259304,
                8.046627044677734e-07,
                -13.312149
            ],
            "rotation": [
                0.7071068,
                0.0,
                -0.7071067,
                0.0
            ],
            "motion_type": "static"
        },
        {
            "template_name": "6bb59e8467fbcac1157591ce880f9ed8dc7a99a4",
            "translation": [
                1.28647,
                6.556510925292969e-07,
                -11.1883192
            ],
            "motion_type": "static"
        },
        {
            "template_name": "59d4630af6aee8b19660537466b52f2c26a74c19",
            "translation": [
                1.2967699,
                2.682209014892578e-07,
                -4.6007795
            ],
            "rotation": [
                0.0,
                0.0,
                1.0,
                0.0
            ],
            "motion_type": "static"
        },
        {
            "template_name": "5469b7065c2a0cd0356c818d48159ff74df0b3e9",
            "translation": [
                5.9816398,
                5.066394805908203e-07,
                -8.4051094
            ],
            "motion_type": "static"
        },
        {
            "template_name": "51f1303cf89167d3b6f5c0720bdc8493beccc9d4",
            "translation": [
                7.9819746,
                1.1920928955078125e-07,
                -2.9195697
            ],
            "rotation": [
                0.7071068,
                0.0,
                -0.7071067,
                0.0
            ],
            "motion_type": "static"
        },
        {
            "template_name": "52676f400fb7e2b9181f70a0fa1f53eb686a05b4",
            "translation": [
                8.30093,
                1.0801004,
                -8.4398088
            ],
            "rotation": [
                -0.5,
                -0.5,
                0.5,
                -0.4999999
            ],
            "motion_type": "static"
        },
        {
            "template_name": "df46b2a0ab60e373d6cd05ebc0821b4eb23cf43f",
            "translation": [
                1.5302549,
                7.748603820800781e-07,
                -13.1509494
            ],
            "rotation": [
                0.7071068,
                0.0,
                0.7071067,
                0.0
            ],
            "motion_type": "static"
        },
        {
            "template_name": "152467fbf5b1840b84adcdb59ead3cebee3bd9aa",
            "translation": [
                8.0651798,
                5.066394805908203e-07,
                -8.4438686
            ],
            "rotation": [
                0.7071068,
                0.0,
                -0.7071067,
                0.0
            ],
            "motion_type": "static"
        },
        {
            "template_name": "95140f6b87f888957493821a188f6b1469756f00",
            "translation": [
                -0.0008699,
                2.980232238769531e-07,
                -4.5756897
            ],
            "motion_type": "static"
        },
        {
            "template_name": "65c1fecf90feae53b5e9fe54ac93b795954082e0",
            "translation": [
                -0.7025799,
                9.238719940185547e-07,
                -15.7411489
            ],
            "rotation": [
                0.7071068,
                0.0,
                0.7071067,
                0.0
            ],
            "motion_type": "static"
        },
        {
            "template_name": "a15e6605df62bf836f4e068e15781e1188bcf901",
            "translation": [
                5.9693098,
                4.0000004,
                -8.4235992
            ],
            "rotation": [
                0.0,
                0.0,
                1.0,
                0.0
            ],
            "motion_type": "static"
        },
        {
            "template_name": "424d7e7d258370736e6cfdbad2b253e521f80c79",
            "translation": [
                -0.82432,
                2.384185791015625e-07,
                -4.0902996
            ],
            "rotation": [
                0.7071068,
                0.0,
                -0.7071067,
                0.0
            ],
            "motion_type": "static"
        },
        {
            "template_name": "30e30df96be74e43dc26f5534275e686b5640799",
            "translation": [
                6.9798102,
                4.172325134277344e-07,
                -6.9435448
            ],
            "rotation": [
                0.7071068,
                0.0,
                -0.7071067,
                0.0
            ],
            "motion_type": "static"
        },
        {
            "template_name": "30e30df96be74e43dc26f5534275e686b5640799",
            "translation": [
                6.8980751,
                5.960464477539062e-07,
                -9.8577594
            ],
            "motion_type": "static"
        },
        {
            "template_name": "30e30df96be74e43dc26f5534275e686b5640799",
            "translation": [
                5.0277547,
                4.172325134277344e-07,
                -6.8303093
            ],
            "rotation": [
                0.0,
                0.0,
                1.0,
                0.0
            ],
            "motion_type": "static"
        },
        {
            "template_name": "30e30df96be74e43dc26f5534275e686b5640799",
            "translation": [
                4.9460201,
                5.960464477539062e-07,
                -9.7494735
            ],
            "rotation": [
                0.7071068,
                0.0,
                0.7071067,
                0.0
            ],
            "motion_type": "static"
        },
        {
            "template_name": "97a80eceeef626cc6d768b0fd523f2477a4efbb7",
            "translation": [
                5.2611904,
                5.960464477539063e-08,
                -1.1224799
            ],
            "rotation": [
                0.7071068,
                0.0,
                0.7071067,
                0.0
            ],
            "motion_type": "static"
        },
        {
            "template_name": "97a80eceeef626cc6d768b0fd523f2477a4efbb7",
            "translation": [
                5.2611904,
                8.940696716308594e-08,
                -1.5620799
            ],
            "rotation": [
                0.7071068,
                0.0,
                0.7071067,
                0.0
            ],
            "motion_type": "static"
        },
        {
            "template_name": "97a80eceeef626cc6d768b0fd523f2477a4efbb7",
            "translation": [
                5.2611904,
                1.1920928955078125e-07,
                -2.0016796
            ],
            "rotation": [
                0.7071068,
                0.0,
                0.7071067,
                0.0
            ],
            "motion_type": "static"
        },
        {
            "template_name": "97a80eceeef626cc6d768b0fd523f2477a4efbb7",
            "translation": [
                5.2787904,
                2.384185791015625e-07,
                -4.0717797
            ],
            "rotation": [
                0.7071068,
                0.0,
                0.7071067,
                0.0
            ],
            "motion_type": "static"
        },
        {
            "template_name": "97a80eceeef626cc6d768b0fd523f2477a4efbb7",
            "translation": [
                5.2787904,
                2.086162567138672e-07,
                -3.6321797
            ],
            "rotation": [
                0.7071068,
                0.0,
                0.7071067,
                0.0
            ],
            "motion_type": "static"
        },
        {
            "template_name": "97a80eceeef626cc6d768b0fd523f2477a4efbb7",
            "translation": [
                5.2787904,
                1.7881393432617188e-07,
                -3.1925797
            ],
            "rotation": [
                0.7071068,
                0.0,
                0.7071067,
                0.0
            ],
            "motion_type": "static"
        },
        {
            "template_name": "a32a1cdbe4ecde9bdd9591b538abc15645c9cd9a",
            "translation": [
                -0.9146199,
                8.940696716308594e-07,
                -15.016509
            ],
            "rotation": [
                0.7071068,
                0.0,
                0.7071067,
                0.0
            ],
            "motion_type": "static"
        },
        {
            "template_name": "73c44bfa31182cd9d69d6c233e86ae57be29a804",
            "translation": [
                6.2732052,
                9.5367431640625e-07,
                -15.8364095
            ],
            "rotation": [
                0.7071068,
                0.0,
                -0.7071067,
                0.0
            ],
            "motion_type": "static"
        },
        {
            "template_name": "79573391707d7ae2716e52086669163f68a9aa01",
            "translation": [
                2.934127,
                2.980232238769531e-07,
                -5.0297741
            ],
            "rotation": [
                0.9612616,
                0.0,
                0.2756373,
                0.0
            ],
            "motion_type": "static"
        },
        {
            "template_name": "37207221f2cefb23b0a7f9dfa7f3407bce9f9732",
            "translation": [
                5.7611403,
                2.0000004,
                -14.4853343
            ],
            "rotation": [
                0.7071068,
                0.7071067,
                0.0,
                0.0
            ],
            "motion_type": "static",
            "non_uniform_scale": [
                2.3363635,
                0.9999998,
                3.3770654
            ]
        },
        {
            "template_name": "37207221f2cefb23b0a7f9dfa7f3407bce9f9732",
            "translation": [
                2.2164947,
                2.2500004,
                -11.7534389
            ],
            "rotation": [
                0.4999999,
                0.4999999,
                0.5000001,
                -0.4999999
            ],
            "motion_type": "static",
            "non_uniform_scale": [
                1.6111341,
                0.9999999,
                2.9549324
            ]
        },
        {
            "template_name": "37207221f2cefb23b0a7f9dfa7f3407bce9f9732",
            "translation": [
                2.2164947,
                2.2500007,
                -14.5689086
            ],
            "rotation": [
                0.4999999,
                0.4999999,
                0.5000001,
                -0.4999999
            ],
            "motion_type": "static",
            "non_uniform_scale": [
                1.6111341,
                0.9999999,
                2.9549324
            ]
        },
        {
            "template_name": "37207221f2cefb23b0a7f9dfa7f3407bce9f9732",
            "translation": [
                2.2164947,
                2.2500007,
                -13.1405191
            ],
            "rotation": [
                0.4999999,
                0.4999999,
                0.5000001,
                -0.4999999
            ],
            "motion_type": "static",
            "non_uniform_scale": [
                1.6111341,
                0.9999999,
                2.9549324
            ]
        },
        {
            "template_name": "a32ed32cc5693cb1ccd4792b7c3f0340cc8eda91",
            "translation": [
                1.6999199,
                8.046627044677734e-07,
                -13.3097391
            ],
            "rotation": [
                0.7071068,
                0.0,
                -0.7071067,
                0.0
            ],
            "motion_type": "static"
        },
        {
            "template_name": "f619d4aebe06e15ef0e68fad7f84e8765639e6f6",
            "translation": [
                3.4830198,
                2.5000004,
                -10.2809581
            ],
            "rotation": [
                0.4999999,
                0.4999999,
                0.5,
                -0.5
            ],
            "motion_type": "static"
        },
        {
            "template_name": "3b0ae5bdb57c391bb95ab884f2956032a249245b_part_1",
            "translation": [
                0.9542804,
                0.0009621,
                -8.3326616
            ],
            "rotation": [
                0.7071068,
                0.0,
                0.7071067,
                0.0
            ],
            "motion_type": "static"
        },
        {
            "template_name": "3b0ae5bdb57c391bb95ab884f2956032a249245b_part_3",
            "translation": [
                1.4670522,
                -0.001172,
                -7.7320308
            ],
            "rotation": [
                0.7071068,
                0.0,
                0.7071067,
                0.0
            ],
            "motion_type": "static"
        },
        {
            "template_name": "3b0ae5bdb57c391bb95ab884f2956032a249245b_part_3",
            "translation": [
                1.4670518,
                -0.001172,
                -8.3322191
            ],
            "rotation": [
                0.7071082,
                0.0,
                0.7071053,
                0.0
            ],
            "motion_type": "static"
        },
        {
            "template_name": "3b0ae5bdb57c391bb95ab884f2956032a249245b_part_3",
            "translation": [
                1.4670519,
                -0.0011719,
                -8.9283781
            ],
            "rotation": [
                0.7071077,
                0.0,
                0.7071058,
                0.0
            ],
            "motion_type": "static"
        },
        {
            "template_name": "3b0ae5bdb57c391bb95ab884f2956032a249245b_part_3",
            "translation": [
                0.4433929,
                -0.0011717,
                -8.928379
            ],
            "rotation": [
                -0.7071053,
                0.0,
                0.7071082,
                0.0
            ],
            "motion_type": "static"
        },
        {
            "template_name": "3b0ae5bdb57c391bb95ab884f2956032a249245b_part_3",
            "translation": [
                0.4433926,
                -0.0011718,
                -8.3322172
            ],
            "rotation": [
                -0.7071053,
                0.0,
                0.7071082,
                0.0
            ],
            "motion_type": "static"
        },
        {
            "template_name": "3b0ae5bdb57c391bb95ab884f2956032a249245b_part_3",
            "translation": [
                0.4433928,
                -0.0011719,
                -7.732027
            ],
            "rotation": [
                -0.7071053,
                0.0,
                0.7071082,
                0.0
            ],
            "motion_type": "static"
        },
        {
            "template_name": "3b0ae5bdb57c391bb95ab884f2956032a249245b_part_2",
            "translation": [
                0.9537063,
                -0.0011721,
                -7.1128644
            ],
            "rotation": [
                0.7071068,
                0.0,
                0.7071067,
                0.0
            ],
            "motion_type": "static"
        },
        {
            "template_name": "3b0ae5bdb57c391bb95ab884f2956032a249245b_part_2",
            "translation": [
                0.9534843,
                -0.0011721,
                -9.5524597
            ],
            "rotation": [
                -0.7071067,
                0.0,
                0.7071068,
                0.0
            ],
            "motion_type": "static"
        },
        {
            "template_name": "16c33cffd5b62d0d5df5ed6dd607f690ce2ee7c7",
            "translation": [
                -0.8193399,
                2.682209014892578e-07,
                -4.5394196
            ],
            "rotation": [
                0.7071068,
                0.0,
                0.7071067,
                0.0
            ],
            "motion_type": "static"
        },
        {
            "template_name": "1f5ab750519f7b292ead923edb57421f9652249b",
            "translation": [
                5.4801697,
                7.152557373046875e-07,
                -12.3165693
            ],
            "motion_type": "static"
        },
        {
            "template_name": "6cd2dc2611c27f758c972b4874efad8c8cbd5d29",
            "translation": [
                -0.8271399,
                2.086162567138672e-07,
                -3.6400346
            ],
            "rotation": [
                0.7071068,
                0.0,
                0.7071067,
                0.0
            ],
            "motion_type": "static"
        },
        {
            "template_name": "0294b0151f3e49f76da9dfb668146fb4d0204653",
            "translation": [
                2.4147992,
                3.5762786865234375e-07,
                -5.9106993
            ],
            "rotation": [
                -0.2756373,
                0.0,
                0.9612616,
                0.0
            ],
            "motion_type": "static"
        },
        {
            "template_name": "01b0483516935b5ac613f1aec72fd518f73e23c3",
            "translation": [
                -0.11608,
                3.2782554626464844e-07,
                -5.4948897
            ],
            "rotation": [
                0.0,
                0.0,
                1.0,
                0.0
            ],
            "motion_type": "static"
        },
        {
            "template_name": "2abf25b6bcf58df45522eb0137449ef581e7a66a",
            "translation": [
                1.6206699,
                7.152557373046875e-07,
                -11.9628782
            ],
            "rotation": [
                0.0,
                0.0,
                1.0,
                0.0
            ],
            "motion_type": "static"
        },
        {
            "template_name": "2abf25b6bcf58df45522eb0137449ef581e7a66a",
            "translation": [
                -0.0655699,
                7.152557373046875e-07,
                -11.6486988
            ],
            "rotation": [
                0.0,
                0.0,
                1.0,
                0.0
            ],
            "motion_type": "static"
        },
        {
            "template_name": "86b4750a00e6d22fbcdb1923811346b822c73c15",
            "translation": [
                5.7374701,
                1.7881393432617188e-07,
                -2.5971298
            ],
            "rotation": [
                0.7071068,
                0.0,
                0.7071067,
                0.0
            ],
            "motion_type": "static"
        },
        {
            "template_name": "224-86",
            "translation": [
                5.3101201,
                1.4500008,
                -16.2871475
            ],
            "motion_type": "static",
            "non_uniform_scale": [
                -1.0,
                0.9999998,
                0.9999998
            ]
        },
        {
            "template_name": "204-2",
            "translation": [
                2.71812,
                1.1200009,
                -17.2804183
            ],
            "rotation": [
                0.0,
                0.0,
                1.0,
                0.0
            ],
            "motion_type": "static"
        },
        {
            "template_name": "224-87",
            "translation": [
                3.8872001,
                1.450001,
                -17.2804183
            ],
            "motion_type": "static",
            "non_uniform_scale": [
                -1.0,
                0.9999998,
                0.9999998
            ]
        },
        {
            "template_name": "224-88",
            "translation": [
                0.46588,
                1.4500008,
                -16.2871475
            ],
            "motion_type": "static",
            "non_uniform_scale": [
                -1.0,
                0.9999998,
                0.9999998
            ]
        },
        {
            "template_name": "224-86",
            "translation": [
                7.27184,
                1.4500008,
                -16.2871475
            ],
            "motion_type": "static",
            "non_uniform_scale": [
                -1.0,
                0.9999998,
                0.9999998
            ]
        },
        {
            "template_name": "224-81",
            "translation": [
                8.3759298,
                1.4500004,
                -6.6781291
            ],
            "rotation": [
                0.7071067,
                0.0,
                0.7071067,
                0.0
            ],
            "motion_type": "static",
            "non_uniform_scale": [
                -0.9999998,
                0.9999998,
                0.9999998
            ]
        },
        {
            "template_name": "224-82",
            "translation": [
                8.3759298,
                1.4500006,
                -10.5043687
            ],
            "rotation": [
                0.7071067,
                0.0,
                0.7071067,
                0.0
            ],
            "motion_type": "static",
            "non_uniform_scale": [
                -0.9999998,
                0.9999998,
                0.9999998
            ]
        },
        {
            "template_name": "224-83",
            "translation": [
                -1.20928,
                1.4500005,
                -9.5673494
            ],
            "rotation": [
                0.7071067,
                0.0,
                0.7071067,
                0.0
            ],
            "motion_type": "static",
            "non_uniform_scale": [
                -0.9999998,
                0.9999998,
                0.9999998
            ]
        },
        {
            "template_name": "224-84",
            "translation": [
                -1.20928,
                1.4500002,
                -6.2556996
            ],
            "rotation": [
                0.7071067,
                0.0,
                0.7071067,
                0.0
            ],
            "motion_type": "static",
            "non_uniform_scale": [
                -0.9999998,
                0.9999998,
                0.9999998
            ]
        },
        {
            "template_name": "209-2",
            "translation": [
                4.9518704,
                1.1199998,
                0.0768697
            ],
            "rotation": [
                0.0005241,
                0.0,
                0.9999998,
                0.0
            ],
            "motion_type": "static"
        },
        {
            "template_name": "224-82",
            "translation": [
                2.9861202,
                1.4499999,
                0.0748085
            ],
            "rotation": [
                0.9999998,
                0.0,
                -0.0005241,
                0.0
            ],
            "motion_type": "static",
            "non_uniform_scale": [
                -1.0,
                0.9999998,
                0.9999998
            ]
        },
        {
            "template_name": "224-85",
            "translation": [
                6.7672796,
                1.4499999,
                0.0787733
            ],
            "rotation": [
                0.9999998,
                0.0,
                -0.0005241,
                0.0
            ],
            "motion_type": "static",
            "non_uniform_scale": [
                -1.0,
                0.9999998,
                0.9999998
            ]
        },
        {
            "template_name": "4076-2",
            "translation": [
                -0.2230099,
                1.1199998,
                0.07364
            ],
            "motion_type": "static",
            "non_uniform_scale": [
                -1.0,
                0.9999998,
                0.9999998
            ]
        }
    ],
    "articulated_object_instances": [],
    "stage_instance": {
        "template_name": "stages/105515211_173104179",
        "motion_type": "static"
    },
    "user_defined": {
        "scene_filter_file": "scene_filter_files/105515211_173104179.rec_filter.json"
    }
}