{
    "translation_origin": "asset_local",
    "default_lighting": "",
    "navmesh_instance": "",
    "object_instances": [
        {
            "template_name": "993d61c574b074c22000399acc1545a318009ba2",
            "translation": [
                -13.4394302,
                0.0250005,
                -11.7969989
            ],
            "rotation": [
                0.9102237,
                0.0,
                -0.4141167,
                0.0
            ],
            "motion_type": "static"
        },
        {
            "template_name": "8a18de630c95c6c383d18740334b7a2942ef4e33",
            "translation": [
                -8.8473901,
                2.8000004,
                -9.9376392
            ],
            "rotation": [
                0.0,
                0.0,
                1.0,
                0.0
            ],
            "motion_type": "static"
        },
        {
            "template_name": "8dcb92f5a0d538eb7505923f968a642b137f8368_part_0",
            "translation": [
                -10.6262969,
                2.0142025,
                -1.5653698
            ],
            "rotation": [
                -0.5,
                -0.5,
                0.5,
                -0.4999999
            ],
            "motion_type": "static"
        },
        {
            "template_name": "8dcb92f5a0d538eb7505923f968a642b137f8368_part_12",
            "translation": [
                -10.3237857,
                1.6137216,
                -1.4362709
            ],
            "rotation": [
                -0.5,
                -0.5,
                0.5,
                -0.4999999
            ],
            "motion_type": "static"
        },
        {
            "template_name": "8dcb92f5a0d538eb7505923f968a642b137f8368_part_12",
            "translation": [
                -10.3223981,
                1.6152193,
                -2.3875679
            ],
            "rotation": [
                -0.4999997,
                -0.5000001,
                0.5000001,
                -0.4999997
            ],
            "motion_type": "static"
        },
        {
            "template_name": "8dcb92f5a0d538eb7505923f968a642b137f8368_part_1",
            "translation": [
                -10.3537549,
                1.6003148,
                -1.1487052
            ],
            "rotation": [
                -0.5,
                -0.5,
                0.5,
                -0.4999999
            ],
            "motion_type": "static"
        },
        {
            "template_name": "8dcb92f5a0d538eb7505923f968a642b137f8368_part_1",
            "translation": [
                -10.3523674,
                1.6018129,
                -2.0715703
            ],
            "rotation": [
                0.5,
                0.5000001,
                -0.4999997,
                0.4999997
            ],
            "motion_type": "static"
        },
        {
            "template_name": "8dcb92f5a0d538eb7505923f968a642b137f8368_part_11",
            "translation": [
                -10.3875551,
                1.604161,
                -1.2940781
            ],
            "rotation": [
                -0.5,
                -0.5,
                0.5,
                -0.4999999
            ],
            "motion_type": "static"
        },
        {
            "template_name": "8dcb92f5a0d538eb7505923f968a642b137f8368_part_11",
            "translation": [
                -10.3861675,
                1.6056591,
                -2.2316715
            ],
            "rotation": [
                -0.4999993,
                -0.5,
                0.5000004,
                -0.5000001
            ],
            "motion_type": "static"
        },
        {
            "template_name": "8dcb92f5a0d538eb7505923f968a642b137f8368_part_22",
            "translation": [
                -10.5140571,
                2.0347173,
                -1.5655864
            ],
            "rotation": [
                -0.5,
                -0.5,
                0.5,
                -0.4999999
            ],
            "motion_type": "static"
        },
        {
            "template_name": "8dcb92f5a0d538eb7505923f968a642b137f8368_part_23",
            "translation": [
                -10.5140562,
                2.0355775,
                -1.6559269
            ],
            "rotation": [
                -0.5,
                -0.5,
                0.5,
                -0.4999999
            ],
            "motion_type": "static"
        },
        {
            "template_name": "8dcb92f5a0d538eb7505923f968a642b137f8368_part_23",
            "translation": [
                -10.5140562,
                2.0354764,
                -1.7357163
            ],
            "rotation": [
                0.5,
                0.4999999,
                -0.5,
                0.4999999
            ],
            "motion_type": "static"
        },
        {
            "template_name": "8dcb92f5a0d538eb7505923f968a642b137f8368_part_23",
            "translation": [
                -10.5140562,
                2.0344934,
                -1.8287874
            ],
            "rotation": [
                0.5,
                0.4999999,
                -0.5,
                0.5
            ],
            "motion_type": "static"
        },
        {
            "template_name": "8dcb92f5a0d538eb7505923f968a642b137f8368_part_23",
            "translation": [
                -10.5140562,
                2.0346596,
                -1.9334106
            ],
            "rotation": [
                0.5000044,
                0.5000044,
                -0.4999954,
                0.4999954
            ],
            "motion_type": "static"
        },
        {
            "template_name": "8dcb92f5a0d538eb7505923f968a642b137f8368_part_2",
            "translation": [
                -10.4516248,
                1.9773993,
                -1.130203
            ],
            "rotation": [
                -0.5,
                -0.5,
                0.5,
                -0.4999999
            ],
            "motion_type": "static"
        },
        {
            "template_name": "8dcb92f5a0d538eb7505923f968a642b137f8368_part_2",
            "translation": [
                -10.4509115,
                1.9774216,
                -1.2876429
            ],
            "rotation": [
                -0.4999901,
                -0.4999907,
                0.50001,
                -0.5000088
            ],
            "motion_type": "static"
        },
        {
            "template_name": "8dcb92f5a0d538eb7505923f968a642b137f8368_part_2",
            "translation": [
                -10.4512996,
                1.9761748,
                -1.4053392
            ],
            "rotation": [
                -0.4999996,
                -0.4999994,
                0.5000004,
                -0.5000001
            ],
            "motion_type": "static"
        },
        {
            "template_name": "8dcb92f5a0d538eb7505923f968a642b137f8368_part_2",
            "translation": [
                -10.4502372,
                1.9788991,
                -2.0530669
            ],
            "rotation": [
                0.4999982,
                0.5000007,
                -0.4999991,
                0.5000016
            ],
            "motion_type": "static"
        },
        {
            "template_name": "8dcb92f5a0d538eb7505923f968a642b137f8368_part_2",
            "translation": [
                -10.4495229,
                1.9789195,
                -2.2252438
            ],
            "rotation": [
                -0.4999996,
                -0.4999994,
                0.5000004,
                -0.5000001
            ],
            "motion_type": "static"
        },
        {
            "template_name": "8dcb92f5a0d538eb7505923f968a642b137f8368_part_2",
            "translation": [
                -10.449912,
                1.977673,
                -2.3566291
            ],
            "rotation": [
                -0.4999901,
                -0.4999907,
                0.50001,
                -0.5000088
            ],
            "motion_type": "static"
        },
        {
            "template_name": "8dcb92f5a0d538eb7505923f968a642b137f8368_part_16",
            "translation": [
                -10.5174646,
                1.636432,
                -1.5589249
            ],
            "rotation": [
                -0.5,
                -0.5,
                0.5,
                -0.4999999
            ],
            "motion_type": "static"
        },
        {
            "template_name": "8dcb92f5a0d538eb7505923f968a642b137f8368_part_16",
            "translation": [
                -10.5174646,
                1.6355911,
                -1.8206954
            ],
            "rotation": [
                -0.5,
                -0.5,
                0.5,
                -0.4999999
            ],
            "motion_type": "static"
        },
        {
            "template_name": "8dcb92f5a0d538eb7505923f968a642b137f8368_part_3",
            "translation": [
                -10.466814,
                1.6152186,
                -1.6477513
            ],
            "rotation": [
                -0.5,
                -0.5,
                0.5,
                -0.4999999
            ],
            "motion_type": "static"
        },
        {
            "template_name": "8dcb92f5a0d538eb7505923f968a642b137f8368_part_3",
            "translation": [
                -10.466814,
                1.6164654,
                -1.7288055
            ],
            "rotation": [
                0.5000001,
                0.5000001,
                -0.4999999,
                0.4999997
            ],
            "motion_type": "static"
        },
        {
            "template_name": "8dcb92f5a0d538eb7505923f968a642b137f8368_part_3",
            "translation": [
                -10.466814,
                1.6143006,
                -1.9252331
            ],
            "rotation": [
                -0.4999997,
                -0.4999997,
                0.5000001,
                -0.5
            ],
            "motion_type": "static"
        },
        {
            "template_name": "8dcb92f5a0d538eb7505923f968a642b137f8368_part_4",
            "translation": [
                -10.3371706,
                2.2600617,
                -1.2578765
            ],
            "rotation": [
                -0.5,
                -0.5,
                0.5,
                -0.4999999
            ],
            "motion_type": "static"
        },
        {
            "template_name": "8dcb92f5a0d538eb7505923f968a642b137f8368_part_4",
            "translation": [
                -10.3371706,
                2.2237544,
                -1.2578765
            ],
            "rotation": [
                -0.5,
                -0.5,
                0.5,
                -0.4999999
            ],
            "motion_type": "static"
        },
        {
            "template_name": "8dcb92f5a0d538eb7505923f968a642b137f8368_part_4",
            "translation": [
                -10.3371706,
                2.2600617,
                -2.2078058
            ],
            "rotation": [
                -0.5,
                -0.5,
                0.5,
                -0.4999999
            ],
            "motion_type": "static"
        },
        {
            "template_name": "8dcb92f5a0d538eb7505923f968a642b137f8368_part_4",
            "translation": [
                -10.3371706,
                2.2237544,
                -2.2078058
            ],
            "rotation": [
                -0.5,
                -0.5,
                0.5,
                -0.4999999
            ],
            "motion_type": "static"
        },
        {
            "template_name": "8dcb92f5a0d538eb7505923f968a642b137f8368_part_7",
            "translation": [
                -10.3207292,
                2.2561354,
                -1.7281105
            ],
            "rotation": [
                -0.5,
                -0.5,
                0.5,
                -0.4999999
            ],
            "motion_type": "static"
        },
        {
            "template_name": "8dcb92f5a0d538eb7505923f968a642b137f8368_part_7",
            "translation": [
                -10.3207292,
                2.228857,
                -1.7281105
            ],
            "rotation": [
                -0.5,
                -0.4999999,
                0.5000001,
                -0.4999997
            ],
            "motion_type": "static"
        },
        {
            "template_name": "8dcb92f5a0d538eb7505923f968a642b137f8368_part_5",
            "translation": [
                -10.3105287,
                2.117906,
                -1.7525688
            ],
            "rotation": [
                -0.5,
                -0.5,
                0.5,
                -0.4999999
            ],
            "motion_type": "static"
        },
        {
            "template_name": "8dcb92f5a0d538eb7505923f968a642b137f8368_part_0",
            "translation": [
                -11.3009624,
                2.0142025,
                -1.9397294
            ],
            "rotation": [
                0.4999999,
                0.4999999,
                0.5,
                -0.5
            ],
            "motion_type": "static"
        },
        {
            "template_name": "8dcb92f5a0d538eb7505923f968a642b137f8368_part_12",
            "translation": [
                -11.6034736,
                1.6137217,
                -2.0688285
            ],
            "rotation": [
                0.4999999,
                0.4999999,
                0.5,
                -0.5
            ],
            "motion_type": "static"
        },
        {
            "template_name": "8dcb92f5a0d538eb7505923f968a642b137f8368_part_12",
            "translation": [
                -11.6048612,
                1.6152193,
                -1.1175317
            ],
            "rotation": [
                0.5000001,
                0.4999997,
                0.4999999,
                -0.5000001
            ],
            "motion_type": "static"
        },
        {
            "template_name": "8dcb92f5a0d538eb7505923f968a642b137f8368_part_1",
            "translation": [
                -11.5735044,
                1.6003148,
                -2.3563945
            ],
            "rotation": [
                0.4999999,
                0.4999999,
                0.5,
                -0.5
            ],
            "motion_type": "static"
        },
        {
            "template_name": "8dcb92f5a0d538eb7505923f968a642b137f8368_part_1",
            "translation": [
                -11.574892,
                1.6018129,
                -1.4335292
            ],
            "rotation": [
                -0.4999997,
                -0.4999997,
                -0.5000001,
                0.5000001
            ],
            "motion_type": "static"
        },
        {
            "template_name": "8dcb92f5a0d538eb7505923f968a642b137f8368_part_11",
            "translation": [
                -11.5397043,
                1.6041611,
                -2.2110216
            ],
            "rotation": [
                0.4999999,
                0.4999999,
                0.5,
                -0.5
            ],
            "motion_type": "static"
        },
        {
            "template_name": "8dcb92f5a0d538eb7505923f968a642b137f8368_part_11",
            "translation": [
                -11.5410919,
                1.6056592,
                -1.2734278
            ],
            "rotation": [
                0.5000001,
                0.5000001,
                0.4999994,
                -0.5
            ],
            "motion_type": "static"
        },
        {
            "template_name": "8dcb92f5a0d538eb7505923f968a642b137f8368_part_22",
            "translation": [
                -11.4132022,
                2.0347175,
                -1.9395128
            ],
            "rotation": [
                0.4999999,
                0.4999999,
                0.5,
                -0.5
            ],
            "motion_type": "static"
        },
        {
            "template_name": "8dcb92f5a0d538eb7505923f968a642b137f8368_part_23",
            "translation": [
                -11.4132032,
                2.0355775,
                -1.8491723
            ],
            "rotation": [
                0.4999999,
                0.4999999,
                0.5,
                -0.5
            ],
            "motion_type": "static"
        },
        {
            "template_name": "8dcb92f5a0d538eb7505923f968a642b137f8368_part_23",
            "translation": [
                -11.4132032,
                2.0354764,
                -1.7693829
            ],
            "rotation": [
                0.4999999,
                0.4999999,
                0.5000001,
                -0.4999999
            ],
            "motion_type": "static"
        },
        {
            "template_name": "8dcb92f5a0d538eb7505923f968a642b137f8368_part_23",
            "translation": [
                -11.4132032,
                2.0344934,
                -1.6763118
            ],
            "rotation": [
                0.4999999,
                0.5,
                0.5000001,
                -0.4999999
            ],
            "motion_type": "static"
        },
        {
            "template_name": "8dcb92f5a0d538eb7505923f968a642b137f8368_part_23",
            "translation": [
                -11.4132032,
                2.0346593,
                -1.571689
            ],
            "rotation": [
                0.4999954,
                0.4999954,
                0.5000044,
                -0.5000044
            ],
            "motion_type": "static"
        },
        {
            "template_name": "8dcb92f5a0d538eb7505923f968a642b137f8368_part_2",
            "translation": [
                -11.4756345,
                1.9773997,
                -2.3748965
            ],
            "rotation": [
                0.4999999,
                0.4999999,
                0.5,
                -0.5
            ],
            "motion_type": "static"
        },
        {
            "template_name": "8dcb92f5a0d538eb7505923f968a642b137f8368_part_2",
            "translation": [
                -11.4763479,
                1.9774216,
                -2.2174563
            ],
            "rotation": [
                0.50001,
                0.5000088,
                0.4999901,
                -0.4999907
            ],
            "motion_type": "static"
        },
        {
            "template_name": "8dcb92f5a0d538eb7505923f968a642b137f8368_part_2",
            "translation": [
                -11.4759597,
                1.9761748,
                -2.09976
            ],
            "rotation": [
                0.5000004,
                0.5000001,
                0.4999997,
                -0.4999994
            ],
            "motion_type": "static"
        },
        {
            "template_name": "8dcb92f5a0d538eb7505923f968a642b137f8368_part_2",
            "translation": [
                -11.4770221,
                1.978899,
                -1.4520324
            ],
            "rotation": [
                0.4999988,
                0.5000016,
                0.4999983,
                -0.5000007
            ],
            "motion_type": "static"
        },
        {
            "template_name": "8dcb92f5a0d538eb7505923f968a642b137f8368_part_2",
            "translation": [
                -11.4777364,
                1.9789195,
                -1.2798557
            ],
            "rotation": [
                0.5000004,
                0.5000001,
                0.4999997,
                -0.4999994
            ],
            "motion_type": "static"
        },
        {
            "template_name": "8dcb92f5a0d538eb7505923f968a642b137f8368_part_2",
            "translation": [
                -11.4773473,
                1.977673,
                -1.1484705
            ],
            "rotation": [
                0.50001,
                0.5000088,
                0.4999901,
                -0.4999907
            ],
            "motion_type": "static"
        },
        {
            "template_name": "8dcb92f5a0d538eb7505923f968a642b137f8368_part_16",
            "translation": [
                -11.4097948,
                1.636432,
                -1.9461747
            ],
            "rotation": [
                0.4999999,
                0.4999999,
                0.5,
                -0.5
            ],
            "motion_type": "static"
        },
        {
            "template_name": "8dcb92f5a0d538eb7505923f968a642b137f8368_part_16",
            "translation": [
                -11.4097948,
                1.6355911,
                -1.6844041
            ],
            "rotation": [
                0.5,
                0.4999999,
                0.5,
                -0.5
            ],
            "motion_type": "static"
        },
        {
            "template_name": "8dcb92f5a0d538eb7505923f968a642b137f8368_part_3",
            "translation": [
                -11.4604454,
                1.6152186,
                -1.8573483
            ],
            "rotation": [
                0.4999999,
                0.4999999,
                0.5,
                -0.5
            ],
            "motion_type": "static"
        },
        {
            "template_name": "8dcb92f5a0d538eb7505923f968a642b137f8368_part_3",
            "translation": [
                -11.4604454,
                1.6164654,
                -1.7762937
            ],
            "rotation": [
                0.4999997,
                0.4999997,
                0.5000001,
                -0.5000001
            ],
            "motion_type": "static"
        },
        {
            "template_name": "8dcb92f5a0d538eb7505923f968a642b137f8368_part_3",
            "translation": [
                -11.4604454,
                1.6143006,
                -1.5798665
            ],
            "rotation": [
                0.5000001,
                0.5,
                0.4999997,
                -0.4999997
            ],
            "motion_type": "static"
        },
        {
            "template_name": "8dcb92f5a0d538eb7505923f968a642b137f8368_part_4",
            "translation": [
                -11.5900888,
                2.2600617,
                -2.2472231
            ],
            "rotation": [
                0.4999999,
                0.4999999,
                0.5,
                -0.5
            ],
            "motion_type": "static"
        },
        {
            "template_name": "8dcb92f5a0d538eb7505923f968a642b137f8368_part_4",
            "translation": [
                -11.5900888,
                2.2237544,
                -2.2472231
            ],
            "rotation": [
                0.4999999,
                0.4999999,
                0.5,
                -0.5
            ],
            "motion_type": "static"
        },
        {
            "template_name": "8dcb92f5a0d538eb7505923f968a642b137f8368_part_4",
            "translation": [
                -11.5900888,
                2.2600617,
                -1.2972935
            ],
            "rotation": [
                0.4999999,
                0.4999999,
                0.5,
                -0.5
            ],
            "motion_type": "static"
        },
        {
            "template_name": "8dcb92f5a0d538eb7505923f968a642b137f8368_part_4",
            "translation": [
                -11.5900888,
                2.2237544,
                -1.2972935
            ],
            "rotation": [
                0.4999999,
                0.4999999,
                0.5,
                -0.5
            ],
            "motion_type": "static"
        },
        {
            "template_name": "8dcb92f5a0d538eb7505923f968a642b137f8368_part_7",
            "translation": [
                -11.6065301,
                2.2561354,
                -1.7769887
            ],
            "rotation": [
                0.4999999,
                0.4999999,
                0.5,
                -0.5
            ],
            "motion_type": "static"
        },
        {
            "template_name": "8dcb92f5a0d538eb7505923f968a642b137f8368_part_7",
            "translation": [
                -11.6065301,
                2.228857,
                -1.7769887
            ],
            "rotation": [
                0.5000001,
                0.4999997,
                0.5000001,
                -0.4999999
            ],
            "motion_type": "static"
        },
        {
            "template_name": "8dcb92f5a0d538eb7505923f968a642b137f8368_part_5",
            "translation": [
                -11.6167306,
                2.117906,
                -1.7525304
            ],
            "rotation": [
                0.4999999,
                0.4999999,
                0.5,
                -0.5
            ],
            "motion_type": "static"
        },
        {
            "template_name": "87190cf4ed9ab12f298f824c1b8904e5e4455507",
            "translation": [
                -2.13416,
                5.364418029785156e-07,
                -9.3437738
            ],
            "rotation": [
                0.7071068,
                0.0,
                -0.7071067,
                0.0
            ],
            "motion_type": "static",
            "non_uniform_scale": [
                1.1629412,
                1.4502818,
                0.9999998
            ]
        },
        {
            "template_name": "b0e89fdca643542f4ac1a9ff61ef876c65e44c82",
            "translation": [
                -10.3341598,
                3.259629011154175e-07,
                -5.4660096
            ],
            "rotation": [
                0.7071068,
                0.0,
                0.7071067,
                0.0
            ],
            "motion_type": "static",
            "non_uniform_scale": [
                1.224833,
                0.9999998,
                1.3240164
            ]
        },
        {
            "template_name": "b53552d486acbaf1e3d0d2b2132c84e16d2a64f9",
            "translation": [
                -3.09341,
                3.1618401408195496e-07,
                -5.3040595
            ],
            "rotation": [
                0.7071068,
                0.0,
                0.7071067,
                0.0
            ],
            "motion_type": "static"
        },
        {
            "template_name": "0eaeb0a2cb5c912b76c0bb825a67dc80c27781b4",
            "translation": [
                -11.3231801,
                1.0700006,
                -11.4126491
            ],
            "rotation": [
                0.7071068,
                0.0,
                0.7071067,
                0.0
            ],
            "motion_type": "static"
        },
        {
            "template_name": "14a55d7cdd6f72794835d1580ec491b47e16155e",
            "translation": [
                -16.2223892,
                5.662441253662109e-07,
                -9.2563991
            ],
            "rotation": [
                0.7071068,
                0.0,
                0.7071067,
                0.0
            ],
            "motion_type": "static"
        },
        {
            "template_name": "14a55d7cdd6f72794835d1580ec491b47e16155e",
            "translation": [
                -16.2223892,
                0.0250006,
                -10.1563987
            ],
            "rotation": [
                0.7071068,
                0.0,
                0.7071067,
                0.0
            ],
            "motion_type": "static"
        },
        {
            "template_name": "5dc4a6783c96d68da449ead5a92f9055fd3e8169",
            "translation": [
                -1.9366551,
                2.2900004,
                -9.2769088
            ],
            "rotation": [
                -0.5,
                -0.5,
                0.5,
                -0.4999999
            ],
            "motion_type": "static",
            "non_uniform_scale": [
                1.597542,
                0.9999998,
                1.507246
            ]
        },
        {
            "template_name": "5e0c57c89718bf9f8859b6181978d150aed749ca",
            "translation": [
                -4.6919951,
                5.662441253662109e-07,
                -9.4003686
            ],
            "rotation": [
                0.7071068,
                0.0,
                0.7071067,
                0.0
            ],
            "motion_type": "static"
        },
        {
            "template_name": "d56bbaf6b66a98dacb36d50e2a95862c8a65220a",
            "translation": [
                -3.2785401,
                2.8000001,
                -10.3034391
            ],
            "rotation": [
                0.9396926,
                0.0,
                0.34202,
                0.0
            ],
            "motion_type": "static"
        },
        {
            "template_name": "d56bbaf6b66a98dacb36d50e2a95862c8a65220a",
            "translation": [
                -3.2968599,
                2.8000001,
                -8.3285589
            ],
            "rotation": [
                0.7071068,
                0.0,
                -0.7071067,
                0.0
            ],
            "motion_type": "static"
        },
        {
            "template_name": "d76325dcc617bf02a92182fbcacb2894fd4c1964",
            "translation": [
                -7.1034474,
                2.7999999,
                -1.3445794
            ],
            "rotation": [
                0.0,
                0.0,
                1.0,
                0.0
            ],
            "motion_type": "static",
            "non_uniform_scale": [
                1.086258,
                1.0,
                0.9999998
            ]
        },
        {
            "template_name": "3a6bc80da4ddec21fe1fd9bd76999fd5049b26cc",
            "translation": [
                -3.75913,
                2.384185791015625e-07,
                -3.3816595
            ],
            "rotation": [
                0.0,
                0.0,
                1.0,
                0.0
            ],
            "motion_type": "static",
            "non_uniform_scale": [
                1.0,
                1.2172354,
                0.9999998
            ]
        },
        {
            "template_name": "750d6a977be6352bf688539b5ccc6e1147b22758",
            "translation": [
                -7.1163902,
                8.940696716308594e-08,
                -1.2972499
            ],
            "rotation": [
                0.0,
                0.0,
                1.0,
                0.0
            ],
            "motion_type": "static"
        },
        {
            "template_name": "e9319c9b8db448dd87220d541e1851d0e3a8acd4",
            "translation": [
                -12.4697103,
                0.7000004,
                -12.1326704
            ],
            "motion_type": "static",
            "non_uniform_scale": [
                1.0120077,
                0.9999998,
                0.9999998
            ]
        },
        {
            "template_name": "842f9ac1d2bfdfe46d47c078976e356b3c29d063",
            "translation": [
                -10.79677,
                4.76837158203125e-07,
                -8.070959
            ],
            "rotation": [
                0.0,
                0.0,
                1.0,
                0.0
            ],
            "motion_type": "static"
        },
        {
            "template_name": "fdac2f69e7e63b84606e34edaad8692b679536df",
            "translation": [
                -7.6673402,
                2.7999999,
                -2.6883196
            ],
            "rotation": [
                0.7071068,
                0.0,
                -0.7071067,
                0.0
            ],
            "motion_type": "static"
        },
        {
            "template_name": "fdac2f69e7e63b84606e34edaad8692b679536df",
            "translation": [
                -4.2964501,
                2.9499998,
                -2.2328197
            ],
            "rotation": [
                0.0,
                0.0,
                1.0,
                0.0
            ],
            "motion_type": "static"
        },
        {
            "template_name": "fdac2f69e7e63b84606e34edaad8692b679536df",
            "translation": [
                -6.6063299,
                2.7999999,
                -2.6883196
            ],
            "rotation": [
                0.0,
                0.0,
                1.0,
                0.0
            ],
            "motion_type": "static"
        },
        {
            "template_name": "f5cec0553cf0fd427865f0c6e85212ca7159ce5e",
            "translation": [
                -3.25215,
                2.980232238769531e-07,
                -4.5324497
            ],
            "motion_type": "static",
            "non_uniform_scale": [
                0.3969689,
                0.9999998,
                0.4728741
            ]
        },
        {
            "template_name": "5d80ddbf1af7672994107dd392ffdf5c8c014e3e",
            "translation": [
                -6.0741949,
                1.7500003,
                -8.009119
            ],
            "rotation": [
                -0.5,
                -0.5,
                0.5,
                -0.4999999
            ],
            "motion_type": "static"
        },
        {
            "template_name": "9e040bd2a3693d9a6d71f614b1c3599a7022a63a",
            "translation": [
                -3.04832,
                3.0,
                -5.3210496
            ],
            "rotation": [
                0.0,
                0.0,
                1.0,
                0.0
            ],
            "motion_type": "static"
        },
        {
            "template_name": "9e040bd2a3693d9a6d71f614b1c3599a7022a63a",
            "translation": [
                -15.7207088,
                2.7999999,
                -1.3300795
            ],
            "rotation": [
                0.0,
                0.0,
                1.0,
                0.0
            ],
            "motion_type": "static"
        },
        {
            "template_name": "9e040bd2a3693d9a6d71f614b1c3599a7022a63a",
            "translation": [
                -12.5917196,
                2.7999999,
                -1.3206795
            ],
            "rotation": [
                0.0,
                0.0,
                1.0,
                0.0
            ],
            "motion_type": "static"
        },
        {
            "template_name": "1ed6cdf4a07d1931b8e69a71afef2bd6728fd241",
            "translation": [
                -14.6165714,
                5.83939254283905e-07,
                -9.7933988
            ],
            "rotation": [
                0.0,
                0.0,
                1.0,
                0.0
            ],
            "motion_type": "static",
            "non_uniform_scale": [
                2.0663564,
                0.9999998,
                1.7264162
            ]
        },
        {
            "template_name": "d463ac21f74cef85dd8bb9ddb81d710d461f9efd",
            "translation": [
                -12.6392154,
                8.940696716308594e-08,
                -1.3381898
            ],
            "rotation": [
                0.0,
                0.0,
                1.0,
                0.0
            ],
            "motion_type": "static"
        },
        {
            "template_name": "d463ac21f74cef85dd8bb9ddb81d710d461f9efd",
            "translation": [
                -15.675765,
                8.940696716308594e-08,
                -1.3381898
            ],
            "rotation": [
                0.0,
                0.0,
                1.0,
                0.0
            ],
            "motion_type": "static"
        },
        {
            "template_name": "8b60e366d6b6925d0abe8cd716b80d9d9485cdeb",
            "translation": [
                -14.8290004,
                0.0250003,
                -7.9971694
            ],
            "motion_type": "static"
        },
        {
            "template_name": "3a2fd60fc421b402f4bfd365fd2a7accfa6ce4b1",
            "translation": [
                -3.5678699,
                1.1920928955078125e-07,
                -2.59417
            ],
            "rotation": [
                0.7071068,
                0.0,
                -0.7071067,
                0.0
            ],
            "motion_type": "static"
        },
        {
            "template_name": "3a2fd60fc421b402f4bfd365fd2a7accfa6ce4b1",
            "translation": [
                -3.5678699,
                1.1920928955078125e-07,
                -1.7941699
            ],
            "rotation": [
                0.7071068,
                0.0,
                -0.7071067,
                0.0
            ],
            "motion_type": "static"
        },
        {
            "template_name": "3a2fd60fc421b402f4bfd365fd2a7accfa6ce4b1",
            "translation": [
                -4.2799401,
                1.1920928955078125e-07,
                -1.2039598
            ],
            "rotation": [
                0.0,
                0.0,
                1.0,
                0.0
            ],
            "motion_type": "static",
            "non_uniform_scale": [
                1.2633999,
                0.9999998,
                0.9999998
            ]
        },
        {
            "template_name": "63856a9cf7cec35bce1dad15d3c0f3597d1fbcdb",
            "translation": [
                -4.3684902,
                4.76837158203125e-07,
                -8.1906089
            ],
            "motion_type": "static"
        },
        {
            "template_name": "de377f3a0aca03bea595b5859322b9c6ebdbfee6",
            "translation": [
                -3.0064802,
                2.9999997,
                -3.9152195
            ],
            "rotation": [
                -0.34202,
                0.0,
                0.9396926,
                0.0
            ],
            "motion_type": "static"
        },
        {
            "template_name": "011089758bc34f947c4862a8e800c51ec221a2b6",
            "translation": [
                -5.1448197,
                2.384185791015625e-07,
                -3.8685195
            ],
            "rotation": [
                0.7071068,
                0.0,
                -0.7071067,
                0.0
            ],
            "motion_type": "static"
        },
        {
            "template_name": "3a9c2d2f765a2399442f845b7da0ddaa61e82071",
            "translation": [
                -5.11482,
                2.086162567138672e-07,
                -3.4705398
            ],
            "rotation": [
                0.7071068,
                0.0,
                -0.7071067,
                0.0
            ],
            "motion_type": "static"
        },
        {
            "template_name": "05be6be9816aef09082349fdd55a24aed992f467",
            "translation": [
                -4.6736798,
                4.172325134277344e-07,
                -6.7518396
            ],
            "rotation": [
                0.0,
                0.0,
                1.0,
                0.0
            ],
            "motion_type": "static"
        },
        {
            "template_name": "05be6be9816aef09082349fdd55a24aed992f467",
            "translation": [
                -3.04548,
                4.172325134277344e-07,
                -6.7518396
            ],
            "rotation": [
                0.0,
                0.0,
                1.0,
                0.0
            ],
            "motion_type": "static"
        },
        {
            "template_name": "00a2b0f3886ccb5ffddac704f8eeec324a5e14c6_part_19",
            "translation": [
                -2.1616599,
                7.152557373046875e-07,
                -11.1450786
            ],
            "rotation": [
                0.7071068,
                0.0,
                -0.7071067,
                0.0
            ],
            "motion_type": "static",
            "non_uniform_scale": [
                2.0551996,
                1.3902436,
                0.9999998
            ]
        },
        {
            "template_name": "00a2b0f3886ccb5ffddac704f8eeec324a5e14c6_part_19",
            "translation": [
                -2.1616599,
                4.76837158203125e-07,
                -7.5195593
            ],
            "rotation": [
                0.7071068,
                0.0,
                -0.7071067,
                0.0
            ],
            "motion_type": "static",
            "non_uniform_scale": [
                2.0551996,
                1.3902436,
                0.9999998
            ]
        },
        {
            "template_name": "8a643866e25ff2687ae34a7285e1927fed1205d3",
            "translation": [
                -16.4723892,
                1.6700004,
                -9.6932992
            ],
            "rotation": [
                0.4999999,
                0.4999999,
                0.5000001,
                -0.5
            ],
            "motion_type": "static",
            "non_uniform_scale": [
                1.5524568,
                0.9999998,
                1.546282
            ]
        },
        {
            "template_name": "f1ef260c5ae58308cac79ca7307f7f6cc96c0f25",
            "translation": [
                -14.7539396,
                1.2955503,
                -7.2106194
            ],
            "rotation": [
                0.0,
                0.0,
                0.7071068,
                -0.7071067
            ],
            "motion_type": "static"
        },
        {
            "template_name": "3c4cc7430793a8ec2d253afff99a37124395b347",
            "translation": [
                -9.6328001,
                5.960464477539063e-08,
                -1.49861
            ],
            "rotation": [
                0.0,
                0.0,
                1.0,
                0.0
            ],
            "motion_type": "static",
            "non_uniform_scale": [
                0.8823915,
                0.9999998,
                0.8564913
            ]
        },
        {
            "template_name": "55265d72c0d3697db26c500a0fc5ea717241772f",
            "translation": [
                -7.8182501,
                2.8000001,
                -5.7430195
            ],
            "rotation": [
                0.0,
                0.0,
                1.0,
                0.0
            ],
            "motion_type": "static"
        },
        {
            "template_name": "a536e8f30b7941256dfd8a5b8d93903011987572",
            "translation": [
                -10.5599613,
                1.4901161193847656e-07,
                -2.2583198
            ],
            "rotation": [
                0.7071068,
                0.0,
                0.7071067,
                0.0
            ],
            "motion_type": "static"
        },
        {
            "template_name": "6cee1897e39c20af4d919153b0c092168d62a07e",
            "translation": [
                -10.0362901,
                3.8743019104003906e-07,
                -6.6171894
            ],
            "motion_type": "static"
        },
        {
            "template_name": "6cee1897e39c20af4d919153b0c092168d62a07e",
            "translation": [
                -11.0811595,
                3.8743019104003906e-07,
                -6.6286396
            ],
            "motion_type": "static"
        },
        {
            "template_name": "748668b4749a7f38fece03dc8b2c439542ba450a",
            "translation": [
                -9.863429,
                2.086162567138672e-07,
                -3.3872497
            ],
            "rotation": [
                0.7071068,
                0.0,
                0.7071067,
                0.0
            ],
            "motion_type": "static",
            "non_uniform_scale": [
                1.0611982,
                0.9999998,
                0.6821693
            ]
        },
        {
            "template_name": "43f8b07b0c8391fb9a457f3096e6a65b5fa8263b",
            "translation": [
                -3.85958,
                4.172325134277344e-07,
                -6.8022594
            ],
            "rotation": [
                0.0,
                0.0,
                1.0,
                0.0
            ],
            "motion_type": "static"
        },
        {
            "template_name": "ae77f1ee0bf94cd9372554081ddffdcc3bac1abe",
            "translation": [
                -14.4906196,
                3.739260137081146e-07,
                -6.2699694
            ],
            "rotation": [
                0.7071068,
                0.0,
                -0.7071067,
                0.0
            ],
            "motion_type": "static",
            "non_uniform_scale": [
                0.3626376,
                0.9999998,
                0.4377624
            ]
        },
        {
            "template_name": "c49874090f582f64d96ed42150c527408b58af9b",
            "translation": [
                -14.1774101,
                2.7999999,
                -2.7243096
            ],
            "rotation": [
                0.0,
                0.0,
                1.0,
                0.0
            ],
            "motion_type": "static",
            "non_uniform_scale": [
                1.0,
                0.7490347,
                0.9999998
            ]
        },
        {
            "template_name": "f7ee6c8391e90873c461cc15f93f1b067270b620",
            "translation": [
                -2.13466,
                1.1920928955078125e-07,
                -2.1667697
            ],
            "rotation": [
                0.7071068,
                0.0,
                -0.7071067,
                0.0
            ],
            "motion_type": "static"
        },
        {
            "template_name": "b77968f3bfaa85fec68e60f7d559967e7e2b9b23",
            "translation": [
                -9.2344961,
                2.384185791015625e-07,
                -4.2719144
            ],
            "rotation": [
                0.9876883,
                0.0,
                0.1564344,
                0.0
            ],
            "motion_type": "static"
        },
        {
            "template_name": "611fc9b02118a2cfa0ce1b83b723062a4e6de291",
            "translation": [
                -8.4795503,
                3.5762786865234375e-07,
                -6.0342192
            ],
            "rotation": [
                0.7071068,
                0.0,
                0.7071067,
                0.0
            ],
            "motion_type": "static"
        },
        {
            "template_name": "4b410e0f052d226f5d429064000e29e1cae39d8a",
            "translation": [
                -11.9572696,
                4.917383193969727e-07,
                -8.1911296
            ],
            "rotation": [
                0.0,
                0.0,
                1.0,
                0.0
            ],
            "motion_type": "static"
        },
        {
            "template_name": "4b410e0f052d226f5d429064000e29e1cae39d8a",
            "translation": [
                -11.9573698,
                6.258487701416016e-07,
                -10.4991884
            ],
            "rotation": [
                0.7071068,
                0.0,
                0.7071067,
                0.0
            ],
            "motion_type": "static"
        },
        {
            "template_name": "aeeec9884524ab8598dd97d5312a4ebc93148bc1",
            "translation": [
                -16.1449508,
                1.7506504,
                -7.2106194
            ],
            "rotation": [
                0.0,
                0.0,
                0.7071068,
                -0.7071067
            ],
            "motion_type": "static"
        },
        {
            "template_name": "aeeec9884524ab8598dd97d5312a4ebc93148bc1",
            "translation": [
                -13.3024101,
                1.7506504,
                -7.2106194
            ],
            "rotation": [
                0.0,
                0.0,
                0.7071068,
                -0.7071067
            ],
            "motion_type": "static"
        },
        {
            "template_name": "aeeec9884524ab8598dd97d5312a4ebc93148bc1",
            "translation": [
                -3.5686299,
                1.75065,
                -4.7775492
            ],
            "rotation": [
                0.0,
                0.0,
                0.7071068,
                -0.7071067
            ],
            "motion_type": "static"
        },
        {
            "template_name": "aeeec9884524ab8598dd97d5312a4ebc93148bc1",
            "translation": [
                -5.6276302,
                1.7506504,
                -6.9367113
            ],
            "rotation": [
                0.6257808,
                0.6257807,
                -0.3292391,
                0.3292391
            ],
            "motion_type": "static"
        },
        {
            "template_name": "aeeec9884524ab8598dd97d5312a4ebc93148bc1",
            "translation": [
                -6.51833,
                1.75065,
                -4.7775492
            ],
            "rotation": [
                0.0,
                0.0,
                0.7071068,
                -0.7071067
            ],
            "motion_type": "static"
        },
        {
            "template_name": "aeeec9884524ab8598dd97d5312a4ebc93148bc1",
            "translation": [
                -5.0412597,
                1.75065,
                -4.7775492
            ],
            "rotation": [
                0.0,
                0.0,
                0.7071068,
                -0.7071067
            ],
            "motion_type": "static"
        },
        {
            "template_name": "aeeec9884524ab8598dd97d5312a4ebc93148bc1",
            "translation": [
                -11.5143699,
                1.7506506,
                -12.1726703
            ],
            "rotation": [
                0.7071068,
                0.7071067,
                0.0,
                0.0
            ],
            "motion_type": "static"
        },
        {
            "template_name": "aeeec9884524ab8598dd97d5312a4ebc93148bc1",
            "translation": [
                -6.2414698,
                1.7506506,
                -12.1726703
            ],
            "rotation": [
                0.7071068,
                0.7071067,
                0.0,
                0.0
            ],
            "motion_type": "static"
        },
        {
            "template_name": "aeeec9884524ab8598dd97d5312a4ebc93148bc1",
            "translation": [
                -5.9241991,
                1.7506504,
                -8.0116987
            ],
            "rotation": [
                0.4999999,
                0.4999999,
                0.5,
                -0.5
            ],
            "motion_type": "static"
        },
        {
            "template_name": "aeeec9884524ab8598dd97d5312a4ebc93148bc1",
            "translation": [
                -11.6192703,
                1.7506504,
                -8.0763893
            ],
            "rotation": [
                0.4999999,
                0.4999999,
                0.5,
                -0.5
            ],
            "motion_type": "static"
        },
        {
            "template_name": "aeeec9884524ab8598dd97d5312a4ebc93148bc1",
            "translation": [
                -5.5610399,
                1.7506506,
                -12.1726703
            ],
            "rotation": [
                0.7071068,
                0.7071067,
                0.0,
                0.0
            ],
            "motion_type": "static"
        },
        {
            "template_name": "42ba54225bc6cfcca8618a5dde7cbd5bb4a954da",
            "translation": [
                -8.38173,
                1.7464002,
                -6.4679698
            ],
            "rotation": [
                0.7071068,
                0.7071067,
                0.0,
                0.0
            ],
            "motion_type": "static"
        },
        {
            "template_name": "f7b333ae9d12c2e7575facf3671e05c7f4272f31",
            "translation": [
                -11.1162385,
                2.8000001,
                -3.7632594
            ],
            "rotation": [
                0.0,
                0.0,
                1.0,
                0.0
            ],
            "motion_type": "static"
        },
        {
            "template_name": "f7b333ae9d12c2e7575facf3671e05c7f4272f31",
            "translation": [
                -11.1023397,
                2.8000001,
                -3.2399494
            ],
            "rotation": [
                0.7071068,
                0.0,
                0.7071067,
                0.0
            ],
            "motion_type": "static"
        },
        {
            "template_name": "23e3ccff0f0824717aa216360bc99ca7401f4f99",
            "translation": [
                -4.9363603,
                1.7500001,
                -3.7396397
            ],
            "rotation": [
                -0.5,
                -0.5,
                0.5,
                -0.4999999
            ],
            "motion_type": "static"
        },
        {
            "template_name": "edc27665cc853ca3cdb3535c9231bf2c2b6b27e2",
            "translation": [
                -15.3972702,
                4.76837158203125e-07,
                -7.8205089
            ],
            "rotation": [
                0.0,
                0.0,
                1.0,
                0.0
            ],
            "motion_type": "static"
        },
        {
            "template_name": "58ccc56c2e26a35c17e374cbbc076a093259a97a",
            "translation": [
                -4.0819602,
                5.615875124931335e-07,
                -9.4259185
            ],
            "rotation": [
                0.0,
                0.0,
                1.0,
                0.0
            ],
            "motion_type": "static",
            "non_uniform_scale": [
                1.8262623,
                0.9999998,
                1.6725049
            ]
        },
        {
            "template_name": "131579ce2c78648852c069f2b46eb3223b785bda",
            "translation": [
                -14.18859,
                1.3504177331924438e-07,
                -2.2642898
            ],
            "rotation": [
                0.7071068,
                0.0,
                0.7071067,
                0.0
            ],
            "motion_type": "static",
            "non_uniform_scale": [
                1.6627819,
                0.9999998,
                1.5373268
            ]
        },
        {
            "template_name": "d300c36fd472413412234969a233fcb045293b97",
            "translation": [
                -14.1574897,
                1.1920928955078125e-07,
                -2.1026897
            ],
            "rotation": [
                0.0,
                0.0,
                1.0,
                0.0
            ],
            "motion_type": "static"
        },
        {
            "template_name": "3527d3169b11efa3dc2edc39a47c14ef08656778",
            "translation": [
                -11.7692699,
                1.7500001,
                -5.8359799
            ],
            "rotation": [
                -0.5,
                -0.5,
                0.5,
                -0.4999999
            ],
            "motion_type": "static"
        },
        {
            "template_name": "9bda45a23fb5502a5bb3825586d4e95a87a8eca4",
            "translation": [
                -13.5431795,
                3.725290298461914e-07,
                -6.1279296
            ],
            "motion_type": "static",
            "non_uniform_scale": [
                0.6797567,
                0.9999998,
                0.6367498
            ]
        },
        {
            "template_name": "7d640c90d6fb24073768779c8e0d4e54e6d01e70",
            "translation": [
                -7.4622206,
                1.7500002,
                -6.6178698
            ],
            "rotation": [
                0.0,
                0.0,
                0.7071068,
                -0.7071067
            ],
            "motion_type": "static"
        },
        {
            "template_name": "7d640c90d6fb24073768779c8e0d4e54e6d01e70",
            "translation": [
                -8.31812,
                1.7500002,
                -6.6178698
            ],
            "rotation": [
                0.0,
                0.0,
                0.7071068,
                -0.7071067
            ],
            "motion_type": "static"
        },
        {
            "template_name": "ff7ac44857ed740b2e18b59fe3b0ebce25f34ad0",
            "translation": [
                -15.8950195,
                2.384185791015625e-07,
                -4.1278896
            ],
            "motion_type": "static"
        },
        {
            "template_name": "7bbdbc91b4e39aa072906b2c0c8e1deca281603b",
            "translation": [
                -7.1331605,
                1.7881393432617188e-07,
                -2.7695002
            ],
            "rotation": [
                0.0,
                0.0,
                1.0,
                0.0
            ],
            "motion_type": "static",
            "non_uniform_scale": [
                0.9999998,
                0.9999998,
                0.7073541
            ]
        },
        {
            "template_name": "cd8537add9993d876ff40a7998a168ec0609aa0f",
            "translation": [
                -14.3293046,
                0.0250005,
                -10.2718439
            ],
            "rotation": [
                0.7071068,
                0.0,
                -0.7071067,
                0.0
            ],
            "motion_type": "static",
            "non_uniform_scale": [
                -0.9999998,
                0.9999998,
                0.9999998
            ]
        },
        {
            "template_name": "cd1b52c5ef8ed6a07592b9810e79c153939c0260",
            "translation": [
                -16.1738796,
                0.7600002,
                -9.1487693
            ],
            "rotation": [
                0.7071068,
                0.0,
                -0.7071067,
                0.0
            ],
            "motion_type": "static"
        },
        {
            "template_name": "cd1b52c5ef8ed6a07592b9810e79c153939c0260",
            "translation": [
                -16.1875801,
                0.7850003,
                -10.3545188
            ],
            "rotation": [
                0.7071068,
                0.0,
                -0.7071067,
                0.0
            ],
            "motion_type": "static"
        },
        {
            "template_name": "e7af9fee904b6d58efdcd8208a2d01d1f481af60",
            "translation": [
                -2.2076599,
                2.086162567138672e-07,
                -3.6254496
            ],
            "rotation": [
                0.7071068,
                0.0,
                -0.7071067,
                0.0
            ],
            "motion_type": "static"
        },
        {
            "template_name": "cd4ee818de6cc0d70e66595c6eaf5bbcb235da21",
            "translation": [
                -8.88173,
                5.951151251792908e-07,
                -9.9843492
            ],
            "rotation": [
                0.7071068,
                0.0,
                0.7071067,
                0.0
            ],
            "motion_type": "static",
            "non_uniform_scale": [
                2.1420576,
                0.9999998,
                1.6843328
            ]
        },
        {
            "template_name": "5a649e95a0b90058612f5b65747abf53d6671b17",
            "translation": [
                -11.6671295,
                1.7500002,
                -11.401719
            ],
            "rotation": [
                0.4999999,
                0.4999999,
                0.5,
                -0.5
            ],
            "motion_type": "static"
        },
        {
            "template_name": "1f8c626c03273ba8a3a181e17d4dd858f7a3f953",
            "translation": [
                -11.3697395,
                6.556510925292969e-07,
                -11.4450588
            ],
            "rotation": [
                0.7071068,
                0.0,
                0.7071067,
                0.0
            ],
            "motion_type": "static"
        },
        {
            "template_name": "1f8c626c03273ba8a3a181e17d4dd858f7a3f953",
            "translation": [
                -6.35083,
                6.556510925292969e-07,
                -11.4450588
            ],
            "rotation": [
                0.7071068,
                0.0,
                -0.7071067,
                0.0
            ],
            "motion_type": "static"
        },
        {
            "template_name": "79dec8fa4de0b92468b07f25fa89b4f7f9bdb15c",
            "translation": [
                -7.3104996,
                2.8000001,
                -6.8110194
            ],
            "rotation": [
                0.7071068,
                0.0,
                -0.7071067,
                0.0
            ],
            "motion_type": "static"
        },
        {
            "template_name": "79dec8fa4de0b92468b07f25fa89b4f7f9bdb15c",
            "translation": [
                -7.6522102,
                2.8000001,
                -6.8189296
            ],
            "rotation": [
                0.7071068,
                0.0,
                0.7071067,
                0.0
            ],
            "motion_type": "static"
        },
        {
            "template_name": "79dec8fa4de0b92468b07f25fa89b4f7f9bdb15c",
            "translation": [
                -8.4104204,
                2.8000001,
                -6.8327894
            ],
            "rotation": [
                0.7071068,
                0.0,
                0.7071067,
                0.0
            ],
            "motion_type": "static"
        },
        {
            "template_name": "79dec8fa4de0b92468b07f25fa89b4f7f9bdb15c",
            "translation": [
                -8.0236396,
                2.8000001,
                -6.8242697
            ],
            "rotation": [
                0.7071068,
                0.0,
                0.7071067,
                0.0
            ],
            "motion_type": "static"
        },
        {
            "template_name": "89e6af2d0ed33ade1cd590aabf73574c41a55202",
            "translation": [
                -15.8343801,
                3.8743019104003906e-07,
                -6.3682188
            ],
            "rotation": [
                0.9099996,
                0.0,
                -0.4146088,
                0.0
            ],
            "motion_type": "static"
        },
        {
            "template_name": "b982eff4cd03cf58f9dfbcb86c30298481eb9b19",
            "translation": [
                -3.25095,
                1.7500001,
                -4.6275548
            ],
            "rotation": [
                0.7071068,
                0.7071067,
                0.0,
                0.0
            ],
            "motion_type": "static"
        },
        {
            "template_name": "69d7057448064caa17bc872873aa3221d2c3532b_part_5",
            "translation": [
                -4.6326098,
                2.032588,
                -6.49127
            ],
            "rotation": [
                0.0,
                0.0,
                0.7071068,
                -0.7071067
            ],
            "motion_type": "static"
        },
        {
            "template_name": "69d7057448064caa17bc872873aa3221d2c3532b_part_5",
            "translation": [
                -2.9279799,
                2.032588,
                -6.49127
            ],
            "rotation": [
                0.0,
                0.0,
                0.7071068,
                -0.7071067
            ],
            "motion_type": "static"
        },
        {
            "template_name": "f66c25db877fecf82d1337bb761a763d53259df9",
            "translation": [
                -8.6027297,
                0.8300002,
                -6.0305795
            ],
            "rotation": [
                0.7071068,
                0.0,
                0.7071067,
                0.0
            ],
            "motion_type": "static"
        },
        {
            "template_name": "e25b1dc0669b7a1948b6c000ab4aec0244e37fcc",
            "translation": [
                -13.1633796,
                0.0250003,
                -7.5188293
            ],
            "rotation": [
                0.0,
                0.0,
                1.0,
                0.0
            ],
            "motion_type": "static"
        },
        {
            "template_name": "e25b1dc0669b7a1948b6c000ab4aec0244e37fcc",
            "translation": [
                -13.5750799,
                0.0250003,
                -7.5188293
            ],
            "rotation": [
                0.0,
                0.0,
                1.0,
                0.0
            ],
            "motion_type": "static"
        },
        {
            "template_name": "1ae28bd1ab618abdb53ec898d9df23b20423e2ec",
            "translation": [
                -12.3454313,
                2.8000001,
                -5.8543171
            ],
            "rotation": [
                0.7071068,
                0.0,
                -0.7071067,
                0.0
            ],
            "motion_type": "static",
            "non_uniform_scale": [
                0.9568067,
                0.5003725,
                0.9999998
            ]
        },
        {
            "template_name": "6496186e992992acb4e59596f857d4358db8d641_part_1",
            "translation": [
                -2.2875516,
                1.2505848,
                -6.1201229
            ],
            "motion_type": "static",
            "non_uniform_scale": [
                1.0,
                0.9266663,
                0.9999998
            ]
        },
        {
            "template_name": "6496186e992992acb4e59596f857d4358db8d641_part_2",
            "translation": [
                -2.7923712,
                1.9198229,
                -6.082868
            ],
            "motion_type": "static",
            "non_uniform_scale": [
                1.0,
                0.9266663,
                0.9999998
            ]
        },
        {
            "template_name": "6496186e992992acb4e59596f857d4358db8d641_part_2",
            "translation": [
                -4.8774065,
                1.9226286,
                -6.0069942
            ],
            "rotation": [
                0.7933654,
                1.41e-05,
                -0.6087452,
                -1.53e-05
            ],
            "motion_type": "static",
            "non_uniform_scale": [
                0.9999998,
                0.9266663,
                1.0
            ]
        },
        {
            "template_name": "6496186e992992acb4e59596f857d4358db8d641_part_49",
            "translation": [
                -3.56166,
                3.5762786865234375e-07,
                -6.1412792
            ],
            "motion_type": "static",
            "non_uniform_scale": [
                1.0,
                0.9266663,
                0.9999998
            ]
        },
        {
            "template_name": "f018166600fafb4377f477b7fcdd41db9a87f6ce",
            "translation": [
                -5.3345599,
                1.75,
                -0.9972547
            ],
            "rotation": [
                0.0,
                0.0,
                0.7071068,
                -0.7071067
            ],
            "motion_type": "static"
        },
        {
            "template_name": "f018166600fafb4377f477b7fcdd41db9a87f6ce",
            "translation": [
                -6.1415801,
                1.75,
                -0.9972547
            ],
            "rotation": [
                0.0,
                0.0,
                0.7071068,
                -0.7071067
            ],
            "motion_type": "static"
        },
        {
            "template_name": "f018166600fafb4377f477b7fcdd41db9a87f6ce",
            "translation": [
                -8.8409299,
                1.75,
                -0.9972547
            ],
            "rotation": [
                0.0,
                0.0,
                0.7071068,
                -0.7071067
            ],
            "motion_type": "static"
        },
        {
            "template_name": "f018166600fafb4377f477b7fcdd41db9a87f6ce",
            "translation": [
                -10.1579856,
                1.7500001,
                -2.9898998
            ],
            "rotation": [
                0.4999999,
                0.4999999,
                0.5,
                -0.5
            ],
            "motion_type": "static"
        },
        {
            "template_name": "f018166600fafb4377f477b7fcdd41db9a87f6ce",
            "translation": [
                -10.1579856,
                1.7500001,
                -3.7860996
            ],
            "rotation": [
                0.4999999,
                0.4999999,
                0.5,
                -0.5
            ],
            "motion_type": "static"
        },
        {
            "template_name": "f018166600fafb4377f477b7fcdd41db9a87f6ce",
            "translation": [
                -8.0540304,
                1.75,
                -0.9972547
            ],
            "rotation": [
                0.0,
                0.0,
                0.7071068,
                -0.7071067
            ],
            "motion_type": "static"
        },
        {
            "template_name": "f018166600fafb4377f477b7fcdd41db9a87f6ce",
            "translation": [
                -7.5429301,
                1.7500001,
                -4.6275544
            ],
            "rotation": [
                0.7071068,
                0.7071067,
                0.0,
                0.0
            ],
            "motion_type": "static"
        },
        {
            "template_name": "f018166600fafb4377f477b7fcdd41db9a87f6ce",
            "translation": [
                -8.2847795,
                1.7500001,
                -4.6275544
            ],
            "rotation": [
                0.7071068,
                0.7071067,
                0.0,
                0.0
            ],
            "motion_type": "static"
        },
        {
            "template_name": "613ba909e59984d3a908ec4b52344bcd689fa79b",
            "translation": [
                -3.78812,
                4.76837158203125e-07,
                -7.8626189
            ],
            "rotation": [
                0.4229049,
                0.0,
                0.906174,
                0.0
            ],
            "motion_type": "static"
        },
        {
            "template_name": "f719e6f9cc9fa51fdcf651e9e1664b45b33e61f5",
            "translation": [
                -2.2173402,
                2.384185791015625e-07,
                -4.3284497
            ],
            "rotation": [
                0.7071068,
                0.0,
                -0.7071067,
                0.0
            ],
            "motion_type": "static",
            "non_uniform_scale": [
                1.0000332,
                0.9999874,
                0.9998943
            ]
        },
        {
            "template_name": "af102d5ce3df9cc58b991eb618a86f66c5901efe",
            "translation": [
                -5.75848,
                8.940696716308594e-08,
                -1.3225797
            ],
            "rotation": [
                -0.0043632,
                0.0,
                0.9999904,
                0.0
            ],
            "motion_type": "static",
            "non_uniform_scale": [
                -0.9301707,
                0.9999998,
                0.7829583
            ]
        },
        {
            "template_name": "af102d5ce3df9cc58b991eb618a86f66c5901efe",
            "translation": [
                -8.3877696,
                8.940696716308594e-08,
                -1.3217699
            ],
            "rotation": [
                -0.0043632,
                0.0,
                0.9999904,
                0.0
            ],
            "motion_type": "static",
            "non_uniform_scale": [
                0.8242626,
                0.9999998,
                0.7829583
            ]
        },
        {
            "template_name": "af102d5ce3df9cc58b991eb618a86f66c5901efe",
            "translation": [
                -9.8270597,
                1.4901161193847656e-07,
                -2.3189496
            ],
            "rotation": [
                0.9999904,
                0.0,
                0.0043632,
                0.0
            ],
            "motion_type": "static",
            "non_uniform_scale": [
                0.3698289,
                0.9999998,
                0.7218461
            ]
        },
        {
            "template_name": "af102d5ce3df9cc58b991eb618a86f66c5901efe",
            "translation": [
                -7.9137902,
                2.682209014892578e-07,
                -4.3506193
            ],
            "rotation": [
                0.9999904,
                0.0,
                0.0043632,
                0.0
            ],
            "motion_type": "static",
            "non_uniform_scale": [
                0.8849431,
                0.9999998,
                0.6692423
            ]
        },
        {
            "template_name": "cf2ccf35f30d7f7a463a0ef5eefc18a90ea7d2fe",
            "translation": [
                -10.4913902,
                3.2782554626464844e-07,
                -5.6465392
            ],
            "motion_type": "static",
            "non_uniform_scale": [
                1.0000001,
                0.9999998,
                0.8834714
            ]
        },
        {
            "template_name": "48d6601a9105f46050250bffd3134c089d73664e",
            "translation": [
                -3.3909196,
                3.2000002,
                -9.2823886
            ],
            "rotation": [
                0.7071068,
                0.0,
                0.7071067,
                0.0
            ],
            "motion_type": "static",
            "non_uniform_scale": [
                1.1063001,
                0.9999998,
                1.1690522
            ]
        },
        {
            "template_name": "5fabf1cc86b517a3f64445d929b749eb6b7a71d4",
            "translation": [
                -14.6061544,
                2.95,
                -5.7590641
            ],
            "motion_type": "static"
        },
        {
            "template_name": "5fabf1cc86b517a3f64445d929b749eb6b7a71d4",
            "translation": [
                -10.4894847,
                2.8000001,
                -5.6111445
            ],
            "rotation": [
                0.0,
                0.0,
                1.0,
                0.0
            ],
            "motion_type": "static"
        },
        {
            "template_name": "2d0300d421202c9ac3ee8a034e3dc7ca63649a3a",
            "translation": [
                -10.5776596,
                2.980232238769531e-07,
                -5.2357592
            ],
            "rotation": [
                0.0,
                0.0,
                1.0,
                0.0
            ],
            "motion_type": "static"
        },
        {
            "template_name": "584abd8d91d3cc16c728bba6f9818904b177f59a",
            "translation": [
                -15.0056657,
                5.811452865600586e-07,
                -9.6314687
            ],
            "rotation": [
                0.7071068,
                0.0,
                -0.7071067,
                0.0
            ],
            "motion_type": "static",
            "non_uniform_scale": [
                0.9999998,
                0.5857985,
                0.9999998
            ]
        },
        {
            "template_name": "5fd64b4e51109cf522a6379c10f77731043b5b9e",
            "translation": [
                -7.0697298,
                1.7500002,
                -6.16157
            ],
            "rotation": [
                0.4999999,
                0.4999999,
                0.5,
                -0.5
            ],
            "motion_type": "static"
        },
        {
            "template_name": "07845ba5df0cc952531eb66c85fa0ec9c65278e9",
            "translation": [
                -5.3255295,
                4.172325134277344e-07,
                -7.4628596
            ],
            "motion_type": "static"
        },
        {
            "template_name": "3dca32a89b68041131bf3b0db5a07b80ad26c0c7_part_41",
            "translation": [
                -9.5582704,
                2.384185791015625e-07,
                -4.6491794
            ],
            "rotation": [
                -0.1570764,
                0.0,
                0.9875863,
                0.0
            ],
            "motion_type": "static",
            "non_uniform_scale": [
                1.3036036,
                1.1315789,
                0.4967997
            ]
        },
        {
            "template_name": "3dca32a89b68041131bf3b0db5a07b80ad26c0c7_part_41",
            "translation": [
                -10.9370803,
                2.384185791015625e-07,
                -4.4257392
            ],
            "rotation": [
                0.0,
                0.0,
                1.0,
                0.0
            ],
            "motion_type": "static",
            "non_uniform_scale": [
                1.2871414,
                1.1315789,
                0.4967997
            ]
        },
        {
            "template_name": "6da53db5c9730fefc2507f1f76b85f7b4c037985",
            "translation": [
                -6.7222404,
                2.384185791015625e-07,
                -4.3242964
            ],
            "rotation": [
                0.9999817,
                0.0,
                0.0060465,
                0.0
            ],
            "motion_type": "static",
            "non_uniform_scale": [
                1.4371631,
                1.0,
                0.8185399
            ]
        },
        {
            "template_name": "ffdeb9fd68534d011e087672596421f9d00dada0",
            "translation": [
                -2.5672101,
                4.172325134277344e-07,
                -6.9774994
            ],
            "rotation": [
                -0.1834459,
                0.0,
                0.9830297,
                0.0
            ],
            "motion_type": "static",
            "non_uniform_scale": [
                1.0046818,
                0.9999998,
                0.9999998
            ]
        },
        {
            "template_name": "ffdeb9fd68534d011e087672596421f9d00dada0",
            "translation": [
                -2.6063001,
                7.152557373046875e-07,
                -11.9472694
            ],
            "rotation": [
                0.9586815,
                0.0,
                -0.2844811,
                0.0
            ],
            "motion_type": "static"
        },
        {
            "template_name": "ffdeb9fd68534d011e087672596421f9d00dada0",
            "translation": [
                -16.1899795,
                4.76837158203125e-07,
                -8.3052186
            ],
            "rotation": [
                0.2844811,
                0.0,
                0.9586815,
                0.0
            ],
            "motion_type": "static"
        },
        {
            "template_name": "ffdeb9fd68534d011e087672596421f9d00dada0",
            "translation": [
                -16.1900405,
                6.556510925292969e-07,
                -11.2269392
            ],
            "rotation": [
                0.8790488,
                0.0,
                0.4767315,
                0.0
            ],
            "motion_type": "static"
        },
        {
            "template_name": "0e469ac0e119d1b2307a76fa0ac9611ecf13e6d8",
            "translation": [
                -2.8794896,
                5.960464477539063e-08,
                -1.3153598
            ],
            "rotation": [
                0.0,
                0.0,
                1.0,
                0.0
            ],
            "motion_type": "static"
        },
        {
            "template_name": "d43823d5aaedf212a93be9d714b8344e36685bbe",
            "translation": [
                -8.7134304,
                1.7500002,
                -6.0979695
            ],
            "rotation": [
                0.4999999,
                0.4999999,
                0.5,
                -0.5
            ],
            "motion_type": "static"
        },
        {
            "template_name": "8bcfaffa5c38da25eb6575908fe19effb10d5b3b",
            "translation": [
                -5.4453001,
                7.152557373046875e-07,
                -11.8726682
            ],
            "motion_type": "static"
        },
        {
            "template_name": "8bcfaffa5c38da25eb6575908fe19effb10d5b3b",
            "translation": [
                -12.311901,
                7.152557373046875e-07,
                -11.8726682
            ],
            "motion_type": "static"
        },
        {
            "template_name": "d49fed23ebc56b2debce7783a311b0a1a5c4f02f",
            "translation": [
                -16.1938591,
                0.8604505,
                -9.6983394
            ],
            "rotation": [
                0.7071068,
                0.0,
                0.7071067,
                0.0
            ],
            "motion_type": "static",
            "non_uniform_scale": [
                1.9151575,
                0.9999998,
                1.5276664
            ]
        },
        {
            "template_name": "bd7fd53f406b213a5f42dd5babaa9d6d1b65c192",
            "translation": [
                -16.0910892,
                2.384185791015625e-07,
                -4.9216895
            ],
            "rotation": [
                0.7071068,
                0.0,
                0.7071067,
                0.0
            ],
            "motion_type": "static"
        },
        {
            "template_name": "bd7fd53f406b213a5f42dd5babaa9d6d1b65c192",
            "translation": [
                -8.3354101,
                3.5762786865234375e-07,
                -5.0878496
            ],
            "rotation": [
                0.7071068,
                0.0,
                0.7071067,
                0.0
            ],
            "motion_type": "static"
        },
        {
            "template_name": "72a211b55b2567a0577c3d54e68ffe10c6d0193b",
            "translation": [
                -12.3320302,
                0.7000006,
                -11.8932495
            ],
            "motion_type": "static"
        },
        {
            "template_name": "fcaebfe141f5a16bffdb8599c50551150353010c",
            "translation": [
                -14.4938602,
                3.5762786865234375e-07,
                -6.8034596
            ],
            "motion_type": "static"
        },
        {
            "template_name": "d7858473398d5771c9d546df543fcc25052a6de1",
            "translation": [
                -7.9999599,
                3.6135315895080566e-07,
                -6.0623192
            ],
            "motion_type": "static",
            "non_uniform_scale": [
                0.3691205,
                0.9999998,
                0.3548904
            ]
        },
        {
            "template_name": "d7858473398d5771c9d546df543fcc25052a6de1",
            "translation": [
                -14.1580295,
                2.989545464515686e-07,
                -5.0111594
            ],
            "motion_type": "static",
            "non_uniform_scale": [
                0.2836483,
                0.9999998,
                0.2832545
            ]
        },
        {
            "template_name": "d7858473398d5771c9d546df543fcc25052a6de1",
            "translation": [
                -16.0102691,
                3.46451997756958e-07,
                -5.8099493
            ],
            "rotation": [
                0.9251759,
                0.0,
                0.3795385,
                0.0
            ],
            "motion_type": "static",
            "non_uniform_scale": [
                0.1962794,
                0.9999998,
                0.2182458
            ]
        },
        {
            "template_name": "d1751d46a90cfaf9721b21f5956135c31a16dede_part_1",
            "translation": [
                -8.866868,
                5.364418029785156e-07,
                -9.9809036
            ],
            "rotation": [
                0.7071068,
                0.0,
                -0.7071067,
                0.0
            ],
            "motion_type": "static"
        },
        {
            "template_name": "d1751d46a90cfaf9721b21f5956135c31a16dede_part_2",
            "translation": [
                -8.0245103,
                5.066394805908203e-07,
                -9.9809036
            ],
            "rotation": [
                0.7071068,
                0.0,
                -0.7071067,
                0.0
            ],
            "motion_type": "static"
        },
        {
            "template_name": "d1751d46a90cfaf9721b21f5956135c31a16dede_part_2",
            "translation": [
                -8.866868,
                0.0001428,
                -9.114624
            ],
            "rotation": [
                0.0,
                0.0,
                1.0,
                0.0
            ],
            "motion_type": "static"
        },
        {
            "template_name": "d1751d46a90cfaf9721b21f5956135c31a16dede_part_2",
            "translation": [
                -9.7091484,
                5.960464477539062e-07,
                -9.9809036
            ],
            "rotation": [
                0.7071067,
                0.0,
                0.7071068,
                0.0
            ],
            "motion_type": "static"
        },
        {
            "template_name": "d1751d46a90cfaf9721b21f5956135c31a16dede_part_2",
            "translation": [
                -8.866868,
                0.0002998,
                -10.8313198
            ],
            "motion_type": "static"
        },
        {
            "template_name": "e5e5164617d57163bf0a422c90ace89bca38a1bf",
            "translation": [
                -7.8915901,
                0.0060003,
                -6.8779993
            ],
            "rotation": [
                0.0,
                0.0,
                1.0,
                0.0
            ],
            "motion_type": "static",
            "non_uniform_scale": [
                0.9481043,
                0.9999998,
                0.9999998
            ]
        },
        {
            "template_name": "2c6ab6266f1d11711743b89a00b0f7ff7d64edde",
            "translation": [
                -10.5365896,
                2.384185791015625e-07,
                -3.3511598
            ],
            "rotation": [
                0.7071068,
                0.0,
                -0.7071067,
                0.0
            ],
            "motion_type": "static"
        },
        {
            "template_name": "a05ea4457ab8cb61197cbc8fb69a05437db684e8",
            "translation": [
                -15.7187595,
                0.0250006,
                -11.167139
            ],
            "motion_type": "static"
        },
        {
            "template_name": "92161d5f84ac50e33bd35612ca59a4a2bef72f52",
            "translation": [
                -5.5719723,
                1.7500001,
                -7.1204104
            ],
            "rotation": [
                0.3292391,
                0.3292391,
                0.6257808,
                -0.6257807
            ],
            "motion_type": "static"
        },
        {
            "template_name": "4dccaf3809ceb0cc83acd53bbbe617478c2ff317",
            "translation": [
                -13.0197896,
                1.7500002,
                -5.8041896
            ],
            "rotation": [
                -0.5,
                -0.5,
                0.5,
                -0.4999999
            ],
            "motion_type": "static"
        },
        {
            "template_name": "4dccaf3809ceb0cc83acd53bbbe617478c2ff317",
            "translation": [
                -13.0197896,
                1.7500002,
                -6.4463591
            ],
            "rotation": [
                -0.5,
                -0.5,
                0.5,
                -0.4999999
            ],
            "motion_type": "static"
        },
        {
            "template_name": "c933d0d0e5cb3f91421c18457308854a9b853146",
            "translation": [
                -13.6590604,
                1.7579301,
                -7.0606193
            ],
            "rotation": [
                0.7071068,
                0.7071067,
                0.0,
                0.0
            ],
            "motion_type": "static"
        },
        {
            "template_name": "c933d0d0e5cb3f91421c18457308854a9b853146",
            "translation": [
                -15.3338403,
                1.7579301,
                -7.0606193
            ],
            "rotation": [
                0.7071068,
                0.7071067,
                0.0,
                0.0
            ],
            "motion_type": "static"
        },
        {
            "template_name": "c933d0d0e5cb3f91421c18457308854a9b853146",
            "translation": [
                -1.9366601,
                1.75793,
                -3.7396299
            ],
            "rotation": [
                -0.5,
                -0.5,
                0.5,
                -0.4999999
            ],
            "motion_type": "static"
        },
        {
            "template_name": "5834f5e9d8b89a048632010cdf5f40700648db7e",
            "translation": [
                -12.3491096,
                3.527384251356125e-07,
                -5.9181694
            ],
            "rotation": [
                0.7071068,
                0.0,
                0.7071067,
                0.0
            ],
            "motion_type": "static"
        },
        {
            "template_name": "56f927269c4b6ae568163c37304e5e6bfaa3a623",
            "translation": [
                -13.4772911,
                2.384185791015625e-07,
                -4.9917397
            ],
            "motion_type": "static"
        },
        {
            "template_name": "500c9c515586f440e149580a0ce2a7f7f98ef547",
            "translation": [
                -11.1954898,
                2.384185791015625e-07,
                -4.1259593
            ],
            "motion_type": "static"
        },
        {
            "template_name": "9da8bbd27b90b21dca1beaa505b34d4426881df4",
            "translation": [
                -13.2186098,
                3.5762786865234375e-07,
                -6.1302394
            ],
            "rotation": [
                0.7071068,
                0.0,
                -0.7071067,
                0.0
            ],
            "motion_type": "static"
        },
        {
            "template_name": "3756-22",
            "translation": [
                -9.7431001,
                2.2,
                -0.9222496
            ],
            "rotation": [
                0.0,
                0.0,
                1.0,
                0.0
            ],
            "motion_type": "static",
            "non_uniform_scale": [
                -1.0,
                0.9999998,
                0.9999998
            ]
        },
        {
            "template_name": "209-2",
            "translation": [
                -9.23145,
                1.1200007,
                -12.2476682
            ],
            "motion_type": "static",
            "non_uniform_scale": [
                -1.0,
                0.9999998,
                0.9999998
            ]
        },
        {
            "template_name": "4147-5",
            "translation": [
                -3.1343297,
                1.2450007,
                -12.2476682
            ],
            "motion_type": "static",
            "non_uniform_scale": [
                -1.0,
                0.9999998,
                0.9999998
            ]
        },
        {
            "template_name": "4147-5",
            "translation": [
                -4.3463401,
                1.2450007,
                -12.2476682
            ],
            "motion_type": "static",
            "non_uniform_scale": [
                -1.0,
                0.9999998,
                0.9999998
            ]
        },
        {
            "template_name": "4147-5",
            "translation": [
                -7.6905198,
                1.2450007,
                -12.2476682
            ],
            "motion_type": "static",
            "non_uniform_scale": [
                -1.0,
                0.9999998,
                0.9999998
            ]
        },
        {
            "template_name": "4147-5",
            "translation": [
                -10.74265,
                1.2450007,
                -12.2476682
            ],
            "motion_type": "static",
            "non_uniform_scale": [
                -1.0,
                0.9999998,
                0.9999998
            ]
        },
        {
            "template_name": "204-2",
            "translation": [
                -1.86166,
                1.1200002,
                -5.3008999
            ],
            "rotation": [
                0.7071067,
                0.0,
                0.7071068,
                0.0
            ],
            "motion_type": "static"
        },
        {
            "template_name": "4147-5",
            "translation": [
                -15.8949203,
                1.245,
                -0.9222496
            ],
            "rotation": [
                0.0,
                0.0,
                1.0,
                0.0
            ],
            "motion_type": "static",
            "non_uniform_scale": [
                -1.0,
                0.9999998,
                0.9999998
            ]
        },
        {
            "template_name": "4147-5",
            "translation": [
                -12.3415298,
                1.245,
                -0.9222496
            ],
            "rotation": [
                0.0,
                0.0,
                1.0,
                0.0
            ],
            "motion_type": "static",
            "non_uniform_scale": [
                -1.0,
                0.9999998,
                0.9999998
            ]
        },
        {
            "template_name": "4147-5",
            "translation": [
                -16.5473899,
                1.2450002,
                -5.8792395
            ],
            "rotation": [
                0.7071067,
                0.0,
                0.7071067,
                0.0
            ],
            "motion_type": "static",
            "non_uniform_scale": [
                -0.9999998,
                0.9999998,
                0.9999998
            ]
        },
        {
            "template_name": "4147-5",
            "translation": [
                -16.5473899,
                1.2450006,
                -11.5952281
            ],
            "rotation": [
                0.7071067,
                0.0,
                0.7071067,
                0.0
            ],
            "motion_type": "static",
            "non_uniform_scale": [
                -0.9999998,
                0.9999998,
                0.9999998
            ]
        },
        {
            "template_name": "4147-5",
            "translation": [
                -16.5473899,
                1.2450002,
                -7.7786293
            ],
            "rotation": [
                0.7071067,
                0.0,
                0.7071067,
                0.0
            ],
            "motion_type": "static",
            "non_uniform_scale": [
                -0.9999998,
                0.9999998,
                0.9999998
            ]
        },
        {
            "template_name": "4147-5",
            "translation": [
                -14.1467008,
                1.2450007,
                -12.2476682
            ],
            "motion_type": "static",
            "non_uniform_scale": [
                -1.0,
                0.9999998,
                0.9999998
            ]
        },
        {
            "template_name": "4147-5",
            "translation": [
                -15.3263902,
                1.2450007,
                -12.2476682
            ],
            "motion_type": "static",
            "non_uniform_scale": [
                -1.0,
                0.9999998,
                0.9999998
            ]
        }
    ],
    "articulated_object_instances": [],
    "stage_instance": {
        "template_name": "stages/106366353_174226695",
        "motion_type": "static"
    },
    "user_defined": {
        "scene_filter_file": "scene_filter_files/106366353_174226695.rec_filter.json"
    }
}