{
    "translation_origin": "asset_local",
    "default_lighting": "",
    "navmesh_instance": "",
    "object_instances": [
        {
            "template_name": "cd5dbde963194db5714c6389bb045cbd9fc980cb",
            "translation": [
                -0.4147099,
                4.172325134277344e-07,
                -6.8459296
            ],
            "rotation": [
                0.7071068,
                0.0,
                -0.7071067,
                0.0
            ],
            "motion_type": "static"
        },
        {
            "template_name": "0eaeb0a2cb5c912b76c0bb825a67dc80c27781b4",
            "translation": [
                -7.078,
                0.7319998,
                1.0674699
            ],
            "rotation": [
                0.0,
                0.0,
                1.0,
                0.0
            ],
            "motion_type": "static"
        },
        {
            "template_name": "1c094fa03158472435f319ff499aef6f7b9ff883",
            "translation": [
                1.51243,
                0.0010001,
                -2.2656695
            ],
            "rotation": [
                0.0,
                0.0,
                1.0,
                0.0
            ],
            "motion_type": "static"
        },
        {
            "template_name": "e17c6ae756035c27bb5e084b51ff72dc8f90480c",
            "translation": [
                -10.07907,
                1.1300001,
                -2.1994698
            ],
            "rotation": [
                0.7071068,
                0.0,
                0.7071067,
                0.0
            ],
            "motion_type": "static"
        },
        {
            "template_name": "e17c6ae756035c27bb5e084b51ff72dc8f90480c",
            "translation": [
                -10.49125,
                1.1300001,
                -2.5853297
            ],
            "rotation": [
                0.0,
                0.0,
                1.0,
                0.0
            ],
            "motion_type": "static"
        },
        {
            "template_name": "e17c6ae756035c27bb5e084b51ff72dc8f90480c",
            "translation": [
                -10.4812498,
                1.1300001,
                -3.3956997
            ],
            "motion_type": "static"
        },
        {
            "template_name": "e17c6ae756035c27bb5e084b51ff72dc8f90480c",
            "translation": [
                -10.49125,
                0.5000001,
                -2.9201297
            ],
            "rotation": [
                0.0,
                0.0,
                1.0,
                0.0
            ],
            "motion_type": "static"
        },
        {
            "template_name": "e17c6ae756035c27bb5e084b51ff72dc8f90480c",
            "translation": [
                -10.18048,
                0.81227,
                -2.2281198
            ],
            "rotation": [
                0.7071068,
                0.0,
                -0.7071067,
                0.0
            ],
            "motion_type": "static"
        },
        {
            "template_name": "e17c6ae756035c27bb5e084b51ff72dc8f90480c",
            "translation": [
                -10.4812498,
                1.47083,
                -3.7297499
            ],
            "motion_type": "static"
        },
        {
            "template_name": "e17c6ae756035c27bb5e084b51ff72dc8f90480c",
            "translation": [
                -10.1962499,
                1.8,
                -4.1829695
            ],
            "rotation": [
                0.7071068,
                0.0,
                -0.7071067,
                0.0
            ],
            "motion_type": "static"
        },
        {
            "template_name": "e17c6ae756035c27bb5e084b51ff72dc8f90480c",
            "translation": [
                -10.4262504,
                0.5000002,
                -4.1829695
            ],
            "rotation": [
                0.7071068,
                0.0,
                -0.7071067,
                0.0
            ],
            "motion_type": "static"
        },
        {
            "template_name": "d76325dcc617bf02a92182fbcacb2894fd4c1964",
            "translation": [
                -13.5191335,
                2.7999999,
                -1.5221397
            ],
            "motion_type": "static",
            "non_uniform_scale": [
                1.1958521,
                1.0,
                0.9999998
            ]
        },
        {
            "template_name": "de47820f2dc539102408f43243369f2a952b7b2f",
            "translation": [
                -12.0671596,
                -5.960464477539063e-08,
                0.93017
            ],
            "rotation": [
                0.7071068,
                0.0,
                0.7071067,
                0.0
            ],
            "motion_type": "static"
        },
        {
            "template_name": "de016d31ad24004bf75eeb8c0107e966c626133f",
            "translation": [
                -3.9944503,
                0.0010003,
                -5.7858791
            ],
            "rotation": [
                0.7071068,
                0.0,
                -0.7071067,
                0.0
            ],
            "motion_type": "static"
        },
        {
            "template_name": "095cf56558ca75b0ab0a4037ce7c8f870085aff9",
            "translation": [
                2.0655999,
                0.7900003,
                -5.9558792
            ],
            "motion_type": "static"
        },
        {
            "template_name": "803ac565bad745f9121d9e77592c453ec1272069",
            "translation": [
                -1.60983,
                1.7500003,
                -7.78304
            ],
            "rotation": [
                0.7071068,
                0.7071067,
                0.0,
                0.0
            ],
            "motion_type": "static"
        },
        {
            "template_name": "7a45c8eb410d510348f6593f04a9269d25b32f35",
            "translation": [
                -2.29305,
                1.7500003,
                -7.78304
            ],
            "rotation": [
                0.7071068,
                0.7071067,
                0.0,
                0.0
            ],
            "motion_type": "static"
        },
        {
            "template_name": "72c768666c398f91a5e4755d569f4d7097acc297",
            "translation": [
                -6.5282106,
                3.5762786865234375e-07,
                -6.1647696
            ],
            "rotation": [
                0.7071068,
                0.0,
                0.7071067,
                0.0
            ],
            "motion_type": "static",
            "non_uniform_scale": [
                0.8406596,
                0.9999998,
                0.9999998
            ]
        },
        {
            "template_name": "edd29c09710bf64c66065b6d884f573bc48682f5",
            "translation": [
                -14.5370597,
                -5.960464477539063e-08,
                0.8448399
            ],
            "rotation": [
                0.7071068,
                0.0,
                0.7071067,
                0.0
            ],
            "motion_type": "static"
        },
        {
            "template_name": "0db565d684b7c6ca584a63184869a4077bbd7155",
            "translation": [
                -14.3870601,
                8.940696716308594e-08,
                -1.4429799
            ],
            "rotation": [
                0.7071068,
                0.0,
                0.7071067,
                0.0
            ],
            "motion_type": "static"
        },
        {
            "template_name": "2497f6c429ad6112bd4c1f9a45164d960c742e0b",
            "translation": [
                -9.9327497,
                4.6193599700927734e-07,
                -7.6651396
            ],
            "motion_type": "static"
        },
        {
            "template_name": "1ff8117e1a03198882455c8f8131d01450749eac",
            "translation": [
                -3.8648498,
                1.6242799,
                -3.1601948
            ],
            "rotation": [
                -0.5,
                -0.5,
                0.5,
                -0.4999999
            ],
            "motion_type": "static"
        },
        {
            "template_name": "ff7de843876d16a1aae1f89893b99a8de13e826c",
            "translation": [
                -13.5058603,
                2.8000001,
                -6.7266893
            ],
            "rotation": [
                0.0,
                0.0,
                1.0,
                0.0
            ],
            "motion_type": "static",
            "non_uniform_scale": [
                1.0,
                0.4994006,
                0.9999998
            ]
        },
        {
            "template_name": "66e7f21c0db6af483f36d2d9f73044c0995a1d07",
            "translation": [
                -0.31086,
                -5.960464477539063e-08,
                1.0007898
            ],
            "rotation": [
                0.7071068,
                0.0,
                0.7071067,
                0.0
            ],
            "motion_type": "static"
        },
        {
            "template_name": "6e8ba0503682447c09014295ae4e35b1f3fc1f5f",
            "translation": [
                -9.4051904,
                1.6778904,
                -7.7830443
            ],
            "rotation": [
                0.7071068,
                0.7071067,
                0.0,
                0.0
            ],
            "motion_type": "static"
        },
        {
            "template_name": "cc75c57d650ebbdbe15542f83666b417d24f9ae4",
            "translation": [
                -12.5808401,
                2.384185791015625e-07,
                -4.0782094
            ],
            "motion_type": "static"
        },
        {
            "template_name": "cc75c57d650ebbdbe15542f83666b417d24f9ae4",
            "translation": [
                2.0307199,
                1.1920928955078125e-07,
                -2.2273297
            ],
            "rotation": [
                0.0,
                0.0,
                1.0,
                0.0
            ],
            "motion_type": "static"
        },
        {
            "template_name": "c2cbb4677994a6d2fbd4796360fe7538d9189eda",
            "translation": [
                2.1405599,
                3.2782554626464844e-07,
                -6.0468506
            ],
            "motion_type": "static"
        },
        {
            "template_name": "c43cfcfcf9b8cb403e4145b10d6e2377abb39822",
            "translation": [
                -14.5875301,
                2.384185791015625e-07,
                -4.1577396
            ],
            "rotation": [
                0.0,
                0.0,
                1.0,
                0.0
            ],
            "motion_type": "static"
        },
        {
            "template_name": "56bfa51970d9b0d40a50956f3d594873435f6ed7",
            "translation": [
                2.8586599,
                -1.4901161193847656e-07,
                2.2845997
            ],
            "rotation": [
                0.0,
                0.0,
                1.0,
                0.0
            ],
            "motion_type": "static"
        },
        {
            "template_name": "dd894ab72e311be546c446beb80fc0fc2eafd452",
            "translation": [
                -11.971981,
                1.7500003,
                -6.8252496
            ],
            "rotation": [
                -0.5,
                -0.5,
                0.5,
                -0.4999999
            ],
            "motion_type": "static"
        },
        {
            "template_name": "79a0bbd662ed92f527335aafe83792c1ab16e895",
            "translation": [
                -4.5355095,
                4.172325134277344e-07,
                -7.4184141
            ],
            "rotation": [
                0.7071068,
                0.0,
                -0.7071067,
                0.0
            ],
            "motion_type": "static"
        },
        {
            "template_name": "459e0382b276efa6e647963cbc587fe94e3b0c43",
            "translation": [
                -2.6803803,
                4.6193599700927734e-07,
                -7.6623096
            ],
            "rotation": [
                0.7071068,
                0.0,
                0.7071067,
                0.0
            ],
            "motion_type": "static"
        },
        {
            "template_name": "1a4841c613e9f5c2ba492107fb6aff4692c564a4",
            "translation": [
                -11.5522098,
                4.172325134277344e-07,
                -6.7838892
            ],
            "rotation": [
                0.7071068,
                0.0,
                0.7071067,
                0.0
            ],
            "motion_type": "static"
        },
        {
            "template_name": "xxxx67393f5ex03ecx498cx9027x628f1075350c",
            "translation": [
                -10.3853101,
                1.7500001,
                -4.5129694
            ],
            "rotation": [
                0.0,
                0.0,
                0.7071068,
                -0.7071067
            ],
            "motion_type": "static"
        },
        {
            "template_name": "67c904943241ee6c168657cd0d5b9262cb9e82da_part_2",
            "translation": [
                1.3426561,
                1.0622682,
                -4.6044807
            ],
            "rotation": [
                0.0,
                0.0,
                1.0,
                0.0
            ],
            "motion_type": "static"
        },
        {
            "template_name": "67c904943241ee6c168657cd0d5b9262cb9e82da_part_2",
            "translation": [
                1.0365171,
                0.7532373,
                -4.7058401
            ],
            "rotation": [
                0.0,
                0.0,
                1.0,
                0.0
            ],
            "motion_type": "static"
        },
        {
            "template_name": "67c904943241ee6c168657cd0d5b9262cb9e82da_part_1",
            "translation": [
                1.1053634,
                1.3278678,
                -4.9246406
            ],
            "rotation": [
                0.0,
                0.0,
                1.0,
                0.0
            ],
            "motion_type": "static"
        },
        {
            "template_name": "67c904943241ee6c168657cd0d5b9262cb9e82da_part_1",
            "translation": [
                1.4133605,
                0.7233519,
                -4.7005171
            ],
            "rotation": [
                3e-06,
                7.4e-06,
                1.0,
                1.47e-05
            ],
            "motion_type": "static"
        },
        {
            "template_name": "67c904943241ee6c168657cd0d5b9262cb9e82da_part_4",
            "translation": [
                1.3518863,
                0.7291362,
                -4.9241304
            ],
            "rotation": [
                0.0,
                0.0,
                1.0,
                0.0
            ],
            "motion_type": "static"
        },
        {
            "template_name": "67c904943241ee6c168657cd0d5b9262cb9e82da_part_5",
            "translation": [
                1.4189648,
                0.4640068,
                -4.8325676
            ],
            "rotation": [
                0.0,
                0.0,
                1.0,
                0.0
            ],
            "motion_type": "static"
        },
        {
            "template_name": "67c904943241ee6c168657cd0d5b9262cb9e82da_part_6",
            "translation": [
                1.0359367,
                0.3941119,
                -4.8303351
            ],
            "rotation": [
                0.0,
                0.0,
                1.0,
                0.0
            ],
            "motion_type": "static"
        },
        {
            "template_name": "67c904943241ee6c168657cd0d5b9262cb9e82da_part_8",
            "translation": [
                1.226111,
                -0.0011199,
                -4.7665405
            ],
            "rotation": [
                0.0,
                0.0,
                1.0,
                0.0
            ],
            "motion_type": "static"
        },
        {
            "template_name": "6bb6bee19a1dd2034abea1ba84107ef7264897ae",
            "translation": [
                0.2702899,
                3.5762786865234375e-07,
                -6.7830395
            ],
            "rotation": [
                0.7071068,
                0.0,
                0.7071067,
                0.0
            ],
            "motion_type": "static"
        },
        {
            "template_name": "6ee753b65e6919ed11c0f0842701fbd55316067b",
            "translation": [
                -1.9177498,
                2.2351741790771484e-08,
                -0.4248899
            ],
            "motion_type": "static"
        },
        {
            "template_name": "d16a9e9691ca82f2d658d18cc064101337a6a0aa",
            "translation": [
                -11.335391,
                4.470348358154297e-07,
                -7.3095102
            ],
            "rotation": [
                0.8142452,
                0.0,
                0.580521,
                0.0
            ],
            "motion_type": "static"
        },
        {
            "template_name": "d16a9e9691ca82f2d658d18cc064101337a6a0aa",
            "translation": [
                -11.31538,
                3.5762786865234375e-07,
                -6.2158894
            ],
            "rotation": [
                0.531279,
                0.0,
                0.8471968,
                0.0
            ],
            "motion_type": "static"
        },
        {
            "template_name": "dec28234dd4886042b5b1a3563cbb942471692cd",
            "translation": [
                2.5043499,
                2.980232238769531e-07,
                -4.7603793
            ],
            "rotation": [
                0.0,
                0.0,
                1.0,
                0.0
            ],
            "motion_type": "static"
        },
        {
            "template_name": "eef2341f3bed67078f416269ea1b8a6252a21d45",
            "translation": [
                -14.5152902,
                -1.1920928955078125e-07,
                1.9601997
            ],
            "rotation": [
                0.7071068,
                0.0,
                0.7071067,
                0.0
            ],
            "motion_type": "static"
        },
        {
            "template_name": "4cc8b96d50165feff772612874703c9913d06973",
            "translation": [
                -0.2247099,
                1.7358503,
                -7.1703796
            ],
            "rotation": [
                -0.5,
                -0.5,
                0.5,
                -0.4999999
            ],
            "motion_type": "static"
        },
        {
            "template_name": "4cc8b96d50165feff772612874703c9913d06973",
            "translation": [
                -0.2247099,
                1.7358502,
                -6.5121593
            ],
            "rotation": [
                -0.5,
                -0.5,
                0.5,
                -0.4999999
            ],
            "motion_type": "static"
        },
        {
            "template_name": "bdc3800736614c55c7079baaf3edea4a30f3ccee",
            "translation": [
                -10.7675504,
                0.0010004,
                -7.6814393
            ],
            "motion_type": "static"
        },
        {
            "template_name": "f5774307cd8b7e70e4735aaf411f109ff4f7fc00",
            "translation": [
                -14.8370599,
                1.692992,
                -6.9115486
            ],
            "rotation": [
                0.4999999,
                0.4999999,
                0.5000001,
                -0.5
            ],
            "motion_type": "static",
            "non_uniform_scale": [
                2.1394953,
                0.9999998,
                1.8208658
            ]
        },
        {
            "template_name": "0d6acbc9f35c8834a605e284167f44c84582a975",
            "translation": [
                -3.86485,
                1.6915301,
                -5.7209496
            ],
            "rotation": [
                -0.5,
                -0.5,
                0.5,
                -0.4999999
            ],
            "motion_type": "static"
        },
        {
            "template_name": "c461ecb62efa4ef74eb34fb8152acf8cc8ac427d",
            "translation": [
                -4.9542798,
                0.0010001,
                -2.1258196
            ],
            "rotation": [
                0.7071068,
                0.0,
                -0.7071067,
                0.0
            ],
            "motion_type": "static"
        },
        {
            "template_name": "709a782aac7df3698f3d2c28eb8364fb942ffc9a",
            "translation": [
                -4.2709498,
                -1.1920928955078125e-07,
                2.2311899
            ],
            "rotation": [
                0.0,
                0.0,
                1.0,
                0.0
            ],
            "motion_type": "static"
        },
        {
            "template_name": "fdf7479cc9da8f4486359f66965869b5c58c74ed",
            "translation": [
                -14.8370656,
                2.0213997,
                2.2009599
            ],
            "rotation": [
                0.4999999,
                0.4999999,
                0.5,
                -0.5
            ],
            "motion_type": "static",
            "non_uniform_scale": [
                1.7785198,
                0.9999998,
                0.9999998
            ]
        },
        {
            "template_name": "fdf7479cc9da8f4486359f66965869b5c58c74ed",
            "translation": [
                -14.8370656,
                2.0249996,
                1.32815
            ],
            "rotation": [
                0.4999999,
                0.4999999,
                0.5,
                -0.5
            ],
            "motion_type": "static",
            "non_uniform_scale": [
                1.7785198,
                0.9999998,
                0.9999998
            ]
        },
        {
            "template_name": "fdf7479cc9da8f4486359f66965869b5c58c74ed",
            "translation": [
                -14.8370656,
                2.0249996,
                0.4553401
            ],
            "rotation": [
                0.4999999,
                0.4999999,
                0.5,
                -0.5
            ],
            "motion_type": "static",
            "non_uniform_scale": [
                1.7785198,
                0.9999998,
                0.9999998
            ]
        },
        {
            "template_name": "fdf7479cc9da8f4486359f66965869b5c58c74ed",
            "translation": [
                -14.8370656,
                2.0249998,
                -0.4690798
            ],
            "rotation": [
                0.4999999,
                0.4999999,
                0.5,
                -0.5
            ],
            "motion_type": "static",
            "non_uniform_scale": [
                -2.0704596,
                0.9999998,
                0.9999998
            ]
        },
        {
            "template_name": "fdf7479cc9da8f4486359f66965869b5c58c74ed",
            "translation": [
                -14.8370656,
                2.0249998,
                -1.4248397
            ],
            "rotation": [
                0.4999999,
                0.4999999,
                0.5,
                -0.5
            ],
            "motion_type": "static",
            "non_uniform_scale": [
                1.7785198,
                0.9999998,
                0.9999998
            ]
        },
        {
            "template_name": "31653c084558e1ecb286adf63a305d914aa3c98b",
            "translation": [
                -1.14451,
                -1.4901161193847656e-07,
                2.3534898
            ],
            "rotation": [
                0.7071068,
                0.0,
                0.7071067,
                0.0
            ],
            "motion_type": "static"
        },
        {
            "template_name": "31653c084558e1ecb286adf63a305d914aa3c98b",
            "translation": [
                -1.0845099,
                2.9802322387695312e-08,
                -0.3558099
            ],
            "rotation": [
                0.7071068,
                0.0,
                0.7071067,
                0.0
            ],
            "motion_type": "static"
        },
        {
            "template_name": "db8288398b2513371f31aff4e2e6271dd08476af",
            "translation": [
                -12.1179695,
                0.7600003,
                -7.4275994
            ],
            "rotation": [
                0.7071068,
                0.0,
                0.7071067,
                0.0
            ],
            "motion_type": "static"
        },
        {
            "template_name": "db8288398b2513371f31aff4e2e6271dd08476af",
            "translation": [
                2.94755,
                0.9100001,
                -1.5346298
            ],
            "motion_type": "static"
        },
        {
            "template_name": "7a6def1426f562d3c426c0aa5531b0470cb5fb7a",
            "translation": [
                -4.3429899,
                2.086162567138672e-07,
                -3.4981012
            ],
            "rotation": [
                0.7071068,
                0.0,
                -0.7071067,
                0.0
            ],
            "motion_type": "static",
            "non_uniform_scale": [
                1.4359565,
                0.9999998,
                1.7075816
            ]
        },
        {
            "template_name": "94d8ae0dda48f9ae33262ee0cc39c3c60c70f217",
            "translation": [
                -13.6014299,
                2.384185791015625e-07,
                -4.3379693
            ],
            "rotation": [
                0.0,
                0.0,
                1.0,
                0.0
            ],
            "motion_type": "static"
        },
        {
            "template_name": "4a626b65153f1754c6bce287230c3fdae6ba8d46",
            "translation": [
                -12.1690397,
                0.7600003,
                -6.6432991
            ],
            "rotation": [
                0.7071068,
                0.0,
                -0.7071067,
                0.0
            ],
            "motion_type": "static"
        },
        {
            "template_name": "8f9440cad20bac4f3a17cef6a3b34879c75c26d5",
            "translation": [
                -11.6701698,
                0.5100003,
                -6.8545694
            ],
            "rotation": [
                0.7071068,
                0.0,
                -0.7071067,
                0.0
            ],
            "motion_type": "static"
        },
        {
            "template_name": "39f24d83b5ab476d0880cb19fb218f7029f11840",
            "translation": [
                2.0687999,
                0.4825998,
                2.3338599
            ],
            "motion_type": "static"
        },
        {
            "template_name": "66ebf77831246626ead7947612796d891a8a612b",
            "translation": [
                -2.71808,
                1.955777406692505e-07,
                -3.2866096
            ],
            "rotation": [
                0.0,
                0.0,
                1.0,
                0.0
            ],
            "motion_type": "static"
        },
        {
            "template_name": "a0e24119aaba6bd1be3eddb40dea72547c84b1f7",
            "translation": [
                -7.06041,
                -6.239861249923706e-08,
                1.0475798
            ],
            "rotation": [
                0.7071068,
                0.0,
                -0.7071067,
                0.0
            ],
            "motion_type": "static",
            "non_uniform_scale": [
                1.5926426,
                0.9999998,
                2.0593495
            ]
        },
        {
            "template_name": "01f1f0ea47cb3046a99ba5d7652f05107fb1f22a",
            "translation": [
                -3.45565,
                1.1920928955078125e-07,
                -1.6641899
            ],
            "rotation": [
                0.7071068,
                0.0,
                0.7071067,
                0.0
            ],
            "motion_type": "static"
        },
        {
            "template_name": "b55c8d88c901d81190fabb3fa891781f7aad8d5e",
            "translation": [
                -0.0739099,
                1.7250001,
                -3.7483198
            ],
            "rotation": [
                0.4999999,
                0.4999999,
                0.5,
                -0.5
            ],
            "motion_type": "static"
        },
        {
            "template_name": "c2dff928bfe8dd26f95b33b5c7ac8c325e3feb93",
            "translation": [
                -14.8370647,
                2.3722901,
                -6.9530997
            ],
            "rotation": [
                0.4999999,
                0.4999999,
                0.5,
                -0.5
            ],
            "motion_type": "static",
            "non_uniform_scale": [
                1.0714282,
                0.9999998,
                0.9999998
            ]
        },
        {
            "template_name": "4552d971acc237a0c1f568d7093740bef1592fd1",
            "translation": [
                -13.3444099,
                -1.4901161193847656e-07,
                2.4576096
            ],
            "rotation": [
                0.0,
                0.0,
                1.0,
                0.0
            ],
            "motion_type": "static"
        },
        {
            "template_name": "4552d971acc237a0c1f568d7093740bef1592fd1",
            "translation": [
                -13.7453098,
                -1.4901161193847656e-07,
                2.4576096
            ],
            "rotation": [
                0.0,
                0.0,
                1.0,
                0.0
            ],
            "motion_type": "static"
        },
        {
            "template_name": "aceb0b3f725577a54343d4c2a7386881e1c8f9bf",
            "translation": [
                -1.1617599,
                2.7999997,
                2.39807
            ],
            "rotation": [
                0.0,
                0.0,
                1.0,
                0.0
            ],
            "motion_type": "static",
            "non_uniform_scale": [
                1.0000001,
                1.6122367,
                1.0
            ]
        },
        {
            "template_name": "aceb0b3f725577a54343d4c2a7386881e1c8f9bf",
            "translation": [
                -1.1080499,
                2.7999997,
                -0.3243698
            ],
            "rotation": [
                0.7071068,
                0.0,
                0.7071067,
                0.0
            ],
            "motion_type": "static",
            "non_uniform_scale": [
                0.9999999,
                1.6122367,
                0.9999999
            ]
        },
        {
            "template_name": "db74ce14813eb0d5c54c8992806b22fb846ee34c",
            "translation": [
                -14.5370597,
                -1.1920928955078125e-07,
                2.0453398
            ],
            "rotation": [
                0.7071068,
                0.0,
                0.7071067,
                0.0
            ],
            "motion_type": "static"
        },
        {
            "template_name": "db74ce14813eb0d5c54c8992806b22fb846ee34c",
            "translation": [
                -14.5370597,
                2.9802322387695312e-08,
                -0.3741899
            ],
            "rotation": [
                0.7071068,
                0.0,
                0.7071067,
                0.0
            ],
            "motion_type": "static",
            "non_uniform_scale": [
                1.0308785,
                0.9999998,
                0.9999998
            ]
        },
        {
            "template_name": "db74ce14813eb0d5c54c8992806b22fb846ee34c",
            "translation": [
                -13.3368101,
                8.940696716308594e-08,
                -1.5694699
            ],
            "motion_type": "static"
        },
        {
            "template_name": "de123db78af8441c9abd5b45acb63fca224d493f",
            "translation": [
                -10.3611497,
                0.0010004,
                -7.6687393
            ],
            "motion_type": "static"
        },
        {
            "template_name": "a7ea5f486922ebe96a5dc95bcc070ac6c22daa00",
            "translation": [
                2.3053998,
                1.7494001,
                -1.7925697
            ],
            "rotation": [
                0.7071068,
                0.7071067,
                0.0,
                0.0
            ],
            "motion_type": "static"
        },
        {
            "template_name": "016740800c9b1834742579705ddfc6899dfceddc",
            "translation": [
                -10.8519096,
                1.24962,
                -3.0602796
            ],
            "rotation": [
                -0.5,
                -0.5,
                0.5,
                -0.4999999
            ],
            "motion_type": "static"
        },
        {
            "template_name": "016740800c9b1834742579705ddfc6899dfceddc",
            "translation": [
                -10.8519096,
                1.2547199,
                -3.6076297
            ],
            "rotation": [
                -0.5,
                -0.5,
                0.5,
                -0.4999999
            ],
            "motion_type": "static"
        },
        {
            "template_name": "036e2aeca7ff5df258839e40b8de7517f2cc891a",
            "translation": [
                -11.1235904,
                1.4901161193847656e-07,
                -2.2817697
            ],
            "rotation": [
                0.0,
                0.0,
                1.0,
                0.0
            ],
            "motion_type": "static"
        },
        {
            "template_name": "c530e9e489c0e3f7859d1d34325faa69a0795289",
            "translation": [
                2.4713799,
                0.91,
                -1.6040297
            ],
            "rotation": [
                0.7071068,
                0.0,
                -0.7071067,
                0.0
            ],
            "motion_type": "static"
        },
        {
            "template_name": "79f0334612464454afa0641ff2ea15573bb67b3e",
            "translation": [
                2.69225,
                2.384185791015625e-07,
                -4.1372694
            ],
            "motion_type": "static"
        },
        {
            "template_name": "58a22e0f1ae932e93f8b046485e710e5626d650e",
            "translation": [
                -12.0984401,
                1.1920928955078125e-07,
                -2.2638697
            ],
            "rotation": [
                0.0,
                0.0,
                1.0,
                0.0
            ],
            "motion_type": "static"
        },
        {
            "template_name": "6d6886e607c10bb9d4d138e676a3e8292c53e38d",
            "translation": [
                -3.2975499,
                3.5762786865234375e-07,
                -6.2410144
            ],
            "motion_type": "static"
        },
        {
            "template_name": "aa401a7ca198098ed9b730adcfdd69b74024a448",
            "translation": [
                -3.06957,
                4.5821070671081543e-07,
                -7.6760001
            ],
            "motion_type": "static"
        },
        {
            "template_name": "44f35b8477fdbc61ed4c0ec40297b03d636d19b2",
            "translation": [
                2.1093549,
                -1.341104507446289e-07,
                2.2271196
            ],
            "rotation": [
                0.7071068,
                0.0,
                -0.7071067,
                0.0
            ],
            "motion_type": "static"
        },
        {
            "template_name": "389665158df393b0a2ac6fccc69babfd7a17f306",
            "translation": [
                2.2763299,
                8.940696716308594e-08,
                -1.5893698
            ],
            "motion_type": "static",
            "non_uniform_scale": [
                1.500812,
                0.9999998,
                0.9999998
            ]
        },
        {
            "template_name": "718d699c964758dc7761aa623afa836c6479866f",
            "translation": [
                -3.6917099,
                2.384185791015625e-07,
                -3.2462098
            ],
            "rotation": [
                0.7071068,
                0.0,
                0.7071067,
                0.0
            ],
            "motion_type": "static"
        },
        {
            "template_name": "xxxx4182074fx5da9x4d19xac7dx30196c9cf450",
            "translation": [
                -1.8583599,
                7.450580596923828e-08,
                -1.2554198
            ],
            "rotation": [
                0.7071068,
                0.0,
                -0.7071067,
                0.0
            ],
            "motion_type": "static"
        },
        {
            "template_name": "9c5db6e77b1207d689e035d957bff9216d1615e5",
            "translation": [
                -14.7620601,
                0.9,
                -0.9078398
            ],
            "rotation": [
                0.7071068,
                0.0,
                0.7071067,
                0.0
            ],
            "motion_type": "static"
        },
        {
            "template_name": "529b745803d28df770676b90451ccf739b848add",
            "translation": [
                -6.5509572,
                1.6788772,
                -7.7660393
            ],
            "rotation": [
                0.7071068,
                0.7071067,
                0.0,
                0.0
            ],
            "motion_type": "static",
            "non_uniform_scale": [
                2.5498762,
                0.9999998,
                1.907754
            ]
        },
        {
            "template_name": "f6853182c26e4d30f2164293adfa77986faae26c",
            "translation": [
                -13.7725601,
                -1.1920928955078125e-07,
                2.5556898
            ],
            "rotation": [
                0.0,
                0.0,
                1.0,
                0.0
            ],
            "motion_type": "static"
        },
        {
            "template_name": "f6853182c26e4d30f2164293adfa77986faae26c",
            "translation": [
                -13.0803604,
                -1.1920928955078125e-07,
                2.5556898
            ],
            "rotation": [
                0.0,
                0.0,
                1.0,
                0.0
            ],
            "motion_type": "static"
        },
        {
            "template_name": "f6853182c26e4d30f2164293adfa77986faae26c",
            "translation": [
                -5.4356203,
                -1.1920928955078125e-07,
                2.5556898
            ],
            "rotation": [
                0.0,
                0.0,
                1.0,
                0.0
            ],
            "motion_type": "static"
        },
        {
            "template_name": "f6853182c26e4d30f2164293adfa77986faae26c",
            "translation": [
                -4.7710599,
                -1.1920928955078125e-07,
                2.5556898
            ],
            "rotation": [
                0.0,
                0.0,
                1.0,
                0.0
            ],
            "motion_type": "static",
            "non_uniform_scale": [
                1.017212,
                0.9999998,
                0.9999998
            ]
        },
        {
            "template_name": "f6853182c26e4d30f2164293adfa77986faae26c",
            "translation": [
                4.0945701,
                2.384185791015625e-07,
                -3.8315298
            ],
            "rotation": [
                0.7071068,
                0.0,
                -0.7071067,
                0.0
            ],
            "motion_type": "static",
            "non_uniform_scale": [
                1.1441009,
                0.9999998,
                0.9999998
            ]
        },
        {
            "template_name": "f6853182c26e4d30f2164293adfa77986faae26c",
            "translation": [
                -2.1451599,
                -1.1920928955078125e-07,
                2.5556898
            ],
            "rotation": [
                0.0,
                0.0,
                1.0,
                0.0
            ],
            "motion_type": "static",
            "non_uniform_scale": [
                1.017212,
                0.9999998,
                0.9999998
            ]
        },
        {
            "template_name": "f6853182c26e4d30f2164293adfa77986faae26c",
            "translation": [
                -0.89297,
                -1.1920928955078125e-07,
                2.5556898
            ],
            "rotation": [
                0.0,
                0.0,
                1.0,
                0.0
            ],
            "motion_type": "static",
            "non_uniform_scale": [
                1.017212,
                0.9999998,
                0.9999998
            ]
        },
        {
            "template_name": "f6853182c26e4d30f2164293adfa77986faae26c",
            "translation": [
                3.26001,
                -1.1920928955078125e-07,
                2.5556898
            ],
            "rotation": [
                0.0,
                0.0,
                1.0,
                0.0
            ],
            "motion_type": "static",
            "non_uniform_scale": [
                1.017212,
                0.9999998,
                0.9999998
            ]
        },
        {
            "template_name": "f6853182c26e4d30f2164293adfa77986faae26c",
            "translation": [
                4.0945701,
                0.0,
                -0.7794599
            ],
            "rotation": [
                0.7071068,
                0.0,
                -0.7071067,
                0.0
            ],
            "motion_type": "static",
            "non_uniform_scale": [
                1.0172117,
                0.9999998,
                0.9999998
            ]
        },
        {
            "template_name": "889ffbb4c8d12790d2e2e1f0d525577f0e525d7d",
            "translation": [
                -14.6156101,
                0.9,
                -1.6489398
            ],
            "motion_type": "static"
        },
        {
            "template_name": "cdec830fb0498fc971906849b06036f4d31059a9",
            "translation": [
                -14.6115903,
                0.8999997,
                2.3351449
            ],
            "motion_type": "static"
        },
        {
            "template_name": "d5722e155aee426cc48c9c8fc103a6ac1a68e833",
            "translation": [
                -9.8027896,
                4.023313522338867e-07,
                -6.6371288
            ],
            "motion_type": "static"
        },
        {
            "template_name": "dc3ac0c3aa4a47cbcd5348e4a7d3fec88e925862",
            "translation": [
                -12.36275,
                3.5762786865234375e-07,
                -5.9799795
            ],
            "motion_type": "static"
        },
        {
            "template_name": "dc3ac0c3aa4a47cbcd5348e4a7d3fec88e925862",
            "translation": [
                -14.5216598,
                2.980232238769531e-07,
                -4.7963194
            ],
            "motion_type": "static"
        },
        {
            "template_name": "6fd6c860b88d4da4a16aa46df16d6a0f34d71166",
            "translation": [
                -4.0648498,
                1.4901161193847656e-07,
                -2.6137096
            ],
            "rotation": [
                0.7071068,
                0.0,
                -0.7071067,
                0.0
            ],
            "motion_type": "static",
            "non_uniform_scale": [
                0.8571428,
                0.6999999,
                0.9999998
            ]
        },
        {
            "template_name": "b23344ca2cd68c5c078df7d87d5caa7fef2c6024",
            "translation": [
                -14.6986045,
                0.8999999,
                -1.2540748
            ],
            "rotation": [
                0.0,
                0.0,
                1.0,
                0.0
            ],
            "motion_type": "static"
        },
        {
            "template_name": "b6291e5525fc67c989bdbbba31db223c64a096a6",
            "translation": [
                -1.3654599,
                0.5999998,
                0.978484
            ],
            "rotation": [
                0.4999999,
                0.4999999,
                0.5,
                -0.5
            ],
            "motion_type": "static",
            "non_uniform_scale": [
                1.8567339,
                0.9999998,
                0.9999998
            ]
        },
        {
            "template_name": "09b1df19e95ab47e50c8aac06137ef2f51144d34",
            "translation": [
                -14.7843246,
                1.7496,
                -3.9952895
            ],
            "rotation": [
                0.4999999,
                0.4999999,
                0.5,
                -0.5
            ],
            "motion_type": "static"
        },
        {
            "template_name": "7cb4847ca0c3c67eee76aa0c99868fb13f2068df",
            "translation": [
                -3.4283499,
                2.980232238769531e-07,
                -4.8283443
            ],
            "rotation": [
                0.7071068,
                0.0,
                0.7071067,
                0.0
            ],
            "motion_type": "static"
        },
        {
            "template_name": "0f5071c46d79d10cdc0783e1abf514c3bfa94ba2",
            "translation": [
                -8.5505104,
                -5.960464477539063e-08,
                1.0890499
            ],
            "rotation": [
                0.7071068,
                0.0,
                0.7071067,
                0.0
            ],
            "motion_type": "static"
        },
        {
            "template_name": "0f5071c46d79d10cdc0783e1abf514c3bfa94ba2",
            "translation": [
                -7.8823699,
                -1.1920928955078125e-07,
                1.6642998
            ],
            "rotation": [
                0.0,
                0.0,
                1.0,
                0.0
            ],
            "motion_type": "static"
        },
        {
            "template_name": "0f5071c46d79d10cdc0783e1abf514c3bfa94ba2",
            "translation": [
                -7.3639698,
                -1.1920928955078125e-07,
                1.6642998
            ],
            "rotation": [
                0.0,
                0.0,
                1.0,
                0.0
            ],
            "motion_type": "static"
        },
        {
            "template_name": "0f5071c46d79d10cdc0783e1abf514c3bfa94ba2",
            "translation": [
                -6.84557,
                -1.1920928955078125e-07,
                1.6642998
            ],
            "rotation": [
                0.0,
                0.0,
                1.0,
                0.0
            ],
            "motion_type": "static"
        },
        {
            "template_name": "0f5071c46d79d10cdc0783e1abf514c3bfa94ba2",
            "translation": [
                -6.2786393,
                -5.960464477539063e-08,
                0.5014899
            ],
            "motion_type": "static"
        },
        {
            "template_name": "0f5071c46d79d10cdc0783e1abf514c3bfa94ba2",
            "translation": [
                -6.7970399,
                -5.960464477539063e-08,
                0.5014899
            ],
            "motion_type": "static"
        },
        {
            "template_name": "0f5071c46d79d10cdc0783e1abf514c3bfa94ba2",
            "translation": [
                -7.3154401,
                -5.960464477539063e-08,
                0.5014899
            ],
            "motion_type": "static"
        },
        {
            "template_name": "0f5071c46d79d10cdc0783e1abf514c3bfa94ba2",
            "translation": [
                -7.8338398,
                -5.960464477539063e-08,
                0.5014899
            ],
            "motion_type": "static"
        },
        {
            "template_name": "0f5071c46d79d10cdc0783e1abf514c3bfa94ba2",
            "translation": [
                -5.6237702,
                -5.960464477539063e-08,
                1.0979198
            ],
            "rotation": [
                0.7071068,
                0.0,
                -0.7071067,
                0.0
            ],
            "motion_type": "static"
        },
        {
            "template_name": "0f5071c46d79d10cdc0783e1abf514c3bfa94ba2",
            "translation": [
                -6.3271698,
                -1.1920928955078125e-07,
                1.6642998
            ],
            "rotation": [
                0.0,
                0.0,
                1.0,
                0.0
            ],
            "motion_type": "static"
        },
        {
            "template_name": "a28a9bcf366b8708e9b363fbb7ddd6202ba458cc",
            "translation": [
                -2.4988,
                4.6193599700927734e-07,
                -7.6623096
            ],
            "rotation": [
                0.7071068,
                0.0,
                0.7071067,
                0.0
            ],
            "motion_type": "static"
        },
        {
            "template_name": "a1c1cb6fa8cc64eaffdc79b2eac143e0588927b0",
            "translation": [
                -3.5740799,
                4.544854164123535e-07,
                -7.6057901
            ],
            "rotation": [
                0.7071068,
                0.0,
                0.7071067,
                0.0
            ],
            "motion_type": "static"
        },
        {
            "template_name": "f927182d95b842ce7ae5898ffd9963b5c4733796",
            "translation": [
                3.8394699,
                3.5762786865234375e-07,
                -6.1511297
            ],
            "rotation": [
                0.7071068,
                0.0,
                -0.7071067,
                0.0
            ],
            "motion_type": "static",
            "non_uniform_scale": [
                1.170114,
                0.9999998,
                0.9999998
            ]
        },
        {
            "template_name": "f927182d95b842ce7ae5898ffd9963b5c4733796",
            "translation": [
                2.0507299,
                4.76837158203125e-07,
                -7.4380393
            ],
            "motion_type": "static",
            "non_uniform_scale": [
                1.0312464,
                0.9999998,
                0.9999998
            ]
        },
        {
            "template_name": "14db96768bfde9adf3856c947d0f04b77a4542d5",
            "translation": [
                -0.2247099,
                1.7358503,
                -6.8481688
            ],
            "rotation": [
                -0.5,
                -0.5,
                0.5,
                -0.4999999
            ],
            "motion_type": "static"
        },
        {
            "template_name": "7bbbcfde14554260550907def3e8eb0707e4af71",
            "translation": [
                3.3144102,
                1.4901161193847656e-07,
                -2.3167297
            ],
            "rotation": [
                0.0,
                0.0,
                1.0,
                0.0
            ],
            "motion_type": "static"
        },
        {
            "template_name": "2e29310bdf8a7d8b3f0e90e0d7aa18c929a5006b",
            "translation": [
                -14.1268501,
                1.1920928955078125e-07,
                -2.8194696
            ],
            "rotation": [
                0.7071068,
                0.0,
                0.7071067,
                0.0
            ],
            "motion_type": "static",
            "non_uniform_scale": [
                0.9999998,
                0.9999998,
                1.0114643
            ]
        },
        {
            "template_name": "612bd96482db881c089aa26e4a5a3c34ed702955",
            "translation": [
                -11.2476501,
                -8.940696716308594e-08,
                1.5140298
            ],
            "rotation": [
                0.7071068,
                0.0,
                0.7071067,
                0.0
            ],
            "motion_type": "static"
        },
        {
            "template_name": "612bd96482db881c089aa26e4a5a3c34ed702955",
            "translation": [
                -11.2476501,
                -2.9802322387695312e-08,
                0.4376399
            ],
            "rotation": [
                0.7071068,
                0.0,
                0.7071067,
                0.0
            ],
            "motion_type": "static"
        },
        {
            "template_name": "612bd96482db881c089aa26e4a5a3c34ed702955",
            "translation": [
                -11.27423,
                0.0,
                -0.0540499
            ],
            "rotation": [
                0.7071068,
                0.0,
                0.7071067,
                0.0
            ],
            "motion_type": "static"
        },
        {
            "template_name": "612bd96482db881c089aa26e4a5a3c34ed702955",
            "translation": [
                -11.2609395,
                -5.960464477539063e-08,
                0.9426099
            ],
            "rotation": [
                0.7071068,
                0.0,
                0.7071067,
                0.0
            ],
            "motion_type": "static"
        },
        {
            "template_name": "26a38271fb04e01cc4ae5f6cabad71f37a69231b",
            "translation": [
                -10.9997301,
                2.384185791015625e-07,
                -4.1892995
            ],
            "rotation": [
                0.7071068,
                0.0,
                -0.7071067,
                0.0
            ],
            "motion_type": "static"
        },
        {
            "template_name": "26a38271fb04e01cc4ae5f6cabad71f37a69231b",
            "translation": [
                -3.5731699,
                1.1920928955078125e-07,
                -2.1347496
            ],
            "rotation": [
                0.7071068,
                0.0,
                0.7071067,
                0.0
            ],
            "motion_type": "static"
        },
        {
            "template_name": "c62a15562a28312af165e840b363cd317c1b468a",
            "translation": [
                -12.4110689,
                1.7500002,
                -7.783039
            ],
            "rotation": [
                0.7071068,
                0.7071067,
                0.0,
                0.0
            ],
            "motion_type": "static"
        },
        {
            "template_name": "c62a15562a28312af165e840b363cd317c1b468a",
            "translation": [
                -14.3896102,
                1.7500002,
                -7.783039
            ],
            "rotation": [
                0.7071068,
                0.7071067,
                0.0,
                0.0
            ],
            "motion_type": "static"
        },
        {
            "template_name": "ab8d86ced366bc30fc1b0733419a8a6f6b3c69ea",
            "translation": [
                -11.8219795,
                2.17265,
                -6.7474193
            ],
            "rotation": [
                0.4999999,
                0.4999999,
                0.5,
                -0.5
            ],
            "motion_type": "static"
        },
        {
            "template_name": "9d050744ed02b40dfe4c3f9814c5c2e684d13b81",
            "translation": [
                -5.45547,
                0.3179303,
                -5.8826193
            ],
            "rotation": [
                0.7071068,
                0.0,
                0.7071067,
                0.0
            ],
            "motion_type": "static"
        },
        {
            "template_name": "9fabba5db21e2aa71b41ca30c03e6dd1fada44d5",
            "translation": [
                -12.1247196,
                -1.1920928955078125e-07,
                2.3645095
            ],
            "motion_type": "static"
        },
        {
            "template_name": "4372912e2c3f57c94c2d89dc26cd2591ec84929e",
            "translation": [
                -4.7124052,
                1.1920928955078125e-07,
                -1.5444848
            ],
            "rotation": [
                0.0,
                0.0,
                1.0,
                0.0
            ],
            "motion_type": "static"
        },
        {
            "template_name": "08450df2c9b24a62bf8b6925b3dca0e2de818917",
            "translation": [
                -5.7763595,
                3.501772880554199e-07,
                -5.8815593
            ],
            "motion_type": "static",
            "non_uniform_scale": [
                1.4774252,
                0.9999998,
                1.3648215
            ]
        },
        {
            "template_name": "3a34fe0e9a1abe42d2912e594086d555f20d38d4",
            "translation": [
                -4.08186,
                3.8743019104003906e-07,
                -6.7200188
            ],
            "rotation": [
                0.7071068,
                0.0,
                -0.7071067,
                0.0
            ],
            "motion_type": "static"
        },
        {
            "template_name": "3a34fe0e9a1abe42d2912e594086d555f20d38d4",
            "translation": [
                -4.08186,
                0.0010002,
                -4.8333296
            ],
            "rotation": [
                0.7071068,
                0.0,
                -0.7071067,
                0.0
            ],
            "motion_type": "static"
        },
        {
            "template_name": "620aac904b075417a57a155ba2b43268ea5a3464",
            "translation": [
                -12.1406106,
                2.7999997,
                1.32819
            ],
            "rotation": [
                0.7071068,
                0.0,
                -0.7071067,
                0.0
            ],
            "motion_type": "static"
        },
        {
            "template_name": "620aac904b075417a57a155ba2b43268ea5a3464",
            "translation": [
                -12.117321,
                2.7999997,
                0.6947501
            ],
            "rotation": [
                0.7071068,
                0.0,
                0.7071067,
                0.0
            ],
            "motion_type": "static"
        },
        {
            "template_name": "620aac904b075417a57a155ba2b43268ea5a3464",
            "translation": [
                -12.1338691,
                2.7999997,
                0.0832401
            ],
            "rotation": [
                0.0,
                0.0,
                1.0,
                0.0
            ],
            "motion_type": "static"
        },
        {
            "template_name": "65a418ed96d1ba38f05feecf299e1db81b1587de",
            "translation": [
                -7.08714,
                -5.960464477539063e-08,
                1.0828899
            ],
            "rotation": [
                0.0,
                0.0,
                1.0,
                0.0
            ],
            "motion_type": "static",
            "non_uniform_scale": [
                1.6839125,
                0.9999998,
                1.1029498
            ]
        },
        {
            "template_name": "a3adcc07e1656ec5f67c332587ad30ce080a3e89",
            "translation": [
                -10.4862499,
                1.7881393432617188e-07,
                -2.7694697
            ],
            "rotation": [
                0.7071068,
                0.0,
                0.7071067,
                0.0
            ],
            "motion_type": "static"
        },
        {
            "template_name": "a3adcc07e1656ec5f67c332587ad30ce080a3e89",
            "translation": [
                -10.4862499,
                2.384185791015625e-07,
                -3.5694696
            ],
            "rotation": [
                0.7071068,
                0.0,
                0.7071067,
                0.0
            ],
            "motion_type": "static"
        },
        {
            "template_name": "a3adcc07e1656ec5f67c332587ad30ce080a3e89",
            "translation": [
                -10.2466897,
                1.1920928955078125e-07,
                -2.1944696
            ],
            "rotation": [
                0.0,
                0.0,
                1.0,
                0.0
            ],
            "motion_type": "static"
        },
        {
            "template_name": "a3adcc07e1656ec5f67c332587ad30ce080a3e89",
            "translation": [
                -10.3007087,
                2.384185791015625e-07,
                -4.1879696
            ],
            "motion_type": "static"
        },
        {
            "template_name": "0ec347ace227bceb95f066f6ef949bed13981ce7",
            "translation": [
                -0.7486099,
                4.023313522338867e-07,
                -6.8640694
            ],
            "rotation": [
                0.7071068,
                0.0,
                -0.7071067,
                0.0
            ],
            "motion_type": "static"
        },
        {
            "template_name": "2ce041a8820c00f66ea8350c535cc2c5727ad7ac",
            "translation": [
                3.4648599,
                0.0009998,
                1.9929399
            ],
            "rotation": [
                0.0,
                0.0,
                1.0,
                0.0
            ],
            "motion_type": "static"
        },
        {
            "template_name": "f4791ce40dbb8b07724e9024efbd8db267edf1ac",
            "translation": [
                -13.0100002,
                1.4156103134155273e-07,
                -2.3483998
            ],
            "rotation": [
                0.7071068,
                0.0,
                -0.7071067,
                0.0
            ],
            "motion_type": "static"
        },
        {
            "template_name": "62b08fe4e989f15d9672478194419f44749f5b19",
            "translation": [
                -14.7983102,
                0.8999999,
                -0.6393898
            ],
            "rotation": [
                0.7071068,
                0.0,
                0.7071067,
                0.0
            ],
            "motion_type": "static"
        },
        {
            "template_name": "a9e80f831a6f835f76d197999c2bfde8370bea6c",
            "translation": [
                -7.0719852,
                2.7999997,
                1.1195601
            ],
            "motion_type": "static"
        },
        {
            "template_name": "b9d409dc9ea5660568acf09addbf1c259625c345",
            "translation": [
                -14.5479545,
                0.8999997,
                1.86905
            ],
            "rotation": [
                0.7071068,
                0.0,
                0.7071067,
                0.0
            ],
            "motion_type": "static",
            "non_uniform_scale": [
                0.9999998,
                0.9516678,
                0.9999998
            ]
        },
        {
            "template_name": "0bf5571d6131631d24e713440f36916cc7dce230",
            "translation": [
                -13.4958992,
                1.7500001,
                -4.5129694
            ],
            "rotation": [
                0.0,
                0.0,
                0.7071068,
                -0.7071067
            ],
            "motion_type": "static"
        },
        {
            "template_name": "c294ee4dd27985e94399a647c6431420ad3749d9",
            "translation": [
                -13.5029296,
                8.940696716308594e-08,
                -1.5115798
            ],
            "motion_type": "static"
        },
        {
            "template_name": "9fbbbfc58e5cafbc27a31069808cf168cf2d7a78",
            "translation": [
                -12.2743587,
                1.1920928955078125e-07,
                -1.5412198
            ],
            "motion_type": "static"
        },
        {
            "template_name": "9fbbbfc58e5cafbc27a31069808cf168cf2d7a78",
            "translation": [
                -11.3499612,
                1.1920928955078125e-07,
                -1.5412198
            ],
            "motion_type": "static"
        },
        {
            "template_name": "9fbbbfc58e5cafbc27a31069808cf168cf2d7a78",
            "translation": [
                -10.4255599,
                1.1920928955078125e-07,
                -1.5412198
            ],
            "motion_type": "static"
        },
        {
            "template_name": "22d9946ccbe5914e3c3c7b3a2ac1d532763b768d",
            "translation": [
                -13.7885103,
                2.7999999,
                -3.2048094
            ],
            "rotation": [
                0.7071068,
                0.0,
                0.7071067,
                0.0
            ],
            "motion_type": "static"
        },
        {
            "template_name": "22d9946ccbe5914e3c3c7b3a2ac1d532763b768d",
            "translation": [
                -11.7161998,
                2.7999999,
                -3.2073194
            ],
            "rotation": [
                0.0,
                0.0,
                1.0,
                0.0
            ],
            "motion_type": "static"
        },
        {
            "template_name": "22d9946ccbe5914e3c3c7b3a2ac1d532763b768d",
            "translation": [
                -4.5767202,
                2.8000001,
                -7.2134695
            ],
            "rotation": [
                0.0,
                0.0,
                1.0,
                0.0
            ],
            "motion_type": "static",
            "non_uniform_scale": [
                0.4198653,
                0.9999998,
                0.4385768
            ]
        },
        {
            "template_name": "22d9946ccbe5914e3c3c7b3a2ac1d532763b768d",
            "translation": [
                -8.2881002,
                2.8000001,
                -5.7737493
            ],
            "rotation": [
                0.0,
                0.0,
                1.0,
                0.0
            ],
            "motion_type": "static",
            "non_uniform_scale": [
                0.4198653,
                0.9999998,
                0.4385768
            ]
        },
        {
            "template_name": "22d9946ccbe5914e3c3c7b3a2ac1d532763b768d",
            "translation": [
                -8.2716503,
                2.8000001,
                -7.2364797
            ],
            "rotation": [
                0.0,
                0.0,
                1.0,
                0.0
            ],
            "motion_type": "static",
            "non_uniform_scale": [
                0.4198653,
                0.9999998,
                0.4385768
            ]
        },
        {
            "template_name": "22d9946ccbe5914e3c3c7b3a2ac1d532763b768d",
            "translation": [
                -6.5394606,
                2.7999999,
                -4.2099995
            ],
            "rotation": [
                0.0,
                0.0,
                1.0,
                0.0
            ],
            "motion_type": "static",
            "non_uniform_scale": [
                0.4198653,
                0.9999998,
                0.4385768
            ]
        },
        {
            "template_name": "22d9946ccbe5914e3c3c7b3a2ac1d532763b768d",
            "translation": [
                -4.4727001,
                2.7999999,
                -4.1965794
            ],
            "rotation": [
                0.0,
                0.0,
                1.0,
                0.0
            ],
            "motion_type": "static",
            "non_uniform_scale": [
                0.4198653,
                0.9999998,
                0.4385768
            ]
        },
        {
            "template_name": "22d9946ccbe5914e3c3c7b3a2ac1d532763b768d",
            "translation": [
                -4.4502201,
                2.7999999,
                -1.7023098
            ],
            "rotation": [
                0.0,
                0.0,
                1.0,
                0.0
            ],
            "motion_type": "static",
            "non_uniform_scale": [
                0.4198653,
                0.9999998,
                0.4385768
            ]
        },
        {
            "template_name": "22d9946ccbe5914e3c3c7b3a2ac1d532763b768d",
            "translation": [
                -8.2649402,
                2.7999999,
                -4.1838293
            ],
            "rotation": [
                0.0,
                0.0,
                1.0,
                0.0
            ],
            "motion_type": "static",
            "non_uniform_scale": [
                0.4198653,
                0.9999998,
                0.4385768
            ]
        },
        {
            "template_name": "22d9946ccbe5914e3c3c7b3a2ac1d532763b768d",
            "translation": [
                -12.1035299,
                2.7999999,
                -0.8100498
            ],
            "rotation": [
                0.0,
                0.0,
                1.0,
                0.0
            ],
            "motion_type": "static",
            "non_uniform_scale": [
                0.4198653,
                0.9999998,
                0.4385768
            ]
        },
        {
            "template_name": "22d9946ccbe5914e3c3c7b3a2ac1d532763b768d",
            "translation": [
                -13.7012195,
                2.7999999,
                -0.8148997
            ],
            "rotation": [
                0.0,
                0.0,
                1.0,
                0.0
            ],
            "motion_type": "static",
            "non_uniform_scale": [
                0.4198653,
                0.9999998,
                0.4385768
            ]
        },
        {
            "template_name": "22d9946ccbe5914e3c3c7b3a2ac1d532763b768d",
            "translation": [
                -10.5313196,
                2.7999999,
                -0.8306797
            ],
            "rotation": [
                0.0,
                0.0,
                1.0,
                0.0
            ],
            "motion_type": "static",
            "non_uniform_scale": [
                0.4198653,
                0.9999998,
                0.4385768
            ]
        },
        {
            "template_name": "22d9946ccbe5914e3c3c7b3a2ac1d532763b768d",
            "translation": [
                -13.6463289,
                2.7999997,
                0.7892401
            ],
            "rotation": [
                0.0,
                0.0,
                1.0,
                0.0
            ],
            "motion_type": "static",
            "non_uniform_scale": [
                0.4198653,
                0.9999998,
                0.4385768
            ]
        },
        {
            "template_name": "22d9946ccbe5914e3c3c7b3a2ac1d532763b768d",
            "translation": [
                -13.6454601,
                2.7999997,
                2.0154299
            ],
            "rotation": [
                0.0,
                0.0,
                1.0,
                0.0
            ],
            "motion_type": "static",
            "non_uniform_scale": [
                0.4198653,
                0.9999998,
                0.4385768
            ]
        },
        {
            "template_name": "22d9946ccbe5914e3c3c7b3a2ac1d532763b768d",
            "translation": [
                -12.1651496,
                2.7999997,
                1.98982
            ],
            "rotation": [
                0.0,
                0.0,
                1.0,
                0.0
            ],
            "motion_type": "static",
            "non_uniform_scale": [
                0.4198653,
                0.9999998,
                0.4385768
            ]
        },
        {
            "template_name": "22d9946ccbe5914e3c3c7b3a2ac1d532763b768d",
            "translation": [
                -10.4785299,
                2.7999997,
                2.0127599
            ],
            "rotation": [
                0.0,
                0.0,
                1.0,
                0.0
            ],
            "motion_type": "static",
            "non_uniform_scale": [
                0.4198653,
                0.9999998,
                0.4385768
            ]
        },
        {
            "template_name": "22d9946ccbe5914e3c3c7b3a2ac1d532763b768d",
            "translation": [
                -10.5137195,
                2.7999997,
                0.7415301
            ],
            "rotation": [
                0.0,
                0.0,
                1.0,
                0.0
            ],
            "motion_type": "static",
            "non_uniform_scale": [
                0.4198653,
                0.9999998,
                0.4385768
            ]
        },
        {
            "template_name": "22d9946ccbe5914e3c3c7b3a2ac1d532763b768d",
            "translation": [
                -4.5213398,
                2.7999997,
                0.1615401
            ],
            "rotation": [
                0.0,
                0.0,
                1.0,
                0.0
            ],
            "motion_type": "static",
            "non_uniform_scale": [
                0.4198653,
                0.9999998,
                0.4385768
            ]
        },
        {
            "template_name": "22d9946ccbe5914e3c3c7b3a2ac1d532763b768d",
            "translation": [
                -8.0324096,
                2.7999997,
                1.9921299
            ],
            "rotation": [
                0.0,
                0.0,
                1.0,
                0.0
            ],
            "motion_type": "static",
            "non_uniform_scale": [
                0.4198653,
                0.9999998,
                0.4385768
            ]
        },
        {
            "template_name": "22d9946ccbe5914e3c3c7b3a2ac1d532763b768d",
            "translation": [
                -6.1771302,
                2.7999997,
                1.9556599
            ],
            "rotation": [
                0.0,
                0.0,
                1.0,
                0.0
            ],
            "motion_type": "static",
            "non_uniform_scale": [
                0.4198653,
                0.9999998,
                0.4385768
            ]
        },
        {
            "template_name": "22d9946ccbe5914e3c3c7b3a2ac1d532763b768d",
            "translation": [
                -4.4433398,
                2.7999997,
                1.93145
            ],
            "rotation": [
                0.0,
                0.0,
                1.0,
                0.0
            ],
            "motion_type": "static",
            "non_uniform_scale": [
                0.4198653,
                0.9999998,
                0.4385768
            ]
        },
        {
            "template_name": "22d9946ccbe5914e3c3c7b3a2ac1d532763b768d",
            "translation": [
                -6.1764998,
                2.7999999,
                -0.9796497
            ],
            "rotation": [
                0.0,
                0.0,
                1.0,
                0.0
            ],
            "motion_type": "static",
            "non_uniform_scale": [
                0.4198653,
                0.9999998,
                0.4385768
            ]
        },
        {
            "template_name": "22d9946ccbe5914e3c3c7b3a2ac1d532763b768d",
            "translation": [
                -8.1049003,
                2.7999999,
                -0.9993197
            ],
            "rotation": [
                0.0,
                0.0,
                1.0,
                0.0
            ],
            "motion_type": "static",
            "non_uniform_scale": [
                0.4198653,
                0.9999998,
                0.4385768
            ]
        },
        {
            "template_name": "22d9946ccbe5914e3c3c7b3a2ac1d532763b768d",
            "translation": [
                -10.2127399,
                2.7999999,
                -3.0651297
            ],
            "rotation": [
                0.0,
                0.0,
                1.0,
                0.0
            ],
            "motion_type": "static"
        },
        {
            "template_name": "22d9946ccbe5914e3c3c7b3a2ac1d532763b768d",
            "translation": [
                -0.40886,
                2.7999997,
                1.79106
            ],
            "rotation": [
                0.0,
                0.0,
                1.0,
                0.0
            ],
            "motion_type": "static",
            "non_uniform_scale": [
                0.6277307,
                0.9999998,
                0.6385576
            ]
        },
        {
            "template_name": "22d9946ccbe5914e3c3c7b3a2ac1d532763b768d",
            "translation": [
                3.0126099,
                2.7999997,
                1.75778
            ],
            "rotation": [
                0.0,
                0.0,
                1.0,
                0.0
            ],
            "motion_type": "static",
            "non_uniform_scale": [
                0.6277307,
                0.9999998,
                0.6385576
            ]
        },
        {
            "template_name": "22d9946ccbe5914e3c3c7b3a2ac1d532763b768d",
            "translation": [
                1.4040299,
                2.7999997,
                1.76525
            ],
            "rotation": [
                0.0,
                0.0,
                1.0,
                0.0
            ],
            "motion_type": "static",
            "non_uniform_scale": [
                0.6277307,
                0.9999998,
                0.6385576
            ]
        },
        {
            "template_name": "22d9946ccbe5914e3c3c7b3a2ac1d532763b768d",
            "translation": [
                1.3690701,
                2.7999997,
                -0.5680598
            ],
            "rotation": [
                0.0,
                0.0,
                1.0,
                0.0
            ],
            "motion_type": "static",
            "non_uniform_scale": [
                0.6277307,
                0.9999998,
                0.6385576
            ]
        },
        {
            "template_name": "22d9946ccbe5914e3c3c7b3a2ac1d532763b768d",
            "translation": [
                3.06959,
                2.7999997,
                -0.5645398
            ],
            "rotation": [
                0.0,
                0.0,
                1.0,
                0.0
            ],
            "motion_type": "static",
            "non_uniform_scale": [
                0.6277307,
                0.9999998,
                0.6385576
            ]
        },
        {
            "template_name": "22d9946ccbe5914e3c3c7b3a2ac1d532763b768d",
            "translation": [
                -0.41317,
                2.7999997,
                -0.5933298
            ],
            "rotation": [
                0.0,
                0.0,
                1.0,
                0.0
            ],
            "motion_type": "static",
            "non_uniform_scale": [
                0.6277307,
                0.9999998,
                0.6385576
            ]
        },
        {
            "template_name": "22d9946ccbe5914e3c3c7b3a2ac1d532763b768d",
            "translation": [
                2.0466399,
                2.7999999,
                -3.2508094
            ],
            "rotation": [
                0.0,
                0.0,
                1.0,
                0.0
            ],
            "motion_type": "static",
            "non_uniform_scale": [
                3.0832304,
                0.9999998,
                1.3457499
            ]
        },
        {
            "template_name": "22d9946ccbe5914e3c3c7b3a2ac1d532763b768d",
            "translation": [
                -2.6699399,
                2.7999997,
                -0.0473798
            ],
            "rotation": [
                0.7071068,
                0.0,
                -0.7071067,
                0.0
            ],
            "motion_type": "static",
            "non_uniform_scale": [
                3.08323,
                0.9999998,
                1.3457498
            ]
        },
        {
            "template_name": "22d9946ccbe5914e3c3c7b3a2ac1d532763b768d",
            "translation": [
                -2.01283,
                2.7999999,
                -3.2540895
            ],
            "rotation": [
                0.0,
                0.0,
                1.0,
                0.0
            ],
            "motion_type": "static",
            "non_uniform_scale": [
                3.0832304,
                0.9999998,
                1.3457499
            ]
        },
        {
            "template_name": "22d9946ccbe5914e3c3c7b3a2ac1d532763b768d",
            "translation": [
                -1.9755301,
                2.8000001,
                -5.8774294
            ],
            "rotation": [
                0.0,
                0.0,
                1.0,
                0.0
            ],
            "motion_type": "static",
            "non_uniform_scale": [
                3.0832304,
                0.9999998,
                1.3457499
            ]
        },
        {
            "template_name": "xxxx565510a2xdf58x42ebxb8b2x610950cea20a",
            "translation": [
                -4.7463598,
                1.341104507446289e-07,
                -2.1992497
            ],
            "rotation": [
                0.0,
                0.0,
                1.0,
                0.0
            ],
            "motion_type": "static"
        },
        {
            "template_name": "138009a6121d7ebb8c3b78e3a411b4e33c388efb",
            "translation": [
                -5.4529099,
                3.427267074584961e-07,
                -5.8440394
            ],
            "rotation": [
                0.7071068,
                0.0,
                0.7071067,
                0.0
            ],
            "motion_type": "static"
        },
        {
            "template_name": "ac24977d9a7a61bc136eb3708abc9bbd36e4bde3",
            "translation": [
                -2.8619599,
                4.6193599700927734e-07,
                -7.6623096
            ],
            "rotation": [
                0.7071068,
                0.0,
                0.7071067,
                0.0
            ],
            "motion_type": "static"
        },
        {
            "template_name": "51fe1c2cf1baff7e4f5dd3686bbc432b3e92b0f3",
            "translation": [
                -3.3098497,
                4.5821070671081543e-07,
                -7.6655893
            ],
            "motion_type": "static"
        },
        {
            "template_name": "b834e3edd04787b5c8ac1e85816e9544c84bf7a4",
            "translation": [
                -2.2996098,
                3.5762786865234375e-07,
                -6.3599495
            ],
            "rotation": [
                0.0,
                0.0,
                1.0,
                0.0
            ],
            "motion_type": "static"
        },
        {
            "template_name": "33c2aee6f2c96a81c8b9d6f2e47d7dffc39407d0",
            "translation": [
                -12.5796852,
                1.7500001,
                -4.3629646
            ],
            "rotation": [
                0.7071068,
                0.7071067,
                0.0,
                0.0
            ],
            "motion_type": "static"
        },
        {
            "template_name": "91238b52cec5f006f7dd6a0c7ae462ec065b93a6",
            "translation": [
                3.723855,
                5.960464477539063e-08,
                -1.3090848
            ],
            "rotation": [
                0.7071068,
                0.0,
                -0.7071067,
                0.0
            ],
            "motion_type": "static"
        },
        {
            "template_name": "91238b52cec5f006f7dd6a0c7ae462ec065b93a6",
            "translation": [
                3.7834053,
                -1.1920928955078125e-07,
                2.2237849
            ],
            "motion_type": "static"
        },
        {
            "template_name": "bb2b13ee4153749329236d5e94041e6acd1ba653",
            "translation": [
                -12.1725301,
                0.7947999,
                0.04458
            ],
            "motion_type": "static"
        },
        {
            "template_name": "c39181c455b8df6ac1b8112a8d2d7bc4a493d8e7",
            "translation": [
                -12.1727304,
                4.172325134277344e-07,
                -6.8355994
            ],
            "rotation": [
                0.7071068,
                0.0,
                -0.7071067,
                0.0
            ],
            "motion_type": "static"
        },
        {
            "template_name": "200-31",
            "translation": [
                -13.3958597,
                1.1200003,
                -7.8580389
            ],
            "motion_type": "static"
        },
        {
            "template_name": "3759-18",
            "translation": [
                -12.4407997,
                1.2700002,
                -5.6804895
            ],
            "rotation": [
                0.0,
                0.0,
                1.0,
                0.0
            ],
            "motion_type": "static",
            "non_uniform_scale": [
                -1.0,
                0.9999998,
                0.9999998
            ]
        },
        {
            "template_name": "5775-10",
            "translation": [
                -6.9185099,
                1.4199997,
                2.7205901
            ],
            "rotation": [
                0.0,
                0.0,
                1.0,
                0.0
            ],
            "motion_type": "static",
            "non_uniform_scale": [
                -1.0,
                0.9999998,
                0.9999998
            ]
        },
        {
            "template_name": "5775-10",
            "translation": [
                -8.5888204,
                1.4199997,
                2.7205901
            ],
            "rotation": [
                0.0,
                0.0,
                1.0,
                0.0
            ],
            "motion_type": "static",
            "non_uniform_scale": [
                -1.0,
                0.9999998,
                0.9999998
            ]
        },
        {
            "template_name": "5775-10",
            "translation": [
                -10.2725,
                1.4199997,
                2.7205901
            ],
            "rotation": [
                0.0,
                0.0,
                1.0,
                0.0
            ],
            "motion_type": "static",
            "non_uniform_scale": [
                -1.0,
                0.9999998,
                0.9999998
            ]
        },
        {
            "template_name": "5775-10",
            "translation": [
                -11.956171,
                1.4199997,
                2.7205901
            ],
            "rotation": [
                0.0,
                0.0,
                1.0,
                0.0
            ],
            "motion_type": "static",
            "non_uniform_scale": [
                -1.0,
                0.9999998,
                0.9999998
            ]
        },
        {
            "template_name": "5775-10",
            "translation": [
                -13.6398401,
                1.4199997,
                2.7205901
            ],
            "rotation": [
                0.0,
                0.0,
                1.0,
                0.0
            ],
            "motion_type": "static",
            "non_uniform_scale": [
                -1.0,
                0.9999998,
                0.9999998
            ]
        },
        {
            "template_name": "5775-10",
            "translation": [
                -5.2273402,
                1.4199997,
                2.7205901
            ],
            "rotation": [
                0.0,
                0.0,
                1.0,
                0.0
            ],
            "motion_type": "static",
            "non_uniform_scale": [
                -1.0,
                0.9999998,
                0.9999998
            ]
        },
        {
            "template_name": "5775-10",
            "translation": [
                -0.53428,
                1.4199997,
                2.7205901
            ],
            "rotation": [
                0.0,
                0.0,
                1.0,
                0.0
            ],
            "motion_type": "static",
            "non_uniform_scale": [
                -1.0,
                0.9999998,
                0.9999998
            ]
        },
        {
            "template_name": "5775-10",
            "translation": [
                -2.5356199,
                1.4199997,
                2.7205901
            ],
            "rotation": [
                0.0,
                0.0,
                1.0,
                0.0
            ],
            "motion_type": "static",
            "non_uniform_scale": [
                -1.0,
                0.9999998,
                0.9999998
            ]
        },
        {
            "template_name": "5775-10",
            "translation": [
                1.1269602,
                1.4199997,
                2.7205901
            ],
            "rotation": [
                0.0,
                0.0,
                1.0,
                0.0
            ],
            "motion_type": "static",
            "non_uniform_scale": [
                -1.0,
                0.9999998,
                0.9999998
            ]
        },
        {
            "template_name": "5775-10",
            "translation": [
                2.8142998,
                1.4199997,
                2.7205901
            ],
            "rotation": [
                0.0,
                0.0,
                1.0,
                0.0
            ],
            "motion_type": "static",
            "non_uniform_scale": [
                -1.0,
                0.9999998,
                0.9999998
            ]
        },
        {
            "template_name": "5775-10",
            "translation": [
                4.2594699,
                1.4199998,
                1.3695203
            ],
            "rotation": [
                0.7071068,
                0.0,
                -0.7071067,
                0.0
            ],
            "motion_type": "static",
            "non_uniform_scale": [
                -0.9999998,
                0.9999998,
                0.9999998
            ]
        },
        {
            "template_name": "5775-10",
            "translation": [
                4.2594699,
                1.4199998,
                -0.3178098
            ],
            "rotation": [
                0.7071068,
                0.0,
                -0.7071067,
                0.0
            ],
            "motion_type": "static",
            "non_uniform_scale": [
                -0.9999998,
                0.9999998,
                0.9999998
            ]
        },
        {
            "template_name": "5775-11",
            "translation": [
                4.2594699,
                1.42,
                -3.1609098
            ],
            "rotation": [
                0.7071068,
                0.0,
                -0.7071067,
                0.0
            ],
            "motion_type": "static",
            "non_uniform_scale": [
                -0.9999998,
                0.9999998,
                0.9999998
            ]
        }
    ],
    "articulated_object_instances": [],
    "stage_instance": {
        "template_name": "stages/106366386_174226770",
        "motion_type": "static"
    },
    "user_defined": {
        "scene_filter_file": "scene_filter_files/106366386_174226770.rec_filter.json"
    }
}