{
    "translation_origin": "asset_local",
    "default_lighting": "",
    "navmesh_instance": "",
    "semantic_scene_instance": "hssd_ssd_map",
    "default_pbr_shader_config": "./data/default.pbr_config.json",
    "object_instances": [
        {
            "template_name": "d6624608fa15c1bfe4e424eba4c5dd455bc84050",
            "translation": [
                -7.8870897,
                1.4999997,
                1.23887
            ],
            "rotation": [
                0.7071068,
                0.0,
                0.7071067,
                0.0
            ],
            "motion_type": "static"
        },
        {
            "template_name": "4526796791270cc556e4d03be4fb6c09d0518337",
            "translation": [
                -11.5350503,
                2.19,
                -3.8118894
            ],
            "rotation": [
                0.7071068,
                0.0,
                -0.7071067,
                0.0
            ],
            "motion_type": "static",
            "non_uniform_scale": [
                0.7842329,
                0.9999998,
                0.9999998
            ]
        },
        {
            "template_name": "4526796791270cc556e4d03be4fb6c09d0518337",
            "translation": [
                -11.5350503,
                2.1900002,
                -4.4677195
            ],
            "rotation": [
                0.7071068,
                0.0,
                -0.7071067,
                0.0
            ],
            "motion_type": "static",
            "non_uniform_scale": [
                0.7842329,
                0.9999998,
                0.9999998
            ]
        },
        {
            "template_name": "2b290ba18b792b01daa268d57f2bc0a55b955cd0",
            "translation": [
                -4.58886,
                -1.1920928955078126e-7,
                1.4176099
            ],
            "rotation": [
                0.0,
                0.0,
                1.0,
                0.0
            ],
            "motion_type": "static",
            "non_uniform_scale": [
                1.4258533,
                1.5394381,
                0.9999998
            ]
        },
        {
            "template_name": "d66d6349603904a5c4af4fdd70e1cdae7e9a1239",
            "translation": [
                -6.3685798,
                1.7482501,
                -6.3565096
            ],
            "rotation": [
                -0.5,
                -0.5,
                0.5,
                -0.4999999
            ],
            "motion_type": "static"
        },
        {
            "template_name": "da706e109b2ac86b1d3aa580861b7935c40a36bf",
            "translation": [
                -4.54639,
                1.7500003,
                -8.1003189
            ],
            "rotation": [
                0.7071068,
                0.7071067,
                0.0,
                0.0
            ],
            "motion_type": "static"
        },
        {
            "template_name": "da706e109b2ac86b1d3aa580861b7935c40a36bf",
            "translation": [
                -9.9054298,
                1.7500003,
                -8.1018285
            ],
            "rotation": [
                0.7071068,
                0.7071067,
                0.0,
                0.0
            ],
            "motion_type": "static",
            "non_uniform_scale": [
                0.861805,
                0.9999998,
                0.9999998
            ]
        },
        {
            "template_name": "26fa1e1a678eba85d3c6781cf2859092f0bc234b",
            "translation": [
                -5.0022597,
                1.7791501,
                -4.0631794
            ],
            "rotation": [
                0.7071068,
                0.7071067,
                0.0,
                0.0
            ],
            "motion_type": "static"
        },
        {
            "template_name": "01b65339d622bb9f89eb8fdd753a76cffc7eb8d6",
            "translation": [
                -1.2843098,
                -8.940696716308594e-8,
                1.3835599
            ],
            "rotation": [
                0.0,
                0.0,
                1.0,
                0.0
            ],
            "motion_type": "static",
            "non_uniform_scale": [
                1.0,
                0.6896126,
                1.0
            ]
        },
        {
            "template_name": "01b65339d622bb9f89eb8fdd753a76cffc7eb8d6",
            "translation": [
                -2.4020299,
                -8.940696716308594e-8,
                1.3835599
            ],
            "rotation": [
                0.0,
                0.0,
                1.0,
                0.0
            ],
            "motion_type": "static",
            "non_uniform_scale": [
                1.0,
                0.6896126,
                1.0
            ]
        },
        {
            "template_name": "01b65339d622bb9f89eb8fdd753a76cffc7eb8d6",
            "translation": [
                -4.0554199,
                2.9802322387695315e-8,
                -0.2559899
            ],
            "rotation": [
                0.7071068,
                0.0,
                -0.7071067,
                0.0
            ],
            "motion_type": "static",
            "non_uniform_scale": [
                0.9999998,
                0.6896126,
                0.9999998
            ]
        },
        {
            "template_name": "f5cec0553cf0fd427865f0c6e85212ca7159ce5e",
            "translation": [
                -1.47991,
                0.8200001,
                -6.4997296
            ],
            "rotation": [
                0.0,
                0.0,
                1.0,
                0.0
            ],
            "motion_type": "static",
            "non_uniform_scale": [
                0.4210059,
                1.6847511,
                0.7055941
            ]
        },
        {
            "template_name": "207b2bc6aeba9e7592feb3625fdcbe5b41413ac9",
            "translation": [
                -9.9676198,
                1.7500002,
                -5.56397
            ],
            "rotation": [
                0.4999999,
                0.4999999,
                0.5,
                -0.5
            ],
            "motion_type": "static"
        },
        {
            "template_name": "5a184db62d383814c33d1f895a734acdf1f31a40",
            "translation": [
                -9.5724697,
                2.5192275643348696e-7,
                -4.2262697
            ],
            "motion_type": "static",
            "non_uniform_scale": [
                0.8938679,
                0.9999998,
                0.3391678
            ]
        },
        {
            "template_name": "1f48206dca3babea534ced6c1b440a24ed1d8bc1",
            "translation": [
                -4.6030201,
                2.682209014892578e-7,
                -4.4591393
            ],
            "rotation": [
                0.0,
                0.0,
                1.0,
                0.0
            ],
            "motion_type": "static",
            "non_uniform_scale": [
                0.8647112,
                0.9999998,
                0.9999998
            ]
        },
        {
            "template_name": "1f48206dca3babea534ced6c1b440a24ed1d8bc1",
            "translation": [
                -1.97868,
                4.76837158203125e-7,
                -7.8571095
            ],
            "motion_type": "static",
            "non_uniform_scale": [
                0.7562795,
                0.8105602,
                0.9999998
            ]
        },
        {
            "template_name": "32f2febf923c24a6076d2f861d13347a0913c492",
            "translation": [
                -4.5272998,
                4.172325134277344e-7,
                -6.7802996
            ],
            "motion_type": "static"
        },
        {
            "template_name": "ccf98b91d53cfe0bacac44d699765b96c2ae346e_part_1",
            "translation": [
                -4.871984,
                -2.682209014892578e-7,
                -2.5264556
            ],
            "motion_type": "static"
        },
        {
            "template_name": "ccf98b91d53cfe0bacac44d699765b96c2ae346e_part_1",
            "translation": [
                -4.3508872,
                -2.682209014892578e-7,
                -3.0475497
            ],
            "rotation": [
                0.7071064,
                0.0,
                0.7071071,
                0.0
            ],
            "motion_type": "static"
        },
        {
            "template_name": "ccf98b91d53cfe0bacac44d699765b96c2ae346e_part_1",
            "translation": [
                -4.8719763,
                -2.086162567138672e-7,
                -3.568644
            ],
            "rotation": [
                0.0,
                -0.0000046,
                1.0,
                0.0000015
            ],
            "motion_type": "static"
        },
        {
            "template_name": "ccf98b91d53cfe0bacac44d699765b96c2ae346e_part_2",
            "translation": [
                -4.8719911,
                -0.000234,
                -3.0476732
            ],
            "rotation": [
                0.7071068,
                0.0,
                -0.7071067,
                0.0
            ],
            "motion_type": "static"
        },
        {
            "template_name": "55334e9b4834d5bdebda88364bf5260677904136",
            "translation": [
                -2.4353299,
                2.384185791015625e-7,
                -4.4765896
            ],
            "rotation": [
                0.7071068,
                0.0,
                0.7071067,
                0.0
            ],
            "motion_type": "static"
        },
        {
            "template_name": "f06dc2beca9bdfaf900c469af3c22309acc1bb27",
            "translation": [
                -4.48739,
                2.8000001,
                -6.4338097
            ],
            "motion_type": "static",
            "non_uniform_scale": [
                1.0,
                0.5789428,
                0.9999998
            ]
        },
        {
            "template_name": "17365e0849f1890bc3af9b50cab0ad9afcdbc6c5",
            "translation": [
                -1.03996,
                1.75,
                -3.5968496
            ],
            "rotation": [
                -0.5,
                -0.5,
                0.5,
                -0.4999999
            ],
            "motion_type": "static"
        },
        {
            "template_name": "8d97968066d74649237e6afe846f1f33a4c67571",
            "translation": [
                -6.5177898,
                3.8743019104003908e-7,
                -6.2701892
            ],
            "rotation": [
                0.7071068,
                0.0,
                -0.7071067,
                0.0
            ],
            "motion_type": "static"
        },
        {
            "template_name": "8d97968066d74649237e6afe846f1f33a4c67571",
            "translation": [
                -7.9360499,
                3.8743019104003908e-7,
                -6.2625293
            ],
            "rotation": [
                0.7071068,
                0.0,
                0.7071067,
                0.0
            ],
            "motion_type": "static"
        },
        {
            "template_name": "8d97968066d74649237e6afe846f1f33a4c67571",
            "translation": [
                -9.0095701,
                2.086162567138672e-7,
                -3.5343198
            ],
            "motion_type": "static",
            "non_uniform_scale": [
                1.1150605,
                0.9999998,
                0.6677501
            ]
        },
        {
            "template_name": "aa69ad95160221cb20a99652a2d8b905bcefdac4",
            "translation": [
                -11.4862613,
                2.384185791015625e-7,
                -4.1391296
            ],
            "rotation": [
                0.7071068,
                0.0,
                0.7071067,
                0.0
            ],
            "motion_type": "static",
            "non_uniform_scale": [
                1.155845,
                1.4334095,
                0.9999998
            ]
        },
        {
            "template_name": "deae2fd69a0752bc5da79083dad3a4b9f7317da6",
            "translation": [
                -4.1267452,
                -2.9802322387695315e-8,
                0.5656499
            ],
            "rotation": [
                0.7071068,
                0.0,
                -0.7071067,
                0.0
            ],
            "motion_type": "static"
        },
        {
            "template_name": "deae2fd69a0752bc5da79083dad3a4b9f7317da6",
            "translation": [
                -4.12364,
                5.960464477539063e-8,
                -1.0807348
            ],
            "rotation": [
                0.0,
                0.0,
                1.0,
                0.0
            ],
            "motion_type": "static"
        },
        {
            "template_name": "47126eb0c9db11644c9be4b13a978a8ffed4cda4",
            "translation": [
                -5.8250498,
                1.7499996,
                1.5781148
            ],
            "rotation": [
                0.0,
                0.0,
                0.7071068,
                -0.7071067
            ],
            "motion_type": "static"
        },
        {
            "template_name": "506c458cbfc61d313e7505e4e363d238b7ba55e7",
            "translation": [
                -4.84519,
                0.7500001,
                -3.1110596
            ],
            "rotation": [
                0.0,
                0.0,
                1.0,
                0.0
            ],
            "motion_type": "static"
        },
        {
            "template_name": "8a643866e25ff2687ae34a7285e1927fed1205d3",
            "translation": [
                -1.83439,
                1.6349997,
                1.4726798
            ],
            "rotation": [
                0.0,
                0.0,
                0.7071068,
                -0.7071067
            ],
            "motion_type": "static",
            "non_uniform_scale": [
                1.4301155,
                0.9999998,
                1.4721455
            ]
        },
        {
            "template_name": "8a643866e25ff2687ae34a7285e1927fed1205d3",
            "translation": [
                -8.9878301,
                1.3550001,
                -3.4346895
            ],
            "rotation": [
                0.0,
                0.0,
                0.7071068,
                -0.7071067
            ],
            "motion_type": "static",
            "non_uniform_scale": [
                0.7781863,
                0.9999998,
                0.8790509
            ]
        },
        {
            "template_name": "8a643866e25ff2687ae34a7285e1927fed1205d3",
            "translation": [
                -4.60433,
                1.3550001,
                -4.2219796
            ],
            "rotation": [
                0.0,
                0.0,
                0.7071068,
                -0.7071067
            ],
            "motion_type": "static",
            "non_uniform_scale": [
                0.7781863,
                0.9999998,
                0.8790509
            ]
        },
        {
            "template_name": "961e06e30cc024d53d442d4d1a9818eb36abbd46",
            "translation": [
                -6.88348,
                1.6865495,
                1.5781201
            ],
            "rotation": [
                0.0,
                0.0,
                0.7071068,
                -0.7071067
            ],
            "motion_type": "static",
            "non_uniform_scale": [
                1.3492368,
                0.9999998,
                0.9999998
            ]
        },
        {
            "template_name": "961e06e30cc024d53d442d4d1a9818eb36abbd46",
            "translation": [
                0.004,
                1.6865496,
                0.95796
            ],
            "rotation": [
                -0.5,
                -0.5,
                0.5,
                -0.4999999
            ],
            "motion_type": "static",
            "non_uniform_scale": [
                1.175354,
                0.9999998,
                0.9999998
            ]
        },
        {
            "template_name": "961e06e30cc024d53d442d4d1a9818eb36abbd46",
            "translation": [
                0.004,
                1.6865496,
                -0.1799197
            ],
            "rotation": [
                -0.5,
                -0.5,
                0.5,
                -0.4999999
            ],
            "motion_type": "static",
            "non_uniform_scale": [
                1.175354,
                0.9999998,
                0.9999998
            ]
        },
        {
            "template_name": "961e06e30cc024d53d442d4d1a9818eb36abbd46",
            "translation": [
                0.004,
                1.6865499,
                -1.3228296
            ],
            "rotation": [
                -0.5,
                -0.5,
                0.5,
                -0.4999999
            ],
            "motion_type": "static",
            "non_uniform_scale": [
                1.175354,
                0.9999998,
                0.9999998
            ]
        },
        {
            "template_name": "961e06e30cc024d53d442d4d1a9818eb36abbd46",
            "translation": [
                -7.2511701,
                2.4299643,
                -8.1018285
            ],
            "rotation": [
                0.7071068,
                0.7071067,
                0.0,
                0.0
            ],
            "motion_type": "static",
            "non_uniform_scale": [
                1.3492368,
                0.9999998,
                0.6309856
            ]
        },
        {
            "template_name": "961e06e30cc024d53d442d4d1a9818eb36abbd46",
            "translation": [
                -8.0852603,
                2.429964,
                -2.8061697
            ],
            "rotation": [
                0.5,
                0.4999999,
                0.5,
                -0.5
            ],
            "motion_type": "static",
            "non_uniform_scale": [
                1.1109,
                0.9999998,
                0.6309856
            ]
        },
        {
            "template_name": "d622dba2c1587ccb4d4f0400ab91dc05ff63a170",
            "translation": [
                -0.246,
                0.0010002,
                -4.9691495
            ],
            "rotation": [
                0.7071068,
                0.0,
                -0.7071067,
                0.0
            ],
            "motion_type": "static"
        },
        {
            "template_name": "f1ef260c5ae58308cac79ca7307f7f6cc96c0f25",
            "translation": [
                -1.93858,
                1.6349998,
                -2.3014497
            ],
            "rotation": [
                0.7071068,
                0.7071067,
                0.0,
                0.0
            ],
            "motion_type": "static",
            "non_uniform_scale": [
                1.0,
                0.9999998,
                0.87681
            ]
        },
        {
            "template_name": "412c833d4428480466b704ce25bf06f519c8cf72",
            "translation": [
                -7.8658695,
                0.0,
                -0.6540498
            ],
            "rotation": [
                0.7071068,
                0.0,
                0.7071067,
                0.0
            ],
            "motion_type": "static",
            "non_uniform_scale": [
                0.7262961,
                0.9999998,
                0.7090981
            ]
        },
        {
            "template_name": "a536e8f30b7941256dfd8a5b8d93903011987572",
            "translation": [
                -1.9218698,
                1.4901161193847657e-7,
                -2.6886596
            ],
            "rotation": [
                0.0,
                0.0,
                1.0,
                0.0
            ],
            "motion_type": "static"
        },
        {
            "template_name": "a536e8f30b7941256dfd8a5b8d93903011987572",
            "translation": [
                -9.89997,
                2.086162567138672e-7,
                -3.56292
            ],
            "motion_type": "static",
            "non_uniform_scale": [
                1.0000001,
                0.9999998,
                0.6248111
            ]
        },
        {
            "template_name": "e03c8636975bdc559b6368a7d81622b00360f237",
            "translation": [
                -1.9284299,
                3.5390257835388186e-8,
                -0.5946499
            ],
            "motion_type": "static",
            "non_uniform_scale": [
                1.5459438,
                0.9999998,
                1.5970617
            ]
        },
        {
            "template_name": "aa06ad39494f2b5f4c07753c64432b6191823717",
            "translation": [
                -8.0852603,
                1.7491501,
                -6.2421493
            ],
            "rotation": [
                0.4999999,
                0.4999999,
                0.5,
                -0.5
            ],
            "motion_type": "static"
        },
        {
            "template_name": "c37e1c6105bc43c44c14b8fb371b0d3c843ec313",
            "translation": [
                -6.5253801,
                3.2782554626464846e-7,
                -5.5469894
            ],
            "rotation": [
                0.7071068,
                0.0,
                -0.7071067,
                0.0
            ],
            "motion_type": "static"
        },
        {
            "template_name": "c37e1c6105bc43c44c14b8fb371b0d3c843ec313",
            "translation": [
                -6.5170397,
                4.172325134277344e-7,
                -7.0017294
            ],
            "rotation": [
                0.0,
                0.0,
                1.0,
                0.0
            ],
            "motion_type": "static"
        },
        {
            "template_name": "c37e1c6105bc43c44c14b8fb371b0d3c843ec313",
            "translation": [
                -7.9284601,
                3.2782554626464846e-7,
                -5.5393295
            ],
            "rotation": [
                0.7071068,
                0.0,
                0.7071067,
                0.0
            ],
            "motion_type": "static"
        },
        {
            "template_name": "c37e1c6105bc43c44c14b8fb371b0d3c843ec313",
            "translation": [
                -7.9284601,
                4.172325134277344e-7,
                -6.9857296
            ],
            "rotation": [
                0.7071068,
                0.0,
                0.7071067,
                0.0
            ],
            "motion_type": "static"
        },
        {
            "template_name": "8d2872b4b6088997d8327cb9a9077d1a6efb53d1",
            "translation": [
                -2.51778,
                1.8812716007232667e-7,
                -3.1571798
            ],
            "rotation": [
                0.7071068,
                0.0,
                0.7071067,
                0.0
            ],
            "motion_type": "static",
            "non_uniform_scale": [
                0.2203164,
                0.9999998,
                0.6891034
            ]
        },
        {
            "template_name": "8d2872b4b6088997d8327cb9a9077d1a6efb53d1",
            "translation": [
                -7.15559,
                2.0954757928848268e-8,
                -0.3490999
            ],
            "motion_type": "static",
            "non_uniform_scale": [
                0.2899155,
                0.9999998,
                0.5459192
            ]
        },
        {
            "template_name": "8d2872b4b6088997d8327cb9a9077d1a6efb53d1",
            "translation": [
                -1.49018,
                2.691522240638733e-7,
                -4.5181994
            ],
            "motion_type": "static",
            "non_uniform_scale": [
                0.2899155,
                0.9999998,
                0.5459192
            ]
        },
        {
            "template_name": "8d2872b4b6088997d8327cb9a9077d1a6efb53d1",
            "translation": [
                -10.7204599,
                3.366731107234955e-7,
                -5.6507396
            ],
            "motion_type": "static",
            "non_uniform_scale": [
                0.3148539,
                0.9999998,
                0.4128977
            ]
        },
        {
            "template_name": "c5eac1bf1396fb363596d90f7f871f6386054930",
            "translation": [
                -0.26109,
                1.6700005,
                -7.6192593
            ],
            "rotation": [
                0.7071068,
                0.0,
                0.7071067,
                0.0
            ],
            "motion_type": "static",
            "non_uniform_scale": [
                0.4788722,
                0.8191276,
                0.7318881
            ]
        },
        {
            "template_name": "b77968f3bfaa85fec68e60f7d559967e7e2b9b23",
            "translation": [
                -6.32732,
                -5.960464477539063e-8,
                1.3794198
            ],
            "rotation": [
                0.7071068,
                0.0,
                -0.7071067,
                0.0
            ],
            "motion_type": "static"
        },
        {
            "template_name": "56ce23d19c80df965545031d21548a9bbd1e19d7",
            "translation": [
                -4.8738698,
                1.8347054719924928e-7,
                -3.0769996
            ],
            "motion_type": "static",
            "non_uniform_scale": [
                0.80065,
                0.9999998,
                0.8291497
            ]
        },
        {
            "template_name": "0564bb393c0bd2cbb3ef49c14b24828ad6e366f9",
            "translation": [
                -12.0267648,
                3.5762786865234377e-7,
                -5.7907996
            ],
            "rotation": [
                0.7071068,
                0.0,
                -0.7071067,
                0.0
            ],
            "motion_type": "static"
        },
        {
            "template_name": "e1d51fa2fae90a92cbb8876689336c9ae07cb5a9",
            "translation": [
                -7.837615,
                2.086162567138672e-7,
                -3.5273797
            ],
            "motion_type": "static"
        },
        {
            "template_name": "e1d51fa2fae90a92cbb8876689336c9ae07cb5a9",
            "translation": [
                -0.9243999,
                0.0100001,
                -2.0239248
            ],
            "rotation": [
                0.7071068,
                0.0,
                -0.7071067,
                0.0
            ],
            "motion_type": "static"
        },
        {
            "template_name": "e1d51fa2fae90a92cbb8876689336c9ae07cb5a9",
            "translation": [
                -0.414555,
                0.0099999,
                -0.1128299
            ],
            "rotation": [
                0.0,
                0.0,
                1.0,
                0.0
            ],
            "motion_type": "static"
        },
        {
            "template_name": "098cb07d9311b915c7d28680fd4ce1b44df9b637",
            "translation": [
                -0.3291,
                -2.9802322387695315e-8,
                0.4296599
            ],
            "rotation": [
                0.7071068,
                0.0,
                -0.7071067,
                0.0
            ],
            "motion_type": "static"
        },
        {
            "template_name": "82e45a038d4661cde412e372a76816cb6c347d10",
            "translation": [
                -12.4443702,
                2.8000001,
                -8.0111989
            ],
            "motion_type": "static"
        },
        {
            "template_name": "82e45a038d4661cde412e372a76816cb6c347d10",
            "translation": [
                -15.3780097,
                2.7999999,
                -4.4110293
            ],
            "rotation": [
                0.7071068,
                0.0,
                0.7071067,
                0.0
            ],
            "motion_type": "static"
        },
        {
            "template_name": "82e45a038d4661cde412e372a76816cb6c347d10",
            "translation": [
                -8.6367702,
                2.8000001,
                -8.0111989
            ],
            "motion_type": "static"
        },
        {
            "template_name": "82e45a038d4661cde412e372a76816cb6c347d10",
            "translation": [
                -11.9656801,
                2.7999999,
                -4.4110293
            ],
            "rotation": [
                0.7071068,
                0.0,
                -0.7071067,
                0.0
            ],
            "motion_type": "static"
        },
        {
            "template_name": "b762b7055f8713eca80e9e65e236cc0e3d8778a9",
            "translation": [
                -14.1446304,
                2.8000001,
                -4.8954496
            ],
            "motion_type": "static",
            "non_uniform_scale": [
                3.1496872,
                0.9999998,
                3.3074357
            ]
        },
        {
            "template_name": "416c68a89eda39033eb729fa72f7058802555a9e",
            "translation": [
                -7.8566813,
                -5.960464477539063e-8,
                1.2372298
            ],
            "rotation": [
                0.7071068,
                0.0,
                0.7071067,
                0.0
            ],
            "motion_type": "static",
            "non_uniform_scale": [
                0.9999998,
                1.0714522,
                0.7649723
            ]
        },
        {
            "template_name": "c54e11bdecf809c38c699a781a745036e4c5b8f6",
            "translation": [
                -3.9130899,
                1.75,
                -3.3088998
            ],
            "rotation": [
                -0.5,
                -0.5,
                0.5,
                -0.4999999
            ],
            "motion_type": "static"
        },
        {
            "template_name": "0924d64196703536e3528cf55c80498f101697d3",
            "translation": [
                -1.1568598,
                3.5762786865234377e-7,
                -5.7411398
            ],
            "motion_type": "static"
        },
        {
            "template_name": "8cc5148a74787287344efbca7b94fb0908acea44",
            "translation": [
                -0.5077999,
                2.384185791015625e-7,
                -4.2073493
            ],
            "rotation": [
                0.7071068,
                0.0,
                -0.7071067,
                0.0
            ],
            "motion_type": "static",
            "non_uniform_scale": [
                -0.9999998,
                0.9999998,
                0.9999998
            ]
        },
        {
            "template_name": "ccdac06a414e99b7c79e268bafb18f8c2efac07b",
            "translation": [
                -14.1440792,
                3.5762786865234377e-7,
                -6.1784906
            ],
            "motion_type": "static",
            "non_uniform_scale": [
                1.0339989,
                0.9999998,
                0.9021704
            ]
        },
        {
            "template_name": "9adc11afde6b82707a265cbfa3556675b99c6698",
            "translation": [
                -3.3921399,
                1.7499996,
                1.5781198
            ],
            "rotation": [
                0.0,
                0.0,
                0.7071068,
                -0.7071067
            ],
            "motion_type": "static"
        },
        {
            "template_name": "ea0200d78c2699f025cc8ec86930842e214bd6d2",
            "translation": [
                -5.8112401,
                0.8999998,
                0.6304
            ],
            "rotation": [
                0.7071068,
                0.0,
                0.7071067,
                0.0
            ],
            "motion_type": "static"
        },
        {
            "template_name": "ea0200d78c2699f025cc8ec86930842e214bd6d2",
            "translation": [
                -5.7902698,
                0.8999998,
                -0.1515399
            ],
            "motion_type": "static"
        },
        {
            "template_name": "79b61371dca396cc0d603e5f4dbb6145a1349bfe",
            "translation": [
                -4.8675198,
                2.7999997,
                -3.0236496
            ],
            "motion_type": "static"
        },
        {
            "template_name": "4415d7bc495c67f2abcfa2e75f625082d98bbc0a",
            "translation": [
                -2.5617198,
                1.7500002,
                -5.3140597
            ],
            "rotation": [
                0.4999999,
                0.4999999,
                0.5,
                -0.5
            ],
            "motion_type": "static"
        },
        {
            "template_name": "087ca4ab0efbee318a9265d5bbfeaf0a6c551a8c",
            "translation": [
                -0.3515999,
                0.0100001,
                -2.0683598
            ],
            "motion_type": "static"
        },
        {
            "template_name": "76ae9b47590b35c68e8ab908e4641d523f083b0c_part_16",
            "translation": [
                -2.4524135,
                1.6152198,
                -8.0818519
            ],
            "rotation": [
                0.7071068,
                0.7071067,
                0.0,
                0.0
            ],
            "motion_type": "static",
            "non_uniform_scale": [
                0.8525949,
                0.8615176,
                0.9999998
            ]
        },
        {
            "template_name": "76ae9b47590b35c68e8ab908e4641d523f083b0c_part_16",
            "translation": [
                -1.6413424,
                1.6137219,
                -8.080656
            ],
            "rotation": [
                0.7071067,
                0.7071067,
                0.0,
                0.0
            ],
            "motion_type": "static",
            "non_uniform_scale": [
                0.8525949,
                0.8615176,
                0.9999998
            ]
        },
        {
            "template_name": "76ae9b47590b35c68e8ab908e4641d523f083b0c_part_17",
            "translation": [
                -2.182995,
                1.601813,
                -8.0560331
            ],
            "rotation": [
                0.7071068,
                0.7071067,
                0.0,
                0.0
            ],
            "motion_type": "static",
            "non_uniform_scale": [
                0.8525949,
                0.8615176,
                0.9999998
            ]
        },
        {
            "template_name": "76ae9b47590b35c68e8ab908e4641d523f083b0c_part_17",
            "translation": [
                -1.3961647,
                1.6003152,
                -8.0548372
            ],
            "rotation": [
                0.7071068,
                0.7071065,
                0.0,
                0.0
            ],
            "motion_type": "static",
            "non_uniform_scale": [
                0.8525949,
                0.8615176,
                0.9999998
            ]
        },
        {
            "template_name": "76ae9b47590b35c68e8ab908e4641d523f083b0c_part_1",
            "translation": [
                -2.3194973,
                1.6056592,
                -8.0269126
            ],
            "rotation": [
                0.7071068,
                0.7071067,
                0.0,
                0.0
            ],
            "motion_type": "static",
            "non_uniform_scale": [
                0.8525949,
                0.8615176,
                0.9999998
            ]
        },
        {
            "template_name": "76ae9b47590b35c68e8ab908e4641d523f083b0c_part_1",
            "translation": [
                -1.5201095,
                1.6041611,
                -8.0257177
            ],
            "rotation": [
                0.707107,
                0.7071064,
                0.0,
                0.0
            ],
            "motion_type": "static",
            "non_uniform_scale": [
                0.8525949,
                0.8615176,
                0.9999998
            ]
        },
        {
            "template_name": "76ae9b47590b35c68e8ab908e4641d523f083b0c_part_2",
            "translation": [
                -2.0651993,
                2.0346598,
                -7.9167342
            ],
            "rotation": [
                0.7071068,
                0.7071067,
                0.0,
                0.0
            ],
            "motion_type": "static",
            "non_uniform_scale": [
                0.8525949,
                0.8615176,
                0.9999998
            ]
        },
        {
            "template_name": "76ae9b47590b35c68e8ab908e4641d523f083b0c_part_2",
            "translation": [
                -1.9759999,
                2.0344939,
                -7.9167342
            ],
            "rotation": [
                0.7071068,
                0.7071067,
                0.0,
                0.0
            ],
            "motion_type": "static",
            "non_uniform_scale": [
                0.8525949,
                0.8615176,
                0.9999998
            ]
        },
        {
            "template_name": "76ae9b47590b35c68e8ab908e4641d523f083b0c_part_2",
            "translation": [
                -1.896648,
                2.0354769,
                -7.9167342
            ],
            "rotation": [
                0.7071068,
                0.7071067,
                0.0,
                0.0
            ],
            "motion_type": "static",
            "non_uniform_scale": [
                0.8525949,
                0.8615176,
                0.9999998
            ]
        },
        {
            "template_name": "76ae9b47590b35c68e8ab908e4641d523f083b0c_part_2",
            "translation": [
                -1.8286184,
                2.0355777,
                -7.9167342
            ],
            "rotation": [
                0.7071068,
                0.7071067,
                -0.0000061,
                0.0000061
            ],
            "motion_type": "static",
            "non_uniform_scale": [
                0.8525949,
                0.8615176,
                0.9999998
            ]
        },
        {
            "template_name": "76ae9b47590b35c68e8ab908e4641d523f083b0c_part_2",
            "translation": [
                -1.7515962,
                2.0347177,
                -7.9167342
            ],
            "rotation": [
                0.7071068,
                0.7071067,
                0.0,
                0.0
            ],
            "motion_type": "static",
            "non_uniform_scale": [
                0.8525949,
                0.8615176,
                0.9999998
            ]
        },
        {
            "template_name": "76ae9b47590b35c68e8ab908e4641d523f083b0c_part_7",
            "translation": [
                -2.1672198,
                1.9788984,
                -7.9717159
            ],
            "rotation": [
                0.7071068,
                0.7071067,
                0.0,
                0.0
            ],
            "motion_type": "static",
            "non_uniform_scale": [
                0.8525949,
                0.8615176,
                0.9999998
            ]
        },
        {
            "template_name": "76ae9b47590b35c68e8ab908e4641d523f083b0c_part_7",
            "translation": [
                -2.314017,
                1.9789186,
                -7.972331
            ],
            "rotation": [
                0.7071086,
                0.7071046,
                0.0,
                0.0
            ],
            "motion_type": "static",
            "non_uniform_scale": [
                0.8525949,
                0.8615176,
                0.9999998
            ]
        },
        {
            "template_name": "76ae9b47590b35c68e8ab908e4641d523f083b0c_part_7",
            "translation": [
                -1.6149704,
                1.9761742,
                -7.9708003
            ],
            "rotation": [
                0.7071086,
                0.7071046,
                0.0,
                0.0
            ],
            "motion_type": "static",
            "non_uniform_scale": [
                0.8525949,
                0.8615176,
                0.9999998
            ]
        },
        {
            "template_name": "76ae9b47590b35c68e8ab908e4641d523f083b0c_part_7",
            "translation": [
                -1.5146231,
                1.977421,
                -7.9711351
            ],
            "rotation": [
                0.7071086,
                0.7071046,
                -0.0000134,
                0.0000118
            ],
            "motion_type": "static",
            "non_uniform_scale": [
                0.8525949,
                0.8615176,
                0.9999998
            ]
        },
        {
            "template_name": "76ae9b47590b35c68e8ab908e4641d523f083b0c_part_7",
            "translation": [
                -1.3803905,
                1.9773988,
                -7.9705204
            ],
            "rotation": [
                0.7071086,
                0.7071048,
                0.0,
                0.0
            ],
            "motion_type": "static",
            "non_uniform_scale": [
                0.8525949,
                0.8615176,
                0.9999998
            ]
        },
        {
            "template_name": "76ae9b47590b35c68e8ab908e4641d523f083b0c_part_7",
            "translation": [
                -2.4260354,
                1.9776724,
                -7.9719963
            ],
            "rotation": [
                0.7071086,
                0.7071046,
                -0.0000134,
                0.0000118
            ],
            "motion_type": "static",
            "non_uniform_scale": [
                0.8525949,
                0.8615176,
                0.9999998
            ]
        },
        {
            "template_name": "76ae9b47590b35c68e8ab908e4641d523f083b0c_part_12",
            "translation": [
                -1.9691007,
                1.6355916,
                -7.9137988
            ],
            "rotation": [
                0.7071068,
                0.7071067,
                0.0,
                0.0
            ],
            "motion_type": "static",
            "non_uniform_scale": [
                0.8525949,
                0.8615176,
                0.9999998
            ]
        },
        {
            "template_name": "76ae9b47590b35c68e8ab908e4641d523f083b0c_part_12",
            "translation": [
                -1.7459162,
                1.6364325,
                -7.9137988
            ],
            "rotation": [
                0.7071068,
                0.7071067,
                0.0,
                0.0
            ],
            "motion_type": "static",
            "non_uniform_scale": [
                0.8525949,
                0.8615176,
                0.9999998
            ]
        },
        {
            "template_name": "76ae9b47590b35c68e8ab908e4641d523f083b0c_part_13",
            "translation": [
                -1.890756,
                1.616466,
                -7.9574341
            ],
            "rotation": [
                0.7071068,
                0.7071067,
                0.0,
                0.0
            ],
            "motion_type": "static",
            "non_uniform_scale": [
                0.8525949,
                0.8615176,
                0.9999998
            ]
        },
        {
            "template_name": "76ae9b47590b35c68e8ab908e4641d523f083b0c_part_13",
            "translation": [
                -1.8216493,
                1.6152188,
                -7.9574341
            ],
            "rotation": [
                0.7071068,
                0.7071067,
                0.0,
                0.0
            ],
            "motion_type": "static",
            "non_uniform_scale": [
                0.8525949,
                0.8615176,
                0.9999998
            ]
        },
        {
            "template_name": "76ae9b47590b35c68e8ab908e4641d523f083b0c_part_13",
            "translation": [
                -2.0582289,
                1.6143008,
                -7.9574341
            ],
            "rotation": [
                0.7071068,
                0.7071067,
                0.0,
                0.0
            ],
            "motion_type": "static",
            "non_uniform_scale": [
                0.8525949,
                0.8615176,
                0.9999998
            ]
        },
        {
            "template_name": "76ae9b47590b35c68e8ab908e4641d523f083b0c_part_21",
            "translation": [
                -2.2991492,
                2.2237548,
                -8.0691251
            ],
            "rotation": [
                0.7071068,
                0.7071067,
                0.0,
                0.0
            ],
            "motion_type": "static",
            "non_uniform_scale": [
                0.8525949,
                0.8615176,
                0.9999998
            ]
        },
        {
            "template_name": "76ae9b47590b35c68e8ab908e4641d523f083b0c_part_21",
            "translation": [
                -2.2991492,
                2.2600622,
                -8.0691251
            ],
            "rotation": [
                0.7071068,
                0.7071067,
                0.0,
                0.0
            ],
            "motion_type": "static",
            "non_uniform_scale": [
                0.8525949,
                0.8615176,
                0.9999998
            ]
        },
        {
            "template_name": "76ae9b47590b35c68e8ab908e4641d523f083b0c_part_21",
            "translation": [
                -1.4892441,
                2.2237548,
                -8.0691251
            ],
            "rotation": [
                0.7071068,
                0.7071067,
                0.0,
                0.0
            ],
            "motion_type": "static",
            "non_uniform_scale": [
                0.8525949,
                0.8615176,
                0.9999998
            ]
        },
        {
            "template_name": "76ae9b47590b35c68e8ab908e4641d523f083b0c_part_21",
            "translation": [
                -1.4892441,
                2.2600622,
                -8.0691251
            ],
            "rotation": [
                0.7071068,
                0.7071067,
                0.0,
                0.0
            ],
            "motion_type": "static",
            "non_uniform_scale": [
                0.8525949,
                0.8615176,
                0.9999998
            ]
        },
        {
            "template_name": "76ae9b47590b35c68e8ab908e4641d523f083b0c_part_23",
            "translation": [
                -1.8901635,
                2.2288575,
                -8.0832891
            ],
            "rotation": [
                0.7071068,
                0.7071067,
                0.0,
                0.0
            ],
            "motion_type": "static",
            "non_uniform_scale": [
                0.8525949,
                0.8615176,
                0.9999998
            ]
        },
        {
            "template_name": "76ae9b47590b35c68e8ab908e4641d523f083b0c_part_23",
            "translation": [
                -1.8901635,
                2.2561359,
                -8.0832891
            ],
            "rotation": [
                0.7071065,
                0.7071068,
                0.0,
                0.0
            ],
            "motion_type": "static",
            "non_uniform_scale": [
                0.8525949,
                0.8615176,
                0.9999998
            ]
        },
        {
            "template_name": "76ae9b47590b35c68e8ab908e4641d523f083b0c_part_27",
            "translation": [
                -1.9110163,
                2.1179063,
                -8.0920772
            ],
            "rotation": [
                0.7071068,
                0.7071067,
                0.0,
                0.0
            ],
            "motion_type": "static",
            "non_uniform_scale": [
                0.8525949,
                0.8615176,
                0.9999998
            ]
        },
        {
            "template_name": "76ae9b47590b35c68e8ab908e4641d523f083b0c_part_16",
            "translation": [
                -0.0083824,
                1.0317199,
                -8.0133037
            ],
            "rotation": [
                -0.5,
                -0.5,
                0.5,
                -0.4999999
            ],
            "motion_type": "static",
            "non_uniform_scale": [
                0.6301137,
                0.8590927,
                0.9999998
            ]
        },
        {
            "template_name": "76ae9b47590b35c68e8ab908e4641d523f083b0c_part_16",
            "translation": [
                -0.009575,
                1.030222,
                -7.4138779
            ],
            "rotation": [
                0.5,
                0.4999997,
                -0.4999997,
                0.5000001
            ],
            "motion_type": "static",
            "non_uniform_scale": [
                0.6301137,
                0.8590927,
                0.9999998
            ]
        },
        {
            "template_name": "76ae9b47590b35c68e8ab908e4641d523f083b0c_part_17",
            "translation": [
                -0.0341289,
                1.018313,
                -7.8141889
            ],
            "rotation": [
                -0.5,
                -0.5,
                0.5,
                -0.4999999
            ],
            "motion_type": "static",
            "non_uniform_scale": [
                0.6301137,
                0.8590927,
                0.9999998
            ]
        },
        {
            "template_name": "76ae9b47590b35c68e8ab908e4641d523f083b0c_part_17",
            "translation": [
                -0.0353212,
                1.016815,
                -7.2326788
            ],
            "rotation": [
                -0.4999999,
                -0.4999994,
                0.5000004,
                -0.5
            ],
            "motion_type": "static",
            "non_uniform_scale": [
                0.6301137,
                0.8590927,
                0.9999998
            ]
        },
        {
            "template_name": "76ae9b47590b35c68e8ab908e4641d523f083b0c_part_1",
            "translation": [
                -0.0631666,
                1.0221593,
                -7.915071
            ],
            "rotation": [
                -0.5,
                -0.5,
                0.5,
                -0.4999999
            ],
            "motion_type": "static",
            "non_uniform_scale": [
                0.6301137,
                0.8590927,
                0.9999998
            ]
        },
        {
            "template_name": "76ae9b47590b35c68e8ab908e4641d523f083b0c_part_1",
            "translation": [
                -0.064359,
                1.0206612,
                -7.3242802
            ],
            "rotation": [
                0.5000007,
                0.4999997,
                -0.4999994,
                0.4999999
            ],
            "motion_type": "static",
            "non_uniform_scale": [
                0.6301137,
                0.8590927,
                0.9999998
            ]
        },
        {
            "template_name": "76ae9b47590b35c68e8ab908e4641d523f083b0c_part_2",
            "translation": [
                -0.1730351,
                1.4511598,
                -7.7271313
            ],
            "rotation": [
                -0.5,
                -0.5,
                0.5,
                -0.4999999
            ],
            "motion_type": "static",
            "non_uniform_scale": [
                0.6301137,
                0.8590927,
                0.9999998
            ]
        },
        {
            "template_name": "76ae9b47590b35c68e8ab908e4641d523f083b0c_part_2",
            "translation": [
                -0.1730351,
                1.4509937,
                -7.6612081
            ],
            "rotation": [
                -0.5,
                -0.5,
                0.5,
                -0.4999999
            ],
            "motion_type": "static",
            "non_uniform_scale": [
                0.6301137,
                0.8590927,
                0.9999998
            ]
        },
        {
            "template_name": "76ae9b47590b35c68e8ab908e4641d523f083b0c_part_2",
            "translation": [
                -0.1730353,
                1.4519766,
                -7.6025629
            ],
            "rotation": [
                -0.5,
                -0.5,
                0.5,
                -0.4999999
            ],
            "motion_type": "static",
            "non_uniform_scale": [
                0.6301137,
                0.8590927,
                0.9999998
            ]
        },
        {
            "template_name": "76ae9b47590b35c68e8ab908e4641d523f083b0c_part_2",
            "translation": [
                -0.1730353,
                1.4520777,
                -7.5522851
            ],
            "rotation": [
                -0.4999952,
                -0.4999952,
                0.5000073,
                -0.5000017
            ],
            "motion_type": "static",
            "non_uniform_scale": [
                0.6301137,
                0.8590927,
                0.9999998
            ]
        },
        {
            "template_name": "76ae9b47590b35c68e8ab908e4641d523f083b0c_part_2",
            "translation": [
                -0.1730353,
                1.4512176,
                -7.4953618
            ],
            "rotation": [
                -0.5,
                -0.5,
                0.5,
                -0.4999999
            ],
            "motion_type": "static",
            "non_uniform_scale": [
                0.6301137,
                0.8590927,
                0.9999998
            ]
        },
        {
            "template_name": "76ae9b47590b35c68e8ab908e4641d523f083b0c_part_7",
            "translation": [
                -0.1182082,
                1.3953982,
                -7.8025298
            ],
            "rotation": [
                -0.5,
                -0.5,
                0.5,
                -0.4999999
            ],
            "motion_type": "static",
            "non_uniform_scale": [
                0.6301137,
                0.8590927,
                0.9999998
            ]
        },
        {
            "template_name": "76ae9b47590b35c68e8ab908e4641d523f083b0c_part_7",
            "translation": [
                -0.1175948,
                1.3954186,
                -7.9110207
            ],
            "rotation": [
                -0.500001,
                -0.4999985,
                0.5000017,
                -0.4999985
            ],
            "motion_type": "static",
            "non_uniform_scale": [
                0.6301137,
                0.8590927,
                0.9999998
            ]
        },
        {
            "template_name": "76ae9b47590b35c68e8ab908e4641d523f083b0c_part_7",
            "translation": [
                -0.1191214,
                1.3926742,
                -7.3943877
            ],
            "rotation": [
                -0.500001,
                -0.4999985,
                0.5000017,
                -0.4999985
            ],
            "motion_type": "static",
            "non_uniform_scale": [
                0.6301137,
                0.8590927,
                0.9999998
            ]
        },
        {
            "template_name": "76ae9b47590b35c68e8ab908e4641d523f083b0c_part_7",
            "translation": [
                -0.1187874,
                1.3939211,
                -7.3202257
            ],
            "rotation": [
                -0.4999909,
                -0.4999898,
                0.5000171,
                -0.5000017
            ],
            "motion_type": "static",
            "non_uniform_scale": [
                0.6301137,
                0.8590927,
                0.9999998
            ]
        },
        {
            "template_name": "76ae9b47590b35c68e8ab908e4641d523f083b0c_part_7",
            "translation": [
                -0.1194009,
                1.3938988,
                -7.2210206
            ],
            "rotation": [
                0.5000025,
                0.4999988,
                -0.5000004,
                0.4999982
            ],
            "motion_type": "static",
            "non_uniform_scale": [
                0.6301137,
                0.8590927,
                0.9999998
            ]
        },
        {
            "template_name": "76ae9b47590b35c68e8ab908e4641d523f083b0c_part_7",
            "translation": [
                -0.1179288,
                1.3941725,
                -7.9938087
            ],
            "rotation": [
                -0.4999909,
                -0.4999898,
                0.5000171,
                -0.5000017
            ],
            "motion_type": "static",
            "non_uniform_scale": [
                0.6301137,
                0.8590927,
                0.9999998
            ]
        },
        {
            "template_name": "76ae9b47590b35c68e8ab908e4641d523f083b0c_part_12",
            "translation": [
                -0.1759627,
                1.0520914,
                -7.6561093
            ],
            "rotation": [
                -0.5,
                -0.5,
                0.5,
                -0.4999999
            ],
            "motion_type": "static",
            "non_uniform_scale": [
                0.6301137,
                0.8590927,
                0.9999998
            ]
        },
        {
            "template_name": "76ae9b47590b35c68e8ab908e4641d523f083b0c_part_12",
            "translation": [
                -0.1759627,
                1.0529325,
                -7.4911637
            ],
            "rotation": [
                -0.5,
                -0.4999999,
                0.5,
                -0.4999999
            ],
            "motion_type": "static",
            "non_uniform_scale": [
                0.6301137,
                0.8590927,
                0.9999998
            ]
        },
        {
            "template_name": "76ae9b47590b35c68e8ab908e4641d523f083b0c_part_13",
            "translation": [
                -0.1324498,
                1.032966,
                -7.5982084
            ],
            "rotation": [
                -0.5,
                -0.5,
                0.5,
                -0.4999999
            ],
            "motion_type": "static",
            "non_uniform_scale": [
                0.6301137,
                0.8590927,
                0.9999998
            ]
        },
        {
            "template_name": "76ae9b47590b35c68e8ab908e4641d523f083b0c_part_13",
            "translation": [
                -0.1324498,
                1.0317188,
                -7.5471348
            ],
            "rotation": [
                -0.4999999,
                -0.4999997,
                0.5000001,
                -0.5
            ],
            "motion_type": "static",
            "non_uniform_scale": [
                0.6301137,
                0.8590927,
                0.9999998
            ]
        },
        {
            "template_name": "76ae9b47590b35c68e8ab908e4641d523f083b0c_part_13",
            "translation": [
                -0.1324498,
                1.030801,
                -7.7219796
            ],
            "rotation": [
                -0.4999996,
                -0.4999997,
                0.5000004,
                -0.5
            ],
            "motion_type": "static",
            "non_uniform_scale": [
                0.6301137,
                0.8590927,
                0.9999998
            ]
        },
        {
            "template_name": "76ae9b47590b35c68e8ab908e4641d523f083b0c_part_21",
            "translation": [
                -0.0210735,
                1.6402547,
                -7.9000329
            ],
            "rotation": [
                -0.5,
                -0.5,
                0.5,
                -0.4999999
            ],
            "motion_type": "static",
            "non_uniform_scale": [
                0.6301137,
                0.8590927,
                0.9999998
            ]
        },
        {
            "template_name": "76ae9b47590b35c68e8ab908e4641d523f083b0c_part_21",
            "translation": [
                -0.0210735,
                1.6765618,
                -7.9000329
            ],
            "rotation": [
                -0.5,
                -0.5,
                0.5,
                -0.4999999
            ],
            "motion_type": "static",
            "non_uniform_scale": [
                0.6301137,
                0.8590927,
                0.9999998
            ]
        },
        {
            "template_name": "76ae9b47590b35c68e8ab908e4641d523f083b0c_part_21",
            "translation": [
                -0.0210735,
                1.6402547,
                -7.3014693
            ],
            "rotation": [
                -0.5,
                -0.5,
                0.5,
                -0.4999999
            ],
            "motion_type": "static",
            "non_uniform_scale": [
                0.6301137,
                0.8590927,
                0.9999998
            ]
        },
        {
            "template_name": "76ae9b47590b35c68e8ab908e4641d523f083b0c_part_21",
            "translation": [
                -0.0210735,
                1.6765618,
                -7.3014693
            ],
            "rotation": [
                -0.5,
                -0.5,
                0.5,
                -0.4999999
            ],
            "motion_type": "static",
            "non_uniform_scale": [
                0.6301137,
                0.8590927,
                0.9999998
            ]
        },
        {
            "template_name": "76ae9b47590b35c68e8ab908e4641d523f083b0c_part_23",
            "translation": [
                -0.0069493,
                1.6453576,
                -7.5977702
            ],
            "rotation": [
                -0.5,
                -0.5,
                0.5,
                -0.4999999
            ],
            "motion_type": "static",
            "non_uniform_scale": [
                0.6301137,
                0.8590927,
                0.9999998
            ]
        },
        {
            "template_name": "76ae9b47590b35c68e8ab908e4641d523f083b0c_part_23",
            "translation": [
                -0.0069493,
                1.6726359,
                -7.5977702
            ],
            "rotation": [
                0.5,
                0.5,
                -0.4999997,
                0.5000001
            ],
            "motion_type": "static",
            "non_uniform_scale": [
                0.6301137,
                0.8590927,
                0.9999998
            ]
        },
        {
            "template_name": "76ae9b47590b35c68e8ab908e4641d523f083b0c_part_27",
            "translation": [
                0.0018136,
                1.5344064,
                -7.6131815
            ],
            "rotation": [
                -0.5,
                -0.5,
                0.5,
                -0.4999999
            ],
            "motion_type": "static",
            "non_uniform_scale": [
                0.6301137,
                0.8590927,
                0.9999998
            ]
        },
        {
            "template_name": "ac699faed7efa37f5b22c3dde720756e71dbf3b1",
            "translation": [
                -1.09326,
                4.76837158203125e-7,
                -7.9450893
            ],
            "motion_type": "static"
        },
        {
            "template_name": "db2f10d91d5a3a26ce56a6f9eb178c66ebc989a8",
            "translation": [
                -0.3709999,
                -5.960464477539063e-8,
                1.2418198
            ],
            "motion_type": "static"
        },
        {
            "template_name": "c8a430c096719c94051b441a026620df1bcb42d5",
            "translation": [
                -11.3212099,
                3.5762786865234377e-7,
                -6.4887995
            ],
            "rotation": [
                0.7071068,
                0.0,
                0.7071067,
                0.0
            ],
            "motion_type": "static",
            "non_uniform_scale": [
                -0.9999998,
                0.9999998,
                0.9999998
            ]
        },
        {
            "template_name": "e5c7f8e56d6daea02f856696230a1d3fac56e49d",
            "translation": [
                -2.49882,
                2.7999999,
                -3.3644895
            ],
            "rotation": [
                0.0,
                0.0,
                1.0,
                0.0
            ],
            "motion_type": "static"
        },
        {
            "template_name": "e5c7f8e56d6daea02f856696230a1d3fac56e49d",
            "translation": [
                -1.1691099,
                2.8000001,
                -5.7026391
            ],
            "motion_type": "static"
        },
        {
            "template_name": "445ade9a7fed2cb5296d28024093cc336d82990d",
            "translation": [
                -5.8358898,
                2.7999997,
                -0.5565897
            ],
            "rotation": [
                0.7071068,
                0.0,
                -0.7071067,
                0.0
            ],
            "motion_type": "static"
        },
        {
            "template_name": "445ade9a7fed2cb5296d28024093cc336d82990d",
            "translation": [
                -5.83922,
                2.7999997,
                0.24453
            ],
            "rotation": [
                0.7071068,
                0.0,
                -0.7071067,
                0.0
            ],
            "motion_type": "static"
        },
        {
            "template_name": "445ade9a7fed2cb5296d28024093cc336d82990d",
            "translation": [
                -5.8431797,
                2.7999997,
                1.0255601
            ],
            "rotation": [
                0.7071068,
                0.0,
                -0.7071067,
                0.0
            ],
            "motion_type": "static"
        },
        {
            "template_name": "1898ce61ba13e6ab70288e300db71087a173cfaf",
            "translation": [
                -4.4974198,
                3.9068982005119326e-7,
                -6.557589
            ],
            "rotation": [
                0.7071068,
                0.0,
                0.7071067,
                0.0
            ],
            "motion_type": "static",
            "non_uniform_scale": [
                1.5375696,
                0.9999998,
                0.9999998
            ]
        },
        {
            "template_name": "09b1df19e95ab47e50c8aac06137ef2f51144d34",
            "translation": [
                -3.7979598,
                1.7495995,
                1.525375
            ],
            "rotation": [
                0.0,
                0.0,
                0.7071068,
                -0.7071067
            ],
            "motion_type": "static"
        },
        {
            "template_name": "09b1df19e95ab47e50c8aac06137ef2f51144d34",
            "translation": [
                -5.3334493,
                1.7495995,
                1.525375
            ],
            "rotation": [
                0.0,
                0.0,
                0.7071068,
                -0.7071067
            ],
            "motion_type": "static"
        },
        {
            "template_name": "a7a0d68a04ca83618e899c167b20d007ab00cb11",
            "translation": [
                -8.0574808,
                1.7484201,
                -3.5330798
            ],
            "rotation": [
                0.4999999,
                0.4999999,
                0.5,
                -0.5
            ],
            "motion_type": "static"
        },
        {
            "template_name": "61942d8b26f0cfa5591274e562baf4835835e07a",
            "translation": [
                -10.4411869,
                2.384185791015625e-7,
                -3.5643696
            ],
            "rotation": [
                0.0,
                0.0,
                1.0,
                0.0
            ],
            "motion_type": "static",
            "non_uniform_scale": [
                1.3592207,
                0.9248995,
                0.9999998
            ]
        },
        {
            "template_name": "61942d8b26f0cfa5591274e562baf4835835e07a",
            "translation": [
                -3.9481034,
                4.76837158203125e-7,
                -7.8632488
            ],
            "motion_type": "static",
            "non_uniform_scale": [
                1.3592207,
                0.9248995,
                0.9999998
            ]
        },
        {
            "template_name": "61942d8b26f0cfa5591274e562baf4835835e07a",
            "translation": [
                -4.9788432,
                4.76837158203125e-7,
                -7.8632488
            ],
            "motion_type": "static",
            "non_uniform_scale": [
                1.3592207,
                0.9248995,
                0.9999998
            ]
        },
        {
            "template_name": "61942d8b26f0cfa5591274e562baf4835835e07a",
            "translation": [
                -0.1256798,
                3.5762786865234377e-7,
                -5.5306034
            ],
            "rotation": [
                0.7071068,
                0.0,
                -0.7071067,
                0.0
            ],
            "motion_type": "static",
            "non_uniform_scale": [
                1.3592205,
                0.9248995,
                0.9999998
            ]
        },
        {
            "template_name": "61942d8b26f0cfa5591274e562baf4835835e07a",
            "translation": [
                -0.8433464,
                4.76837158203125e-7,
                -8.0322694
            ],
            "motion_type": "static",
            "non_uniform_scale": [
                0.7199869,
                0.9248995,
                0.4597083
            ]
        },
        {
            "template_name": "da79e0bf2e7f7c777b226234b982498a964f7f90",
            "translation": [
                -5.8309798,
                0.0,
                0.2396699
            ],
            "rotation": [
                0.7071068,
                0.0,
                -0.7071067,
                0.0
            ],
            "motion_type": "static",
            "non_uniform_scale": [
                1.3391543,
                1.0,
                0.9999997
            ]
        },
        {
            "template_name": "f719e6f9cc9fa51fdcf651e9e1664b45b33e61f5",
            "translation": [
                -0.2766802,
                4.172325134277344e-7,
                -6.656939
            ],
            "rotation": [
                0.7071068,
                0.0,
                -0.7071067,
                0.0
            ],
            "motion_type": "static",
            "non_uniform_scale": [
                1.0000332,
                0.9999874,
                0.9998943
            ]
        },
        {
            "template_name": "cec4a471d2b81de397da664faee9fe1cc428d29b",
            "translation": [
                -0.38923,
                4.76837158203125e-7,
                -7.0878195
            ],
            "motion_type": "static",
            "non_uniform_scale": [
                0.4369111,
                0.4423868,
                0.9999998
            ]
        },
        {
            "template_name": "c6f6cdcaa7cca548478ef733ca247ce87e2c5724",
            "translation": [
                -10.43264,
                4.172325134277344e-7,
                -6.6154694
            ],
            "motion_type": "static"
        },
        {
            "template_name": "dfba8399c26d06600f33cdc7dfedcb0f60708b4c",
            "translation": [
                -3.5561199,
                1.7881393432617188e-7,
                -2.6009297
            ],
            "rotation": [
                0.0,
                0.0,
                1.0,
                0.0
            ],
            "motion_type": "static"
        },
        {
            "template_name": "dfba8399c26d06600f33cdc7dfedcb0f60708b4c",
            "translation": [
                -1.6740001,
                3.5762786865234377e-7,
                -6.4753394
            ],
            "rotation": [
                0.0,
                0.0,
                1.0,
                0.0
            ],
            "motion_type": "static"
        },
        {
            "template_name": "dfba8399c26d06600f33cdc7dfedcb0f60708b4c",
            "translation": [
                -1.2940001,
                3.5762786865234377e-7,
                -6.4753394
            ],
            "rotation": [
                0.0,
                0.0,
                1.0,
                0.0
            ],
            "motion_type": "static"
        },
        {
            "template_name": "cbc0bd4099c9137debcba2d7ce1aa0989ca6439f",
            "translation": [
                -14.1085395,
                0.0010004,
                -7.0696496
            ],
            "rotation": [
                0.0,
                0.0,
                1.0,
                0.0
            ],
            "motion_type": "static"
        },
        {
            "template_name": "f379c11757a750c4d77389c528bedbe9b2a6b542",
            "translation": [
                -3.3305599,
                0.0010004,
                -7.8560094
            ],
            "motion_type": "static",
            "non_uniform_scale": [
                0.706273,
                0.9999998,
                0.9999998
            ]
        },
        {
            "template_name": "f379c11757a750c4d77389c528bedbe9b2a6b542",
            "translation": [
                -5.7622199,
                0.0010004,
                -7.8508496
            ],
            "motion_type": "static",
            "non_uniform_scale": [
                0.706273,
                0.9999998,
                0.9999998
            ]
        },
        {
            "template_name": "f379c11757a750c4d77389c528bedbe9b2a6b542",
            "translation": [
                -0.2403098,
                4.470348358154297e-7,
                -7.6181998
            ],
            "rotation": [
                0.7071068,
                0.0,
                -0.7071067,
                0.0
            ],
            "motion_type": "static",
            "non_uniform_scale": [
                1.5409369,
                0.9999998,
                0.9999998
            ]
        },
        {
            "template_name": "eab10e27ecde2bfab8e6cd23215cbf3096ac74eb",
            "translation": [
                -2.62612,
                1.1920928955078126e-7,
                -2.7590298
            ],
            "rotation": [
                0.0,
                0.0,
                1.0,
                0.0
            ],
            "motion_type": "static"
        },
        {
            "template_name": "8c1fec70021d97e96c8dd13c7aeb788ba91f7426",
            "translation": [
                -1.9559899,
                1.1920928955078126e-7,
                -1.8879599
            ],
            "motion_type": "static"
        },
        {
            "template_name": "b8af904ac858f2431a89ec7b1d3a44c25b444259",
            "translation": [
                -2.6441698,
                0.5199998,
                1.4045798
            ],
            "rotation": [
                0.0,
                0.0,
                1.0,
                0.0
            ],
            "motion_type": "static"
        },
        {
            "template_name": "db0276e56963d73e78a53c3d384a13226a2c6c05",
            "translation": [
                -3.0708899,
                -8.940696716308594e-8,
                1.4653198
            ],
            "rotation": [
                0.0,
                0.0,
                1.0,
                0.0
            ],
            "motion_type": "static"
        },
        {
            "template_name": "db0276e56963d73e78a53c3d384a13226a2c6c05",
            "translation": [
                -0.61545,
                0.0009998,
                1.4253199
            ],
            "rotation": [
                0.0,
                0.0,
                1.0,
                0.0
            ],
            "motion_type": "static"
        },
        {
            "template_name": "57fcfdae95b2c606c48dad87ed740bbeb48473dd",
            "translation": [
                -1.8111,
                2.7999997,
                -0.3405398
            ],
            "rotation": [
                0.7071068,
                0.0,
                -0.7071067,
                0.0
            ],
            "motion_type": "static"
        },
        {
            "template_name": "c7f36c5508f215a6c531cf12e31cb0c46a716c0b",
            "translation": [
                -9.1099796,
                3.5762786865234377e-7,
                -5.8781194
            ],
            "rotation": [
                0.7071068,
                0.0,
                -0.7071067,
                0.0
            ],
            "motion_type": "static",
            "non_uniform_scale": [
                -0.9999998,
                0.9999998,
                1.0239311
            ]
        },
        {
            "template_name": "323e91a7be4f48ea6f7f451d5f1d22edb030930c",
            "translation": [
                -11.8169202,
                0.0020003,
                -7.9962697
            ],
            "rotation": [
                0.7071068,
                0.0,
                -0.7071067,
                0.0
            ],
            "motion_type": "static"
        },
        {
            "template_name": "1990f9141b922336379234823888739b61fa079c",
            "translation": [
                -0.3637599,
                1.7881393432617188e-7,
                -2.7164497
            ],
            "rotation": [
                0.0,
                0.0,
                1.0,
                0.0
            ],
            "motion_type": "static",
            "non_uniform_scale": [
                1.0,
                1.076565,
                0.9999619
            ]
        },
        {
            "template_name": "3940da56d443b5be11a6f117c5b62a4c6b1ff62f",
            "translation": [
                -1.8710099,
                0.01,
                -0.2358898
            ],
            "motion_type": "static",
            "non_uniform_scale": [
                1.2668502,
                0.9999998,
                1.2210031
            ]
        },
        {
            "template_name": "ef25a47c50541dda6a93126ebc1f46a2ab48228b",
            "translation": [
                -11.4898014,
                2.980232238769531e-7,
                -5.3811001
            ],
            "rotation": [
                0.7071068,
                0.0,
                0.7071067,
                0.0
            ],
            "motion_type": "static"
        },
        {
            "template_name": "7f74f8145a1ff96a976f1443b60035931b21b25a",
            "translation": [
                -7.22964,
                4.0512531995773318e-7,
                -6.7965993
            ],
            "rotation": [
                0.7071068,
                0.0,
                0.7071067,
                0.0
            ],
            "motion_type": "static",
            "non_uniform_scale": [
                0.8084024,
                0.9999998,
                0.6093611
            ]
        },
        {
            "template_name": "8601dbccc02409e1a1d37ec2dc4a1f072df4dc75",
            "translation": [
                -7.2393097,
                2.8000001,
                -6.9143295
            ],
            "rotation": [
                0.7071068,
                0.0,
                -0.7071067,
                0.0
            ],
            "motion_type": "static"
        },
        {
            "template_name": "8601dbccc02409e1a1d37ec2dc4a1f072df4dc75",
            "translation": [
                -9.2373104,
                2.8000001,
                -5.5544595
            ],
            "rotation": [
                0.7071068,
                0.0,
                0.7071067,
                0.0
            ],
            "motion_type": "static"
        },
        {
            "template_name": "8601dbccc02409e1a1d37ec2dc4a1f072df4dc75",
            "translation": [
                -0.43208,
                2.7999999,
                -3.2297694
            ],
            "rotation": [
                0.7071068,
                0.0,
                -0.7071067,
                0.0
            ],
            "motion_type": "static"
        },
        {
            "template_name": "8601dbccc02409e1a1d37ec2dc4a1f072df4dc75",
            "translation": [
                -10.4832401,
                2.7999999,
                -4.1691894
            ],
            "rotation": [
                0.7071068,
                0.0,
                -0.7071067,
                0.0
            ],
            "motion_type": "static"
        },
        {
            "template_name": "8601dbccc02409e1a1d37ec2dc4a1f072df4dc75",
            "translation": [
                -7.2198805,
                2.7999999,
                -4.5245294
            ],
            "rotation": [
                0.7071068,
                0.0,
                -0.7071067,
                0.0
            ],
            "motion_type": "static"
        },
        {
            "template_name": "8601dbccc02409e1a1d37ec2dc4a1f072df4dc75",
            "translation": [
                -4.1091799,
                2.7999997,
                -0.2159997
            ],
            "rotation": [
                0.7071068,
                0.0,
                -0.7071067,
                0.0
            ],
            "motion_type": "static"
        },
        {
            "template_name": "8601dbccc02409e1a1d37ec2dc4a1f072df4dc75",
            "translation": [
                -7.1581401,
                2.7999997,
                -0.2554798
            ],
            "rotation": [
                0.7071068,
                0.0,
                -0.7071067,
                0.0
            ],
            "motion_type": "static"
        },
        {
            "template_name": "8601dbccc02409e1a1d37ec2dc4a1f072df4dc75",
            "translation": [
                -10.7339696,
                2.8000001,
                -5.6853594
            ],
            "rotation": [
                0.7071068,
                0.0,
                -0.7071067,
                0.0
            ],
            "motion_type": "static"
        },
        {
            "template_name": "8601dbccc02409e1a1d37ec2dc4a1f072df4dc75",
            "translation": [
                -1.43745,
                2.8000001,
                -7.0719695
            ],
            "rotation": [
                0.7071068,
                0.0,
                -0.7071067,
                0.0
            ],
            "motion_type": "static"
        },
        {
            "template_name": "047b04d3192d8ba22aeeab2c6f9fc63766926cd4",
            "translation": [
                -6.3649201,
                2.9802322387695315e-8,
                -0.7029399
            ],
            "rotation": [
                0.7071068,
                0.0,
                -0.7071067,
                0.0
            ],
            "motion_type": "static"
        },
        {
            "template_name": "047b04d3192d8ba22aeeab2c6f9fc63766926cd4",
            "translation": [
                -6.3649201,
                0.0,
                0.0415698
            ],
            "rotation": [
                0.7071068,
                0.0,
                -0.7071067,
                0.0
            ],
            "motion_type": "static"
        },
        {
            "template_name": "047b04d3192d8ba22aeeab2c6f9fc63766926cd4",
            "translation": [
                -6.3649201,
                -2.9802322387695315e-8,
                0.7450798
            ],
            "rotation": [
                0.7071068,
                0.0,
                -0.7071067,
                0.0
            ],
            "motion_type": "static"
        },
        {
            "template_name": "3b42467b3c64e5ef9a2353a3247305f1b2009ade",
            "translation": [
                -0.3653599,
                1.7499996,
                1.5781198
            ],
            "rotation": [
                0.0,
                0.0,
                0.7071068,
                -0.7071067
            ],
            "motion_type": "static"
        },
        {
            "template_name": "b8273c8e54e91523e768e956351dcb4395d6e9f2",
            "translation": [
                -2.30776,
                3.5762786865234377e-7,
                -6.0276393
            ],
            "motion_type": "static"
        },
        {
            "template_name": "500c9c515586f440e149580a0ce2a7f7f98ef547",
            "translation": [
                -3.72509,
                2.384185791015625e-7,
                -3.5069797
            ],
            "rotation": [
                0.7071068,
                0.0,
                0.7071067,
                0.0
            ],
            "motion_type": "static"
        },
        {
            "template_name": "500c9c515586f440e149580a0ce2a7f7f98ef547",
            "translation": [
                -2.7469899,
                3.5762786865234377e-7,
                -5.9777693
            ],
            "rotation": [
                0.7071068,
                0.0,
                -0.7071067,
                0.0
            ],
            "motion_type": "static"
        },
        {
            "template_name": "3759-23",
            "translation": [
                -0.86975,
                1.3000004,
                -8.1658649
            ],
            "rotation": [
                0.9999994,
                0.0,
                -0.001011,
                0.0
            ],
            "motion_type": "static",
            "non_uniform_scale": [
                -1.0,
                0.9999998,
                0.9999998
            ]
        },
        {
            "template_name": "218-135",
            "translation": [
                -15.5436401,
                2.5878503,
                -6.0905795
            ],
            "rotation": [
                0.7071067,
                0.0,
                0.7071067,
                0.0
            ],
            "motion_type": "static",
            "non_uniform_scale": [
                -0.9999998,
                0.9999998,
                0.9999998
            ]
        },
        {
            "template_name": "220-56",
            "translation": [
                -9.9033699,
                1.4500004,
                -8.1768293
            ],
            "motion_type": "static",
            "non_uniform_scale": [
                -1.0,
                0.9999998,
                0.9999998
            ]
        },
        {
            "template_name": "220-4",
            "translation": [
                -4.4939398,
                1.4500004,
                -8.1731891
            ],
            "rotation": [
                0.9999994,
                0.0,
                -0.001011,
                0.0
            ],
            "motion_type": "static",
            "non_uniform_scale": [
                -1.0,
                0.9999998,
                0.9999998
            ]
        },
        {
            "template_name": "4076-2",
            "translation": [
                -7.2135496,
                1.1200003,
                -8.1768293
            ],
            "rotation": [
                0.0,
                0.0,
                1.0,
                0.0
            ],
            "motion_type": "static",
            "non_uniform_scale": [
                -1.0,
                0.9999998,
                0.9999998
            ]
        },
        {
            "template_name": "3759-0",
            "translation": [
                0.079,
                1.3000003,
                -5.4160289
            ],
            "rotation": [
                0.7071068,
                0.0,
                -0.7071067,
                0.0
            ],
            "motion_type": "static",
            "non_uniform_scale": [
                -0.9999998,
                0.9999998,
                0.9999998
            ]
        },
        {
            "template_name": "3759-0",
            "translation": [
                0.079,
                1.2999999,
                0.9619901
            ],
            "rotation": [
                0.7071068,
                0.0,
                -0.7071067,
                0.0
            ],
            "motion_type": "static",
            "non_uniform_scale": [
                -0.9999998,
                0.9999998,
                0.9999998
            ]
        },
        {
            "template_name": "3759-0",
            "translation": [
                0.079,
                1.2999999,
                -0.1788796
            ],
            "rotation": [
                0.7071068,
                0.0,
                -0.7071067,
                0.0
            ],
            "motion_type": "static",
            "non_uniform_scale": [
                -0.9999998,
                0.9999998,
                0.9999998
            ]
        },
        {
            "template_name": "3759-0",
            "translation": [
                0.079,
                1.2999999,
                -1.3167897
            ],
            "rotation": [
                0.7071068,
                0.0,
                -0.7071067,
                0.0
            ],
            "motion_type": "static",
            "non_uniform_scale": [
                -0.9999998,
                0.9999998,
                0.9999998
            ]
        },
        {
            "template_name": "218-136",
            "translation": [
                -1.83369,
                2.5878498,
                1.65312
            ],
            "rotation": [
                0.0,
                0.0,
                1.0,
                0.0
            ],
            "motion_type": "static",
            "non_uniform_scale": [
                -1.0,
                0.9999998,
                0.9999998
            ]
        },
        {
            "template_name": "3759-24",
            "translation": [
                -6.8579697,
                1.2999999,
                1.65312
            ],
            "rotation": [
                0.0,
                0.0,
                1.0,
                0.0
            ],
            "motion_type": "static",
            "non_uniform_scale": [
                -1.0,
                0.9999998,
                0.9999998
            ]
        },
        {
            "template_name": "4076-2",
            "translation": [
                -8.1602602,
                1.1200001,
                -2.7942898
            ],
            "rotation": [
                0.7071067,
                0.0,
                0.7071068,
                0.0
            ],
            "motion_type": "static"
        },
        {
            "template_name": "3759-24",
            "translation": [
                -10.4411001,
                1.3,
                -3.3596897
            ],
            "rotation": [
                0.0,
                0.0,
                1.0,
                0.0
            ],
            "motion_type": "static",
            "non_uniform_scale": [
                -1.0,
                0.9999998,
                0.9999998
            ]
        }
    ],
    "articulated_object_instances": [],
    "stage_instance": {
        "template_name": "stages/106366302_174226617",
        "motion_type": "static"
    },
    "pbr_shader_region_configs": {},
    "user_defined": {
        "scene_filter_file": "scene_filter_files/106366302_174226617.rec_filter.json"
    }
}