{
    "translation_origin": "asset_local",
    "default_lighting": "",
    "navmesh_instance": "",
    "semantic_scene_instance": "hssd_ssd_map",
    "default_pbr_shader_config": "./data/default.pbr_config.json",
    "object_instances": [
        {
            "template_name": "0b750370480e2a26bfedafd6b5298f28d6074e70",
            "translation": [
                -9.9014902,
                3.5762786865234377e-7,
                -6.4563193
            ],
            "rotation": [
                0.7071068,
                0.0,
                -0.7071067,
                0.0
            ],
            "motion_type": "static"
        },
        {
            "template_name": "0b750370480e2a26bfedafd6b5298f28d6074e70",
            "translation": [
                -11.9948997,
                4.76837158203125e-7,
                -8.0432586
            ],
            "rotation": [
                0.7071068,
                0.0,
                0.7071067,
                0.0
            ],
            "motion_type": "static"
        },
        {
            "template_name": "29ba050e69589907868d5a1909fa70ade849f0af",
            "translation": [
                -17.7393798,
                0.7800002,
                -5.5531792
            ],
            "motion_type": "static"
        },
        {
            "template_name": "29ba050e69589907868d5a1909fa70ade849f0af",
            "translation": [
                -20.6530609,
                3.2782554626464846e-7,
                -5.5531792
            ],
            "motion_type": "static"
        },
        {
            "template_name": "db3342a93964d8c31e3462b12e1cb699ef664a81",
            "translation": [
                -13.8972501,
                2.384185791015625e-7,
                -3.9063398
            ],
            "rotation": [
                0.0,
                0.0,
                1.0,
                0.0
            ],
            "motion_type": "static"
        },
        {
            "template_name": "037f34132f162235d80ce46f67c4fa2238d94da0",
            "translation": [
                -21.469942,
                4.470348358154297e-7,
                -7.4545297
            ],
            "rotation": [
                0.0,
                0.0,
                1.0,
                0.0
            ],
            "motion_type": "static"
        },
        {
            "template_name": "037f34132f162235d80ce46f67c4fa2238d94da0",
            "translation": [
                -19.0769405,
                4.470348358154297e-7,
                -7.4545297
            ],
            "rotation": [
                0.0,
                0.0,
                1.0,
                0.0
            ],
            "motion_type": "static"
        },
        {
            "template_name": "a51cba516320914d5a51e7c8968e4c1208720806",
            "translation": [
                -19.8191699,
                4.172325134277344e-7,
                -6.8372893
            ],
            "motion_type": "static"
        },
        {
            "template_name": "13b8c2773fb402778c37e4e118d34f60bd1ec7c9",
            "translation": [
                -10.9089212,
                2.53552570939064e-7,
                -4.2541093
            ],
            "rotation": [
                0.2303856,
                0.0,
                0.9730994,
                0.0
            ],
            "motion_type": "static"
        },
        {
            "template_name": "95c60720df5c0b8d3b59de6ac852f4d1b2d06a3f",
            "translation": [
                -15.6336688,
                4.917383193969727e-7,
                -8.2730588
            ],
            "rotation": [
                0.7071068,
                0.0,
                0.7071067,
                0.0
            ],
            "motion_type": "static",
            "non_uniform_scale": [
                0.4936625,
                0.6370319,
                0.5194177
            ]
        },
        {
            "template_name": "40a4a40f8e33f115a9ae0e30518906f45d6d8d21",
            "translation": [
                -18.6222362,
                1.4250003,
                -7.5447692
            ],
            "rotation": [
                0.4999999,
                0.4999999,
                0.5,
                -0.5
            ],
            "motion_type": "static"
        },
        {
            "template_name": "074f4cf03e1ca49d94bc8e9203429227183ae0f4",
            "translation": [
                -12.7327604,
                0.8999999,
                -3.8150098
            ],
            "rotation": [
                0.0,
                0.0,
                1.0,
                0.0
            ],
            "motion_type": "static"
        },
        {
            "template_name": "96160d32939e3ef146bb30d72d232fc6ac0d1493",
            "translation": [
                -14.8977499,
                2.384185791015625e-7,
                -3.9065897
            ],
            "rotation": [
                0.0,
                0.0,
                1.0,
                0.0
            ],
            "motion_type": "static"
        },
        {
            "template_name": "96160d32939e3ef146bb30d72d232fc6ac0d1493",
            "translation": [
                -12.8967504,
                2.384185791015625e-7,
                -3.9065897
            ],
            "rotation": [
                0.0,
                0.0,
                1.0,
                0.0
            ],
            "motion_type": "static"
        },
        {
            "template_name": "594e976022bb293106b8399780b2a9f7b2d14d13",
            "translation": [
                -10.5735111,
                4.76837158203125e-7,
                -8.1653089
            ],
            "rotation": [
                0.7071068,
                0.0,
                -0.7071067,
                0.0
            ],
            "motion_type": "static",
            "non_uniform_scale": [
                0.9448817,
                0.9999998,
                0.9448817
            ]
        },
        {
            "template_name": "78de8224260ece5c3d60024a9c4c0b80ec7502ce",
            "translation": [
                -20.3046302,
                1.7190004,
                -11.2178287
            ],
            "rotation": [
                0.7071068,
                0.7071067,
                0.0,
                0.0
            ],
            "motion_type": "static"
        },
        {
            "template_name": "78de8224260ece5c3d60024a9c4c0b80ec7502ce",
            "translation": [
                -12.5967512,
                1.7190003,
                -7.9815392
            ],
            "rotation": [
                -0.5,
                -0.5,
                0.5,
                -0.4999999
            ],
            "motion_type": "static"
        },
        {
            "template_name": "ae9ac13b579222d6f9a3459151e4562892b1aae8",
            "translation": [
                -17.7833156,
                3.2782554626464846e-7,
                -5.6369743
            ],
            "rotation": [
                0.0,
                0.0,
                1.0,
                0.0
            ],
            "motion_type": "static"
        },
        {
            "template_name": "2a3cdb0da2f902130b71e8870c165db8d2c3faec",
            "translation": [
                -20.8040008,
                1.8842002,
                -7.2223291
            ],
            "rotation": [
                0.0,
                0.0,
                0.7071068,
                -0.7071067
            ],
            "motion_type": "static"
        },
        {
            "template_name": "ccf3f0ee76dd2263f77ad90a7cec59da84e047c8",
            "translation": [
                -16.6362724,
                2.384185791015625e-7,
                -4.4913396
            ],
            "rotation": [
                0.7071068,
                0.0,
                0.7071067,
                0.0
            ],
            "motion_type": "static",
            "non_uniform_scale": [
                1.1799997,
                0.9999998,
                1.0458426
            ]
        },
        {
            "template_name": "ccf3f0ee76dd2263f77ad90a7cec59da84e047c8",
            "translation": [
                -16.6362724,
                3.5762786865234377e-7,
                -5.0763397
            ],
            "rotation": [
                0.7071068,
                0.0,
                0.7071067,
                0.0
            ],
            "motion_type": "static",
            "non_uniform_scale": [
                1.1799997,
                0.9999998,
                1.0458426
            ]
        },
        {
            "template_name": "ccf3f0ee76dd2263f77ad90a7cec59da84e047c8",
            "translation": [
                -16.6362724,
                2.384185791015625e-7,
                -3.9013397
            ],
            "rotation": [
                0.7071068,
                0.0,
                0.7071067,
                0.0
            ],
            "motion_type": "static",
            "non_uniform_scale": [
                1.1799997,
                0.9999998,
                1.0458426
            ]
        },
        {
            "template_name": "7012d891018b1eb953483234dd2176e974b524ba",
            "translation": [
                -14.6836767,
                5.066394805908203e-7,
                -8.3945245
            ],
            "rotation": [
                0.861248,
                0.0,
                -0.5081846,
                0.0
            ],
            "motion_type": "static"
        },
        {
            "template_name": "98dbf856f3251188b0317bdb86c223aaf626bb49",
            "translation": [
                -12.1771202,
                4.172325134277344e-7,
                -6.7941894
            ],
            "rotation": [
                0.7071068,
                0.0,
                0.7071067,
                0.0
            ],
            "motion_type": "static"
        },
        {
            "template_name": "341094b867eb9d6b86f227a6cc65022a840099e5",
            "translation": [
                -9.6992702,
                5.364418029785156e-7,
                -8.7767992
            ],
            "motion_type": "static"
        },
        {
            "template_name": "699d91c6061b243d95c066e0ee41aad80257fff6",
            "translation": [
                -20.4703903,
                3.7439167499542238e-7,
                -6.2822494
            ],
            "rotation": [
                0.7071068,
                0.0,
                -0.7071067,
                0.0
            ],
            "motion_type": "static"
        },
        {
            "template_name": "7c8c31b60d695dee8aa102f34cba9b2070167a48",
            "translation": [
                -17.6043205,
                6.556510925292969e-7,
                -11.0295286
            ],
            "rotation": [
                0.0,
                0.0,
                1.0,
                0.0
            ],
            "motion_type": "static"
        },
        {
            "template_name": "11d4ccea439e533416350bbaffa5325a06eb53b6",
            "translation": [
                -20.2835197,
                6.556510925292969e-7,
                -10.9853286
            ],
            "motion_type": "static",
            "non_uniform_scale": [
                1.045701,
                0.9999998,
                0.9999998
            ]
        },
        {
            "template_name": "dcbea81e77e676cd98dba9b8a74d3b52a3e35c1e",
            "translation": [
                -12.8289489,
                4.76837158203125e-7,
                -7.9728493
            ],
            "rotation": [
                0.7071068,
                0.0,
                -0.7071067,
                0.0
            ],
            "motion_type": "static"
        },
        {
            "template_name": "781c5cd56217dd8149812d135c665e4cf1a13d6a",
            "translation": [
                -19.6222438,
                0.7600005,
                -10.8996639
            ],
            "rotation": [
                0.7071068,
                0.0,
                -0.7071067,
                0.0
            ],
            "motion_type": "static"
        },
        {
            "template_name": "b684ded777786e66bb013fc00768d7f77934b618",
            "translation": [
                -19.4426898,
                3.5762786865234377e-7,
                -5.6380696
            ],
            "rotation": [
                0.0,
                0.0,
                1.0,
                0.0
            ],
            "motion_type": "static",
            "non_uniform_scale": [
                -1.0,
                0.9999998,
                1.0
            ]
        },
        {
            "template_name": "c96d9c01eeaef13563d832710c5717cd77d78648",
            "translation": [
                -11.4907197,
                3.5762786865234377e-7,
                -5.6664996
            ],
            "rotation": [
                0.0,
                0.0,
                1.0,
                0.0
            ],
            "motion_type": "static"
        },
        {
            "template_name": "c96d9c01eeaef13563d832710c5717cd77d78648",
            "translation": [
                -10.8057203,
                3.5762786865234377e-7,
                -5.6664996
            ],
            "rotation": [
                0.0,
                0.0,
                1.0,
                0.0
            ],
            "motion_type": "static"
        },
        {
            "template_name": "0486ae7dd0b011240a162dc0ff1d96e2cac23dca",
            "translation": [
                -17.1028499,
                5.960464477539063e-7,
                -10.2178287
            ],
            "rotation": [
                0.7071068,
                0.0,
                -0.7071067,
                0.0
            ],
            "motion_type": "static",
            "non_uniform_scale": [
                0.7373107,
                1.0231938,
                0.9999998
            ]
        },
        {
            "template_name": "b79121538512576ec56d645e67e30fc5ebefd858",
            "translation": [
                -20.9373226,
                0.7600005,
                -10.9383287
            ],
            "rotation": [
                0.7071068,
                0.0,
                0.7071067,
                0.0
            ],
            "motion_type": "static"
        },
        {
            "template_name": "b79121538512576ec56d645e67e30fc5ebefd858",
            "translation": [
                -15.69246,
                0.5000004,
                -8.2743692
            ],
            "rotation": [
                0.7071068,
                0.0,
                0.7071067,
                0.0
            ],
            "motion_type": "static"
        },
        {
            "template_name": "61a131995f3686c7f108035db90bc6935c2a4157",
            "translation": [
                -11.7936401,
                0.72518,
                -3.6077497
            ],
            "rotation": [
                0.0,
                0.0,
                0.7071068,
                -0.7071067
            ],
            "motion_type": "static"
        },
        {
            "template_name": "61a131995f3686c7f108035db90bc6935c2a4157",
            "translation": [
                -19.4612808,
                0.7251802,
                -5.3780798
            ],
            "rotation": [
                0.0,
                0.0,
                0.7071068,
                -0.7071067
            ],
            "motion_type": "static"
        },
        {
            "template_name": "09e599992f18de94f1b6b5c81ca53e47f8ff05de",
            "translation": [
                -19.0871601,
                6.556510925292969e-7,
                -10.7726593
            ],
            "motion_type": "static"
        },
        {
            "template_name": "09e599992f18de94f1b6b5c81ca53e47f8ff05de",
            "translation": [
                -21.4478397,
                6.258487701416016e-7,
                -10.7368488
            ],
            "motion_type": "static"
        },
        {
            "template_name": "2b888cc70c8193c8fcb04f4b9cdc1eeb2d82087a",
            "translation": [
                -12.8465003,
                1.825,
                -3.6065948
            ],
            "rotation": [
                0.0,
                0.0,
                0.7071068,
                -0.7071067
            ],
            "motion_type": "static"
        },
        {
            "template_name": "f018166600fafb4377f477b7fcdd41db9a87f6ce",
            "translation": [
                -14.7997999,
                1.825,
                -3.6063446
            ],
            "rotation": [
                0.0,
                0.0,
                0.7071068,
                -0.7071067
            ],
            "motion_type": "static"
        },
        {
            "template_name": "4b431407f01d649c473711ff5e63f120fbb42862",
            "translation": [
                -16.8464298,
                1.4250004,
                -9.0430936
            ],
            "rotation": [
                0.7071068,
                0.7071067,
                0.0,
                0.0
            ],
            "motion_type": "static"
        },
        {
            "template_name": "1cc80590ed1037197f74cd8c2b66069a7cd350a0",
            "translation": [
                -19.7821807,
                1.8842002,
                -7.2223291
            ],
            "rotation": [
                0.0,
                0.0,
                0.7071068,
                -0.7071067
            ],
            "motion_type": "static"
        },
        {
            "template_name": "91e2ed8e1f5bdbb58f6ac245c4bed2c0c17c4cb7",
            "translation": [
                -16.9124202,
                0.0010002,
                -5.6155896
            ],
            "rotation": [
                0.7071068,
                0.0,
                -0.7071067,
                0.0
            ],
            "motion_type": "static"
        },
        {
            "template_name": "3d3d793dc34d2b5deab0cd46a420377163dd4b2c",
            "translation": [
                -12.79675,
                5.364418029785156e-7,
                -8.7827692
            ],
            "rotation": [
                0.7071068,
                0.0,
                -0.7071067,
                0.0
            ],
            "motion_type": "static",
            "non_uniform_scale": [
                0.9041588,
                1.1999999,
                0.9041588
            ]
        },
        {
            "template_name": "a3e00bd6988f75faadbc9865302e24caa9202421",
            "translation": [
                -13.4969997,
                2.384185791015625e-7,
                -3.9252698
            ],
            "rotation": [
                0.0,
                0.0,
                1.0,
                0.0
            ],
            "motion_type": "static"
        },
        {
            "template_name": "3a964f0fe562a2629a62243fe351b421991a485a",
            "translation": [
                -20.5496292,
                1.0937503,
                -7.0723295
            ],
            "rotation": [
                0.7071068,
                0.7071067,
                0.0,
                0.0
            ],
            "motion_type": "static"
        },
        {
            "template_name": "3a964f0fe562a2629a62243fe351b421991a485a",
            "translation": [
                -12.04642,
                1.0937502,
                -5.3064799
            ],
            "rotation": [
                0.7071068,
                0.7071067,
                0.0,
                0.0
            ],
            "motion_type": "static"
        },
        {
            "template_name": "b5f4e2203c2d21f6ae375436b72975d277125bed",
            "translation": [
                -9.9071397,
                1.7881393432617188e-7,
                -4.8418793
            ],
            "rotation": [
                0.0,
                0.0,
                1.0,
                0.0
            ],
            "motion_type": "static",
            "non_uniform_scale": [
                -0.9999998,
                0.9999998,
                0.9999998
            ]
        },
        {
            "template_name": "74c731f0fbabe83250821f9dcdbd338a2955a926",
            "translation": [
                -10.1363296,
                4.76837158203125e-7,
                -8.1699991
            ],
            "rotation": [
                0.7071068,
                0.0,
                -0.7071067,
                0.0
            ],
            "motion_type": "static"
        },
        {
            "template_name": "74c731f0fbabe83250821f9dcdbd338a2955a926",
            "translation": [
                -11.0413093,
                4.76837158203125e-7,
                -8.1635293
            ],
            "rotation": [
                0.7071068,
                0.0,
                0.7071067,
                0.0
            ],
            "motion_type": "static"
        },
        {
            "template_name": "c26b16c8dfdba6600221a57542782292c15e983b",
            "translation": [
                -21.2996406,
                3.5762786865234377e-7,
                -6.2266693
            ],
            "rotation": [
                0.7071068,
                0.0,
                0.7071067,
                0.0
            ],
            "motion_type": "static",
            "non_uniform_scale": [
                1.0623536,
                0.9999998,
                1.0470161
            ]
        },
        {
            "template_name": "66acb9f68bede308384a05b8167577d67885d6a2",
            "translation": [
                -12.4467496,
                1.8555401,
                -7.8220691
            ],
            "rotation": [
                0.4999999,
                0.4999999,
                0.5,
                -0.5
            ],
            "motion_type": "static"
        },
        {
            "template_name": "66acb9f68bede308384a05b8167577d67885d6a2",
            "translation": [
                -9.4496402,
                1.8555401,
                -6.6267299
            ],
            "rotation": [
                -0.5,
                -0.5,
                0.5,
                -0.4999999
            ],
            "motion_type": "static"
        },
        {
            "template_name": "d75867a5c05d6d9c604b153e5da23b071585d0fd",
            "translation": [
                -10.5888204,
                4.76837158203125e-7,
                -8.470479
            ],
            "motion_type": "static"
        },
        {
            "template_name": "09843c7d1af4d42f2c34c69e80992049361770dd",
            "translation": [
                -18.4388389,
                4.470348358154297e-7,
                -7.2583694
            ],
            "motion_type": "static"
        },
        {
            "template_name": "2f57f45e18369078a87321d01b5d6ab37ff7664f",
            "translation": [
                -14.2974996,
                2.384185791015625e-7,
                -3.9063398
            ],
            "rotation": [
                0.0,
                0.0,
                1.0,
                0.0
            ],
            "motion_type": "static"
        },
        {
            "template_name": "6390cbe813d8715d580974eaeb12cc14716ae9bd",
            "translation": [
                -21.774641,
                1.7000001,
                -8.3769693
            ],
            "rotation": [
                0.4999999,
                0.4999999,
                0.5,
                -0.5
            ],
            "motion_type": "static"
        },
        {
            "template_name": "16ed94e42536cb7cdeeaa42095eaad1950dfb811",
            "translation": [
                -19.0770606,
                0.6100003,
                -7.4479694
            ],
            "rotation": [
                0.7071068,
                0.0,
                -0.7071067,
                0.0
            ],
            "motion_type": "static"
        },
        {
            "template_name": "16ed94e42536cb7cdeeaa42095eaad1950dfb811",
            "translation": [
                -21.4700622,
                0.6100003,
                -7.4379696
            ],
            "rotation": [
                0.7071068,
                0.0,
                -0.7071067,
                0.0
            ],
            "motion_type": "static"
        },
        {
            "template_name": "ef25a47c50541dda6a93126ebc1f46a2ab48228b",
            "translation": [
                -11.1101999,
                2.980232238769531e-7,
                -5.0712294
            ],
            "motion_type": "static"
        },
        {
            "template_name": "204-7",
            "translation": [
                -15.8234596,
                1.2200001,
                -3.5313398
            ],
            "motion_type": "static",
            "non_uniform_scale": [
                -1.0,
                0.9999998,
                0.9999998
            ]
        },
        {
            "template_name": "3754-13",
            "translation": [
                -13.7952003,
                1.8000003,
                -3.5313398
            ],
            "rotation": [
                0.0,
                0.0,
                1.0,
                0.0
            ],
            "motion_type": "static",
            "non_uniform_scale": [
                -1.0,
                0.9999998,
                0.9999998
            ]
        },
        {
            "template_name": "3754-14",
            "translation": [
                -10.9491796,
                1.7,
                -3.5313398
            ],
            "motion_type": "static",
            "non_uniform_scale": [
                -1.0,
                0.9999998,
                0.9999998
            ]
        },
        {
            "template_name": "209-17",
            "translation": [
                -10.7506494,
                1.2200005,
                -9.1180992
            ],
            "motion_type": "static"
        },
        {
            "template_name": "3754-14",
            "translation": [
                -17.7902202,
                1.7000001,
                -5.3016695
            ],
            "rotation": [
                0.0,
                0.0,
                1.0,
                0.0
            ],
            "motion_type": "static",
            "non_uniform_scale": [
                -1.0,
                0.9999998,
                0.9999998
            ]
        },
        {
            "template_name": "3754-14",
            "translation": [
                -20.2718696,
                1.7000001,
                -5.3016695
            ],
            "rotation": [
                0.0,
                0.0,
                1.0,
                0.0
            ],
            "motion_type": "static",
            "non_uniform_scale": [
                -1.0,
                0.9999998,
                0.9999998
            ]
        },
        {
            "template_name": "209-17",
            "translation": [
                -13.8480806,
                1.2200005,
                -9.1180992
            ],
            "motion_type": "static",
            "non_uniform_scale": [
                -1.0,
                0.9999998,
                0.9999998
            ]
        },
        {
            "template_name": "209-17",
            "translation": [
                -15.4734201,
                1.2200005,
                -9.1180992
            ],
            "motion_type": "static",
            "non_uniform_scale": [
                -1.0,
                0.9999998,
                0.9999998
            ]
        },
        {
            "template_name": "3754-15",
            "translation": [
                -21.8496379,
                1.7000005,
                -9.8632793
            ],
            "rotation": [
                0.7071067,
                0.0,
                0.7071067,
                0.0
            ],
            "motion_type": "static",
            "non_uniform_scale": [
                -0.9999998,
                0.9999998,
                0.9999998
            ]
        },
        {
            "template_name": "209-17",
            "translation": [
                -18.4949893,
                1.2200006,
                -11.2928295
            ],
            "motion_type": "static",
            "non_uniform_scale": [
                -1.0,
                0.9999998,
                0.9999998
            ]
        }
    ],
    "articulated_object_instances": [],
    "stage_instance": {
        "template_name": "stages/106366248_174226527",
        "motion_type": "static"
    },
    "pbr_shader_region_configs": {},
    "user_defined": {
        "scene_filter_file": "scene_filter_files/106366248_174226527.rec_filter.json"
    }
}