{
    "translation_origin": "asset_local",
    "default_lighting": "",
    "navmesh_instance": "",
    "semantic_scene_instance": "hssd_ssd_map",
    "default_pbr_shader_config": "./data/default.pbr_config.json",
    "object_instances": [
        {
            "template_name": "1c094fa03158472435f319ff499aef6f7b9ff883",
            "translation": [
                -5.4226398,
                0.0110003,
                -6.8709192
            ],
            "motion_type": "static"
        },
        {
            "template_name": "3bd3f3a882da9283719fe1d238ad49d88760d0c3",
            "translation": [
                -6.4117798,
                3.8743019104003908e-7,
                -6.3726696
            ],
            "motion_type": "static"
        },
        {
            "template_name": "5e74de078d0d0bd18ecb9f41feb1fd2aef42d478",
            "translation": [
                -4.3161897,
                3.5762786865234377e-7,
                -6.6311793
            ],
            "rotation": [
                0.1769091,
                0.0,
                0.9842271,
                0.0
            ],
            "motion_type": "static"
        },
        {
            "template_name": "e1d30ae83996db2ab653f342d27a5b316b762979",
            "translation": [
                -11.3307685,
                0.9000002,
                -4.5619993
            ],
            "rotation": [
                0.0010149,
                0.0,
                0.9999994,
                0.0
            ],
            "motion_type": "static"
        },
        {
            "template_name": "d5c5e640f1c2a0b20c9c8a53d5bfed23da35f925",
            "translation": [
                5.8816399,
                1.4901161193847657e-8,
                -0.2505699
            ],
            "rotation": [
                0.0,
                0.0,
                1.0,
                0.0
            ],
            "motion_type": "static"
        },
        {
            "template_name": "d5c5e640f1c2a0b20c9c8a53d5bfed23da35f925",
            "translation": [
                5.9281401,
                8.940696716308594e-8,
                -1.3840198
            ],
            "motion_type": "static"
        },
        {
            "template_name": "d5c5e640f1c2a0b20c9c8a53d5bfed23da35f925",
            "translation": [
                4.8225498,
                1.4901161193847657e-8,
                -0.2525699
            ],
            "rotation": [
                0.0,
                0.0,
                1.0,
                0.0
            ],
            "motion_type": "static"
        },
        {
            "template_name": "d5c5e640f1c2a0b20c9c8a53d5bfed23da35f925",
            "translation": [
                4.8226799,
                8.940696716308594e-8,
                -1.45848
            ],
            "motion_type": "static"
        },
        {
            "template_name": "d6624608fa15c1bfe4e424eba4c5dd455bc84050",
            "translation": [
                -1.06444,
                0.6799998,
                0.7439099
            ],
            "motion_type": "static"
        },
        {
            "template_name": "1d546f7ce3e3c5ca01b60041b56d9ab5f702a644",
            "translation": [
                -4.7783999,
                1.52225,
                -9.7052993
            ],
            "rotation": [
                0.7071068,
                0.7071067,
                0.0,
                0.0
            ],
            "motion_type": "static",
            "non_uniform_scale": [
                1.0,
                0.9999998,
                1.5659011
            ]
        },
        {
            "template_name": "1d546f7ce3e3c5ca01b60041b56d9ab5f702a644",
            "translation": [
                -6.1615405,
                1.5509699,
                -9.7052993
            ],
            "rotation": [
                0.7071068,
                0.7071067,
                0.0,
                0.0
            ],
            "motion_type": "static",
            "non_uniform_scale": [
                1.0,
                0.9999998,
                1.5659011
            ]
        },
        {
            "template_name": "1370b0fb20e3fb98e25a86c30291ee80177bb20e",
            "translation": [
                0.1865997,
                -5.960464477539063e-8,
                0.9435299
            ],
            "rotation": [
                0.7071068,
                0.0,
                0.7071067,
                0.0
            ],
            "motion_type": "static",
            "non_uniform_scale": [
                1.1513849,
                0.9999998,
                0.9999998
            ]
        },
        {
            "template_name": "b42ca21f552e5ff52fbb7bd7de2955c78bc592a7",
            "translation": [
                -6.6221995,
                2.6550197,
                0.340155
            ],
            "rotation": [
                0.7071068,
                0.7071067,
                0.0,
                0.0
            ],
            "motion_type": "static"
        },
        {
            "template_name": "b42ca21f552e5ff52fbb7bd7de2955c78bc592a7",
            "translation": [
                -0.2113649,
                2.6550202,
                -7.9592695
            ],
            "rotation": [
                -0.5,
                -0.5,
                0.5,
                -0.4999999
            ],
            "motion_type": "static"
        },
        {
            "template_name": "b42ca21f552e5ff52fbb7bd7de2955c78bc592a7",
            "translation": [
                -3.64924,
                2.6176798,
                -3.2507545
            ],
            "rotation": [
                0.7071068,
                0.7071067,
                0.0,
                0.0
            ],
            "motion_type": "static"
        },
        {
            "template_name": "b02ea85fdb1a9157f4bf09680294393f90648085",
            "translation": [
                -4.1667499,
                1.7500002,
                -6.5973944
            ],
            "rotation": [
                0.7071068,
                0.7071067,
                0.0,
                0.0
            ],
            "motion_type": "static"
        },
        {
            "template_name": "b02ea85fdb1a9157f4bf09680294393f90648085",
            "translation": [
                -5.2073531,
                1.7500002,
                -6.3006572
            ],
            "rotation": [
                0.6958218,
                0.6958218,
                -0.125825,
                0.125825
            ],
            "motion_type": "static"
        },
        {
            "template_name": "641605b7969986b87e12fe2361ddd0d28ddfebb5",
            "translation": [
                -4.5956125,
                3.5762786865234377e-7,
                -5.9708671
            ],
            "rotation": [
                0.9814906,
                0.0,
                -0.1915096,
                0.0
            ],
            "motion_type": "static"
        },
        {
            "template_name": "6edb72ff1959e26a1d7c66976786c85129df83a4",
            "translation": [
                -6.7291998,
                4.023313522338867e-7,
                -6.6458597
            ],
            "rotation": [
                0.7071068,
                0.0,
                0.7071067,
                0.0
            ],
            "motion_type": "static"
        },
        {
            "template_name": "b728cc955a2446b78b59de9f4ca49a986dc6528f",
            "translation": [
                -8.8364105,
                1.5607099,
                -6.3214569
            ],
            "rotation": [
                -0.4978136,
                -0.4978134,
                0.5021768,
                -0.5021768
            ],
            "motion_type": "static"
        },
        {
            "template_name": "a59205db06e99925d8fdf6c9c15b4ea223d0ad50",
            "translation": [
                -0.67373,
                1.7499996,
                1.0100599
            ],
            "rotation": [
                0.0,
                0.0,
                0.7071068,
                -0.7071067
            ],
            "motion_type": "static"
        },
        {
            "template_name": "a50a4618218d207822655304b02711b63bd4e2f4",
            "translation": [
                -8.4243259,
                1.7499996,
                -3.8758404
            ],
            "rotation": [
                0.5021768,
                0.5021768,
                0.4978136,
                -0.4978134
            ],
            "motion_type": "static"
        },
        {
            "template_name": "2367cabe1d5da5ab05dc74e46a2c15c3a81ba33a",
            "translation": [
                -3.7801599,
                1.7881393432617188e-7,
                -2.8357498
            ],
            "rotation": [
                0.7071068,
                0.0,
                0.7071067,
                0.0
            ],
            "motion_type": "static"
        },
        {
            "template_name": "d564a9dfddaed66661ac318ff1e3c7b62b99f0ee",
            "translation": [
                -9.5374507,
                2.7999997,
                -1.5133297
            ],
            "rotation": [
                0.0,
                0.0,
                1.0,
                0.0
            ],
            "motion_type": "static"
        },
        {
            "template_name": "e07fd672e2b98c1841dc3f98894ee596d948c828",
            "translation": [
                -6.6091446,
                -1.1920928955078126e-7,
                1.9446748
            ],
            "rotation": [
                -0.0002735,
                0.0,
                0.9999998,
                0.0
            ],
            "motion_type": "static"
        },
        {
            "template_name": "4e2b33c2792d3b207a6e7cd685645fa7a92441cb",
            "translation": [
                1.6046148,
                1.75,
                -4.4653396
            ],
            "rotation": [
                -0.5,
                -0.5,
                0.5,
                -0.4999999
            ],
            "motion_type": "static"
        },
        {
            "template_name": "9a8ae3d04c11b451d815d3794987d12c31632ce8",
            "translation": [
                -2.98672,
                5.960464477539063e-7,
                -9.6682996
            ],
            "motion_type": "static",
            "non_uniform_scale": [
                1.0,
                0.5971484,
                1.0
            ]
        },
        {
            "template_name": "9a8ae3d04c11b451d815d3794987d12c31632ce8",
            "translation": [
                -1.2009799,
                5.960464477539063e-7,
                -9.6682996
            ],
            "motion_type": "static",
            "non_uniform_scale": [
                1.0,
                0.5971484,
                1.0
            ]
        },
        {
            "template_name": "9d0b75962ab317e1bce7197823cbff9f101cee77",
            "translation": [
                -6.7886357,
                1.7500002,
                -5.0391397
            ],
            "rotation": [
                0.4999999,
                0.4999999,
                0.5,
                -0.5
            ],
            "motion_type": "static"
        },
        {
            "template_name": "504dae1ab05de85b97374d3e95d6534ae35a1f6a",
            "translation": [
                -6.7398438,
                1.6740303,
                -8.8497829
            ],
            "rotation": [
                0.4856396,
                0.4856395,
                0.5139594,
                -0.5139592
            ],
            "motion_type": "static",
            "non_uniform_scale": [
                1.2727272,
                0.9999998,
                1.0133328
            ]
        },
        {
            "template_name": "34170a3abede075d1e15942197394d95ee063bf7",
            "translation": [
                -3.6024899,
                2.384185791015625e-7,
                -3.7290599
            ],
            "rotation": [
                0.7071068,
                0.0,
                0.7071067,
                0.0
            ],
            "motion_type": "static"
        },
        {
            "template_name": "bcffb4ec757c1814f37a0ef8a8f350a430aed2c9",
            "translation": [
                -11.7347097,
                2.384185791015625e-7,
                -4.2239193
            ],
            "rotation": [
                0.0919402,
                0.0,
                0.9957643,
                0.0
            ],
            "motion_type": "static"
        },
        {
            "template_name": "7a48a217308b82fd2308403995339d717ea80aa9",
            "translation": [
                -7.2326002,
                4.172325134277344e-7,
                -7.0314197
            ],
            "rotation": [
                0.7071068,
                0.0,
                -0.7071067,
                0.0
            ],
            "motion_type": "static"
        },
        {
            "template_name": "7a48a217308b82fd2308403995339d717ea80aa9",
            "translation": [
                -8.0659503,
                4.172325134277344e-7,
                -7.0314197
            ],
            "rotation": [
                0.7071068,
                0.0,
                0.7071067,
                0.0
            ],
            "motion_type": "static"
        },
        {
            "template_name": "a536e8f30b7941256dfd8a5b8d93903011987572",
            "translation": [
                -3.0526099,
                2.086162567138672e-7,
                -3.6502897
            ],
            "rotation": [
                0.7071068,
                0.0,
                -0.7071067,
                0.0
            ],
            "motion_type": "static"
        },
        {
            "template_name": "f3730be66647ef3908608ea2b504e11c5340cd64",
            "translation": [
                -0.13116,
                0.6799997,
                0.72788
            ],
            "rotation": [
                0.0,
                0.0,
                1.0,
                0.0
            ],
            "motion_type": "static"
        },
        {
            "template_name": "eef2341f3bed67078f416269ea1b8a6252a21d45",
            "translation": [
                -9.7294902,
                4.172325134277344e-7,
                -7.1618995
            ],
            "rotation": [
                0.9999961,
                0.0,
                -0.0027801,
                0.0
            ],
            "motion_type": "static"
        },
        {
            "template_name": "ed5f9d17e062354b417e92ba2b4a816661a43141",
            "translation": [
                -6.7886404,
                2.68982,
                -2.9252996
            ],
            "rotation": [
                0.4999999,
                0.4999999,
                0.5,
                -0.5
            ],
            "motion_type": "static"
        },
        {
            "template_name": "ed5f9d17e062354b417e92ba2b4a816661a43141",
            "translation": [
                0.2664898,
                2.2335298,
                -0.1253398
            ],
            "rotation": [
                0.4999999,
                0.4999999,
                0.5,
                -0.5
            ],
            "motion_type": "static"
        },
        {
            "template_name": "ed5f9d17e062354b417e92ba2b4a816661a43141",
            "translation": [
                -7.8293099,
                2.3553597,
                3.0746099
            ],
            "rotation": [
                -0.5,
                -0.5,
                0.5,
                -0.4999999
            ],
            "motion_type": "static"
        },
        {
            "template_name": "ed5f9d17e062354b417e92ba2b4a816661a43141",
            "translation": [
                -4.08076,
                2.4517803,
                -9.8552989
            ],
            "rotation": [
                0.0,
                0.0,
                0.7071068,
                -0.7071067
            ],
            "motion_type": "static"
        },
        {
            "template_name": "ed5f9d17e062354b417e92ba2b4a816661a43141",
            "translation": [
                -0.06136,
                2.5516104,
                -9.5251989
            ],
            "rotation": [
                0.4999999,
                0.4999999,
                0.5,
                -0.5
            ],
            "motion_type": "static"
        },
        {
            "template_name": "a9f9c25845997bb64dac9e552c2fe900d86bb5cb",
            "translation": [
                -11.7438602,
                1.1920928955078126e-7,
                -2.2416498
            ],
            "motion_type": "static"
        },
        {
            "template_name": "a2a1ec31ab47a0a637616de59901ec2eb4163855",
            "translation": [
                -6.3621759,
                1.9505703,
                -6.875565
            ],
            "rotation": [
                0.0350552,
                0.0350552,
                0.7062373,
                -0.706237
            ],
            "motion_type": "static"
        },
        {
            "template_name": "b2a3170effd0ed0a47d335793daaf91d0599c295",
            "translation": [
                -0.2241698,
                -5.960464477539063e-8,
                1.4844497
            ],
            "motion_type": "static"
        },
        {
            "template_name": "dcb1a1b641a5441628a79be4811dcb71f4640a19",
            "translation": [
                0.4792945,
                2.980232238769531e-7,
                -4.7978897
            ],
            "rotation": [
                0.9999731,
                0.0,
                0.007298,
                0.0
            ],
            "motion_type": "static"
        },
        {
            "template_name": "d61b37ab12aa4dd3629230b616dc7fcb3db62035_part_1",
            "translation": [
                -9.5299901,
                8.940696716308594e-8,
                -1.4766699
            ],
            "rotation": [
                0.0,
                0.0,
                1.0,
                0.0
            ],
            "motion_type": "static"
        },
        {
            "template_name": "d61b37ab12aa4dd3629230b616dc7fcb3db62035_part_2",
            "translation": [
                -9.1919384,
                1.1920928955078126e-7,
                -1.9462076
            ],
            "rotation": [
                0.0,
                0.0,
                1.0,
                0.0
            ],
            "motion_type": "static"
        },
        {
            "template_name": "d61b37ab12aa4dd3629230b616dc7fcb3db62035_part_2",
            "translation": [
                -8.7228431,
                5.960464477539063e-8,
                -1.47667
            ],
            "rotation": [
                0.7071071,
                0.0,
                0.7071064,
                0.0
            ],
            "motion_type": "static"
        },
        {
            "template_name": "d61b37ab12aa4dd3629230b616dc7fcb3db62035_part_2",
            "translation": [
                -9.8680419,
                1.1920928955078126e-7,
                -1.9462074
            ],
            "rotation": [
                0.0,
                0.0,
                1.0,
                0.0
            ],
            "motion_type": "static"
        },
        {
            "template_name": "d61b37ab12aa4dd3629230b616dc7fcb3db62035_part_2",
            "translation": [
                -10.3371372,
                0.0,
                -1.4766695
            ],
            "rotation": [
                0.7071079,
                0.0,
                -0.7071055,
                0.0
            ],
            "motion_type": "static"
        },
        {
            "template_name": "d61b37ab12aa4dd3629230b616dc7fcb3db62035_part_2",
            "translation": [
                -9.8680419,
                -1.1920928955078126e-7,
                -1.007132
            ],
            "motion_type": "static"
        },
        {
            "template_name": "d61b37ab12aa4dd3629230b616dc7fcb3db62035_part_2",
            "translation": [
                -9.1919384,
                2.9802322387695315e-8,
                -1.0071325
            ],
            "motion_type": "static"
        },
        {
            "template_name": "25949c55f620cb15ac7a3ee28625d5e17cca7757",
            "translation": [
                -10.8002004,
                1.7499996,
                0.1901499
            ],
            "rotation": [
                0.0,
                0.0,
                0.7071068,
                -0.7071067
            ],
            "motion_type": "static"
        },
        {
            "template_name": "cf14514957dc6606f15bb9d581974a69b7887826",
            "translation": [
                0.436015,
                1.7881393432617188e-7,
                -2.8421247
            ],
            "rotation": [
                0.0,
                0.0,
                1.0,
                0.0
            ],
            "motion_type": "static"
        },
        {
            "template_name": "fd5b1103e2d293b6e9e99b38f0f52dc567c5a2a7",
            "translation": [
                -5.8993401,
                3.999999,
                -8.7538595
            ],
            "rotation": [
                0.0,
                0.0,
                1.0,
                0.0
            ],
            "motion_type": "static"
        },
        {
            "template_name": "8015208bba01eeaf745f18bd63a70cd3e43fe81d",
            "translation": [
                -5.1651501,
                1.7881393432617188e-7,
                -3.1579596
            ],
            "motion_type": "static"
        },
        {
            "template_name": "265114799460fcd58e282c00c5e60be3ab5e9148",
            "translation": [
                -0.8029199,
                4.470348358154297e-7,
                -7.5938591
            ],
            "rotation": [
                0.7127078,
                0.0,
                0.7014607,
                0.0
            ],
            "motion_type": "static"
        },
        {
            "template_name": "6307285e5f2c4825969758ded4ac020ed093ac53",
            "translation": [
                -5.1479401,
                1.3224780559539796e-7,
                -2.2132897
            ],
            "motion_type": "static"
        },
        {
            "template_name": "618429ffac2e74595db1e0952548d3bffb2c6842",
            "translation": [
                -4.9213199,
                2.0013298,
                -3.2507545
            ],
            "rotation": [
                0.7071068,
                0.7071067,
                0.0,
                0.0
            ],
            "motion_type": "static"
        },
        {
            "template_name": "31ee5239cf452a0efb674356b0ee58608f626311",
            "translation": [
                -1.83036,
                2.7999999,
                -1.5779898
            ],
            "motion_type": "static"
        },
        {
            "template_name": "31ee5239cf452a0efb674356b0ee58608f626311",
            "translation": [
                -10.2871303,
                2.8000001,
                -5.6511993
            ],
            "rotation": [
                0.7040147,
                0.0,
                0.7101852,
                0.0
            ],
            "motion_type": "static"
        },
        {
            "template_name": "1c6ed193be6be328b2df8d5e5d083d3cacd5ecd9",
            "translation": [
                -6.7440505,
                2.7999997,
                1.5320401
            ],
            "motion_type": "static"
        },
        {
            "template_name": "6ece1a15f0f508aab2371808d58eefa8420cf725",
            "translation": [
                -5.3113298,
                0.7900003,
                -6.2476797
            ],
            "rotation": [
                0.9800338,
                0.0,
                -0.1988309,
                0.0
            ],
            "motion_type": "static"
        },
        {
            "template_name": "48e26ef9b82dea6a528a63804e477f747dc02f73",
            "translation": [
                -3.1422548,
                1.7499996,
                0.9957848
            ],
            "rotation": [
                0.0,
                0.0,
                0.7071068,
                -0.7071067
            ],
            "motion_type": "static"
        },
        {
            "template_name": "c787b4f8b9c770c1a1fe0cfb8f383bb5ce09b091",
            "translation": [
                -8.7211103,
                2.086162567138672e-7,
                -3.7063398
            ],
            "rotation": [
                0.0043632,
                0.0,
                0.9999904,
                0.0
            ],
            "motion_type": "static"
        },
        {
            "template_name": "78e8c0bb62e3ef33af7e1635ca30986837e5ecea",
            "translation": [
                -5.42066,
                0.6000002,
                -3.5107798
            ],
            "rotation": [
                0.0,
                0.0,
                1.0,
                0.0
            ],
            "motion_type": "static"
        },
        {
            "template_name": "ec684864ea52cd62d5c4c7b2ed642adcb8b16a12",
            "translation": [
                -5.9386401,
                4.591420292854309e-7,
                -7.7052993
            ],
            "rotation": [
                0.0,
                0.0,
                1.0,
                0.0
            ],
            "motion_type": "static"
        },
        {
            "template_name": "404146070e071454f055cfe3be7811fcdcb7ddbd",
            "translation": [
                -9.1288452,
                4.172325134277344e-7,
                -7.0352401
            ],
            "rotation": [
                0.9999939,
                0.0,
                0.0034149,
                0.0
            ],
            "motion_type": "static",
            "non_uniform_scale": [
                0.9999998,
                1.202749,
                0.9999998
            ]
        },
        {
            "template_name": "4552d971acc237a0c1f568d7093740bef1592fd1",
            "translation": [
                -9.0669298,
                2.384185791015625e-7,
                -3.7595095
            ],
            "rotation": [
                0.0043632,
                0.0,
                0.9999904,
                0.0
            ],
            "motion_type": "static"
        },
        {
            "template_name": "7d0ea89ff0407744a6989714223ef8a73d117d8f",
            "translation": [
                4.8678097,
                7.152557373046875e-7,
                -12.5950584
            ],
            "rotation": [
                0.0,
                0.0,
                1.0,
                0.0
            ],
            "motion_type": "static"
        },
        {
            "template_name": "7d0ea89ff0407744a6989714223ef8a73d117d8f",
            "translation": [
                4.8419499,
                7.152557373046875e-7,
                -10.5649194
            ],
            "rotation": [
                0.0,
                0.0,
                1.0,
                0.0
            ],
            "motion_type": "static"
        },
        {
            "template_name": "7d0ea89ff0407744a6989714223ef8a73d117d8f",
            "translation": [
                4.8548798,
                4.76837158203125e-7,
                -8.5095291
            ],
            "rotation": [
                0.0,
                0.0,
                1.0,
                0.0
            ],
            "motion_type": "static"
        },
        {
            "template_name": "7d0ea89ff0407744a6989714223ef8a73d117d8f",
            "translation": [
                4.9065999,
                4.76837158203125e-7,
                -6.5822196
            ],
            "rotation": [
                0.7071068,
                0.0,
                0.7071067,
                0.0
            ],
            "motion_type": "static"
        },
        {
            "template_name": "7d0ea89ff0407744a6989714223ef8a73d117d8f",
            "translation": [
                4.9065999,
                2.384185791015625e-7,
                -4.6425895
            ],
            "motion_type": "static"
        },
        {
            "template_name": "7d0ea89ff0407744a6989714223ef8a73d117d8f",
            "translation": [
                4.9195299,
                2.384185791015625e-7,
                -2.6641798
            ],
            "rotation": [
                0.0,
                0.0,
                1.0,
                0.0
            ],
            "motion_type": "static"
        },
        {
            "template_name": "7d0ea89ff0407744a6989714223ef8a73d117d8f",
            "translation": [
                4.9239897,
                0.0,
                0.8391497
            ],
            "rotation": [
                0.0,
                0.0,
                1.0,
                0.0
            ],
            "motion_type": "static"
        },
        {
            "template_name": "7d0ea89ff0407744a6989714223ef8a73d117d8f",
            "translation": [
                4.9496698,
                -2.384185791015625e-7,
                2.7344996
            ],
            "motion_type": "static"
        },
        {
            "template_name": "7d0ea89ff0407744a6989714223ef8a73d117d8f",
            "translation": [
                4.9717698,
                -2.384185791015625e-7,
                4.6840496
            ],
            "motion_type": "static"
        },
        {
            "template_name": "7d0ea89ff0407744a6989714223ef8a73d117d8f",
            "translation": [
                4.89367,
                9.5367431640625e-7,
                -14.5993289
            ],
            "rotation": [
                0.0,
                0.0,
                1.0,
                0.0
            ],
            "motion_type": "static"
        },
        {
            "template_name": "7d0ea89ff0407744a6989714223ef8a73d117d8f",
            "translation": [
                4.8255901,
                9.5367431640625e-7,
                -16.5667381
            ],
            "rotation": [
                0.0,
                0.0,
                1.0,
                0.0
            ],
            "motion_type": "static"
        },
        {
            "template_name": "6be4d96de50b8749ae932608719b2290a585f9ce",
            "translation": [
                -11.0713453,
                0.9000002,
                -4.6379656
            ],
            "rotation": [
                -0.0032283,
                0.0,
                0.9999948,
                0.0
            ],
            "motion_type": "static"
        },
        {
            "template_name": "95c48a9ba1e1531fe26ca7068d11f3e3ebdf178c",
            "translation": [
                -3.1416501,
                -1.1920928955078126e-7,
                1.0721596
            ],
            "rotation": [
                -0.7066751,
                0.0,
                0.707538,
                0.0
            ],
            "motion_type": "static"
        },
        {
            "template_name": "970959aaf829480f960e79ec9c5fbeab32a5ac05",
            "translation": [
                -5.7580003,
                -4.9999995,
                -4.6060128
            ],
            "rotation": [
                0.0,
                0.0,
                1.0,
                0.0
            ],
            "motion_type": "static",
            "non_uniform_scale": [
                1.0,
                0.9999998,
                0.5600665
            ]
        },
        {
            "template_name": "83fb4040f44075db2a6efa562d612d8406a312f5",
            "translation": [
                -11.9525451,
                1.05042,
                -6.0054459
            ],
            "rotation": [
                0.7071068,
                0.0,
                0.7071067,
                0.0
            ],
            "motion_type": "static",
            "non_uniform_scale": [
                2.1212115,
                2.7910389,
                1.0909086
            ]
        },
        {
            "template_name": "76a85ba927f4aed3a8153edcb464231077c3e673",
            "translation": [
                0.3893409,
                3.2999997,
                -3.8188729
            ],
            "rotation": [
                0.9999619,
                0.0,
                0.0087264,
                0.0
            ],
            "motion_type": "static"
        },
        {
            "template_name": "266d651c9d95fdd5a91ccc57d2307db389adc4d7",
            "translation": [
                -11.3903532,
                1.7495502,
                -3.4274089
            ],
            "rotation": [
                0.7070999,
                0.7070999,
                -0.0030853,
                0.0030853
            ],
            "motion_type": "static"
        },
        {
            "template_name": "26dcf95ab84ca558a39163e8d4843edd19a7e47c",
            "translation": [
                -7.5711236,
                1.75,
                -3.4108889
            ],
            "rotation": [
                0.7070999,
                0.7070999,
                -0.0030853,
                0.0030853
            ],
            "motion_type": "static"
        },
        {
            "template_name": "e31c405a5222b81f6fcb1e2e8326d2efff00097f",
            "translation": [
                -4.1710352,
                1.1920928955078126e-7,
                -1.8070497
            ],
            "rotation": [
                0.7071068,
                0.0,
                -0.7071067,
                0.0
            ],
            "motion_type": "static"
        },
        {
            "template_name": "e31c405a5222b81f6fcb1e2e8326d2efff00097f",
            "translation": [
                -6.2620649,
                1.1920928955078126e-7,
                -1.7652999
            ],
            "rotation": [
                0.7065637,
                0.0,
                0.7076491,
                0.0
            ],
            "motion_type": "static"
        },
        {
            "template_name": "3a7374274d06247b399d14b361a9ef364f9006a7",
            "translation": [
                -5.1982097,
                0.6095997,
                3.0105848
            ],
            "rotation": [
                0.0,
                0.0,
                1.0,
                0.0
            ],
            "motion_type": "static",
            "non_uniform_scale": [
                0.9995774,
                1.000058,
                0.9998239
            ]
        },
        {
            "template_name": "41211ff4c9664a5f94a7728259a6ae23eb9c86f6",
            "translation": [
                -7.3027205,
                2.384185791015625e-7,
                -3.9804697
            ],
            "rotation": [
                0.7071068,
                0.0,
                -0.7071067,
                0.0
            ],
            "motion_type": "static"
        },
        {
            "template_name": "40073dd7d62c31dd06476e66306d3d0eaa2cea19",
            "translation": [
                0.1164899,
                1.8971097,
                0.0802401
            ],
            "rotation": [
                -0.5,
                -0.5,
                0.5,
                -0.4999999
            ],
            "motion_type": "static"
        },
        {
            "template_name": "54c18926edecda6279deb36bd095b09cd7a8bc3a",
            "translation": [
                -6.15169,
                2.384185791015625e-7,
                -3.8065998
            ],
            "rotation": [
                0.0,
                0.0,
                1.0,
                0.0
            ],
            "motion_type": "static"
        },
        {
            "template_name": "95d1ff40679d32465cce3c1c1bb2ac92d2b9d987",
            "translation": [
                -10.8605346,
                0.9000002,
                -4.6605081
            ],
            "rotation": [
                0.6953889,
                0.0,
                0.7186331,
                0.0
            ],
            "motion_type": "static"
        },
        {
            "template_name": "b79121538512576ec56d645e67e30fc5ebefd858",
            "translation": [
                -0.55522,
                0.6799998,
                0.7350397
            ],
            "rotation": [
                0.7071068,
                0.0,
                0.7071067,
                0.0
            ],
            "motion_type": "static"
        },
        {
            "template_name": "cbdc498e2afe7d309231b96cd7cbad94a0aa3f35",
            "translation": [
                -11.0131397,
                3.5762786865234377e-7,
                -5.9697494
            ],
            "rotation": [
                0.7046449,
                0.0,
                0.7095599,
                0.0
            ],
            "motion_type": "static"
        },
        {
            "template_name": "faedb8346a1f6b74360ac5a45e0be59d37e13d55",
            "translation": [
                -10.4785594,
                2.384185791015625e-7,
                -4.7952899
            ],
            "rotation": [
                0.0041771,
                0.0,
                0.9999911,
                0.0
            ],
            "motion_type": "static",
            "non_uniform_scale": [
                1.0000001,
                1.2863632,
                1.0000001
            ]
        },
        {
            "template_name": "adc3aaea6b4bf09f853a3844655b98af8c6af2a6",
            "translation": [
                -11.6990404,
                5.960464477539063e-8,
                -1.2539397
            ],
            "rotation": [
                -0.0523357,
                0.0,
                0.9986295,
                0.0
            ],
            "motion_type": "static"
        },
        {
            "template_name": "1619e2e6a18d5d374963a3a4280f7a6d76356079",
            "translation": [
                -0.55228,
                4.470348358154297e-7,
                -7.4647693
            ],
            "rotation": [
                0.7071068,
                0.0,
                -0.7071067,
                0.0
            ],
            "motion_type": "static",
            "non_uniform_scale": [
                2.0059945,
                0.9999998,
                0.9999998
            ]
        },
        {
            "template_name": "33d882aa224a49f9f0971862e71d46b452111fd1",
            "translation": [
                -3.707375,
                1.7500003,
                -6.5911045
            ],
            "rotation": [
                0.7071068,
                0.7071067,
                0.0,
                0.0
            ],
            "motion_type": "static"
        },
        {
            "template_name": "33d882aa224a49f9f0971862e71d46b452111fd1",
            "translation": [
                -3.826425,
                1.7500003,
                -6.5613441
            ],
            "rotation": [
                0.7071068,
                0.7071067,
                0.0,
                0.0
            ],
            "motion_type": "static"
        },
        {
            "template_name": "fb0eaad75bf1f0175cb8d69beb9937f09c179c3f",
            "translation": [
                -5.5950484,
                1.7500002,
                -6.5888323
            ],
            "rotation": [
                0.6958218,
                0.6958218,
                -0.125825,
                0.125825
            ],
            "motion_type": "static"
        },
        {
            "template_name": "94037135727a19e496e29bccc0e971a105b87ed3",
            "translation": [
                -6.3369002,
                4.3213367462158205e-7,
                -7.3191595
            ],
            "rotation": [
                0.0,
                0.0,
                1.0,
                0.0
            ],
            "motion_type": "static"
        },
        {
            "template_name": "ec5a7b51f7301d831b35da3e857ce1e189e34cce",
            "translation": [
                -11.7857103,
                8.940696716308594e-8,
                -1.7496298
            ],
            "rotation": [
                -0.0523357,
                0.0,
                0.9986295,
                0.0
            ],
            "motion_type": "static"
        },
        {
            "template_name": "667a58a96b908e9b79a8db793352400d672970f2",
            "translation": [
                -8.5409336,
                1.75,
                -3.4153587
            ],
            "rotation": [
                0.7070999,
                0.7070999,
                -0.0030853,
                0.0030853
            ],
            "motion_type": "static"
        },
        {
            "template_name": "893ba41a83b60ced06bbfcf7e36b69d51a4e4a44",
            "translation": [
                -4.2882094,
                2.7999997,
                1.0986951
            ],
            "rotation": [
                -0.0087264,
                0.0,
                0.9999619,
                0.0
            ],
            "motion_type": "static"
        },
        {
            "template_name": "116cb370fa811f28af6559ff1fc2448489e4541f",
            "translation": [
                -11.4670095,
                1.7500001,
                -3.5823297
            ],
            "rotation": [
                0.0,
                0.0,
                0.7071068,
                -0.7071067
            ],
            "motion_type": "static"
        },
        {
            "template_name": "c13f05ee9b55274e4b8c8965631a9c6516c58c27",
            "translation": [
                -4.7016901,
                2.384185791015625e-7,
                -3.76076
            ],
            "rotation": [
                0.0,
                0.0,
                1.0,
                0.0
            ],
            "motion_type": "static"
        },
        {
            "template_name": "ce05ffe565ffcfce5101e45344deb6944397bec7",
            "translation": [
                -0.4800598,
                0.6657897,
                3.0946745
            ],
            "rotation": [
                0.0,
                0.0,
                0.7071068,
                -0.7071067
            ],
            "motion_type": "static"
        },
        {
            "template_name": "bbdc1b4f72d1347d144887c3b5d4d614737d3737",
            "translation": [
                -6.1672,
                2.682209014892578e-7,
                -4.5005097
            ],
            "motion_type": "static"
        },
        {
            "template_name": "17d794589c8a8f9ea1eec282ef041dfb6f2ebd46",
            "translation": [
                -6.3617901,
                1.0093102,
                -6.8552994
            ],
            "rotation": [
                0.0,
                0.0,
                0.7071068,
                -0.7071067
            ],
            "motion_type": "static"
        },
        {
            "template_name": "2268decc11d7b2ffd1334822cfbb87b79757e70e",
            "translation": [
                -5.3194298,
                3.8743019104003908e-7,
                -6.2694697
            ],
            "rotation": [
                0.9732245,
                0.0,
                -0.2298554,
                0.0
            ],
            "motion_type": "static"
        },
        {
            "template_name": "afb0f7959a1c990b2e785e8edd1f58e4b53d2433",
            "translation": [
                -4.7680101,
                3.0499997,
                -4.9579696
            ],
            "rotation": [
                0.9996209,
                0.0,
                -0.0275276,
                0.0
            ],
            "motion_type": "static"
        },
        {
            "template_name": "92dc5048b31ac0a0d246ecf2f55e6d07fba8b8fa",
            "translation": [
                -5.99444,
                -4.9713444,
                -6.3234152
            ],
            "rotation": [
                0.7071068,
                0.7071067,
                0.0,
                0.0
            ],
            "motion_type": "static",
            "non_uniform_scale": [
                0.9999998,
                0.9999998,
                0.4889928
            ]
        },
        {
            "template_name": "92dc5048b31ac0a0d246ecf2f55e6d07fba8b8fa",
            "translation": [
                -5.965785,
                0.6686003,
                -6.3169493
            ],
            "rotation": [
                -0.5,
                -0.5,
                0.5,
                -0.4999999
            ],
            "motion_type": "static"
        },
        {
            "template_name": "f969d4e6faa6f9cf2205e8fdd5bbe0008287c2d5",
            "translation": [
                -2.6136398,
                1.7499996,
                1.6192897
            ],
            "rotation": [
                0.4999999,
                0.4999999,
                0.5,
                -0.5
            ],
            "motion_type": "static"
        },
        {
            "template_name": "529306eb57506f3b52134f9d866bd32d61f27628",
            "translation": [
                -2.4195489,
                2.384185791015625e-7,
                -3.707899
            ],
            "rotation": [
                0.0006161,
                0.0,
                0.9999998,
                0.0
            ],
            "motion_type": "static"
        },
        {
            "template_name": "2af8f7c0fc1c416b2c24affc510fb8eacef76e23",
            "translation": [
                -5.2432971,
                -1.7881393432617188e-7,
                2.9052739
            ],
            "rotation": [
                -0.0061217,
                0.0,
                0.9999812,
                0.0
            ],
            "motion_type": "static"
        },
        {
            "template_name": "ec088effb528763544f8201107af6a5337af0141",
            "translation": [
                -0.6133,
                -5.960464477539063e-8,
                0.7707399
            ],
            "rotation": [
                0.0,
                0.0,
                1.0,
                0.0
            ],
            "motion_type": "static"
        },
        {
            "template_name": "22d9946ccbe5914e3c3c7b3a2ac1d532763b768d",
            "translation": [
                -2.6565399,
                2.8000001,
                -7.9997191
            ],
            "rotation": [
                -0.7040147,
                0.0,
                0.7101852,
                0.0
            ],
            "motion_type": "static"
        },
        {
            "template_name": "6c4b1c3b37dcb378028b96f3253e3b463689cb5d",
            "translation": [
                -3.7961499,
                -1.1920928955078126e-7,
                2.3594696
            ],
            "rotation": [
                -0.0066336,
                0.0,
                0.999978,
                0.0
            ],
            "motion_type": "static"
        },
        {
            "template_name": "218-129",
            "translation": [
                -0.5537198,
                1.45,
                -2.0268898
            ],
            "rotation": [
                0.7071068,
                0.0,
                -0.7071067,
                0.0
            ],
            "motion_type": "static",
            "non_uniform_scale": [
                -0.9999998,
                0.9999998,
                0.9999998
            ]
        },
        {
            "template_name": "219-4",
            "translation": [
                0.1914899,
                1.4499998,
                2.1702299
            ],
            "rotation": [
                0.7071067,
                0.0,
                0.7071067,
                0.0
            ],
            "motion_type": "static",
            "non_uniform_scale": [
                -0.9999998,
                0.9999998,
                0.9999998
            ]
        },
        {
            "template_name": "203-2",
            "translation": [
                0.1914899,
                1.12,
                -0.8852797
            ],
            "rotation": [
                0.7071068,
                0.0,
                -0.7071067,
                0.0
            ],
            "motion_type": "static",
            "non_uniform_scale": [
                -0.9999998,
                0.9999998,
                0.9999998
            ]
        },
        {
            "template_name": "219-4",
            "translation": [
                1.67961,
                1.45,
                -3.1722297
            ],
            "rotation": [
                0.7071068,
                0.0,
                -0.7071067,
                0.0
            ],
            "motion_type": "static",
            "non_uniform_scale": [
                -0.9999998,
                0.9999998,
                0.9999998
            ]
        },
        {
            "template_name": "208-1",
            "translation": [
                -1.1131298,
                1.1200002,
                -9.7802991
            ],
            "motion_type": "static",
            "non_uniform_scale": [
                -1.0,
                0.9999998,
                0.9999998
            ]
        },
        {
            "template_name": "208-1",
            "translation": [
                -2.9767699,
                1.1200002,
                -9.7802991
            ],
            "motion_type": "static",
            "non_uniform_scale": [
                -1.0,
                0.9999998,
                0.9999998
            ]
        },
        {
            "template_name": "3759-0",
            "translation": [
                -6.1637902,
                1.3000005,
                -9.7802991
            ],
            "motion_type": "static",
            "non_uniform_scale": [
                -1.0,
                0.9999998,
                0.9999998
            ]
        },
        {
            "template_name": "3759-0",
            "translation": [
                -4.7579398,
                1.3000005,
                -9.7802991
            ],
            "motion_type": "static",
            "non_uniform_scale": [
                -1.0,
                0.9999998,
                0.9999998
            ]
        },
        {
            "template_name": "219-4",
            "translation": [
                -0.13636,
                1.5500003,
                -6.6893897
            ],
            "rotation": [
                0.7071068,
                0.0,
                -0.7071067,
                0.0
            ],
            "motion_type": "static",
            "non_uniform_scale": [
                -0.9999998,
                0.9999998,
                0.9999998
            ]
        },
        {
            "template_name": "219-4",
            "translation": [
                -0.13636,
                1.5500003,
                -8.5302991
            ],
            "rotation": [
                0.7071068,
                0.0,
                -0.7071067,
                0.0
            ],
            "motion_type": "static",
            "non_uniform_scale": [
                -0.9999998,
                0.9999998,
                0.9999998
            ]
        },
        {
            "template_name": "219-4",
            "translation": [
                -5.1408205,
                1.4499998,
                3.16977
            ],
            "rotation": [
                0.0,
                0.0,
                1.0,
                0.0
            ],
            "motion_type": "static",
            "non_uniform_scale": [
                -1.0,
                0.9999998,
                0.9999998
            ]
        },
        {
            "template_name": "220-4",
            "translation": [
                -7.7543101,
                1.4499998,
                1.77591
            ],
            "rotation": [
                0.7071067,
                0.0,
                0.7071067,
                0.0
            ],
            "motion_type": "static",
            "non_uniform_scale": [
                -0.9999998,
                0.9999998,
                0.9999998
            ]
        },
        {
            "template_name": "220-4",
            "translation": [
                -9.2739696,
                1.4499999,
                0.26515
            ],
            "rotation": [
                0.0,
                0.0,
                1.0,
                0.0
            ],
            "motion_type": "static",
            "non_uniform_scale": [
                -1.0,
                0.9999998,
                0.9999998
            ]
        },
        {
            "template_name": "220-4",
            "translation": [
                -12.0733203,
                1.45,
                -1.4849597
            ],
            "rotation": [
                0.7071067,
                0.0,
                0.7071067,
                0.0
            ],
            "motion_type": "static",
            "non_uniform_scale": [
                -0.9999998,
                0.9999998,
                0.9999998
            ]
        },
        {
            "template_name": "3752-0",
            "translation": [
                -10.1532697,
                1.4500004,
                -7.4562096
            ],
            "motion_type": "static",
            "non_uniform_scale": [
                -1.0,
                0.9999998,
                0.9999998
            ]
        },
        {
            "template_name": "205-0",
            "translation": [
                -7.8576107,
                1.1200002,
                -5.9897394
            ],
            "motion_type": "static",
            "non_uniform_scale": [
                -1.0,
                0.9999998,
                0.9999998
            ]
        }
    ],
    "articulated_object_instances": [],
    "stage_instance": {
        "template_name": "stages/106366134_174226362",
        "motion_type": "static"
    },
    "pbr_shader_region_configs": {},
    "user_defined": {
        "scene_filter_file": "scene_filter_files/106366134_174226362.rec_filter.json"
    }
}