{
    "translation_origin": "asset_local",
    "default_lighting": "",
    "navmesh_instance": "",
    "object_instances": [
        {
            "template_name": "1fa50914da8ed8f64a2fe7ef8dc38b8e3832ee72",
            "translation": [
                -8.2957696,
                0.5100005,
                -10.4998798
            ],
            "motion_type": "static",
            "non_uniform_scale": [
                0.8333332,
                0.9999998,
                0.8333331
            ]
        },
        {
            "template_name": "117aa7d8cb3d9a5d01a80b5a9dfc9f1fd015b591",
            "translation": [
                -5.5347599,
                2.5331974029541016e-07,
                -4.2091093
            ],
            "rotation": [
                0.7071068,
                0.0,
                -0.7071067,
                0.0
            ],
            "motion_type": "static"
        },
        {
            "template_name": "19d770d71094e9160fdcdfec57bed4683afcd1e4",
            "translation": [
                -11.0274715,
                3.5762786865234375e-07,
                -6.3811979
            ],
            "motion_type": "static",
            "non_uniform_scale": [
                0.7008968,
                0.9999998,
                0.7605117
            ]
        },
        {
            "template_name": "3f88e451d9556f460b24e6894404e48c37c7d35a",
            "translation": [
                -8.7332248,
                3.5762786865234375e-07,
                -6.0213141
            ],
            "rotation": [
                0.7071068,
                0.0,
                0.7071067,
                0.0
            ],
            "motion_type": "static"
        },
        {
            "template_name": "8c6c2542f3fc80d98cd324c58496eafd3ecdd5c5",
            "translation": [
                -8.5126199,
                0.6961404,
                -9.9104785
            ],
            "rotation": [
                0.0,
                0.0,
                0.7071068,
                -0.7071067
            ],
            "motion_type": "static",
            "non_uniform_scale": [
                0.6627114,
                0.9999998,
                0.9999998
            ]
        },
        {
            "template_name": "2530c51f58469d229ce13012d627407a6335f5f6",
            "translation": [
                -5.60818,
                0.9000001,
                -3.7315948
            ],
            "rotation": [
                0.7071068,
                0.0,
                0.7071067,
                0.0
            ],
            "motion_type": "static"
        },
        {
            "template_name": "d56dfbc4c8784e8a554e07a9ad355f87b44609a8",
            "translation": [
                -10.5512199,
                4.172325134277344e-07,
                -6.9739594
            ],
            "rotation": [
                -0.0022657,
                0.0,
                0.9999974,
                0.0
            ],
            "motion_type": "static"
        },
        {
            "template_name": "910e6c3558380ddcf15758a06a7b5b21da9d8310",
            "translation": [
                -8.7114295,
                0.9000004,
                -9.3838386
            ],
            "rotation": [
                0.7071068,
                0.0,
                0.7071067,
                0.0
            ],
            "motion_type": "static"
        },
        {
            "template_name": "2e562263cac57a88fea7b1ddc2876337658c02c7",
            "translation": [
                -11.808669,
                5.140900611877441e-07,
                -8.6213388
            ],
            "rotation": [
                -0.211445,
                0.0,
                0.9773898,
                0.0
            ],
            "motion_type": "static",
            "non_uniform_scale": [
                0.6401364,
                0.57963,
                0.9999998
            ]
        },
        {
            "template_name": "2e562263cac57a88fea7b1ddc2876337658c02c7",
            "translation": [
                -11.8636302,
                5.21540641784668e-07,
                -8.7479391
            ],
            "rotation": [
                -0.6934319,
                0.0,
                0.7205221,
                0.0
            ],
            "motion_type": "static",
            "non_uniform_scale": [
                0.5334471,
                0.6072314,
                0.9999999
            ]
        },
        {
            "template_name": "248568c07dbfce7d21987a3af20f72d38d4398b3",
            "translation": [
                -8.5933904,
                1.4300003,
                -8.2112541
            ],
            "rotation": [
                0.0,
                0.0,
                1.0,
                0.0
            ],
            "motion_type": "static",
            "non_uniform_scale": [
                0.8962033,
                0.9999998,
                0.8943654
            ]
        },
        {
            "template_name": "f7411ceab74991d377e79d79664120d67ff53b71",
            "translation": [
                -8.3278903,
                1.7881393432617188e-07,
                -3.0022296
            ],
            "rotation": [
                0.7071068,
                0.0,
                -0.7071067,
                0.0
            ],
            "motion_type": "static",
            "non_uniform_scale": [
                0.9025269,
                1.0,
                0.9261896
            ]
        },
        {
            "template_name": "7663ea1e420810b10770330b87393ecfa6f70889",
            "translation": [
                -2.18928,
                3.8463622331619263e-07,
                -6.4495096
            ],
            "rotation": [
                0.7071068,
                0.0,
                -0.7071067,
                0.0
            ],
            "motion_type": "static",
            "non_uniform_scale": [
                1.2799997,
                0.9999998,
                1.1999998
            ]
        },
        {
            "template_name": "679d4207f433ee1bb6030bae48df158a775d2b0b_part_64",
            "translation": [
                -9.1582202,
                0.0094702,
                -3.9884202
            ],
            "rotation": [
                0.7071068,
                0.0,
                0.7071067,
                0.0
            ],
            "motion_type": "static"
        },
        {
            "template_name": "1d438cf2a0be5706ffdbd1489fbfb27f712589a0",
            "translation": [
                -1.4685301,
                1.7366802,
                -4.9224495
            ],
            "rotation": [
                0.0,
                0.0,
                0.7071068,
                -0.7071067
            ],
            "motion_type": "static"
        },
        {
            "template_name": "1d438cf2a0be5706ffdbd1489fbfb27f712589a0",
            "translation": [
                -5.9081802,
                1.1937302,
                -4.6853194
            ],
            "rotation": [
                -0.5,
                -0.5,
                0.5,
                -0.4999999
            ],
            "motion_type": "static"
        },
        {
            "template_name": "1d438cf2a0be5706ffdbd1489fbfb27f712589a0",
            "translation": [
                -8.9903497,
                1.3587501,
                -3.9896097
            ],
            "rotation": [
                -0.5,
                -0.5,
                0.5,
                -0.4999999
            ],
            "motion_type": "static"
        },
        {
            "template_name": "1370b0fb20e3fb98e25a86c30291ee80177bb20e",
            "translation": [
                -1.2630499,
                8.940696716308594e-08,
                -1.4235999
            ],
            "rotation": [
                0.0,
                0.0,
                1.0,
                0.0
            ],
            "motion_type": "static",
            "non_uniform_scale": [
                1.4731707,
                0.9999998,
                0.9999998
            ]
        },
        {
            "template_name": "0bcc0bc80f610a0cb428012520b7006d7fcb1ce8",
            "translation": [
                -0.4576499,
                1.7881393432617188e-07,
                -3.0385332
            ],
            "rotation": [
                0.7071068,
                0.0,
                -0.7071067,
                0.0
            ],
            "motion_type": "static",
            "non_uniform_scale": [
                1.6653329,
                0.9999998,
                0.9999998
            ]
        },
        {
            "template_name": "0bcc0bc80f610a0cb428012520b7006d7fcb1ce8",
            "translation": [
                -7.3593273,
                5.960464477539063e-08,
                -0.7844399
            ],
            "rotation": [
                0.0,
                0.0,
                1.0,
                0.0
            ],
            "motion_type": "static",
            "non_uniform_scale": [
                1.5753151,
                0.9999998,
                0.9999998
            ]
        },
        {
            "template_name": "ca99c048f9d634d78e49645c24c6878d154873b1",
            "translation": [
                -11.7148399,
                4.172325134277344e-07,
                -7.24514
            ],
            "rotation": [
                0.7071068,
                0.0,
                0.7071067,
                0.0
            ],
            "motion_type": "static"
        },
        {
            "template_name": "b4a30ecf6df068bcb120c45b9a4edc258a7f321c",
            "translation": [
                -8.5240297,
                5.960464477539062e-07,
                -9.608839
            ],
            "rotation": [
                0.7071068,
                0.0,
                0.7071067,
                0.0
            ],
            "motion_type": "static"
        },
        {
            "template_name": "1a9c231dc75f2b174f89ce7bd89e0935c99d91a0",
            "translation": [
                -4.6936202,
                4.76837158203125e-07,
                -8.6479187
            ],
            "rotation": [
                0.0,
                0.0,
                1.0,
                0.0
            ],
            "motion_type": "static"
        },
        {
            "template_name": "641605b7969986b87e12fe2361ddd0d28ddfebb5",
            "translation": [
                -11.798665,
                4.76837158203125e-07,
                -8.3193092
            ],
            "rotation": [
                0.7071068,
                0.0,
                0.7071067,
                0.0
            ],
            "motion_type": "static"
        },
        {
            "template_name": "183de9f61a9c362d58ac340058ecddc54da18809",
            "translation": [
                -1.4102599,
                2.980232238769531e-07,
                -5.1095194
            ],
            "rotation": [
                0.0,
                0.0,
                1.0,
                0.0
            ],
            "motion_type": "static",
            "non_uniform_scale": [
                1.0,
                0.9999998,
                0.8342717
            ]
        },
        {
            "template_name": "a37be0f5a6aef38695d28dd895d4ddada3474ad1",
            "translation": [
                -4.4323201,
                1.0300005,
                -11.012289
            ],
            "rotation": [
                -0.0138064,
                0.0,
                0.9999046,
                0.0
            ],
            "motion_type": "static"
        },
        {
            "template_name": "a37be0f5a6aef38695d28dd895d4ddada3474ad1",
            "translation": [
                -4.11763,
                0.0190006,
                -10.8726186
            ],
            "rotation": [
                0.0435515,
                0.0,
                0.9990511,
                0.0
            ],
            "motion_type": "static"
        },
        {
            "template_name": "c3bb69cc0d810d1d784e523f38de24fef5f1c244",
            "translation": [
                -5.3303294,
                0.0010006,
                -10.9317092
            ],
            "rotation": [
                0.0,
                0.0,
                1.0,
                0.0
            ],
            "motion_type": "static"
        },
        {
            "template_name": "c3bb69cc0d810d1d784e523f38de24fef5f1c244",
            "translation": [
                -5.3938598,
                1.0100004,
                -11.0050086
            ],
            "rotation": [
                0.0,
                0.0,
                1.0,
                0.0
            ],
            "motion_type": "static"
        },
        {
            "template_name": "c3bb69cc0d810d1d784e523f38de24fef5f1c244",
            "translation": [
                -4.8974699,
                6.556510925292969e-07,
                -10.9039487
            ],
            "rotation": [
                0.0,
                0.0,
                1.0,
                0.0
            ],
            "motion_type": "static"
        },
        {
            "template_name": "c3bb69cc0d810d1d784e523f38de24fef5f1c244",
            "translation": [
                -5.0469298,
                1.0000004,
                -11.0357694
            ],
            "rotation": [
                0.0,
                0.0,
                1.0,
                0.0
            ],
            "motion_type": "static"
        },
        {
            "template_name": "e94ede305ff3f873dd34f8e95274bb54679df6b4",
            "translation": [
                -10.6256904,
                8.940696716308594e-08,
                -1.3302198
            ],
            "rotation": [
                0.0,
                0.0,
                1.0,
                0.0
            ],
            "motion_type": "static"
        },
        {
            "template_name": "10df611ce0eb7d957978695c8c8e1da31c58d23b",
            "translation": [
                -2.2532749,
                2.1902301,
                -4.6767797
            ],
            "rotation": [
                -0.5,
                -0.5,
                0.5,
                -0.4999999
            ],
            "motion_type": "static"
        },
        {
            "template_name": "10df611ce0eb7d957978695c8c8e1da31c58d23b",
            "translation": [
                -2.2532749,
                2.1902298,
                -1.3506897
            ],
            "rotation": [
                -0.5,
                -0.5,
                0.5,
                -0.4999999
            ],
            "motion_type": "static"
        },
        {
            "template_name": "2a0a496191e11931f00c0cfa0c6603ae30477177",
            "translation": [
                -11.9381399,
                2.8000001,
                -7.6968393
            ],
            "rotation": [
                0.7071068,
                0.0,
                0.7071067,
                0.0
            ],
            "motion_type": "static"
        },
        {
            "template_name": "2a0a496191e11931f00c0cfa0c6603ae30477177",
            "translation": [
                -11.7707004,
                2.8000001,
                -7.7951793
            ],
            "rotation": [
                0.7071068,
                0.0,
                0.7071067,
                0.0
            ],
            "motion_type": "static",
            "non_uniform_scale": [
                0.9999998,
                0.7521592,
                0.9999998
            ]
        },
        {
            "template_name": "d564a9dfddaed66661ac318ff1e3c7b62b99f0ee",
            "translation": [
                -3.14155,
                2.7999997,
                -3.4983096
            ],
            "rotation": [
                0.7071068,
                0.0,
                -0.7071067,
                0.0
            ],
            "motion_type": "static"
        },
        {
            "template_name": "5f6564ee5d1e8026846204b071361369f669855c",
            "translation": [
                -8.4034442,
                1.7485203,
                -6.7626194
            ],
            "rotation": [
                0.0,
                0.0,
                0.7071068,
                -0.7071067
            ],
            "motion_type": "static"
        },
        {
            "template_name": "xxxxc62548fbx6b78x4f7exa203xb8e973026972",
            "translation": [
                -8.9857044,
                1.7274501,
                -5.9321594
            ],
            "rotation": [
                -0.5,
                -0.5,
                0.5,
                -0.4999999
            ],
            "motion_type": "static"
        },
        {
            "template_name": "xxxxbe0989d6xfc2ax4516xa2c6xb497a6037fb8",
            "translation": [
                -2.22684,
                1.4830102,
                -7.8395695
            ],
            "rotation": [
                0.7071068,
                0.7071067,
                0.0,
                0.0
            ],
            "motion_type": "static"
        },
        {
            "template_name": "a313ddf08c74c50c76b0a2f5d62ab9ae41c5ac66",
            "translation": [
                -3.1135799,
                0.7300001,
                -3.5816798
            ],
            "rotation": [
                0.7071068,
                0.0,
                -0.7071067,
                0.0
            ],
            "motion_type": "static"
        },
        {
            "template_name": "3220d21b0885b4f0ac2c044d00a76c2ff7844dca",
            "translation": [
                -12.0085401,
                1.9650003,
                -7.1959695
            ],
            "rotation": [
                0.4999999,
                0.4999999,
                0.5,
                -0.5
            ],
            "motion_type": "static",
            "non_uniform_scale": [
                1.0624997,
                0.9999998,
                0.9999998
            ]
        },
        {
            "template_name": "3220d21b0885b4f0ac2c044d00a76c2ff7844dca",
            "translation": [
                -12.0085401,
                0.4619402,
                -5.3830995
            ],
            "rotation": [
                0.4999999,
                0.4999999,
                0.5,
                -0.5
            ],
            "motion_type": "static"
        },
        {
            "template_name": "3220d21b0885b4f0ac2c044d00a76c2ff7844dca",
            "translation": [
                -12.0085401,
                0.4696,
                -2.4051797
            ],
            "rotation": [
                0.4999999,
                0.4999999,
                0.5,
                -0.5
            ],
            "motion_type": "static"
        },
        {
            "template_name": "1f148fddeb1bb6e9634f8d8be3c979e0d5405a65",
            "translation": [
                -2.6782801,
                0.001,
                -1.42437
            ],
            "motion_type": "static",
            "non_uniform_scale": [
                0.923913,
                0.9999998,
                0.9493811
            ]
        },
        {
            "template_name": "21bc24194027b1f6cc2cf715b53a8a8cbf7ff21f",
            "translation": [
                -8.6437797,
                1.7000004,
                -8.5279788
            ],
            "rotation": [
                0.7071068,
                0.0,
                0.7071067,
                0.0
            ],
            "motion_type": "static",
            "non_uniform_scale": [
                0.7059154,
                0.9999998,
                0.8787877
            ]
        },
        {
            "template_name": "7182ebb50669d7f49ac8918b7a6d1404fe7b54b7",
            "translation": [
                -9.1499004,
                1.2372102,
                -5.1085095
            ],
            "rotation": [
                0.9894748,
                0.0,
                -0.1447051,
                0.0
            ],
            "motion_type": "static"
        },
        {
            "template_name": "7182ebb50669d7f49ac8918b7a6d1404fe7b54b7",
            "translation": [
                -9.1633701,
                0.8500001,
                -2.9038097
            ],
            "rotation": [
                0.7071068,
                0.0,
                0.7071067,
                0.0
            ],
            "motion_type": "static"
        },
        {
            "template_name": "4122c550741deeda8ed0b4da129bab0cd403cae7",
            "translation": [
                -6.6588497,
                1.0684903,
                -9.5032892
            ],
            "rotation": [
                0.4999999,
                0.4999999,
                0.5000001,
                -0.4999999
            ],
            "motion_type": "static",
            "non_uniform_scale": [
                2.5999994,
                0.9999998,
                4.999999
            ]
        },
        {
            "template_name": "c380ec071ae2c0e143051f0ac9ad87e97b1bfc2a",
            "translation": [
                -5.5203599,
                0.9000001,
                -4.3832397
            ],
            "rotation": [
                0.7071068,
                0.0,
                0.7071067,
                0.0
            ],
            "motion_type": "static"
        },
        {
            "template_name": "c3ac47826153213d9f0be074e52d2c5993487645",
            "translation": [
                -11.8446397,
                2.1644802,
                -6.7677192
            ],
            "rotation": [
                0.0,
                0.0,
                0.7071068,
                -0.7071067
            ],
            "motion_type": "static"
        },
        {
            "template_name": "c3ac47826153213d9f0be074e52d2c5993487645",
            "translation": [
                -10.6333589,
                2.1689801,
                -6.7655797
            ],
            "rotation": [
                0.0,
                0.0,
                0.7071068,
                -0.7071067
            ],
            "motion_type": "static"
        },
        {
            "template_name": "b1722de81151d2e1b1f51e779414e9259473ed1f",
            "translation": [
                -5.4586806,
                0.9,
                -1.9968898
            ],
            "rotation": [
                0.3763262,
                0.0,
                0.9264872,
                0.0
            ],
            "motion_type": "static"
        },
        {
            "template_name": "adaf50303f95c9ff0a069041673f80cd72469bfb",
            "translation": [
                -10.59626,
                2.7999999,
                -3.8226695
            ],
            "rotation": [
                0.7071068,
                0.0,
                0.7071067,
                0.0
            ],
            "motion_type": "static",
            "non_uniform_scale": [
                0.9999998,
                0.4000879,
                0.9999998
            ]
        },
        {
            "template_name": "e116b89bcf250966d0cd6cd2672941d1c76bc361",
            "translation": [
                -11.5735464,
                4.76837158203125e-07,
                -8.9245386
            ],
            "rotation": [
                0.0,
                0.0,
                1.0,
                0.0
            ],
            "motion_type": "static",
            "non_uniform_scale": [
                1.2453299,
                1.6742327,
                0.9999998
            ]
        },
        {
            "template_name": "a99a3743bda401265c136a3e42367c58d175cd51",
            "translation": [
                -8.7323894,
                0.5000002,
                -3.2499301
            ],
            "rotation": [
                0.7071068,
                0.0,
                -0.7071067,
                0.0
            ],
            "motion_type": "static"
        },
        {
            "template_name": "4aedf1697c9095b318e9920ebcd9f465a4b36af9",
            "translation": [
                -8.0200796,
                0.9585903,
                -6.7650694
            ],
            "rotation": [
                0.0,
                0.0,
                0.7071068,
                -0.7071067
            ],
            "motion_type": "static",
            "non_uniform_scale": [
                3.7322001,
                0.9999997,
                3.3578848
            ]
        },
        {
            "template_name": "f00c52aab84c33101af70b8fdfc9d8f1a49ef331",
            "translation": [
                -2.4641799,
                1.73,
                -1.1160697
            ],
            "rotation": [
                0.7071068,
                0.0,
                0.7071067,
                0.0
            ],
            "motion_type": "static"
        },
        {
            "template_name": "7b511717e27314abbccd0ea6cc874525527bc48c",
            "translation": [
                -9.1693201,
                0.4100001,
                -3.4439895
            ],
            "rotation": [
                0.7071068,
                0.0,
                -0.7071067,
                0.0
            ],
            "motion_type": "static"
        },
        {
            "template_name": "412c833d4428480466b704ce25bf06f519c8cf72",
            "translation": [
                -5.3487796,
                2.384185791015625e-07,
                -3.1896395
            ],
            "rotation": [
                0.7071068,
                0.0,
                0.7071067,
                0.0
            ],
            "motion_type": "static"
        },
        {
            "template_name": "5e9f35e36fe56f3d9bc75504b2ed6bbb23eb38ca",
            "translation": [
                -11.8338003,
                1.5829803,
                -9.368309
            ],
            "rotation": [
                0.7071068,
                0.0,
                0.7071067,
                0.0
            ],
            "motion_type": "static"
        },
        {
            "template_name": "c37e1c6105bc43c44c14b8fb371b0d3c843ec313",
            "translation": [
                -5.2551898,
                0.9,
                -1.8242198
            ],
            "rotation": [
                0.0,
                0.0,
                1.0,
                0.0
            ],
            "motion_type": "static"
        },
        {
            "template_name": "95d1e189e93694bb8eee73a64b0d84a8be5a5057",
            "translation": [
                -1.4763301,
                2.384185791015625e-07,
                -3.6703898
            ],
            "rotation": [
                0.6148993,
                0.0,
                0.7886056,
                0.0
            ],
            "motion_type": "static"
        },
        {
            "template_name": "b827ad39b820d4908a4222dc95dd4b63ecf6c0a6_part_4",
            "translation": [
                -2.4307241,
                1.1383419,
                -4.5034132
            ],
            "rotation": [
                0.7071068,
                0.0,
                -0.7071067,
                0.0
            ],
            "motion_type": "static",
            "non_uniform_scale": [
                0.6888887,
                0.7915217,
                0.9999998
            ]
        },
        {
            "template_name": "b827ad39b820d4908a4222dc95dd4b63ecf6c0a6_part_2",
            "translation": [
                -2.4018943,
                1.7368533,
                -4.614109
            ],
            "rotation": [
                0.7071068,
                0.0,
                -0.7071067,
                0.0
            ],
            "motion_type": "static",
            "non_uniform_scale": [
                0.6888887,
                0.7915217,
                0.9999998
            ]
        },
        {
            "template_name": "b827ad39b820d4908a4222dc95dd4b63ecf6c0a6_part_3",
            "translation": [
                -2.4063799,
                1.6981663,
                -4.6124496
            ],
            "rotation": [
                0.7071068,
                0.0,
                -0.7071067,
                0.0
            ],
            "motion_type": "static",
            "non_uniform_scale": [
                0.6888887,
                0.7915217,
                0.9999998
            ]
        },
        {
            "template_name": "b827ad39b820d4908a4222dc95dd4b63ecf6c0a6_part_3",
            "translation": [
                -2.4063799,
                1.3982666,
                -4.6124496
            ],
            "rotation": [
                0.7071068,
                0.0,
                -0.7071067,
                0.0
            ],
            "motion_type": "static",
            "non_uniform_scale": [
                0.6888887,
                0.7915217,
                0.9999998
            ]
        },
        {
            "template_name": "b827ad39b820d4908a4222dc95dd4b63ecf6c0a6_part_3",
            "translation": [
                -2.4063799,
                1.0983669,
                -4.6124496
            ],
            "rotation": [
                0.7071068,
                0.0,
                -0.7071067,
                0.0
            ],
            "motion_type": "static",
            "non_uniform_scale": [
                0.6888887,
                0.7915217,
                0.9999998
            ]
        },
        {
            "template_name": "b827ad39b820d4908a4222dc95dd4b63ecf6c0a6_part_18",
            "translation": [
                -2.4063799,
                1.4377268,
                -4.5276374
            ],
            "rotation": [
                0.7071068,
                0.0,
                -0.7071067,
                0.0
            ],
            "motion_type": "static",
            "non_uniform_scale": [
                0.6888887,
                0.7915217,
                0.9999998
            ]
        },
        {
            "template_name": "b827ad39b820d4908a4222dc95dd4b63ecf6c0a6_part_19",
            "translation": [
                -2.3394751,
                1.4381802,
                -4.4608783
            ],
            "rotation": [
                0.7071068,
                0.0,
                -0.7071067,
                0.0
            ],
            "motion_type": "static",
            "non_uniform_scale": [
                0.6888887,
                0.7915217,
                0.9999998
            ]
        },
        {
            "template_name": "b827ad39b820d4908a4222dc95dd4b63ecf6c0a6_part_20",
            "translation": [
                -2.4681711,
                1.4375181,
                -4.449233
            ],
            "rotation": [
                0.7071068,
                0.0,
                -0.7071067,
                0.0
            ],
            "motion_type": "static",
            "non_uniform_scale": [
                0.6888887,
                0.7915217,
                0.9999998
            ]
        },
        {
            "template_name": "b827ad39b820d4908a4222dc95dd4b63ecf6c0a6_part_16",
            "translation": [
                -2.4063799,
                1.4366338,
                -4.7119259
            ],
            "rotation": [
                0.7071068,
                0.0,
                -0.7071067,
                0.0
            ],
            "motion_type": "static",
            "non_uniform_scale": [
                0.6888887,
                0.7915217,
                0.9999998
            ]
        },
        {
            "template_name": "b827ad39b820d4908a4222dc95dd4b63ecf6c0a6_part_4",
            "translation": [
                -2.4307241,
                1.1383416,
                -1.2003334
            ],
            "rotation": [
                0.7071068,
                0.0,
                -0.7071067,
                0.0
            ],
            "motion_type": "static",
            "non_uniform_scale": [
                0.6888887,
                0.7915217,
                0.9999998
            ]
        },
        {
            "template_name": "b827ad39b820d4908a4222dc95dd4b63ecf6c0a6_part_2",
            "translation": [
                -2.4018943,
                1.7368532,
                -1.311029
            ],
            "rotation": [
                0.7071068,
                0.0,
                -0.7071067,
                0.0
            ],
            "motion_type": "static",
            "non_uniform_scale": [
                0.6888887,
                0.7915217,
                0.9999998
            ]
        },
        {
            "template_name": "b827ad39b820d4908a4222dc95dd4b63ecf6c0a6_part_3",
            "translation": [
                -2.4063799,
                1.6981661,
                -1.3093699
            ],
            "rotation": [
                0.7071068,
                0.0,
                -0.7071067,
                0.0
            ],
            "motion_type": "static",
            "non_uniform_scale": [
                0.6888887,
                0.7915217,
                0.9999998
            ]
        },
        {
            "template_name": "b827ad39b820d4908a4222dc95dd4b63ecf6c0a6_part_3",
            "translation": [
                -2.4063799,
                1.3982664,
                -1.30937
            ],
            "rotation": [
                0.7071068,
                0.0,
                -0.7071067,
                0.0
            ],
            "motion_type": "static",
            "non_uniform_scale": [
                0.6888887,
                0.7915217,
                0.9999998
            ]
        },
        {
            "template_name": "b827ad39b820d4908a4222dc95dd4b63ecf6c0a6_part_3",
            "translation": [
                -2.4063799,
                1.0983667,
                -1.30937
            ],
            "rotation": [
                0.7071068,
                0.0,
                -0.7071067,
                0.0
            ],
            "motion_type": "static",
            "non_uniform_scale": [
                0.6888887,
                0.7915217,
                0.9999998
            ]
        },
        {
            "template_name": "b827ad39b820d4908a4222dc95dd4b63ecf6c0a6_part_18",
            "translation": [
                -2.4063799,
                1.4377266,
                -1.2245578
            ],
            "rotation": [
                0.7071068,
                0.0,
                -0.7071067,
                0.0
            ],
            "motion_type": "static",
            "non_uniform_scale": [
                0.6888887,
                0.7915217,
                0.9999998
            ]
        },
        {
            "template_name": "b827ad39b820d4908a4222dc95dd4b63ecf6c0a6_part_19",
            "translation": [
                -2.3394751,
                1.4381799,
                -1.1577988
            ],
            "rotation": [
                0.7071068,
                0.0,
                -0.7071067,
                0.0
            ],
            "motion_type": "static",
            "non_uniform_scale": [
                0.6888887,
                0.7915217,
                0.9999998
            ]
        },
        {
            "template_name": "b827ad39b820d4908a4222dc95dd4b63ecf6c0a6_part_20",
            "translation": [
                -2.4681711,
                1.4375178,
                -1.1461532
            ],
            "rotation": [
                0.7071068,
                0.0,
                -0.7071067,
                0.0
            ],
            "motion_type": "static",
            "non_uniform_scale": [
                0.6888887,
                0.7915217,
                0.9999998
            ]
        },
        {
            "template_name": "b827ad39b820d4908a4222dc95dd4b63ecf6c0a6_part_16",
            "translation": [
                -2.4063799,
                1.4366338,
                -1.4088462
            ],
            "rotation": [
                0.7071068,
                0.0,
                -0.7071067,
                0.0
            ],
            "motion_type": "static",
            "non_uniform_scale": [
                0.6888887,
                0.7915217,
                0.9999998
            ]
        },
        {
            "template_name": "387bdbb122c7d25933d673bf812f964bb508c405",
            "translation": [
                -8.6433,
                1.4300004,
                -8.4657087
            ],
            "rotation": [
                0.7071068,
                0.0,
                0.7071067,
                0.0
            ],
            "motion_type": "static",
            "non_uniform_scale": [
                0.7116423,
                0.9999998,
                0.8031697
            ]
        },
        {
            "template_name": "ef5f1b9208feab193c638fd13ec9f5a1a671be80",
            "translation": [
                -7.5498199,
                2.7999999,
                -4.3517994
            ],
            "motion_type": "static"
        },
        {
            "template_name": "f385c0a53d1381993b8a1d90fc784aa0dadec362",
            "translation": [
                -8.445445,
                0.43876,
                -1.0000298
            ],
            "rotation": [
                0.0,
                0.0,
                0.7071068,
                -0.7071067
            ],
            "motion_type": "static"
        },
        {
            "template_name": "f385c0a53d1381993b8a1d90fc784aa0dadec362",
            "translation": [
                -1.0618849,
                0.5554304,
                -8.0902395
            ],
            "rotation": [
                0.0,
                0.0,
                0.7071068,
                -0.7071067
            ],
            "motion_type": "static"
        },
        {
            "template_name": "f9b120cff94c76238053b950e8a74b66312f071f",
            "translation": [
                -4.0673451,
                5.960464477539062e-07,
                -10.4241247
            ],
            "motion_type": "static"
        },
        {
            "template_name": "4bb9c3ddbf84b6fdf4517d63ad1c007b15a29500",
            "translation": [
                -1.27723,
                3.725290298461914e-07,
                -6.2706389
            ],
            "motion_type": "static"
        },
        {
            "template_name": "b31b3406480c29c8e44613edece1325cb5bd85ae",
            "translation": [
                -2.199285,
                4.172325134277344e-07,
                -7.0394697
            ],
            "motion_type": "static",
            "non_uniform_scale": [
                -1.0,
                0.9999998,
                0.9999998
            ]
        },
        {
            "template_name": "d4ffac01fb53b35fb167619a53badcfcfdbbdcdf",
            "translation": [
                -7.4810152,
                1.7485203,
                -6.7626194
            ],
            "rotation": [
                0.0,
                0.0,
                0.7071068,
                -0.7071067
            ],
            "motion_type": "static"
        },
        {
            "template_name": "xxxx4ac1284cx8946x4b59x82cdxe253dcab0bca",
            "translation": [
                -7.9068894,
                1.2665987014770508e-07,
                -2.1059796
            ],
            "motion_type": "static"
        },
        {
            "template_name": "xxxx4ac1284cx8946x4b59x82cdxe253dcab0bca",
            "translation": [
                -7.46773,
                1.2665987014770508e-07,
                -2.1059796
            ],
            "motion_type": "static"
        },
        {
            "template_name": "xxxx4ac1284cx8946x4b59x82cdxe253dcab0bca",
            "translation": [
                -7.0285701,
                1.2665987014770508e-07,
                -2.1059796
            ],
            "motion_type": "static"
        },
        {
            "template_name": "xxxx1b6e995fx85d2x4508xb358x4efa78c51b48",
            "translation": [
                -3.2788896,
                1.8727303,
                -7.8395648
            ],
            "rotation": [
                0.7071068,
                0.7071067,
                0.0,
                0.0
            ],
            "motion_type": "static"
        },
        {
            "template_name": "8be974a24717e214eede244a635af9b5d8ca20c1",
            "translation": [
                -5.02004,
                5.736947059631348e-07,
                -9.6195192
            ],
            "motion_type": "static",
            "non_uniform_scale": [
                1.0,
                0.9999998,
                1.66776
            ]
        },
        {
            "template_name": "8be974a24717e214eede244a635af9b5d8ca20c1",
            "translation": [
                -2.6000399,
                5.736947059631348e-07,
                -9.6195192
            ],
            "motion_type": "static",
            "non_uniform_scale": [
                1.0,
                0.9999998,
                1.66776
            ]
        },
        {
            "template_name": "8be974a24717e214eede244a635af9b5d8ca20c1",
            "translation": [
                -6.1341495,
                5.681067705154419e-07,
                -9.538289
            ],
            "motion_type": "static",
            "non_uniform_scale": [
                0.8595041,
                0.9999998,
                1.66776
            ]
        },
        {
            "template_name": "8be974a24717e214eede244a635af9b5d8ca20c1",
            "translation": [
                -3.8100399,
                5.736947059631348e-07,
                -9.6195192
            ],
            "motion_type": "static",
            "non_uniform_scale": [
                1.0,
                0.9999998,
                1.66776
            ]
        },
        {
            "template_name": "4dc93f5fa533934de0d2aef6b9359dc96417627e",
            "translation": [
                -10.66082,
                1.3690441846847534e-07,
                -2.2900497
            ],
            "rotation": [
                0.7005327,
                0.0,
                0.7136203,
                0.0
            ],
            "motion_type": "static",
            "non_uniform_scale": [
                0.3075787,
                0.9999998,
                0.3510498
            ]
        },
        {
            "template_name": "4dc93f5fa533934de0d2aef6b9359dc96417627e",
            "translation": [
                -10.7594795,
                3.259629011154175e-07,
                -5.4612092
            ],
            "rotation": [
                0.7071068,
                0.0,
                0.7071067,
                0.0
            ],
            "motion_type": "static",
            "non_uniform_scale": [
                0.3075786,
                0.9999998,
                0.3510498
            ]
        },
        {
            "template_name": "91762e71879d66596716bfa58beca60624e95773",
            "translation": [
                -3.1340601,
                2.086162567138672e-07,
                -3.5864498
            ],
            "rotation": [
                0.7071068,
                0.0,
                0.7071067,
                0.0
            ],
            "motion_type": "static",
            "non_uniform_scale": [
                0.8085105,
                0.9999998,
                0.9999998
            ]
        },
        {
            "template_name": "82e45a038d4661cde412e372a76816cb6c347d10",
            "translation": [
                -7.83182,
                2.8000001,
                -7.2999596
            ],
            "rotation": [
                0.0,
                0.0,
                1.0,
                0.0
            ],
            "motion_type": "static"
        },
        {
            "template_name": "82e45a038d4661cde412e372a76816cb6c347d10",
            "translation": [
                -9.5558996,
                2.8000001,
                -8.1267786
            ],
            "rotation": [
                0.7071068,
                0.0,
                0.7071067,
                0.0
            ],
            "motion_type": "static"
        },
        {
            "template_name": "cd1a32857dd7bbc7d78d214f727a0f07cb71d76c",
            "translation": [
                -11.2241001,
                1.1865702,
                -6.7664494
            ],
            "rotation": [
                0.0,
                0.0,
                0.7071068,
                -0.7071067
            ],
            "motion_type": "static"
        },
        {
            "template_name": "f6853182c26e4d30f2164293adfa77986faae26c",
            "translation": [
                -8.0893402,
                1.1920928955078125e-07,
                -2.5873298
            ],
            "rotation": [
                0.0,
                0.0,
                1.0,
                0.0
            ],
            "motion_type": "static",
            "non_uniform_scale": [
                1.0,
                0.8797262,
                0.9999998
            ]
        },
        {
            "template_name": "f6853182c26e4d30f2164293adfa77986faae26c",
            "translation": [
                -11.6620206,
                1.1920928955078125e-07,
                -1.0892698
            ],
            "rotation": [
                0.0,
                0.0,
                1.0,
                0.0
            ],
            "motion_type": "static",
            "non_uniform_scale": [
                0.7104413,
                0.8797262,
                0.9999998
            ]
        },
        {
            "template_name": "f6853182c26e4d30f2164293adfa77986faae26c",
            "translation": [
                -9.3682804,
                1.1920928955078125e-07,
                -1.0892698
            ],
            "rotation": [
                0.0,
                0.0,
                1.0,
                0.0
            ],
            "motion_type": "static",
            "non_uniform_scale": [
                -0.8288481,
                0.8797262,
                0.9999998
            ]
        },
        {
            "template_name": "ef99d4c3836c69227f283a986815683d31b4caca",
            "translation": [
                -7.7538204,
                2.8000004,
                -9.5067195
            ],
            "rotation": [
                0.7071068,
                0.0,
                0.7071067,
                0.0
            ],
            "motion_type": "static"
        },
        {
            "template_name": "ef99d4c3836c69227f283a986815683d31b4caca",
            "translation": [
                -11.1378097,
                2.8000001,
                -8.2064189
            ],
            "rotation": [
                0.7071068,
                0.0,
                0.7071067,
                0.0
            ],
            "motion_type": "static"
        },
        {
            "template_name": "cff54dd6df371fea7a23bda408acec1ed26488c6",
            "translation": [
                -8.6437797,
                1.4000003,
                -8.3295688
            ],
            "rotation": [
                0.7071068,
                0.0,
                0.7071067,
                0.0
            ],
            "motion_type": "static",
            "non_uniform_scale": [
                0.6099998,
                0.8571428,
                0.9999998
            ]
        },
        {
            "template_name": "3a954f0464f1407ed92a18dfcb37ba1b9da8e958",
            "translation": [
                -4.7031898,
                1.0200005,
                -11.0468883
            ],
            "rotation": [
                0.0,
                0.0,
                1.0,
                0.0
            ],
            "motion_type": "static"
        },
        {
            "template_name": "3a954f0464f1407ed92a18dfcb37ba1b9da8e958",
            "translation": [
                -4.4868898,
                0.0010006,
                -10.9202089
            ],
            "rotation": [
                0.0,
                0.0,
                1.0,
                0.0
            ],
            "motion_type": "static"
        },
        {
            "template_name": "cc3139083fa1ad931a015aaddb24c339e0835f10",
            "translation": [
                -7.7899498,
                6.011687219142914e-07,
                -10.0841388
            ],
            "rotation": [
                0.0,
                0.0,
                1.0,
                0.0
            ],
            "motion_type": "static",
            "non_uniform_scale": [
                1.5555555,
                0.9999998,
                0.9999998
            ]
        },
        {
            "template_name": "0c18965ab2409938bc2afac08e7b85777492ee14",
            "translation": [
                -12.0073394,
                1.9267998,
                -3.8904998
            ],
            "rotation": [
                0.4999999,
                0.4999999,
                0.5000001,
                -0.5
            ],
            "motion_type": "static",
            "non_uniform_scale": [
                3.546966,
                0.9999998,
                2.0207848
            ]
        },
        {
            "template_name": "bfae695786caea2f4a8d6aa43072a09c3d65ddc3",
            "translation": [
                -8.3421697,
                0.4700006,
                -10.7291288
            ],
            "rotation": [
                0.7023053,
                0.0,
                0.7118758,
                0.0
            ],
            "motion_type": "static"
        },
        {
            "template_name": "ded915cd6ff75d772c84abbc4ca2bf141d0caa90_part_1",
            "translation": [
                -8.7225227,
                2.0948133,
                -10.3980674
            ],
            "rotation": [
                0.4999999,
                0.4999999,
                0.5,
                -0.5
            ],
            "motion_type": "static"
        },
        {
            "template_name": "ded915cd6ff75d772c84abbc4ca2bf141d0caa90_part_2",
            "translation": [
                -8.7343397,
                2.3063404,
                -10.8083667
            ],
            "rotation": [
                0.4999999,
                0.4999999,
                0.5,
                -0.5
            ],
            "motion_type": "static"
        },
        {
            "template_name": "ded915cd6ff75d772c84abbc4ca2bf141d0caa90_part_3",
            "translation": [
                -8.7615728,
                1.2770084,
                -10.5416545
            ],
            "rotation": [
                0.4999999,
                0.4999999,
                0.5,
                -0.5
            ],
            "motion_type": "static"
        },
        {
            "template_name": "ded915cd6ff75d772c84abbc4ca2bf141d0caa90_part_4",
            "translation": [
                -8.7528009,
                1.0885485,
                -10.5179672
            ],
            "rotation": [
                0.4999999,
                0.4999999,
                0.5,
                -0.5
            ],
            "motion_type": "static"
        },
        {
            "template_name": "ded915cd6ff75d772c84abbc4ca2bf141d0caa90_part_5",
            "translation": [
                -8.753828,
                1.5869114,
                -10.5950269
            ],
            "rotation": [
                0.4999999,
                0.4999999,
                0.5,
                -0.5
            ],
            "motion_type": "static"
        },
        {
            "template_name": "ded915cd6ff75d772c84abbc4ca2bf141d0caa90_part_6",
            "translation": [
                -8.7532501,
                1.9885073,
                -10.398343
            ],
            "rotation": [
                0.4999999,
                0.4999999,
                0.5,
                -0.5
            ],
            "motion_type": "static"
        },
        {
            "template_name": "ded915cd6ff75d772c84abbc4ca2bf141d0caa90_part_7",
            "translation": [
                -8.7528009,
                2.1805393,
                -10.8231687
            ],
            "rotation": [
                0.4999999,
                0.4999999,
                0.5,
                -0.5
            ],
            "motion_type": "static"
        },
        {
            "template_name": "ea0200d78c2699f025cc8ec86930842e214bd6d2",
            "translation": [
                -8.6511297,
                1.7000002,
                -8.1756286
            ],
            "rotation": [
                0.7071068,
                0.0,
                -0.7071067,
                0.0
            ],
            "motion_type": "static"
        },
        {
            "template_name": "ed4fbbb8cc877cea34ff946b05c9da8b3690ee74",
            "translation": [
                -5.6581802,
                1.3221702,
                -6.1279501
            ],
            "rotation": [
                0.4999999,
                0.4999999,
                0.5,
                -0.5
            ],
            "motion_type": "static",
            "non_uniform_scale": [
                1.5594769,
                0.9999997,
                1.1694809
            ]
        },
        {
            "template_name": "ed4fbbb8cc877cea34ff946b05c9da8b3690ee74",
            "translation": [
                -5.6581802,
                1.9711302,
                -6.1373496
            ],
            "rotation": [
                0.4999999,
                0.4999999,
                0.5,
                -0.5
            ],
            "motion_type": "static",
            "non_uniform_scale": [
                1.5594769,
                0.9999997,
                1.1694809
            ]
        },
        {
            "template_name": "973c8db16abb188caa2868a16141b643684e3881",
            "translation": [
                -6.7800502,
                1.0919003,
                -9.1793489
            ],
            "rotation": [
                -0.5,
                -0.5,
                0.5,
                -0.4999999
            ],
            "motion_type": "static"
        },
        {
            "template_name": "0092599e2477209980084af7df385284843a3ff3",
            "translation": [
                -5.6581797,
                1.7341302,
                -5.5937995
            ],
            "rotation": [
                0.4999999,
                0.4999999,
                0.5,
                -0.5
            ],
            "motion_type": "static"
        },
        {
            "template_name": "885bf5232852d8ee0c738b1d590ad1958186d1dd",
            "translation": [
                -8.9907999,
                1.82082,
                -3.0163798
            ],
            "rotation": [
                -0.5,
                -0.5,
                0.5,
                -0.4999999
            ],
            "motion_type": "static"
        },
        {
            "template_name": "a18e10b5a631db2083bdc36b2dc4126745e6b46c",
            "translation": [
                -3.13995,
                1.4901161193847656e-07,
                -2.7118997
            ],
            "rotation": [
                0.0,
                0.0,
                1.0,
                0.0
            ],
            "motion_type": "static"
        },
        {
            "template_name": "a18e10b5a631db2083bdc36b2dc4126745e6b46c",
            "translation": [
                -3.1368899,
                2.682209014892578e-07,
                -4.4288897
            ],
            "motion_type": "static"
        },
        {
            "template_name": "0a7af5a199996923a6ccc0b69c63ac86e7194c58",
            "translation": [
                -10.3252687,
                1.4662904,
                -8.7987689
            ],
            "rotation": [
                -0.5,
                -0.5,
                0.5,
                -0.4999999
            ],
            "motion_type": "static"
        },
        {
            "template_name": "34292497a33f039dd556b550e0766a63928f8e58",
            "translation": [
                -8.3983697,
                1.8031002,
                -8.7592287
            ],
            "rotation": [
                0.0,
                0.0,
                0.7071068,
                -0.7071067
            ],
            "motion_type": "static",
            "non_uniform_scale": [
                0.6418485,
                0.9999998,
                0.6418484
            ]
        },
        {
            "template_name": "e8a8d169c17b2f14008e10642994c92ea35b3946",
            "translation": [
                -8.8730649,
                1.60005,
                -3.9091796
            ],
            "rotation": [
                0.4999999,
                0.4999999,
                0.5,
                -0.5
            ],
            "motion_type": "static"
        },
        {
            "template_name": "eff00500e8ff0e473860fae7ba652fbe20eeda92",
            "translation": [
                -6.0785298,
                1.0400002,
                -3.6764547
            ],
            "rotation": [
                0.7071068,
                0.0,
                0.7071067,
                0.0
            ],
            "motion_type": "static"
        },
        {
            "template_name": "45f2880001463d3f7a18055c134927a805dce2fd",
            "translation": [
                -11.89188,
                1.9810004,
                -7.2321896
            ],
            "rotation": [
                0.7071068,
                0.0,
                -0.7071067,
                0.0
            ],
            "motion_type": "static"
        },
        {
            "template_name": "45f2880001463d3f7a18055c134927a805dce2fd",
            "translation": [
                -10.5446109,
                1.1243003,
                -6.8688693
            ],
            "rotation": [
                0.0,
                0.0,
                1.0,
                0.0
            ],
            "motion_type": "static"
        },
        {
            "template_name": "0b75ef863b231ca522257a452ea9a567f39d25ee",
            "translation": [
                -8.8671197,
                1.7500002,
                -5.9925994
            ],
            "rotation": [
                0.4999999,
                0.4999999,
                0.5,
                -0.5
            ],
            "motion_type": "static"
        },
        {
            "template_name": "e194cb80e9941fcf08be2185146d4dccf9d532c2",
            "translation": [
                -6.1551299,
                2.384185791015625e-07,
                -4.4130992
            ],
            "rotation": [
                0.7071068,
                0.0,
                -0.7071067,
                0.0
            ],
            "motion_type": "static"
        },
        {
            "template_name": "5dd56221f16d6073efa04633bcef3e2409a8ef34",
            "translation": [
                -11.9281101,
                0.4779402,
                -5.3141994
            ],
            "rotation": [
                0.0,
                0.0,
                1.0,
                0.0
            ],
            "motion_type": "static"
        },
        {
            "template_name": "5dd56221f16d6073efa04633bcef3e2409a8ef34",
            "translation": [
                -11.9457511,
                0.4856,
                -2.4978296
            ],
            "rotation": [
                0.0,
                0.0,
                1.0,
                0.0
            ],
            "motion_type": "static"
        },
        {
            "template_name": "5dd56221f16d6073efa04633bcef3e2409a8ef34",
            "translation": [
                -11.9223403,
                0.4856,
                -2.2530298
            ],
            "rotation": [
                0.6998789,
                0.0,
                0.7142614,
                0.0
            ],
            "motion_type": "static"
        },
        {
            "template_name": "5dd56221f16d6073efa04633bcef3e2409a8ef34",
            "translation": [
                -11.9170103,
                0.4779402,
                -5.5451693
            ],
            "rotation": [
                -0.7066292,
                0.0,
                0.7075839,
                0.0
            ],
            "motion_type": "static"
        },
        {
            "template_name": "8a2d6c76deccf5964e793c0e591b985590bb916a",
            "translation": [
                -9.2203397,
                3.427267074584961e-07,
                -5.4989991
            ],
            "rotation": [
                0.7071068,
                0.0,
                -0.7071067,
                0.0
            ],
            "motion_type": "static"
        },
        {
            "template_name": "8ebd1dbf3470d9dff250184873e2e54b5f35bd2c",
            "translation": [
                -6.6588501,
                2.5500004,
                -10.336049
            ],
            "rotation": [
                0.4999999,
                0.4999999,
                0.5,
                -0.5
            ],
            "motion_type": "static",
            "non_uniform_scale": [
                0.9999998,
                0.9999998,
                0.9861444
            ]
        },
        {
            "template_name": "8ebd1dbf3470d9dff250184873e2e54b5f35bd2c",
            "translation": [
                -6.6588501,
                2.5500004,
                -8.8080186
            ],
            "rotation": [
                0.4999999,
                0.4999999,
                0.5,
                -0.5
            ],
            "motion_type": "static",
            "non_uniform_scale": [
                0.9890296,
                0.9999998,
                0.9861444
            ]
        },
        {
            "template_name": "b26ed8c5d6e7cbad90be82e2efeca1a38cf369af",
            "translation": [
                -8.8742694,
                0.4700001,
                -3.1828696
            ],
            "rotation": [
                0.4999999,
                0.4999999,
                0.5,
                -0.5
            ],
            "motion_type": "static"
        },
        {
            "template_name": "211f711ed4f711c1d85f9aae2de4ae2a0163977e",
            "translation": [
                -6.9678797,
                1.7513502,
                -6.7626194
            ],
            "rotation": [
                0.0,
                0.0,
                0.7071068,
                -0.7071067
            ],
            "motion_type": "static"
        },
        {
            "template_name": "211f711ed4f711c1d85f9aae2de4ae2a0163977e",
            "translation": [
                -8.9025201,
                1.7513502,
                -6.7626194
            ],
            "rotation": [
                0.0,
                0.0,
                0.7071068,
                -0.7071067
            ],
            "motion_type": "static"
        },
        {
            "template_name": "211f711ed4f711c1d85f9aae2de4ae2a0163977e",
            "translation": [
                -10.2052698,
                1.7513502,
                -8.5990791
            ],
            "rotation": [
                0.4999999,
                0.4999999,
                0.5,
                -0.5
            ],
            "motion_type": "static"
        },
        {
            "template_name": "124467a44a889db2eaabb24a56dbc3e7a996b651",
            "translation": [
                -6.12575,
                0.4300002,
                -3.6924798
            ],
            "rotation": [
                0.7176586,
                0.0,
                -0.696395,
                0.0
            ],
            "motion_type": "static"
        },
        {
            "template_name": "c1d3ee7e099fbe68b35b5915fa6b4987403650a4",
            "translation": [
                -11.2227602,
                4.952307790517807e-07,
                -8.3082885
            ],
            "rotation": [
                0.7071068,
                0.0,
                0.7071067,
                0.0
            ],
            "motion_type": "static",
            "non_uniform_scale": [
                1.2702788,
                0.9999998,
                1.3813582
            ]
        },
        {
            "template_name": "e1d008861be1c6252e581526031b15ca5be867b1",
            "translation": [
                -7.7222304,
                2.682209014892578e-07,
                -4.3932695
            ],
            "rotation": [
                0.7071068,
                0.0,
                0.7071067,
                0.0
            ],
            "motion_type": "static",
            "non_uniform_scale": [
                0.9999998,
                0.9999998,
                0.9556075
            ]
        },
        {
            "template_name": "d5e7611efce9ec9b59775b58a7cee45bfffffe3e",
            "translation": [
                -0.89028,
                0.8200002,
                -5.0674996
            ],
            "motion_type": "static",
            "non_uniform_scale": [
                2.0001997,
                0.9999998,
                2.222222
            ]
        },
        {
            "template_name": "e3d3ed213f437121abf8a1faffa60ae0672cbf25",
            "translation": [
                -7.7922902,
                6.556510925292969e-07,
                -10.7550687
            ],
            "motion_type": "static"
        },
        {
            "template_name": "1f15d966f1ce8fd67a4037e3ade7d352dfa1c509",
            "translation": [
                -9.1983003,
                2.682209014892578e-07,
                -4.4682197
            ],
            "rotation": [
                0.7071068,
                0.0,
                0.7071067,
                0.0
            ],
            "motion_type": "static"
        },
        {
            "template_name": "adc3aaea6b4bf09f853a3844655b98af8c6af2a6",
            "translation": [
                -3.9004299,
                0.4400004,
                -7.6322793
            ],
            "rotation": [
                0.9408174,
                0.0,
                -0.3389137,
                0.0
            ],
            "motion_type": "static"
        },
        {
            "template_name": "2cb375dc30e908a6e4b6545976ad71d2586d6807",
            "translation": [
                -5.9090199,
                1.68708,
                -6.1443295
            ],
            "rotation": [
                -0.5,
                -0.5,
                0.5,
                -0.4999999
            ],
            "motion_type": "static",
            "non_uniform_scale": [
                0.708898,
                0.9999999,
                0.9596304
            ]
        },
        {
            "template_name": "2cb375dc30e908a6e4b6545976ad71d2586d6807",
            "translation": [
                -5.9090199,
                1.6905355,
                -2.8535096
            ],
            "rotation": [
                -0.5,
                -0.5,
                0.5,
                -0.4999999
            ],
            "motion_type": "static",
            "non_uniform_scale": [
                0.708898,
                0.9999999,
                0.9725984
            ]
        },
        {
            "template_name": "fe50d2ba4cbf24dda5f3d6aaed50a3860b102a3d",
            "translation": [
                -5.3829097,
                0.9000002,
                -4.2903594
            ],
            "rotation": [
                0.7071068,
                0.0,
                0.7071067,
                0.0
            ],
            "motion_type": "static"
        },
        {
            "template_name": "2281225b42551fd15d106a76c717d23a3406f63a",
            "translation": [
                -3.2635548,
                2.8000004,
                -9.7195186
            ],
            "rotation": [
                0.7071068,
                0.0,
                -0.7071067,
                0.0
            ],
            "motion_type": "static"
        },
        {
            "template_name": "2281225b42551fd15d106a76c717d23a3406f63a",
            "translation": [
                -5.3287248,
                2.8000004,
                -9.7298488
            ],
            "rotation": [
                0.7071068,
                0.0,
                -0.7071067,
                0.0
            ],
            "motion_type": "static"
        },
        {
            "template_name": "63fd7f5ddec3a3c4d98cf4be94c9206ae5a37a63",
            "translation": [
                -11.8707399,
                2.7999999,
                -2.4286797
            ],
            "rotation": [
                0.0,
                0.0,
                1.0,
                0.0
            ],
            "motion_type": "static",
            "non_uniform_scale": [
                0.9999999,
                1.135921,
                0.9999998
            ]
        },
        {
            "template_name": "63fd7f5ddec3a3c4d98cf4be94c9206ae5a37a63",
            "translation": [
                -11.8707399,
                2.8000001,
                -5.3421497
            ],
            "motion_type": "static",
            "non_uniform_scale": [
                0.9999999,
                1.135921,
                0.9999998
            ]
        },
        {
            "template_name": "29c4cb616586ab3b47d648b08b40a74a9b2c083f",
            "translation": [
                -3.8833098,
                4.470348358154297e-07,
                -7.5145192
            ],
            "motion_type": "static"
        },
        {
            "template_name": "782a3b7e0f47cb04ae0a59258942fbb7598123fd",
            "translation": [
                -3.5362949,
                1.7881393432617188e-07,
                -3.2481999
            ],
            "rotation": [
                0.7071068,
                0.0,
                0.7071067,
                0.0
            ],
            "motion_type": "static"
        },
        {
            "template_name": "782a3b7e0f47cb04ae0a59258942fbb7598123fd",
            "translation": [
                -3.5362949,
                2.384185791015625e-07,
                -3.9544796
            ],
            "rotation": [
                0.7071068,
                0.0,
                0.7071067,
                0.0
            ],
            "motion_type": "static"
        },
        {
            "template_name": "782a3b7e0f47cb04ae0a59258942fbb7598123fd",
            "translation": [
                -2.609765,
                1.7881393432617188e-07,
                -3.1809897
            ],
            "rotation": [
                0.7071068,
                0.0,
                -0.7071067,
                0.0
            ],
            "motion_type": "static"
        },
        {
            "template_name": "782a3b7e0f47cb04ae0a59258942fbb7598123fd",
            "translation": [
                -2.5815649,
                2.384185791015625e-07,
                -3.9493098
            ],
            "rotation": [
                0.7071068,
                0.0,
                -0.7071067,
                0.0
            ],
            "motion_type": "static"
        },
        {
            "template_name": "3c163391afeb4130eadacb6ef9b6e5930329a32b",
            "translation": [
                -6.2560253,
                0.4963901,
                -3.3863797
            ],
            "rotation": [
                0.0,
                0.0,
                1.0,
                0.0
            ],
            "motion_type": "static"
        },
        {
            "template_name": "51198537321b39f1b6e9231d4d033092aebda962",
            "translation": [
                -2.6118698,
                2.8000001,
                -8.6003789
            ],
            "motion_type": "static",
            "non_uniform_scale": [
                1.0,
                1.4631549,
                0.9999998
            ]
        },
        {
            "template_name": "42544324564af37ae0634e07a6a0554b1c38bd14",
            "translation": [
                -1.8778429,
                0.7600002,
                -5.1199903
            ],
            "rotation": [
                0.0240811,
                0.0,
                0.99971,
                0.0
            ],
            "motion_type": "static",
            "non_uniform_scale": [
                0.7279345,
                0.7307566,
                0.701565
            ]
        },
        {
            "template_name": "3330c15aea09a3653dfef1a26ec300ec11fc319e",
            "translation": [
                -11.7446899,
                1.1920928955078125e-07,
                -1.7343498
            ],
            "motion_type": "static"
        },
        {
            "template_name": "584328d2150aea7fe946343cee183497e8b0464f",
            "translation": [
                -11.8520803,
                4.76837158203125e-07,
                -7.9917993
            ],
            "rotation": [
                0.7071068,
                0.0,
                0.7071067,
                0.0
            ],
            "motion_type": "static"
        },
        {
            "template_name": "79f9c6d53866d1e294c118bab39765751d85a111",
            "translation": [
                -11.8027095,
                5.140900611877441e-07,
                -8.5824394
            ],
            "rotation": [
                0.7071068,
                0.0,
                -0.7071067,
                0.0
            ],
            "motion_type": "static"
        },
        {
            "template_name": "79f9c6d53866d1e294c118bab39765751d85a111",
            "translation": [
                -11.808669,
                4.842877388000488e-07,
                -8.0855989
            ],
            "rotation": [
                0.7071068,
                0.0,
                -0.7071067,
                0.0
            ],
            "motion_type": "static"
        },
        {
            "template_name": "54de8a81569ad75759d3fe685801f354f3d091f3",
            "translation": [
                -1.2794699,
                1.8290902,
                -7.8395695
            ],
            "rotation": [
                0.7071068,
                0.7071067,
                0.0,
                0.0
            ],
            "motion_type": "static"
        },
        {
            "template_name": "e793f8a2490d44ebbcb385a721802cdaac399146",
            "translation": [
                -8.7937793,
                0.4403904,
                -9.050929
            ],
            "rotation": [
                0.4999999,
                0.4999999,
                0.5,
                -0.5
            ],
            "motion_type": "static"
        },
        {
            "template_name": "a9bb13d8f342efded56484a24b16f896d95a749f",
            "translation": [
                -10.8574399,
                2.384185791015625e-07,
                -3.8954696
            ],
            "rotation": [
                0.7071068,
                0.0,
                0.7071067,
                0.0
            ],
            "motion_type": "static"
        },
        {
            "template_name": "8718b96e8acda5e530bc0eb72a0d3660778ff59a",
            "translation": [
                -2.8375298,
                2.8000001,
                -6.2706294
            ],
            "rotation": [
                0.7071068,
                0.0,
                -0.7071067,
                0.0
            ],
            "motion_type": "static",
            "non_uniform_scale": [
                1.3342818,
                0.9999998,
                1.400996
            ]
        },
        {
            "template_name": "9ef599840e5961db1b3b603d12b5a345aaaca3fe",
            "translation": [
                -8.7778129,
                1.5700001,
                -5.6018285
            ],
            "rotation": [
                0.7071068,
                0.0,
                0.7071067,
                0.0
            ],
            "motion_type": "static",
            "non_uniform_scale": [
                0.837359,
                0.9068922,
                0.8411515
            ]
        },
        {
            "template_name": "9ef599840e5961db1b3b603d12b5a345aaaca3fe",
            "translation": [
                -8.7534027,
                1.9700002,
                -6.3818483
            ],
            "rotation": [
                0.7071068,
                0.0,
                0.7071067,
                0.0
            ],
            "motion_type": "static",
            "non_uniform_scale": [
                0.837359,
                0.9068922,
                0.8411515
            ]
        },
        {
            "template_name": "9ef599840e5961db1b3b603d12b5a345aaaca3fe",
            "translation": [
                -1.0833296,
                2.5331974029541016e-07,
                -4.2771334
            ],
            "rotation": [
                0.0,
                0.0,
                1.0,
                0.0
            ],
            "motion_type": "static",
            "non_uniform_scale": [
                2.8985507,
                0.9999997,
                2.9116787
            ]
        },
        {
            "template_name": "9ef599840e5961db1b3b603d12b5a345aaaca3fe",
            "translation": [
                -1.0365396,
                1.1920928955078125e-07,
                -1.9284241
            ],
            "rotation": [
                0.0,
                0.0,
                1.0,
                0.0
            ],
            "motion_type": "static",
            "non_uniform_scale": [
                2.8985507,
                0.9999997,
                2.9116787
            ]
        },
        {
            "template_name": "9f11666e11ee2381f2c11088b4547356d351b38d",
            "translation": [
                -8.4504604,
                0.8500003,
                -8.3145694
            ],
            "rotation": [
                0.7071068,
                0.0,
                0.7071067,
                0.0
            ],
            "motion_type": "static",
            "non_uniform_scale": [
                0.9999998,
                0.8666664,
                0.9999998
            ]
        },
        {
            "template_name": "75bcf65091df0ec78dae7f2ab780d950628555fd",
            "translation": [
                -2.2532799,
                2.2652876,
                -2.1616797
            ],
            "rotation": [
                -0.5000002,
                -0.4999999,
                0.4999999,
                -0.4999998
            ],
            "motion_type": "static",
            "non_uniform_scale": [
                0.9777776,
                0.9999999,
                0.0709454
            ]
        },
        {
            "template_name": "75bcf65091df0ec78dae7f2ab780d950628555fd",
            "translation": [
                -2.2532799,
                2.2704377,
                -3.5574996
            ],
            "rotation": [
                -0.5000002,
                -0.4999999,
                0.4999999,
                -0.4999998
            ],
            "motion_type": "static",
            "non_uniform_scale": [
                -1.422222,
                0.9999999,
                0.0709454
            ]
        },
        {
            "template_name": "75bcf65091df0ec78dae7f2ab780d950628555fd",
            "translation": [
                -2.7542502,
                2.2959775,
                -0.9993698
            ],
            "rotation": [
                0.0,
                0.0,
                0.7071069,
                -0.7071065
            ],
            "motion_type": "static",
            "non_uniform_scale": [
                1.1132777,
                0.9999998,
                0.0709454
            ]
        },
        {
            "template_name": "75bcf65091df0ec78dae7f2ab780d950628555fd",
            "translation": [
                -4.4755902,
                2.2959775,
                -0.9993698
            ],
            "rotation": [
                0.0,
                0.0,
                0.7071069,
                -0.7071065
            ],
            "motion_type": "static",
            "non_uniform_scale": [
                1.1070333,
                0.9999998,
                0.0709454
            ]
        },
        {
            "template_name": "75bcf65091df0ec78dae7f2ab780d950628555fd",
            "translation": [
                -3.6200399,
                2.2959775,
                -0.9993698
            ],
            "rotation": [
                0.0,
                0.0,
                0.7071069,
                -0.7071065
            ],
            "motion_type": "static",
            "non_uniform_scale": [
                1.1070333,
                0.9999998,
                0.0709454
            ]
        },
        {
            "template_name": "fe799ce4f050da99c88ef6f994b2197d874cf67d",
            "translation": [
                -8.7937746,
                2.3315603,
                -8.3148088
            ],
            "rotation": [
                0.4999999,
                0.4999999,
                0.5,
                -0.5
            ],
            "motion_type": "static"
        },
        {
            "template_name": "4bf52fbe56d0c50cdad08bcd4a717e590fb77373",
            "translation": [
                -11.9481401,
                0.4779402,
                -5.1040496
            ],
            "rotation": [
                0.7071068,
                0.0,
                -0.7071067,
                0.0
            ],
            "motion_type": "static"
        },
        {
            "template_name": "4bf52fbe56d0c50cdad08bcd4a717e590fb77373",
            "translation": [
                -11.8584899,
                0.4856,
                -2.0890898
            ],
            "rotation": [
                0.7071068,
                0.0,
                -0.7071067,
                0.0
            ],
            "motion_type": "static"
        },
        {
            "template_name": "713ad69872c5d3ea4a86d674135bca47c001fd42",
            "translation": [
                -5.6581749,
                0.4500003,
                -6.1114797
            ],
            "rotation": [
                0.4999999,
                0.4999999,
                0.5,
                -0.5
            ],
            "motion_type": "static",
            "non_uniform_scale": [
                0.6271775,
                0.9999998,
                0.9999998
            ]
        },
        {
            "template_name": "4a5f3b29cc15b191bb35bfae6c5918087a173827",
            "translation": [
                -6.1180148,
                3.5762786865234375e-07,
                -5.8420996
            ],
            "rotation": [
                0.7071068,
                0.0,
                -0.7071067,
                0.0
            ],
            "motion_type": "static"
        },
        {
            "template_name": "0ec2c3f9a5d6461e26e81ba96aecd7a304274a31",
            "translation": [
                -7.7677302,
                3.5762786865234375e-07,
                -6.137567
            ],
            "motion_type": "static",
            "non_uniform_scale": [
                0.8412787,
                0.9999998,
                0.811914
            ]
        },
        {
            "template_name": "16c33cffd5b62d0d5df5ed6dd607f690ce2ee7c7",
            "translation": [
                -8.4888,
                5.066394805908203e-07,
                -8.3354787
            ],
            "rotation": [
                0.7071068,
                0.0,
                0.7071067,
                0.0
            ],
            "motion_type": "static"
        },
        {
            "template_name": "3d901ff75e41368cf9bfc2aca27e34ed11def9e7",
            "translation": [
                -5.5306797,
                0.9,
                -3.3185098
            ],
            "rotation": [
                0.7071068,
                0.0,
                0.7071067,
                0.0
            ],
            "motion_type": "static"
        },
        {
            "template_name": "xxxxd4daff2ex60f1x4dc8xa1c7xdcf64fff318e",
            "translation": [
                -2.4351,
                1.7400002,
                -4.8014392
            ],
            "rotation": [
                0.7071068,
                0.0,
                0.7071067,
                0.0
            ],
            "motion_type": "static"
        },
        {
            "template_name": "xxxx0c7cbd31xd485x4d15xa887x705923574969",
            "translation": [
                -6.8443498,
                0.8000006,
                -10.7352495
            ],
            "rotation": [
                0.7071068,
                0.0,
                0.7071067,
                0.0
            ],
            "motion_type": "static"
        },
        {
            "template_name": "69f290dc18b7d92985f576f078e3d44bef963c09",
            "translation": [
                -8.8708353,
                1.6000502,
                -4.9207997
            ],
            "rotation": [
                0.4999999,
                0.4999999,
                0.5,
                -0.5
            ],
            "motion_type": "static"
        },
        {
            "template_name": "13d8d7ad96820d3d675eb710644f2f4e21a7178a",
            "translation": [
                -6.0787401,
                1.9947899,
                -4.2138195
            ],
            "rotation": [
                0.7071068,
                0.0,
                0.7071067,
                0.0
            ],
            "motion_type": "static"
        },
        {
            "template_name": "203-2",
            "translation": [
                -9.5662298,
                1.1200004,
                -9.845479
            ],
            "rotation": [
                0.0,
                0.0,
                1.0,
                0.0
            ],
            "motion_type": "static",
            "non_uniform_scale": [
                -1.0,
                0.9999998,
                0.9999998
            ]
        },
        {
            "template_name": "4134-11",
            "translation": [
                -10.5215902,
                1.25,
                -0.8743698
            ],
            "rotation": [
                0.0,
                0.0,
                1.0,
                0.0
            ],
            "motion_type": "static",
            "non_uniform_scale": [
                -1.0,
                0.9999998,
                0.9999998
            ]
        },
        {
            "template_name": "3262-5",
            "translation": [
                -8.930046,
                1.25,
                -1.7330598
            ],
            "rotation": [
                0.7038397,
                0.0,
                0.7103587,
                0.0
            ],
            "motion_type": "static",
            "non_uniform_scale": [
                -0.9999999,
                0.9999998,
                0.9999999
            ]
        },
        {
            "template_name": "3262-5",
            "translation": [
                -6.4764099,
                1.2500001,
                -2.3724298
            ],
            "motion_type": "static"
        },
        {
            "template_name": "4134-12",
            "translation": [
                -7.6676402,
                1.2500001,
                -2.3724298
            ],
            "rotation": [
                0.0,
                0.0,
                1.0,
                0.0
            ],
            "motion_type": "static",
            "non_uniform_scale": [
                -1.0,
                0.9999998,
                0.9999998
            ]
        },
        {
            "template_name": "4134-13",
            "translation": [
                -3.6321001,
                1.25,
                -0.8743698
            ],
            "rotation": [
                0.0,
                0.0,
                1.0,
                0.0
            ],
            "motion_type": "static",
            "non_uniform_scale": [
                -1.0,
                0.9999998,
                0.9999998
            ]
        },
        {
            "template_name": "3262-6",
            "translation": [
                -2.1282799,
                1.25,
                -2.1605496
            ],
            "rotation": [
                0.7071067,
                0.0,
                0.7071068,
                0.0
            ],
            "motion_type": "static",
            "non_uniform_scale": [
                -0.9999998,
                0.9999998,
                0.9999998
            ]
        },
        {
            "template_name": "4134-14",
            "translation": [
                -2.1282799,
                1.2500001,
                -3.55658
            ],
            "rotation": [
                0.7071068,
                0.0,
                -0.7071067,
                0.0
            ],
            "motion_type": "static",
            "non_uniform_scale": [
                -0.9999998,
                0.9999998,
                0.9999998
            ]
        },
        {
            "template_name": "4134-15",
            "translation": [
                -1.8700401,
                1.2500004,
                -9.8996887
            ],
            "rotation": [
                0.7071068,
                0.0,
                -0.7071067,
                0.0
            ],
            "motion_type": "static",
            "non_uniform_scale": [
                -0.9999998,
                0.9999998,
                0.9999998
            ]
        },
        {
            "template_name": "4134-16",
            "translation": [
                -0.51775,
                1.2500003,
                -6.5443096
            ],
            "rotation": [
                0.7071067,
                0.0,
                0.7071067,
                0.0
            ],
            "motion_type": "static",
            "non_uniform_scale": [
                -0.9999998,
                0.9999998,
                0.9999998
            ]
        }
    ],
    "articulated_object_instances": [],
    "stage_instance": {
        "template_name": "stages/106878915_174887025",
        "motion_type": "static"
    },
    "user_defined": {
        "scene_filter_file": "scene_filter_files/106878915_174887025.rec_filter.json"
    }
}