{
    "translation_origin": "asset_local",
    "default_lighting": "",
    "navmesh_instance": "",
    "object_instances": [
        {
            "template_name": "cfd8f4b2d212696fd219492294adfc2d115925fc",
            "translation": [
                -15.9333896,
                5.066394805908203e-07,
                -8.5360593
            ],
            "rotation": [
                0.0,
                0.0,
                1.0,
                0.0
            ],
            "motion_type": "static"
        },
        {
            "template_name": "de47820f2dc539102408f43243369f2a952b7b2f",
            "translation": [
                -4.1438097,
                5.066394805908203e-07,
                -8.3754186
            ],
            "rotation": [
                0.0,
                0.0,
                1.0,
                0.0
            ],
            "motion_type": "static",
            "non_uniform_scale": [
                0.3526796,
                1.1592681,
                0.4813998
            ]
        },
        {
            "template_name": "de47820f2dc539102408f43243369f2a952b7b2f",
            "translation": [
                -4.6223101,
                3.2782554626464844e-07,
                -5.4691395
            ],
            "rotation": [
                0.0,
                0.0,
                1.0,
                0.0
            ],
            "motion_type": "static",
            "non_uniform_scale": [
                0.714168,
                1.1592681,
                0.5404831
            ]
        },
        {
            "template_name": "de47820f2dc539102408f43243369f2a952b7b2f",
            "translation": [
                -6.1848893,
                5.066394805908203e-07,
                -8.3747091
            ],
            "motion_type": "static",
            "non_uniform_scale": [
                0.3554823,
                1.1592681,
                0.4813998
            ]
        },
        {
            "template_name": "33f33f18af5677db2b7b783cdfaff4dcdda290dc",
            "translation": [
                -16.7735748,
                1.75,
                -4.5916996
            ],
            "rotation": [
                0.4999999,
                0.4999999,
                0.5,
                -0.5
            ],
            "motion_type": "static",
            "non_uniform_scale": [
                0.8823698,
                0.9999998,
                0.9999998
            ]
        },
        {
            "template_name": "33f33f18af5677db2b7b783cdfaff4dcdda290dc",
            "translation": [
                -16.7735748,
                1.75,
                -3.7597696
            ],
            "rotation": [
                0.4999999,
                0.4999999,
                0.5,
                -0.5
            ],
            "motion_type": "static",
            "non_uniform_scale": [
                0.8588399,
                0.9999998,
                0.9999998
            ]
        },
        {
            "template_name": "33f33f18af5677db2b7b783cdfaff4dcdda290dc",
            "translation": [
                -16.7735748,
                1.7499996,
                -2.7419097
            ],
            "rotation": [
                0.4999999,
                0.4999999,
                0.5,
                -0.5
            ],
            "motion_type": "static",
            "non_uniform_scale": [
                0.8823698,
                0.9999998,
                0.9999998
            ]
        },
        {
            "template_name": "8df9760c5c3609e6005791ceb66020fdb91e4758",
            "translation": [
                -16.5629806,
                4.76837158203125e-07,
                -7.7237896
            ],
            "rotation": [
                0.7071068,
                0.0,
                -0.7071067,
                0.0
            ],
            "motion_type": "static",
            "non_uniform_scale": [
                1.6126203,
                0.9999998,
                0.8728963
            ]
        },
        {
            "template_name": "26e2d9294ce1311bf117498e745addc47c703bdb",
            "translation": [
                -3.9999697,
                1.7500004,
                -8.6467189
            ],
            "rotation": [
                0.7071068,
                0.7071067,
                0.0,
                0.0
            ],
            "motion_type": "static"
        },
        {
            "template_name": "1d438cf2a0be5706ffdbd1489fbfb27f712589a0",
            "translation": [
                -9.4707498,
                1.75,
                -1.8595397
            ],
            "rotation": [
                0.0,
                0.0,
                0.7071068,
                -0.7071067
            ],
            "motion_type": "static",
            "non_uniform_scale": [
                1.2211333,
                0.9999998,
                0.9999997
            ]
        },
        {
            "template_name": "1d438cf2a0be5706ffdbd1489fbfb27f712589a0",
            "translation": [
                -12.0682601,
                1.7500001,
                -3.7102694
            ],
            "rotation": [
                -0.5,
                -0.5,
                0.5,
                -0.4999999
            ],
            "motion_type": "static"
        },
        {
            "template_name": "6e8ba0503682447c09014295ae4e35b1f3fc1f5f",
            "translation": [
                -15.2332296,
                1.7499897,
                -1.8595346
            ],
            "rotation": [
                0.0,
                0.0,
                0.7071068,
                -0.7071067
            ],
            "motion_type": "static",
            "non_uniform_scale": [
                -1.0,
                0.9999998,
                0.9999998
            ]
        },
        {
            "template_name": "e3a8320821fdca44b43c3f2d9abeaa5a76de2505",
            "translation": [
                -4.4419198,
                2.1260004,
                -8.2920293
            ],
            "motion_type": "static"
        },
        {
            "template_name": "b728cc955a2446b78b59de9f4ca49a986dc6528f",
            "translation": [
                -10.5700902,
                1.7499996,
                -0.0438597
            ],
            "rotation": [
                -0.5,
                -0.5,
                0.5,
                -0.4999999
            ],
            "motion_type": "static"
        },
        {
            "template_name": "223acc6157d76226d2a4f0a8cb52d4a8e6873c2d",
            "translation": [
                -9.4297904,
                1.7519998,
                -1.7095396
            ],
            "rotation": [
                0.7071068,
                0.7071067,
                0.0,
                0.0
            ],
            "motion_type": "static"
        },
        {
            "template_name": "ea402f38c075752d6858cfc8fe8a29193d277e8e",
            "translation": [
                -12.5042104,
                1.75,
                -1.7095396
            ],
            "rotation": [
                0.7071068,
                0.7071067,
                0.0,
                0.0
            ],
            "motion_type": "static"
        },
        {
            "template_name": "a00b268db0101cb85fce76f00a6b8e3f79ec263e",
            "translation": [
                -7.7392802,
                1.75,
                -1.7095396
            ],
            "rotation": [
                0.7071068,
                0.7071067,
                0.0,
                0.0
            ],
            "motion_type": "static"
        },
        {
            "template_name": "aca089073861dd70c7db5e99f294ed311d6f3ec4",
            "translation": [
                -10.5048303,
                1.7507499,
                -1.8595397
            ],
            "rotation": [
                0.0,
                0.0,
                0.7071068,
                -0.7071067
            ],
            "motion_type": "static"
        },
        {
            "template_name": "dc7a4ef39408cdfc7e9dce48757bde5cbe4ee2c1",
            "translation": [
                -7.2983698,
                -2.9802322387695312e-08,
                0.2541097
            ],
            "rotation": [
                0.7071068,
                0.0,
                -0.7071067,
                0.0
            ],
            "motion_type": "static"
        },
        {
            "template_name": "aee87f94b8fe693757b14827b969fbbfe03eb12e",
            "translation": [
                -14.1921997,
                -8.940696716308594e-08,
                1.2756297
            ],
            "rotation": [
                0.0,
                0.0,
                1.0,
                0.0
            ],
            "motion_type": "static",
            "non_uniform_scale": [
                0.9864128,
                0.9999998,
                0.8647204
            ]
        },
        {
            "template_name": "0c62443b455166e6f30ed633695dd5d1059773a5",
            "translation": [
                -9.6056804,
                -2.9802322387695312e-08,
                0.4103899
            ],
            "rotation": [
                0.0,
                0.0,
                1.0,
                0.0
            ],
            "motion_type": "static",
            "non_uniform_scale": [
                0.9669334,
                0.9999998,
                0.9871097
            ]
        },
        {
            "template_name": "73b7a391b1d42c707c01739d3591310d04f3ea12",
            "translation": [
                -4.7300901,
                1.1920928955078125e-07,
                -2.1086897
            ],
            "rotation": [
                0.0,
                0.0,
                1.0,
                0.0
            ],
            "motion_type": "static"
        },
        {
            "template_name": "3a0761b158e31bf3ecb0da4087dcf46be2e5176f",
            "translation": [
                -15.9736404,
                4.5006163418293e-07,
                -7.5521597
            ],
            "rotation": [
                0.7071068,
                0.0,
                -0.7071067,
                0.0
            ],
            "motion_type": "static",
            "non_uniform_scale": [
                0.9999998,
                0.9999998,
                1.0720467
            ]
        },
        {
            "template_name": "68333b64226ceb3585f2355a154a77cfa3276c21",
            "translation": [
                -11.7357301,
                3.5762786865234375e-07,
                -5.9462594
            ],
            "rotation": [
                0.7071068,
                0.0,
                0.7071067,
                0.0
            ],
            "motion_type": "static"
        },
        {
            "template_name": "bae40d9682581044e6a5a7e17e85cce758463121",
            "translation": [
                -9.5601396,
                2.980232238769531e-07,
                -5.0734295
            ],
            "motion_type": "static"
        },
        {
            "template_name": "461342e6ae1bc0d6d9c06e3d9a68eb25325edd49",
            "translation": [
                -11.9182596,
                1.7500003,
                -7.4101696
            ],
            "rotation": [
                0.4999999,
                0.4999999,
                0.5,
                -0.5
            ],
            "motion_type": "static"
        },
        {
            "template_name": "4daf043be5bd878df2a8459a5d6f12df70582a3e",
            "translation": [
                -15.1861486,
                2.9802322387695312e-08,
                -0.6552699
            ],
            "rotation": [
                -0.3779537,
                0.0,
                0.9258244,
                0.0
            ],
            "motion_type": "static"
        },
        {
            "template_name": "55a5e77efee32b21d7edf4df0223fc30d330fbd9",
            "translation": [
                -8.1244697,
                1.7500003,
                -8.6467189
            ],
            "rotation": [
                0.7071068,
                0.7071067,
                0.0,
                0.0
            ],
            "motion_type": "static"
        },
        {
            "template_name": "b4f97fd0667dfc3977aede1dcfb2d20fad37864b",
            "translation": [
                -8.8526706,
                0.0,
                -0.0254149
            ],
            "rotation": [
                0.7071068,
                0.0,
                0.7071067,
                0.0
            ],
            "motion_type": "static"
        },
        {
            "template_name": "2fb166ae425eabf093f3b7b3d37c2c8a9b13835f",
            "translation": [
                -12.0682601,
                1.7500001,
                -5.5519995
            ],
            "rotation": [
                -0.5,
                -0.5,
                0.5,
                -0.4999999
            ],
            "motion_type": "static"
        },
        {
            "template_name": "e460bdb42d7cc2ecf568be1a36df376b8ab69d05",
            "translation": [
                -12.7395896,
                2.1392199,
                -1.8595397
            ],
            "rotation": [
                0.0,
                0.0,
                0.7071068,
                -0.7071067
            ],
            "motion_type": "static"
        },
        {
            "template_name": "e460bdb42d7cc2ecf568be1a36df376b8ab69d05",
            "translation": [
                -15.8629589,
                1.7501802,
                -8.6467189
            ],
            "rotation": [
                0.7071068,
                0.7071067,
                0.0,
                0.0
            ],
            "motion_type": "static"
        },
        {
            "template_name": "89c794c1d6a59847f69d9343f1d592758ea1da1f",
            "translation": [
                -11.9182586,
                1.87,
                -4.5892596
            ],
            "rotation": [
                0.4999999,
                0.4999999,
                0.5000001,
                -0.5
            ],
            "motion_type": "static",
            "non_uniform_scale": [
                1.2999997,
                0.9999998,
                1.2999997
            ]
        },
        {
            "template_name": "14d3159664ea16859019f306ef64b59c18a65f6e",
            "translation": [
                -5.5601406,
                -5.960464477539063e-08,
                1.3083899
            ],
            "rotation": [
                0.0,
                0.0,
                1.0,
                0.0
            ],
            "motion_type": "static"
        },
        {
            "template_name": "9195c52970c032c7fe5536c0348260cb2ae2fb56",
            "translation": [
                -12.2545003,
                4.76837158203125e-07,
                -8.4340486
            ],
            "rotation": [
                0.7071068,
                0.0,
                -0.7071067,
                0.0
            ],
            "motion_type": "static",
            "non_uniform_scale": [
                1.215314,
                0.9999998,
                0.9999998
            ]
        },
        {
            "template_name": "a48ea3b073b996c10701e1e2e6ef9e119f8edff4",
            "translation": [
                -16.7735805,
                1.7500001,
                -6.0623793
            ],
            "rotation": [
                0.4999999,
                0.4999999,
                0.5,
                -0.5
            ],
            "motion_type": "static"
        },
        {
            "template_name": "de65d35ef7eee3e68d5f1abceefb816cdb871491",
            "translation": [
                -16.2296962,
                0.0010001,
                -1.8623899
            ],
            "rotation": [
                0.0054223,
                0.0,
                0.9999852,
                0.0
            ],
            "motion_type": "static"
        },
        {
            "template_name": "a536e8f30b7941256dfd8a5b8d93903011987572",
            "translation": [
                -16.5240497,
                3.8743019104003906e-07,
                -6.5956196
            ],
            "motion_type": "static"
        },
        {
            "template_name": "1e426c6c84e2f19f6a70d11903cb7da4283410cd",
            "translation": [
                -16.0394306,
                5.960464477539063e-08,
                -1.1251498
            ],
            "rotation": [
                0.9361829,
                0.0,
                0.3515127,
                0.0
            ],
            "motion_type": "static",
            "non_uniform_scale": [
                1.2232724,
                0.9999998,
                0.8724222
            ]
        },
        {
            "template_name": "1efd5bef416b631dbe94e74e0a3554cf7474436a",
            "translation": [
                -16.5719356,
                0.6100001,
                -2.8230197
            ],
            "motion_type": "static"
        },
        {
            "template_name": "423452dec7665512f3c67cb9aa8079e2db904109",
            "translation": [
                -3.67697,
                1.75,
                -2.5724797
            ],
            "rotation": [
                -0.5,
                -0.5,
                0.5,
                -0.4999999
            ],
            "motion_type": "static"
        },
        {
            "template_name": "131579ce2c78648852c069f2b46eb3223b785bda",
            "translation": [
                -4.30058,
                2.123415470123291e-07,
                -3.5547297
            ],
            "motion_type": "static",
            "non_uniform_scale": [
                0.6171128,
                0.9999998,
                0.6951093
            ]
        },
        {
            "template_name": "78eb0851a42ad1e7c674eba790810964378c68bc",
            "translation": [
                -13.8252296,
                1.1920928955078125e-07,
                -2.0300586
            ],
            "rotation": [
                0.0,
                0.0,
                1.0,
                0.0
            ],
            "motion_type": "static",
            "non_uniform_scale": [
                1.183552,
                0.9999998,
                0.8016728
            ]
        },
        {
            "template_name": "bf112cb3224ed0184b57c3b35aca759d18eb7eb3",
            "translation": [
                -9.0743598,
                4.470348358154297e-07,
                -7.3316721
            ],
            "rotation": [
                0.0,
                0.0,
                1.0,
                0.0
            ],
            "motion_type": "static",
            "non_uniform_scale": [
                1.0,
                0.9999997,
                1.144914
            ]
        },
        {
            "template_name": "6cbef8a7ce41742f3a0327a9944b055c3eb87d83",
            "translation": [
                -6.4574699,
                1.7499996,
                0.1222501
            ],
            "rotation": [
                0.0,
                0.0,
                0.7071068,
                -0.7071067
            ],
            "motion_type": "static",
            "non_uniform_scale": [
                1.5201735,
                0.9999998,
                0.9999998
            ]
        },
        {
            "template_name": "1779f202a3be463c1d6775a702a7dacf93d5ff4a",
            "translation": [
                -10.6548299,
                0.0,
                0.1001799
            ],
            "rotation": [
                0.7071068,
                0.0,
                -0.7071067,
                0.0
            ],
            "motion_type": "static"
        },
        {
            "template_name": "b6ec8163e66414fbb84f09c7b77af934581ab089",
            "translation": [
                -7.6548442,
                -1.1920928955078125e-07,
                1.5420198
            ],
            "rotation": [
                0.0,
                0.0,
                1.0,
                0.0
            ],
            "motion_type": "static",
            "non_uniform_scale": [
                0.9999998,
                0.9999998,
                0.6400632
            ]
        },
        {
            "template_name": "b6ec8163e66414fbb84f09c7b77af934581ab089",
            "translation": [
                -9.6866245,
                -1.1920928955078125e-07,
                1.4796699
            ],
            "rotation": [
                0.0,
                0.0,
                1.0,
                0.0
            ],
            "motion_type": "static",
            "non_uniform_scale": [
                -0.9999998,
                0.9999998,
                0.6400632
            ]
        },
        {
            "template_name": "9395d2c4688f795c91c7c1554e1e72020b2d8191",
            "translation": [
                -16.5996303,
                3.5762786865234375e-07,
                -5.5197348
            ],
            "rotation": [
                0.7071068,
                0.0,
                0.7071067,
                0.0
            ],
            "motion_type": "static"
        },
        {
            "template_name": "9395d2c4688f795c91c7c1554e1e72020b2d8191",
            "translation": [
                -16.5996303,
                1.1920928955078125e-07,
                -2.6002249
            ],
            "rotation": [
                0.7071068,
                0.0,
                0.7071067,
                0.0
            ],
            "motion_type": "static"
        },
        {
            "template_name": "5791993ce0758a85539e6a787f72c079b1df048a",
            "translation": [
                -10.3268499,
                4.470348358154297e-07,
                -7.3663601
            ],
            "rotation": [
                0.7071068,
                0.0,
                0.7071067,
                0.0
            ],
            "motion_type": "static"
        },
        {
            "template_name": "5791993ce0758a85539e6a787f72c079b1df048a",
            "translation": [
                -9.5488796,
                4.76837158203125e-07,
                -7.9965195
            ],
            "motion_type": "static"
        },
        {
            "template_name": "5791993ce0758a85539e6a787f72c079b1df048a",
            "translation": [
                -8.4909095,
                4.76837158203125e-07,
                -7.9640893
            ],
            "motion_type": "static"
        },
        {
            "template_name": "5791993ce0758a85539e6a787f72c079b1df048a",
            "translation": [
                -7.8813099,
                4.470348358154297e-07,
                -7.3663601
            ],
            "rotation": [
                0.7071068,
                0.0,
                -0.7071067,
                0.0
            ],
            "motion_type": "static"
        },
        {
            "template_name": "35fdc6d66950606f33262da718b378f7fe46923a",
            "translation": [
                -7.3787703,
                -5.960464477539063e-08,
                1.1587096
            ],
            "rotation": [
                0.7071068,
                0.0,
                0.7071067,
                0.0
            ],
            "motion_type": "static"
        },
        {
            "template_name": "06f96d142a549b91840a5034e1529f477b97a59c",
            "translation": [
                -12.0682601,
                1.75,
                -4.6019196
            ],
            "rotation": [
                -0.5,
                -0.5,
                0.5,
                -0.4999999
            ],
            "motion_type": "static"
        },
        {
            "template_name": "e8e05338d973e1845aea18072e1086cadaf6a1e6",
            "translation": [
                -16.7735805,
                1.7500001,
                -4.1887292
            ],
            "rotation": [
                0.4999999,
                0.4999999,
                0.5,
                -0.5
            ],
            "motion_type": "static"
        },
        {
            "template_name": "e8e05338d973e1845aea18072e1086cadaf6a1e6",
            "translation": [
                -16.7735805,
                1.7500001,
                -3.6276898
            ],
            "rotation": [
                0.4999999,
                0.4999999,
                0.5,
                -0.5
            ],
            "motion_type": "static"
        },
        {
            "template_name": "03ea6472f528d540163f2067c40e832054ed30ab",
            "translation": [
                -4.0055251,
                4.172325134277344e-07,
                -6.9463896
            ],
            "rotation": [
                0.7071068,
                0.0,
                -0.7071067,
                0.0
            ],
            "motion_type": "static",
            "non_uniform_scale": [
                0.946097,
                0.9999998,
                0.9999998
            ]
        },
        {
            "template_name": "6f2bb312036ebbae505dbdc84cd4316e48736776",
            "translation": [
                -5.22093,
                1.1920928955078125e-07,
                -1.5571397
            ],
            "motion_type": "static",
            "non_uniform_scale": [
                0.9482281,
                0.9999998,
                0.6666445
            ]
        },
        {
            "template_name": "392798e1dadf0e543fb9fc66d550385b3611ab56",
            "translation": [
                -3.9595,
                2.8819305,
                -6.8436994
            ],
            "motion_type": "static"
        },
        {
            "template_name": "ded915cd6ff75d772c84abbc4ca2bf141d0caa90_part_4",
            "translation": [
                -3.6779494,
                1.0885479,
                -4.6964907
            ],
            "rotation": [
                -0.5,
                -0.5,
                0.5,
                -0.4999999
            ],
            "motion_type": "static"
        },
        {
            "template_name": "ded915cd6ff75d772c84abbc4ca2bf141d0caa90_part_5",
            "translation": [
                -3.6769218,
                1.5869108,
                -4.6194319
            ],
            "rotation": [
                -0.5,
                -0.5,
                0.5,
                -0.4999999
            ],
            "motion_type": "static"
        },
        {
            "template_name": "ded915cd6ff75d772c84abbc4ca2bf141d0caa90_part_6",
            "translation": [
                -3.6775,
                1.988507,
                -4.8161158
            ],
            "rotation": [
                -0.5,
                -0.5,
                0.5,
                -0.4999999
            ],
            "motion_type": "static"
        },
        {
            "template_name": "ded915cd6ff75d772c84abbc4ca2bf141d0caa90_part_7",
            "translation": [
                -3.6779491,
                2.1805391,
                -4.3912897
            ],
            "rotation": [
                -0.5,
                -0.5,
                0.5,
                -0.4999999
            ],
            "motion_type": "static"
        },
        {
            "template_name": "ded915cd6ff75d772c84abbc4ca2bf141d0caa90_part_1",
            "translation": [
                -11.8870019,
                2.0948128,
                -3.2327582
            ],
            "rotation": [
                0.4999999,
                0.4999999,
                0.5,
                -0.5
            ],
            "motion_type": "static"
        },
        {
            "template_name": "ded915cd6ff75d772c84abbc4ca2bf141d0caa90_part_2",
            "translation": [
                -11.8988199,
                2.3063399,
                -3.6430575
            ],
            "rotation": [
                0.4999999,
                0.4999999,
                0.5,
                -0.5
            ],
            "motion_type": "static"
        },
        {
            "template_name": "ded915cd6ff75d772c84abbc4ca2bf141d0caa90_part_4",
            "translation": [
                -11.9172811,
                1.0885479,
                -3.3526585
            ],
            "rotation": [
                0.4999999,
                0.4999999,
                0.5,
                -0.5
            ],
            "motion_type": "static"
        },
        {
            "template_name": "ded915cd6ff75d772c84abbc4ca2bf141d0caa90_part_5",
            "translation": [
                -11.9183082,
                1.5869108,
                -3.4297175
            ],
            "rotation": [
                0.4999999,
                0.4999999,
                0.5,
                -0.5
            ],
            "motion_type": "static"
        },
        {
            "template_name": "ded915cd6ff75d772c84abbc4ca2bf141d0caa90_part_6",
            "translation": [
                -11.9177303,
                1.988507,
                -3.2330336
            ],
            "rotation": [
                0.4999999,
                0.4999999,
                0.5,
                -0.5
            ],
            "motion_type": "static"
        },
        {
            "template_name": "ded915cd6ff75d772c84abbc4ca2bf141d0caa90_part_7",
            "translation": [
                -11.9172811,
                2.1805388,
                -3.6578593
            ],
            "rotation": [
                0.4999999,
                0.4999999,
                0.5,
                -0.5
            ],
            "motion_type": "static"
        },
        {
            "template_name": "e692941167622679a8ce70faad37ed672a3b6bee",
            "translation": [
                -3.6769702,
                1.75,
                -0.8105198
            ],
            "rotation": [
                -0.5,
                -0.5,
                0.5,
                -0.4999999
            ],
            "motion_type": "static"
        },
        {
            "template_name": "9267a60171a5eac802ab37b443aef369fd258c8d",
            "translation": [
                -7.5444898,
                -1.4901161193847656e-08,
                0.2542898
            ],
            "rotation": [
                0.7071068,
                0.0,
                -0.7071067,
                0.0
            ],
            "motion_type": "static"
        },
        {
            "template_name": "78e1bee40ca74275511288f694cfef842451b2f7",
            "translation": [
                -4.1217398,
                0.0,
                0.9074398
            ],
            "rotation": [
                0.7071068,
                0.0,
                -0.7071067,
                0.0
            ],
            "motion_type": "static",
            "non_uniform_scale": [
                0.9066439,
                0.9999998,
                0.9883775
            ]
        },
        {
            "template_name": "d5931f56dd8f440528a813e363dac41b1b234c06",
            "translation": [
                -4.7953801,
                3.955792635679245e-07,
                -6.637979
            ],
            "rotation": [
                0.7071068,
                0.0,
                0.7071067,
                0.0
            ],
            "motion_type": "static",
            "non_uniform_scale": [
                0.3546245,
                0.9999998,
                0.282851
            ]
        },
        {
            "template_name": "94ef696e652dcb61e81d20447784246aa7ef74b3",
            "translation": [
                -9.4137401,
                1.1920928955078125e-07,
                -2.0881397
            ],
            "rotation": [
                0.0,
                0.0,
                1.0,
                0.0
            ],
            "motion_type": "static"
        },
        {
            "template_name": "4b3c032200f1d05ef71aa2fe324180d8b772f1a2",
            "translation": [
                -16.5811061,
                -5.960464477539063e-08,
                1.0841952
            ],
            "rotation": [
                0.7071068,
                0.0,
                -0.7071067,
                0.0
            ],
            "motion_type": "static",
            "non_uniform_scale": [
                0.7987238,
                0.9999998,
                1.1678934
            ]
        },
        {
            "template_name": "6abdf0ae193cb06761aa72bc6acff7fc7320e76f",
            "translation": [
                -6.9148707,
                1.7499996,
                -0.2767696
            ],
            "rotation": [
                0.4999999,
                0.4999999,
                0.5,
                -0.5
            ],
            "motion_type": "static"
        },
        {
            "template_name": "6804953904df94d4abdb0776ad6d55c2a5b8aeaa",
            "translation": [
                -12.6585607,
                0.0,
                -0.1296899
            ],
            "motion_type": "static",
            "non_uniform_scale": [
                1.311853,
                0.9999998,
                1.1758865
            ]
        },
        {
            "template_name": "5bdf2a4a8a5b31a5e0549d480caed0be6631f110",
            "translation": [
                -8.3995704,
                -8.940696716308594e-08,
                1.3146897
            ],
            "rotation": [
                0.0,
                0.0,
                1.0,
                0.0
            ],
            "motion_type": "static",
            "non_uniform_scale": [
                1.2204327,
                0.9999998,
                0.9183601
            ]
        },
        {
            "template_name": "3db77e4ce243cc4324876f8c673ba8d1835fefca",
            "translation": [
                -16.7735748,
                1.7494801,
                -6.6276245
            ],
            "rotation": [
                0.4999999,
                0.4999999,
                0.5,
                -0.5
            ],
            "motion_type": "static"
        },
        {
            "template_name": "3db77e4ce243cc4324876f8c673ba8d1835fefca",
            "translation": [
                -15.1595849,
                1.7494796,
                0.5064849
            ],
            "rotation": [
                0.0,
                0.0,
                0.7071068,
                -0.7071067
            ],
            "motion_type": "static"
        },
        {
            "template_name": "6fca7a83e4c397830a0db5b86f0beab46ab2f33a",
            "translation": [
                -14.3918895,
                4.470348358154297e-07,
                -7.4339995
            ],
            "rotation": [
                0.7071068,
                0.0,
                0.7071067,
                0.0
            ],
            "motion_type": "static"
        },
        {
            "template_name": "0a22539d08541604a273ac11a98fa07eafb88ed9",
            "translation": [
                -11.4086284,
                4.76837158203125e-07,
                -8.3238077
            ],
            "rotation": [
                0.4729045,
                0.0,
                0.8811135,
                0.0
            ],
            "motion_type": "static",
            "non_uniform_scale": [
                0.6643316,
                0.9999998,
                0.8317419
            ]
        },
        {
            "template_name": "cc591e0bfc275461ad38bf335cf940a3e47ac0f5",
            "translation": [
                -12.4526309,
                3.5762786865234375e-07,
                -5.751779
            ],
            "rotation": [
                0.9440193,
                0.0,
                -0.3298897,
                0.0
            ],
            "motion_type": "static"
        },
        {
            "template_name": "38134463df4f93678261a9986fd56ea26342f099",
            "translation": [
                -5.6870698,
                3.3538696,
                -0.9580098
            ],
            "motion_type": "static"
        },
        {
            "template_name": "cfff5e4dbe561eb58ff2f87dbb3e82eff2aa1eea",
            "translation": [
                -9.03868,
                3.65,
                -7.3619894
            ],
            "motion_type": "static"
        },
        {
            "template_name": "f57a3f79ec71a075d7f30c57debb2ac6a41db024",
            "translation": [
                -4.0497698,
                0.0,
                -0.1715399
            ],
            "rotation": [
                0.7071068,
                0.0,
                -0.7071067,
                0.0
            ],
            "motion_type": "static",
            "non_uniform_scale": [
                0.9999998,
                0.9999998,
                1.2878555
            ]
        },
        {
            "template_name": "bac62beb214a2cee256edead8d57456a4f646921",
            "translation": [
                -12.5530033,
                -2.9802322387695312e-08,
                0.4866048
            ],
            "rotation": [
                0.0,
                0.0,
                1.0,
                0.0
            ],
            "motion_type": "static"
        },
        {
            "template_name": "133da10d4c16efb4f304542532eba4fb1f5a3d2c",
            "translation": [
                -15.8747196,
                2.8000001,
                -7.6011495
            ],
            "rotation": [
                0.7071068,
                0.0,
                0.7071067,
                0.0
            ],
            "motion_type": "static",
            "non_uniform_scale": [
                0.9999998,
                0.5847907,
                0.9927557
            ]
        },
        {
            "template_name": "770eae5eeb914c46537715aca808d74fd2a42b32_part_0",
            "translation": [
                -10.6143655,
                2.1536684,
                -0.4290418
            ],
            "rotation": [
                -0.5,
                -0.5,
                0.5,
                -0.4999999
            ],
            "motion_type": "static"
        },
        {
            "template_name": "770eae5eeb914c46537715aca808d74fd2a42b32_part_2",
            "translation": [
                -10.5740566,
                1.1403012,
                -0.7123773
            ],
            "rotation": [
                -0.5,
                -0.5,
                0.5,
                -0.4999999
            ],
            "motion_type": "static"
        },
        {
            "template_name": "770eae5eeb914c46537715aca808d74fd2a42b32_part_2",
            "translation": [
                -10.5740566,
                1.6410119,
                -0.712377
            ],
            "rotation": [
                0.4999999,
                0.5,
                -0.5,
                0.5
            ],
            "motion_type": "static"
        },
        {
            "template_name": "770eae5eeb914c46537715aca808d74fd2a42b32_part_2",
            "translation": [
                -10.5740566,
                2.1119601,
                -0.712377
            ],
            "rotation": [
                0.4999999,
                0.5,
                -0.5,
                0.5
            ],
            "motion_type": "static"
        },
        {
            "template_name": "7c68dde5e590d42bb2231ad4aef72b9da7c48e2e",
            "translation": [
                -13.2323493,
                2.3776702,
                -6.1523795
            ],
            "rotation": [
                0.7071068,
                0.7071067,
                0.0,
                0.0
            ],
            "motion_type": "static",
            "non_uniform_scale": [
                0.7861489,
                0.5991944,
                0.9999998
            ]
        },
        {
            "template_name": "7c68dde5e590d42bb2231ad4aef72b9da7c48e2e",
            "translation": [
                -15.5865402,
                2.3776702,
                -6.1523795
            ],
            "rotation": [
                0.7071068,
                0.7071067,
                0.0,
                0.0
            ],
            "motion_type": "static",
            "non_uniform_scale": [
                0.8016443,
                0.5991944,
                0.9999998
            ]
        },
        {
            "template_name": "a73ee286689e2976024da0b13fc734cfb29d7596",
            "translation": [
                -3.676975,
                2.38047,
                -6.446
            ],
            "rotation": [
                -0.5,
                -0.5,
                0.5,
                -0.4999999
            ],
            "motion_type": "static"
        },
        {
            "template_name": "534c814f7c77be8abda5cb2bdf9d1f2a7dd353e0",
            "translation": [
                -5.6143894,
                1.7499996,
                1.55839
            ],
            "rotation": [
                0.0,
                0.0,
                0.7071068,
                -0.7071067
            ],
            "motion_type": "static"
        },
        {
            "template_name": "1b304edb39e3ba6b9d91595c9866afa2a4150f07",
            "translation": [
                -13.2588796,
                4.470348358154297e-07,
                -7.4961495
            ],
            "rotation": [
                0.7071068,
                0.0,
                -0.7071067,
                0.0
            ],
            "motion_type": "static",
            "non_uniform_scale": [
                0.4374527,
                0.9999998,
                0.5339912
            ]
        },
        {
            "template_name": "1e112b1604d2556a1722eed7b94576b7259c2c45",
            "translation": [
                -5.5757503,
                -3.725290298461914e-08,
                0.6286097
            ],
            "rotation": [
                0.7071068,
                0.0,
                -0.7071067,
                0.0
            ],
            "motion_type": "static",
            "non_uniform_scale": [
                0.4558427,
                0.9999998,
                0.5947749
            ]
        },
        {
            "template_name": "7f4c9de625a55773fe202a055ccf7754ad16138c",
            "translation": [
                -9.9051799,
                1.7500003,
                -8.6393594
            ],
            "rotation": [
                0.7071068,
                0.7071067,
                0.0,
                0.0
            ],
            "motion_type": "static"
        },
        {
            "template_name": "f4b84b285fdf37b677197cad41b45037294ce67e",
            "translation": [
                -10.5700855,
                2.2859897,
                0.7419902
            ],
            "rotation": [
                -0.5,
                -0.5,
                0.5,
                -0.4999999
            ],
            "motion_type": "static"
        },
        {
            "template_name": "c222e9038be7c4c332118578a97bb68f17d6c481",
            "translation": [
                -7.5798258,
                1.75,
                -1.8595347
            ],
            "rotation": [
                0.0,
                0.0,
                0.7071068,
                -0.7071067
            ],
            "motion_type": "static"
        },
        {
            "template_name": "fb2f74adad7f712babad7f809f8da2e0463d0443",
            "translation": [
                -12.0682601,
                1.7500001,
                -5.0908794
            ],
            "rotation": [
                -0.5,
                -0.5,
                0.5,
                -0.4999999
            ],
            "motion_type": "static"
        },
        {
            "template_name": "829bf87b541238bb7579a05d18d4f7f1d1f98af1",
            "translation": [
                -12.3052797,
                4.172325134277344e-07,
                -7.1784896
            ],
            "rotation": [
                0.7071068,
                0.0,
                -0.7071067,
                0.0
            ],
            "motion_type": "static"
        },
        {
            "template_name": "3efb80a75720ef1848a6ddf5011959653e53b172",
            "translation": [
                -4.4595298,
                1.7500003,
                -8.6467189
            ],
            "rotation": [
                0.7071068,
                0.7071067,
                0.0,
                0.0
            ],
            "motion_type": "static",
            "non_uniform_scale": [
                0.5845599,
                0.9999998,
                0.9999998
            ]
        },
        {
            "template_name": "35230dedd6b3f035a602f7226fae2dcb61bf1e4a",
            "translation": [
                -5.1706099,
                4.76837158203125e-07,
                -8.3576288
            ],
            "rotation": [
                0.9999998,
                0.0,
                0.0003227,
                0.0
            ],
            "motion_type": "static",
            "non_uniform_scale": [
                1.0353335,
                0.9999998,
                1.0129307
            ]
        },
        {
            "template_name": "fbd0daa5fe42f6d882143f8d4010ea59c6b822f6",
            "translation": [
                -16.5611305,
                2.980232238769531e-07,
                -4.9606294
            ],
            "rotation": [
                0.7071068,
                0.0,
                0.7071067,
                0.0
            ],
            "motion_type": "static"
        },
        {
            "template_name": "fbd0daa5fe42f6d882143f8d4010ea59c6b822f6",
            "translation": [
                -16.5768508,
                1.7881393432617188e-07,
                -2.7958097
            ],
            "rotation": [
                0.7071068,
                0.0,
                0.7071067,
                0.0
            ],
            "motion_type": "static"
        },
        {
            "template_name": "21319f090727d9b7ec25222d2e2faa9582fea076_part_1",
            "translation": [
                -15.7869987,
                2.2943038,
                -1.709588
            ],
            "rotation": [
                0.7071068,
                0.7071067,
                0.0,
                0.0
            ],
            "motion_type": "static"
        },
        {
            "template_name": "21319f090727d9b7ec25222d2e2faa9582fea076_part_2",
            "translation": [
                -14.9135332,
                2.0922179,
                -1.7085609
            ],
            "rotation": [
                0.7071068,
                0.7071067,
                0.0,
                0.0
            ],
            "motion_type": "static"
        },
        {
            "template_name": "21319f090727d9b7ec25222d2e2faa9582fea076_part_3",
            "translation": [
                -15.4757738,
                1.9001859,
                -1.70901
            ],
            "rotation": [
                0.7071068,
                0.7071067,
                0.0,
                0.0
            ],
            "motion_type": "static"
        },
        {
            "template_name": "21319f090727d9b7ec25222d2e2faa9582fea076_part_3",
            "translation": [
                -14.7631435,
                1.6524548,
                -1.7090101
            ],
            "rotation": [
                0.7071067,
                0.7071068,
                0.0,
                0.0
            ],
            "motion_type": "static"
        },
        {
            "template_name": "21319f090727d9b7ec25222d2e2faa9582fea076_part_5",
            "translation": [
                -15.2559623,
                1.4985897,
                -1.709588
            ],
            "rotation": [
                0.7071068,
                0.7071067,
                0.0,
                0.0
            ],
            "motion_type": "static"
        },
        {
            "template_name": "21319f090727d9b7ec25222d2e2faa9582fea076_part_6",
            "translation": [
                -15.9803276,
                1.7032779,
                -1.7090096
            ],
            "rotation": [
                0.7071068,
                0.7071067,
                0.0,
                0.0
            ],
            "motion_type": "static"
        },
        {
            "template_name": "21319f090727d9b7ec25222d2e2faa9582fea076_part_7",
            "translation": [
                -16.1276073,
                1.28795,
                -1.709588
            ],
            "rotation": [
                0.7071068,
                0.7071067,
                0.0,
                0.0
            ],
            "motion_type": "static"
        },
        {
            "template_name": "21319f090727d9b7ec25222d2e2faa9582fea076_part_8",
            "translation": [
                -15.3330221,
                1.000228,
                -1.7085608
            ],
            "rotation": [
                0.7071068,
                0.7071067,
                0.0,
                0.0
            ],
            "motion_type": "static"
        },
        {
            "template_name": "21319f090727d9b7ec25222d2e2faa9582fea076_part_10",
            "translation": [
                -15.7814321,
                2.3204598,
                -1.6446764
            ],
            "rotation": [
                0.7071068,
                0.7071067,
                0.0,
                0.0
            ],
            "motion_type": "static"
        },
        {
            "template_name": "2dc78f6467719dc4ae5392ede5f7e3635a2924f0_part_1",
            "translation": [
                -7.0656619,
                2.1805386,
                1.2506295
            ],
            "rotation": [
                -0.5,
                -0.5,
                0.5,
                -0.4999999
            ],
            "motion_type": "static",
            "non_uniform_scale": [
                0.9999998,
                0.8038048,
                0.9999998
            ]
        },
        {
            "template_name": "2dc78f6467719dc4ae5392ede5f7e3635a2924f0_part_2",
            "translation": [
                -7.0653004,
                1.9885065,
                0.8258038
            ],
            "rotation": [
                -0.5,
                -0.5,
                0.5,
                -0.4999999
            ],
            "motion_type": "static",
            "non_uniform_scale": [
                0.9999998,
                0.8038048,
                0.9999998
            ]
        },
        {
            "template_name": "2dc78f6467719dc4ae5392ede5f7e3635a2924f0_part_3",
            "translation": [
                -7.064836,
                1.5869108,
                1.0224877
            ],
            "rotation": [
                -0.5,
                -0.5,
                0.5,
                -0.4999999
            ],
            "motion_type": "static",
            "non_uniform_scale": [
                0.9999998,
                0.8038048,
                0.9999998
            ]
        },
        {
            "template_name": "2dc78f6467719dc4ae5392ede5f7e3635a2924f0_part_4",
            "translation": [
                -7.0656619,
                1.0885479,
                0.9454286
            ],
            "rotation": [
                -0.5,
                -0.5,
                0.5,
                -0.4999999
            ],
            "motion_type": "static",
            "non_uniform_scale": [
                0.9999998,
                0.8038048,
                0.9999998
            ]
        },
        {
            "template_name": "2dc78f6467719dc4ae5392ede5f7e3635a2924f0_part_5",
            "translation": [
                -7.0805006,
                2.3063397,
                1.2358278
            ],
            "rotation": [
                -0.5,
                -0.5,
                0.5,
                -0.4999999
            ],
            "motion_type": "static",
            "non_uniform_scale": [
                0.9999998,
                0.8038048,
                0.9999998
            ]
        },
        {
            "template_name": "2dc78f6467719dc4ae5392ede5f7e3635a2924f0_part_6",
            "translation": [
                -7.0586113,
                1.2770073,
                0.9691153
            ],
            "rotation": [
                -0.5,
                -0.5,
                0.5,
                -0.4999999
            ],
            "motion_type": "static",
            "non_uniform_scale": [
                0.9999998,
                0.8038048,
                0.9999998
            ]
        },
        {
            "template_name": "2dc78f6467719dc4ae5392ede5f7e3635a2924f0_part_7",
            "translation": [
                -7.0900001,
                2.0948126,
                0.8255285
            ],
            "rotation": [
                -0.5,
                -0.5,
                0.5,
                -0.4999999
            ],
            "motion_type": "static",
            "non_uniform_scale": [
                0.9999998,
                0.8038048,
                0.9999998
            ]
        },
        {
            "template_name": "a59467d7c3b653b074dc4c34248c0ec2a9c6b345",
            "translation": [
                -9.2944202,
                2.2584572434425354e-07,
                -3.7896497
            ],
            "rotation": [
                0.7071068,
                0.0,
                0.7071067,
                0.0
            ],
            "motion_type": "static",
            "non_uniform_scale": [
                1.1734079,
                0.9999998,
                1.2127169
            ]
        },
        {
            "template_name": "5f436be29314cec131bdedaea822e70dcb7a7891",
            "translation": [
                -13.2266101,
                5.066394805908203e-07,
                -8.2988586
            ],
            "motion_type": "static"
        },
        {
            "template_name": "5f436be29314cec131bdedaea822e70dcb7a7891",
            "translation": [
                -6.5476598,
                -5.960464477539063e-08,
                1.2105299
            ],
            "rotation": [
                0.0,
                0.0,
                1.0,
                0.0
            ],
            "motion_type": "static"
        },
        {
            "template_name": "63e9b3439d5b8768cda71bafed20476f7690a89d",
            "translation": [
                -15.1673059,
                -5.960464477539063e-08,
                1.1179771
            ],
            "rotation": [
                0.7071068,
                0.0,
                -0.7071067,
                0.0
            ],
            "motion_type": "static",
            "non_uniform_scale": [
                0.7763608,
                0.9999998,
                1.2060687
            ]
        },
        {
            "template_name": "0e3f31820718c4195b9884dbdf9015035f66dae0",
            "translation": [
                -11.8515987,
                2.980232238769531e-07,
                -5.1501793
            ],
            "rotation": [
                0.7071068,
                0.0,
                0.7071067,
                0.0
            ],
            "motion_type": "static"
        },
        {
            "template_name": "f719e6f9cc9fa51fdcf651e9e1664b45b33e61f5",
            "translation": [
                -3.9966199,
                5.960464477539063e-08,
                -1.4288299
            ],
            "motion_type": "static"
        },
        {
            "template_name": "342a5098abd62af93849f28247b60e9e42a2c41a",
            "translation": [
                -4.76159,
                1.75,
                -1.8595397
            ],
            "rotation": [
                0.0,
                0.0,
                0.7071068,
                -0.7071067
            ],
            "motion_type": "static"
        },
        {
            "template_name": "3831306b51b463656b6576eaf9f3bf7f1ac16cda",
            "translation": [
                -9.6732101,
                2.2351741790771484e-07,
                -3.7927997
            ],
            "rotation": [
                0.0,
                0.0,
                1.0,
                0.0
            ],
            "motion_type": "static",
            "non_uniform_scale": [
                1.2231911,
                0.9999998,
                1.1859997
            ]
        },
        {
            "template_name": "72f27b3eab05de72d5a9808625fe9d02e90d5504",
            "translation": [
                -14.5951595,
                3.5762786865234375e-07,
                -5.8723793
            ],
            "rotation": [
                0.0,
                0.0,
                1.0,
                0.0
            ],
            "motion_type": "static"
        },
        {
            "template_name": "4504682d70d4ec0c0a43c665dc860fde13da877a",
            "translation": [
                -12.8327598,
                0.0,
                -0.0706598
            ],
            "rotation": [
                0.7071068,
                0.0,
                0.7071067,
                0.0
            ],
            "motion_type": "static"
        },
        {
            "template_name": "0c3ff0c2512628c34b32c0ab0ae4ec93f712e7c6",
            "translation": [
                -13.3489408,
                1.1920928955078125e-07,
                -1.5564396
            ],
            "motion_type": "static"
        },
        {
            "template_name": "26a38271fb04e01cc4ae5f6cabad71f37a69231b",
            "translation": [
                -4.76934,
                0.0,
                -0.0267699
            ],
            "rotation": [
                0.0,
                0.0,
                1.0,
                0.0
            ],
            "motion_type": "static"
        },
        {
            "template_name": "26a38271fb04e01cc4ae5f6cabad71f37a69231b",
            "translation": [
                -15.8159799,
                1.1920928955078125e-07,
                -2.0318996
            ],
            "rotation": [
                0.7101852,
                0.0,
                0.7040147,
                0.0
            ],
            "motion_type": "static"
        },
        {
            "template_name": "b8d6059bf8abaa0134bcddb32f990f7c65e3397b",
            "translation": [
                -15.6656608,
                2.384185791015625e-07,
                -3.8804447
            ],
            "rotation": [
                0.7071068,
                0.0,
                0.7071067,
                0.0
            ],
            "motion_type": "static"
        },
        {
            "template_name": "7dbb455ef151c027281e60b7e83f4ea141e2b85e",
            "translation": [
                -8.0748395,
                2.980232238769531e-07,
                -5.0798296
            ],
            "rotation": [
                0.0,
                0.0,
                1.0,
                0.0
            ],
            "motion_type": "static"
        },
        {
            "template_name": "7dbb455ef151c027281e60b7e83f4ea141e2b85e",
            "translation": [
                -7.94383,
                1.1920928955078125e-07,
                -2.1336197
            ],
            "rotation": [
                0.9890158,
                0.0,
                -0.1478094,
                0.0
            ],
            "motion_type": "static"
        },
        {
            "template_name": "223af36e92a0aa97bf08833dfb9365c20e3ec240",
            "translation": [
                -10.2030601,
                0.74,
                -1.4607099
            ],
            "rotation": [
                0.0,
                0.0,
                1.0,
                0.0
            ],
            "motion_type": "static"
        },
        {
            "template_name": "4f1317ff9ba2f1485bceb8d83985cd6868b2b5ec",
            "translation": [
                -14.2493801,
                1.75013,
                -1.7095346
            ],
            "rotation": [
                0.7071068,
                0.7071067,
                0.0,
                0.0
            ],
            "motion_type": "static"
        },
        {
            "template_name": "4f1317ff9ba2f1485bceb8d83985cd6868b2b5ec",
            "translation": [
                -9.9586801,
                1.9239999,
                -1.7095346
            ],
            "rotation": [
                0.7071068,
                0.7071067,
                0.0,
                0.0
            ],
            "motion_type": "static"
        },
        {
            "template_name": "29767b2a5c2d871ad8fab1a04d7441ac088d55bf",
            "translation": [
                -12.0682592,
                1.8099502,
                -7.1873693
            ],
            "rotation": [
                -0.5,
                -0.5,
                0.5,
                -0.4999999
            ],
            "motion_type": "static",
            "non_uniform_scale": [
                2.4905657,
                0.9999998,
                2.4903771
            ]
        },
        {
            "template_name": "f12f9c7a57886398f5ee6dc21c2865f9e70761f3_part_1",
            "translation": [
                -15.0367136,
                1.7500002,
                -6.9023795
            ],
            "rotation": [
                -0.5,
                -0.5,
                0.5,
                -0.4999999
            ],
            "motion_type": "static",
            "non_uniform_scale": [
                0.9999998,
                0.6963335,
                0.9999998
            ]
        },
        {
            "template_name": "f12f9c7a57886398f5ee6dc21c2865f9e70761f3_part_3",
            "translation": [
                -15.08609,
                2.2987859,
                -6.6596951
            ],
            "rotation": [
                -0.5,
                -0.5,
                0.5,
                -0.4999999
            ],
            "motion_type": "static",
            "non_uniform_scale": [
                0.9999998,
                0.6963335,
                0.9999998
            ]
        },
        {
            "template_name": "f12f9c7a57886398f5ee6dc21c2865f9e70761f3_part_3",
            "translation": [
                -15.08609,
                1.7585463,
                -7.1737213
            ],
            "rotation": [
                -0.5,
                -0.5,
                0.5,
                -0.5
            ],
            "motion_type": "static",
            "non_uniform_scale": [
                0.9999998,
                0.6963335,
                0.9999998
            ]
        },
        {
            "template_name": "f12f9c7a57886398f5ee6dc21c2865f9e70761f3_part_3",
            "translation": [
                -15.08609,
                1.219696,
                -6.6596956
            ],
            "rotation": [
                -0.5,
                -0.5,
                0.5,
                -0.4999999
            ],
            "motion_type": "static",
            "non_uniform_scale": [
                0.9999998,
                0.6963335,
                0.9999998
            ]
        },
        {
            "template_name": "f12f9c7a57886398f5ee6dc21c2865f9e70761f3_part_3",
            "translation": [
                -15.08609,
                0.6774296,
                -7.1737213
            ],
            "rotation": [
                0.5,
                0.4999999,
                -0.4999999,
                0.5000001
            ],
            "motion_type": "static",
            "non_uniform_scale": [
                0.9999998,
                0.6963335,
                0.9999998
            ]
        },
        {
            "template_name": "f12f9c7a57886398f5ee6dc21c2865f9e70761f3_part_2",
            "translation": [
                -15.0806875,
                2.3533635,
                -7.160995
            ],
            "rotation": [
                -0.5,
                -0.5,
                0.5,
                -0.4999999
            ],
            "motion_type": "static",
            "non_uniform_scale": [
                0.9999998,
                0.6963335,
                0.9999998
            ]
        },
        {
            "template_name": "f12f9c7a57886398f5ee6dc21c2865f9e70761f3_part_2",
            "translation": [
                -15.0746412,
                1.8125685,
                -6.6493182
            ],
            "rotation": [
                0.4999997,
                0.4999999,
                -0.5,
                0.5000001
            ],
            "motion_type": "static",
            "non_uniform_scale": [
                0.9999998,
                0.6963335,
                0.9999998
            ]
        },
        {
            "template_name": "f12f9c7a57886398f5ee6dc21c2865f9e70761f3_part_2",
            "translation": [
                -15.0746412,
                1.2708686,
                -7.1609945
            ],
            "rotation": [
                -0.4999999,
                -0.4999999,
                0.5,
                -0.5
            ],
            "motion_type": "static",
            "non_uniform_scale": [
                0.9999998,
                0.6963335,
                0.9999998
            ]
        },
        {
            "template_name": "f12f9c7a57886398f5ee6dc21c2865f9e70761f3_part_2",
            "translation": [
                -15.0746412,
                0.7299944,
                -6.6493182
            ],
            "rotation": [
                0.4999997,
                0.4999997,
                -0.4999997,
                0.5000004
            ],
            "motion_type": "static",
            "non_uniform_scale": [
                0.9999998,
                0.6963335,
                0.9999998
            ]
        },
        {
            "template_name": "f12f9c7a57886398f5ee6dc21c2865f9e70761f3_part_1",
            "translation": [
                -15.0366258,
                1.7500002,
                -8.0467185
            ],
            "rotation": [
                -0.5,
                -0.5,
                0.5,
                -0.4999999
            ],
            "motion_type": "static",
            "non_uniform_scale": [
                0.9999998,
                0.6720569,
                0.9999998
            ]
        },
        {
            "template_name": "f12f9c7a57886398f5ee6dc21c2865f9e70761f3_part_3",
            "translation": [
                -15.0842809,
                2.2987861,
                -7.8040347
            ],
            "rotation": [
                -0.5,
                -0.5,
                0.5,
                -0.4999999
            ],
            "motion_type": "static",
            "non_uniform_scale": [
                0.9999998,
                0.6720569,
                0.9999998
            ]
        },
        {
            "template_name": "f12f9c7a57886398f5ee6dc21c2865f9e70761f3_part_3",
            "translation": [
                -15.0842809,
                1.7585467,
                -8.3180608
            ],
            "rotation": [
                -0.5,
                -0.5,
                0.5,
                -0.5
            ],
            "motion_type": "static",
            "non_uniform_scale": [
                0.9999998,
                0.6720569,
                0.9999998
            ]
        },
        {
            "template_name": "f12f9c7a57886398f5ee6dc21c2865f9e70761f3_part_3",
            "translation": [
                -15.0842819,
                1.2196964,
                -7.8040347
            ],
            "rotation": [
                -0.5,
                -0.5,
                0.5,
                -0.4999999
            ],
            "motion_type": "static",
            "non_uniform_scale": [
                0.9999998,
                0.6720569,
                0.9999998
            ]
        },
        {
            "template_name": "f12f9c7a57886398f5ee6dc21c2865f9e70761f3_part_3",
            "translation": [
                -15.0842819,
                0.6774296,
                -8.3180608
            ],
            "rotation": [
                0.5,
                0.4999999,
                -0.4999999,
                0.5000001
            ],
            "motion_type": "static",
            "non_uniform_scale": [
                0.9999998,
                0.6720569,
                0.9999998
            ]
        },
        {
            "template_name": "f12f9c7a57886398f5ee6dc21c2865f9e70761f3_part_2",
            "translation": [
                -15.0790672,
                2.3533635,
                -8.305334
            ],
            "rotation": [
                -0.5,
                -0.5,
                0.5,
                -0.4999999
            ],
            "motion_type": "static",
            "non_uniform_scale": [
                0.9999998,
                0.6720569,
                0.9999998
            ]
        },
        {
            "template_name": "f12f9c7a57886398f5ee6dc21c2865f9e70761f3_part_2",
            "translation": [
                -15.0732316,
                1.8125685,
                -7.7936577
            ],
            "rotation": [
                0.4999997,
                0.4999999,
                -0.5,
                0.5000001
            ],
            "motion_type": "static",
            "non_uniform_scale": [
                0.9999998,
                0.6720569,
                0.9999998
            ]
        },
        {
            "template_name": "f12f9c7a57886398f5ee6dc21c2865f9e70761f3_part_2",
            "translation": [
                -15.0732316,
                1.270869,
                -8.305334
            ],
            "rotation": [
                -0.4999999,
                -0.4999999,
                0.5,
                -0.5
            ],
            "motion_type": "static",
            "non_uniform_scale": [
                0.9999998,
                0.6720569,
                0.9999998
            ]
        },
        {
            "template_name": "f12f9c7a57886398f5ee6dc21c2865f9e70761f3_part_2",
            "translation": [
                -15.0732316,
                0.7299944,
                -7.7936573
            ],
            "rotation": [
                0.4999997,
                0.4999997,
                -0.4999997,
                0.5000004
            ],
            "motion_type": "static",
            "non_uniform_scale": [
                0.9999998,
                0.6720569,
                0.9999998
            ]
        },
        {
            "template_name": "e85b54d8ecc9bd3db676672374632b6f2038d7fa",
            "translation": [
                -14.62261,
                1.6019002,
                -6.1523795
            ],
            "rotation": [
                0.7071068,
                0.7071067,
                0.0,
                0.0
            ],
            "motion_type": "static"
        },
        {
            "template_name": "e85b54d8ecc9bd3db676672374632b6f2038d7fa",
            "translation": [
                -7.0648703,
                1.7499996,
                0.2847
            ],
            "rotation": [
                -0.5,
                -0.5,
                0.5,
                -0.4999999
            ],
            "motion_type": "static"
        },
        {
            "template_name": "5723c6b88861cb9ee609c0fbb7f1d672d7ca9ae1",
            "translation": [
                -9.0928096,
                4.353933036327362e-07,
                -7.3023695
            ],
            "rotation": [
                0.7071068,
                0.0,
                0.7071067,
                0.0
            ],
            "motion_type": "static",
            "non_uniform_scale": [
                1.3935234,
                0.9999998,
                1.4786086
            ]
        },
        {
            "template_name": "8a6a895da4771a95ba3f6b5a04c97888164d9a92",
            "translation": [
                -16.3767509,
                1.043081283569336e-07,
                -1.68954
            ],
            "motion_type": "static"
        },
        {
            "template_name": "b22e386790fbc049bfc554f8eeab943ea228587f",
            "translation": [
                -13.3924398,
                2.3799998,
                -1.7095396
            ],
            "rotation": [
                0.7071068,
                0.7071067,
                0.0,
                0.0
            ],
            "motion_type": "static"
        },
        {
            "template_name": "684e50a4964aefd7baf6d373378627c7592c2529",
            "translation": [
                -13.2056999,
                1.7500002,
                -8.646799
            ],
            "rotation": [
                0.7071068,
                0.7071067,
                0.0,
                0.0
            ],
            "motion_type": "static"
        },
        {
            "template_name": "be76e60c5b196c712dc958ae97874f28f4817fff",
            "translation": [
                -3.67697,
                1.7500002,
                -5.6119995
            ],
            "rotation": [
                -0.5,
                -0.5,
                0.5,
                -0.4999999
            ],
            "motion_type": "static",
            "non_uniform_scale": [
                0.9012302,
                0.9999998,
                0.9999998
            ]
        },
        {
            "template_name": "be76e60c5b196c712dc958ae97874f28f4817fff",
            "translation": [
                -6.2386798,
                1.7500003,
                -8.6467189
            ],
            "rotation": [
                0.7071068,
                0.7071067,
                0.0,
                0.0
            ],
            "motion_type": "static",
            "non_uniform_scale": [
                1.2328728,
                0.9999998,
                0.9999998
            ]
        },
        {
            "template_name": "be76e60c5b196c712dc958ae97874f28f4817fff",
            "translation": [
                -3.67697,
                1.7500003,
                -7.4983196
            ],
            "rotation": [
                -0.5,
                -0.5,
                0.5,
                -0.4999999
            ],
            "motion_type": "static",
            "non_uniform_scale": [
                1.2328726,
                0.9999998,
                0.9999998
            ]
        },
        {
            "template_name": "d7858473398d5771c9d546df543fcc25052a6de1",
            "translation": [
                -15.0931997,
                2.39349901676178e-07,
                -4.0212893
            ],
            "rotation": [
                0.0,
                0.0,
                1.0,
                0.0
            ],
            "motion_type": "static",
            "non_uniform_scale": [
                1.9297964,
                0.9999998,
                1.4354242
            ]
        },
        {
            "template_name": "5086845254b801fe41676cefb9673f7fc3ba8f04",
            "translation": [
                -7.0648751,
                1.7499996,
                -0.1566897
            ],
            "rotation": [
                -0.5,
                -0.5,
                0.5,
                -0.4999999
            ],
            "motion_type": "static"
        },
        {
            "template_name": "5086845254b801fe41676cefb9673f7fc3ba8f04",
            "translation": [
                -7.1613297,
                1.7500002,
                -8.6467237
            ],
            "rotation": [
                0.7071068,
                0.7071067,
                0.0,
                0.0
            ],
            "motion_type": "static"
        },
        {
            "template_name": "1d1fd43eff9f0b213287d73d9c023ab54e62e9eb",
            "translation": [
                -7.5439591,
                2.682209014892578e-07,
                -4.5767049
            ],
            "rotation": [
                0.8750767,
                0.0,
                -0.4839836,
                0.0
            ],
            "motion_type": "static"
        },
        {
            "template_name": "1d1fd43eff9f0b213287d73d9c023ab54e62e9eb",
            "translation": [
                -7.4368162,
                1.4901161193847656e-07,
                -2.6572749
            ],
            "rotation": [
                -0.5938376,
                0.0,
                0.8045848,
                0.0
            ],
            "motion_type": "static"
        },
        {
            "template_name": "2dc47e88f58c41d9328d2ee3cadad16a4f5ce3ee",
            "translation": [
                -12.2968702,
                2.086162567138672e-07,
                -3.6942198
            ],
            "rotation": [
                0.7071068,
                0.0,
                -0.7071067,
                0.0
            ],
            "motion_type": "static"
        },
        {
            "template_name": "652f0506537d208d45b7a71bfeb1c18b3f50c69b",
            "translation": [
                -12.7370185,
                8.940696716308594e-08,
                -1.5340298
            ],
            "rotation": [
                0.9890158,
                0.0,
                -0.1478094,
                0.0
            ],
            "motion_type": "static"
        },
        {
            "template_name": "b327a81554761221992e56b367cc58fcebd3386b",
            "translation": [
                -10.7502889,
                -5.960464477539063e-08,
                0.7687398
            ],
            "rotation": [
                0.7071068,
                0.0,
                -0.7071067,
                0.0
            ],
            "motion_type": "static"
        },
        {
            "template_name": "95b8150d24f5b594a700fa80fa7ced0c21dadc51",
            "translation": [
                -8.7404203,
                5.960464477539063e-08,
                -1.4770797
            ],
            "motion_type": "static",
            "non_uniform_scale": [
                1.5024452,
                1.0,
                0.9999998
            ]
        },
        {
            "template_name": "1b583238d6351379093ac7ac1df38699568bb4ec_part_6",
            "translation": [
                -11.7023591,
                4.172325134277344e-07,
                -7.3653593
            ],
            "rotation": [
                0.7071068,
                0.0,
                0.7071067,
                0.0
            ],
            "motion_type": "static"
        },
        {
            "template_name": "04ed449bae4986d2fcf17340168a9bdfeeac5084",
            "translation": [
                -16.5810604,
                0.0,
                0.1405199
            ],
            "rotation": [
                0.7071068,
                0.0,
                0.7071067,
                0.0
            ],
            "motion_type": "static",
            "non_uniform_scale": [
                -0.6306173,
                0.9999998,
                0.9999997
            ]
        },
        {
            "template_name": "04ed449bae4986d2fcf17340168a9bdfeeac5084",
            "translation": [
                -16.5810604,
                1.1920928955078125e-07,
                -1.3566998
            ],
            "rotation": [
                0.7071068,
                0.0,
                0.7071067,
                0.0
            ],
            "motion_type": "static",
            "non_uniform_scale": [
                0.6080092,
                0.9999998,
                0.9999997
            ]
        },
        {
            "template_name": "04ed449bae4986d2fcf17340168a9bdfeeac5084",
            "translation": [
                -11.1253604,
                -1.1920928955078125e-07,
                1.4883598
            ],
            "rotation": [
                0.0,
                0.0,
                1.0,
                0.0
            ],
            "motion_type": "static",
            "non_uniform_scale": [
                0.6909291,
                0.9999998,
                0.3637543
            ]
        },
        {
            "template_name": "04ed449bae4986d2fcf17340168a9bdfeeac5084",
            "translation": [
                -13.8907899,
                -1.1920928955078125e-07,
                1.4883598
            ],
            "rotation": [
                0.0,
                0.0,
                1.0,
                0.0
            ],
            "motion_type": "static",
            "non_uniform_scale": [
                0.8040046,
                0.9999998,
                0.3637543
            ]
        },
        {
            "template_name": "e18ae6c638ec54e7e75a4dc9a1b2a3e81f220d6e",
            "translation": [
                -9.8087158,
                5.960464477539063e-08,
                -1.4809398
            ],
            "motion_type": "static",
            "non_uniform_scale": [
                1.2035404,
                0.9999998,
                0.9999998
            ]
        },
        {
            "template_name": "bd8a1dc70062c8e7c8a33cb92ee86fbe6b015547",
            "translation": [
                -12.42663,
                2.980232238769531e-07,
                -4.9535493
            ],
            "rotation": [
                0.7071068,
                0.0,
                -0.7071067,
                0.0
            ],
            "motion_type": "static"
        },
        {
            "template_name": "b99a518001f82a39db9dcb1bac3a07944fd77359",
            "translation": [
                -8.4062299,
                0.7399997,
                1.28327
            ],
            "motion_type": "static"
        },
        {
            "template_name": "3760-29",
            "translation": [
                -13.58012,
                1.6499997,
                1.6333899
            ],
            "rotation": [
                0.0,
                0.0,
                1.0,
                0.0
            ],
            "motion_type": "static",
            "non_uniform_scale": [
                -1.0,
                0.9999998,
                0.9999998
            ]
        },
        {
            "template_name": "3760-29",
            "translation": [
                -11.4419698,
                1.6499997,
                1.6333899
            ],
            "rotation": [
                0.0,
                0.0,
                1.0,
                0.0
            ],
            "motion_type": "static",
            "non_uniform_scale": [
                -1.0,
                0.9999998,
                0.9999998
            ]
        },
        {
            "template_name": "3760-29",
            "translation": [
                -7.80413,
                1.6499997,
                1.6333899
            ],
            "motion_type": "static",
            "non_uniform_scale": [
                -1.0,
                0.9999998,
                0.9999998
            ]
        },
        {
            "template_name": "3760-29",
            "translation": [
                -9.7157096,
                1.6499997,
                1.6333899
            ],
            "motion_type": "static",
            "non_uniform_scale": [
                -1.0,
                0.9999998,
                0.9999998
            ]
        },
        {
            "template_name": "3760-44",
            "translation": [
                -6.50215,
                2.0099997,
                1.6333899
            ],
            "motion_type": "static",
            "non_uniform_scale": [
                -1.0,
                0.9999998,
                0.9999998
            ]
        },
        {
            "template_name": "204-2",
            "translation": [
                -3.6019699,
                1.1200001,
                -3.4921996
            ],
            "rotation": [
                0.7071068,
                0.0,
                -0.7071067,
                0.0
            ],
            "motion_type": "static",
            "non_uniform_scale": [
                -0.9999998,
                0.9999998,
                0.9999998
            ]
        },
        {
            "template_name": "3759-30",
            "translation": [
                -16.8485794,
                1.3999998,
                -0.0751999
            ],
            "rotation": [
                0.7071067,
                0.0,
                0.7071067,
                0.0
            ],
            "motion_type": "static",
            "non_uniform_scale": [
                -0.9999998,
                0.9999998,
                0.9999998
            ]
        },
        {
            "template_name": "3759-30",
            "translation": [
                -16.8485794,
                1.3999998,
                -1.15267
            ],
            "rotation": [
                0.7071067,
                0.0,
                0.7071067,
                0.0
            ],
            "motion_type": "static",
            "non_uniform_scale": [
                -0.9999998,
                0.9999998,
                0.9999998
            ]
        },
        {
            "template_name": "3759-30",
            "translation": [
                -16.8485794,
                1.4000002,
                -5.4888892
            ],
            "rotation": [
                0.7071067,
                0.0,
                0.7071067,
                0.0
            ],
            "motion_type": "static",
            "non_uniform_scale": [
                -0.9999998,
                0.9999998,
                0.9999998
            ]
        },
        {
            "template_name": "3759-30",
            "translation": [
                -16.8485794,
                1.3999998,
                -2.5274996
            ],
            "rotation": [
                0.7071067,
                0.0,
                0.7071067,
                0.0
            ],
            "motion_type": "static",
            "non_uniform_scale": [
                -0.9999998,
                0.9999998,
                0.9999998
            ]
        }
    ],
    "articulated_object_instances": [],
    "stage_instance": {
        "template_name": "stages/106878945_174887058",
        "motion_type": "static"
    },
    "user_defined": {
        "scene_filter_file": "scene_filter_files/106878945_174887058.rec_filter.json"
    }
}