{
    "translation_origin": "asset_local",
    "default_lighting": "",
    "navmesh_instance": "",
    "semantic_scene_instance": "hssd_ssd_map",
    "default_pbr_shader_config": "./data/default.pbr_config.json",
    "object_instances": [
        {
            "template_name": "29ba050e69589907868d5a1909fa70ade849f0af",
            "translation": [
                -11.1627311,
                0.41,
                -2.4613096
            ],
            "rotation": [
                0.7071068,
                0.0,
                0.7071067,
                0.0
            ],
            "motion_type": "static"
        },
        {
            "template_name": "a7f6ef013ea0beecca1af4344b2547fd367e90d6",
            "translation": [
                -7.8088002,
                1.3487098,
                -0.3323698
            ],
            "rotation": [
                0.4999999,
                0.4999999,
                0.5,
                -0.5
            ],
            "motion_type": "static"
        },
        {
            "template_name": "a7f6ef013ea0beecca1af4344b2547fd367e90d6",
            "translation": [
                -6.9116802,
                1.7499997,
                0.1006499
            ],
            "rotation": [
                0.0,
                0.0,
                0.7071068,
                -0.7071067
            ],
            "motion_type": "static"
        },
        {
            "template_name": "a7f6ef013ea0beecca1af4344b2547fd367e90d6",
            "translation": [
                -4.3965697,
                1.3177899,
                -0.5841197
            ],
            "rotation": [
                -0.5,
                -0.5,
                0.5,
                -0.4999999
            ],
            "motion_type": "static"
        },
        {
            "template_name": "5d38f9d6127aaf9819637d58b67dc6d23fb6ad85",
            "translation": [
                -11.1691503,
                1.4901161193847657e-7,
                -2.4498198
            ],
            "motion_type": "static"
        },
        {
            "template_name": "6893844d6850d540455a20654147dc38853b1978",
            "translation": [
                -10.0192403,
                3.5762786865234377e-7,
                -5.6972894
            ],
            "rotation": [
                0.0,
                0.0,
                1.0,
                0.0
            ],
            "motion_type": "static"
        },
        {
            "template_name": "22f3b3efa84b92a078228d7702c188faf141dc40_part_1",
            "translation": [
                -1.4449062,
                0.0005038,
                -6.2154755
            ],
            "rotation": [
                0.9999904,
                0.0,
                0.0043632,
                0.0
            ],
            "motion_type": "static"
        },
        {
            "template_name": "22f3b3efa84b92a078228d7702c188faf141dc40_part_1",
            "translation": [
                -2.0621831,
                0.0005038,
                -6.2100882
            ],
            "rotation": [
                0.9999904,
                0.0,
                0.0043664,
                0.0
            ],
            "motion_type": "static"
        },
        {
            "template_name": "22f3b3efa84b92a078228d7702c188faf141dc40_part_1",
            "translation": [
                -2.6794605,
                0.0005038,
                -6.2047014
            ],
            "rotation": [
                0.9999904,
                0.0,
                0.0043664,
                0.0
            ],
            "motion_type": "static"
        },
        {
            "template_name": "22f3b3efa84b92a078228d7702c188faf141dc40_part_1",
            "translation": [
                -3.3620369,
                0.0005035,
                -6.7882962
            ],
            "rotation": [
                0.7101842,
                0.0,
                -0.7040157,
                0.0
            ],
            "motion_type": "static"
        },
        {
            "template_name": "22f3b3efa84b92a078228d7702c188faf141dc40_part_1",
            "translation": [
                -2.6913976,
                0.0005029,
                -7.5722866
            ],
            "rotation": [
                -0.0043659,
                0.0,
                0.9999904,
                0.0
            ],
            "motion_type": "static"
        },
        {
            "template_name": "22f3b3efa84b92a078228d7702c188faf141dc40_part_1",
            "translation": [
                -2.0741202,
                0.0005029,
                -7.5776734
            ],
            "rotation": [
                -0.0043659,
                0.0,
                0.9999904,
                0.0
            ],
            "motion_type": "static"
        },
        {
            "template_name": "22f3b3efa84b92a078228d7702c188faf141dc40_part_1",
            "translation": [
                -1.4568425,
                0.0005029,
                -7.5830602
            ],
            "rotation": [
                -0.0043659,
                0.0,
                0.9999904,
                0.0
            ],
            "motion_type": "static"
        },
        {
            "template_name": "22f3b3efa84b92a078228d7702c188faf141dc40_part_1",
            "translation": [
                -0.8100296,
                0.0005033,
                -6.8205027
            ],
            "rotation": [
                0.7632291,
                0.0,
                0.6461278,
                0.0000032
            ],
            "motion_type": "static"
        },
        {
            "template_name": "22f3b3efa84b92a078228d7702c188faf141dc40_part_9",
            "translation": [
                -2.0679423,
                3.8743019104003908e-7,
                -6.8964571
            ],
            "rotation": [
                0.9999904,
                0.0,
                0.0043632,
                0.0
            ],
            "motion_type": "static"
        },
        {
            "template_name": "3b88f9fe4c836c164705beafa8d5df338c8dc455",
            "translation": [
                -2.2578101,
                5.364418029785156e-7,
                -9.1440591
            ],
            "motion_type": "static"
        },
        {
            "template_name": "35fae4b17802b7e7b8f1e2909b0c0dd383eb4c3c",
            "translation": [
                -1.8594452,
                0.9400001,
                -2.1892549
            ],
            "rotation": [
                0.0087264,
                0.0,
                0.9999619,
                0.0
            ],
            "motion_type": "static",
            "non_uniform_scale": [
                0.9999998,
                0.9999998,
                3.3867688
            ]
        },
        {
            "template_name": "b896c67e4720e981cf9fc400ec5e965e9db8e4c3",
            "translation": [
                -10.9798402,
                0.6096,
                -0.1125299
            ],
            "rotation": [
                -0.0043632,
                0.0,
                0.9999904,
                0.0
            ],
            "motion_type": "static"
        },
        {
            "template_name": "b896c67e4720e981cf9fc400ec5e965e9db8e4c3",
            "translation": [
                -8.5845403,
                0.6096,
                -0.1253098
            ],
            "rotation": [
                -0.0043632,
                0.0,
                0.9999904,
                0.0
            ],
            "motion_type": "static"
        },
        {
            "template_name": "ea5d3ca45a495eba8168a2303efbcdeda57f5c5f",
            "translation": [
                -4.2465701,
                1.0991599,
                -1.6009799
            ],
            "rotation": [
                0.4999999,
                0.4999999,
                0.5000001,
                -0.5
            ],
            "motion_type": "static",
            "non_uniform_scale": [
                1.4084503,
                0.9999998,
                1.7543854
            ]
        },
        {
            "template_name": "a4255059fac75c9d30c4b771a24c0570f9fd8dce",
            "translation": [
                -2.2374007,
                0.8033704,
                -9.2603521
            ],
            "rotation": [
                0.7071068,
                0.0,
                0.7071067,
                0.0
            ],
            "motion_type": "static",
            "non_uniform_scale": [
                2.3694775,
                0.9999998,
                3.4468257
            ]
        },
        {
            "template_name": "1b414727f2af7f6ba339777ef5be6fcec518daf6",
            "translation": [
                -1.9422483,
                0.0,
                -0.2202198
            ],
            "rotation": [
                0.0,
                0.0,
                1.0,
                0.0
            ],
            "motion_type": "static",
            "non_uniform_scale": [
                0.8408606,
                0.9999998,
                0.9999998
            ]
        },
        {
            "template_name": "afd66133d43789d6e42da81cefaf3d0a27c90180",
            "translation": [
                -11.2287902,
                2.980232238769531e-7,
                -4.7320494
            ],
            "rotation": [
                0.7071068,
                0.0,
                0.7071067,
                0.0
            ],
            "motion_type": "static"
        },
        {
            "template_name": "917eb4faafe8d1c12b815376f9742eefbe5b8f75",
            "translation": [
                -4.9240798,
                1.7881393432617188e-7,
                -2.5800597
            ],
            "rotation": [
                1.0,
                0.0,
                -0.0002024,
                0.0
            ],
            "motion_type": "static"
        },
        {
            "template_name": "103a70c6e8d54ac0cfc0fe28d66a8bea6b7c9144_part_1",
            "translation": [
                -1.554316,
                0.0018278,
                -1.6462074
            ],
            "rotation": [
                0.9999902,
                0.0,
                0.0043967,
                0.0
            ],
            "motion_type": "static"
        },
        {
            "template_name": "103a70c6e8d54ac0cfc0fe28d66a8bea6b7c9144_part_1",
            "translation": [
                -2.1614305,
                0.0018278,
                -1.6408684
            ],
            "rotation": [
                0.9999902,
                0.0,
                0.0043967,
                0.0
            ],
            "motion_type": "static"
        },
        {
            "template_name": "103a70c6e8d54ac0cfc0fe28d66a8bea6b7c9144_part_1",
            "translation": [
                -1.5642646,
                0.0018278,
                -2.7774894
            ],
            "rotation": [
                0.9999902,
                0.0,
                0.0043967,
                0.0
            ],
            "motion_type": "static"
        },
        {
            "template_name": "103a70c6e8d54ac0cfc0fe28d66a8bea6b7c9144_part_1",
            "translation": [
                -2.171379,
                0.0018278,
                -2.7721505
            ],
            "rotation": [
                0.9999902,
                0.0,
                0.0043967,
                0.0
            ],
            "motion_type": "static"
        },
        {
            "template_name": "103a70c6e8d54ac0cfc0fe28d66a8bea6b7c9144_part_5",
            "translation": [
                -1.8787546,
                -0.0001012,
                -2.2175209
            ],
            "rotation": [
                0.9999902,
                0.0,
                0.0043967,
                0.0
            ],
            "motion_type": "static"
        },
        {
            "template_name": "8921ad8b1b12d0221190bac51a7769b70a736197",
            "translation": [
                -1.3995479,
                0.7920105,
                -9.1817169
            ],
            "rotation": [
                -0.0043632,
                0.0,
                0.9999904,
                0.0
            ],
            "motion_type": "static",
            "non_uniform_scale": [
                0.3176114,
                0.9999998,
                0.6568502
            ]
        },
        {
            "template_name": "e060ac3af230d491039bb04e6839a130014a99fd",
            "translation": [
                -8.4439001,
                2.7999997,
                -0.1575198
            ],
            "rotation": [
                0.0,
                0.0,
                1.0,
                0.0
            ],
            "motion_type": "static"
        },
        {
            "template_name": "e060ac3af230d491039bb04e6839a130014a99fd",
            "translation": [
                -11.0301399,
                2.7999997,
                -0.1643297
            ],
            "rotation": [
                0.0,
                0.0,
                1.0,
                0.0
            ],
            "motion_type": "static"
        },
        {
            "template_name": "f136b5e672caff760c6c478c876b4b63f30a5dde",
            "translation": [
                -4.2465653,
                1.75,
                -1.0646797
            ],
            "rotation": [
                0.4999999,
                0.4999999,
                0.5,
                -0.5
            ],
            "motion_type": "static"
        },
        {
            "template_name": "f136b5e672caff760c6c478c876b4b63f30a5dde",
            "translation": [
                -4.2465653,
                1.75,
                -2.0496697
            ],
            "rotation": [
                0.4999999,
                0.4999999,
                0.5,
                -0.5
            ],
            "motion_type": "static"
        },
        {
            "template_name": "f136b5e672caff760c6c478c876b4b63f30a5dde",
            "translation": [
                -8.7059402,
                1.7500002,
                -5.1315646
            ],
            "rotation": [
                0.7071068,
                0.7071067,
                0.0,
                0.0
            ],
            "motion_type": "static"
        },
        {
            "template_name": "f136b5e672caff760c6c478c876b4b63f30a5dde",
            "translation": [
                -6.8747901,
                1.7500002,
                -5.1315646
            ],
            "rotation": [
                0.7071068,
                0.7071067,
                0.0,
                0.0
            ],
            "motion_type": "static"
        },
        {
            "template_name": "f136b5e672caff760c6c478c876b4b63f30a5dde",
            "translation": [
                -5.2091398,
                1.7500002,
                -5.1315646
            ],
            "rotation": [
                0.7071068,
                0.7071067,
                0.0,
                0.0
            ],
            "motion_type": "static"
        },
        {
            "template_name": "f136b5e672caff760c6c478c876b4b63f30a5dde",
            "translation": [
                -7.7059206,
                1.7500001,
                -3.0016174
            ],
            "rotation": [
                -0.0030853,
                -0.0030853,
                0.7070999,
                -0.7070999
            ],
            "motion_type": "static"
        },
        {
            "template_name": "f136b5e672caff760c6c478c876b4b63f30a5dde",
            "translation": [
                0.3713448,
                1.75,
                -2.5283298
            ],
            "rotation": [
                -0.5,
                -0.5,
                0.5,
                -0.4999999
            ],
            "motion_type": "static"
        },
        {
            "template_name": "f136b5e672caff760c6c478c876b4b63f30a5dde",
            "translation": [
                0.3713448,
                1.7500001,
                -4.7038393
            ],
            "rotation": [
                -0.5,
                -0.5,
                0.5,
                -0.4999999
            ],
            "motion_type": "static"
        },
        {
            "template_name": "f136b5e672caff760c6c478c876b4b63f30a5dde",
            "translation": [
                0.3713448,
                1.7500003,
                -7.1195893
            ],
            "rotation": [
                -0.5,
                -0.5,
                0.5,
                -0.4999999
            ],
            "motion_type": "static"
        },
        {
            "template_name": "f136b5e672caff760c6c478c876b4b63f30a5dde",
            "translation": [
                -5.3009805,
                1.7500001,
                -3.0226774
            ],
            "rotation": [
                -0.0030853,
                -0.0030853,
                0.7070999,
                -0.7070999
            ],
            "motion_type": "static"
        },
        {
            "template_name": "f136b5e672caff760c6c478c876b4b63f30a5dde",
            "translation": [
                0.3713448,
                1.7500003,
                -9.0895586
            ],
            "rotation": [
                -0.5,
                -0.5,
                0.5,
                -0.4999999
            ],
            "motion_type": "static"
        },
        {
            "template_name": "8530a14a94ee59d720685f316b0274abe4969522",
            "translation": [
                -6.3489899,
                0.5300004,
                -8.6461086
            ],
            "rotation": [
                0.7101852,
                0.0,
                0.7040147,
                0.0
            ],
            "motion_type": "static"
        },
        {
            "template_name": "8530a14a94ee59d720685f316b0274abe4969522",
            "translation": [
                -3.07743,
                0.8000005,
                -9.1220388
            ],
            "rotation": [
                0.7101852,
                0.0,
                0.7040147,
                0.0
            ],
            "motion_type": "static"
        },
        {
            "template_name": "6b3be0e490f825ee5836406a1af4dd20752782ed",
            "translation": [
                -8.2536239,
                5.066394805908203e-7,
                -8.6685791
            ],
            "rotation": [
                0.9999982,
                0.0,
                0.0018695,
                0.0
            ],
            "motion_type": "static",
            "non_uniform_scale": [
                1.2012841,
                0.9999998,
                0.9999998
            ]
        },
        {
            "template_name": "ee9ef1e3553783623560845de2f6161161d46f60",
            "translation": [
                -4.3965697,
                1.1890798,
                -1.5759297
            ],
            "rotation": [
                -0.4999999,
                -0.4999999,
                0.5000001,
                -0.4999999
            ],
            "motion_type": "static",
            "non_uniform_scale": [
                4.9868755,
                0.9999998,
                5.3805766
            ]
        },
        {
            "template_name": "c3e45e226f51e328829dcf0afc2b3baf5de0ac0c",
            "translation": [
                -7.7922596,
                1.5233299,
                -1.8814996
            ],
            "rotation": [
                0.4999999,
                0.4999999,
                0.5,
                -0.5
            ],
            "motion_type": "static"
        },
        {
            "template_name": "c3e45e226f51e328829dcf0afc2b3baf5de0ac0c",
            "translation": [
                -7.7922596,
                1.5233299,
                -0.7590097
            ],
            "rotation": [
                0.4999999,
                0.4999999,
                0.5,
                -0.5
            ],
            "motion_type": "static"
        },
        {
            "template_name": "c3e45e226f51e328829dcf0afc2b3baf5de0ac0c",
            "translation": [
                -7.9753408,
                1.5233298,
                -0.9527499
            ],
            "rotation": [
                -0.5,
                -0.5,
                0.5,
                -0.4999999
            ],
            "motion_type": "static"
        },
        {
            "template_name": "3286bf442b98c704ec8f9b3f69d29cf92971527a",
            "translation": [
                -11.5417528,
                4.76837158203125e-7,
                -7.3704638
            ],
            "rotation": [
                0.7078089,
                0.0,
                0.7064037,
                0.0
            ],
            "motion_type": "static"
        },
        {
            "template_name": "0a6c42386410a834a355218f058fc70deb7afc0e",
            "translation": [
                -8.19421,
                4.2724423110485079e-7,
                -7.1665797
            ],
            "rotation": [
                0.9999914,
                0.0,
                -0.0041342,
                0.0
            ],
            "motion_type": "static",
            "non_uniform_scale": [
                2.9249994,
                0.9999998,
                4.2833323
            ]
        },
        {
            "template_name": "7df5f5cc83bc833895b678ffb217cec95551207c",
            "translation": [
                -9.7877502,
                5.960464477539063e-8,
                -0.9280598
            ],
            "rotation": [
                0.0,
                0.0,
                1.0,
                0.0
            ],
            "motion_type": "static"
        },
        {
            "template_name": "8314ebfdfe97929ea0b8367214042c7f0534d20e",
            "translation": [
                -6.3994798,
                4.470348358154297e-7,
                -7.4640893
            ],
            "rotation": [
                0.7071068,
                0.0,
                -0.7071067,
                0.0
            ],
            "motion_type": "static"
        },
        {
            "template_name": "38cd201fd2cfca2f6dd0ee3a83cbae7985f3960c",
            "translation": [
                -11.429985,
                5.960464477539063e-8,
                -1.3363299
            ],
            "rotation": [
                0.7071068,
                0.0,
                0.7071067,
                0.0
            ],
            "motion_type": "static"
        },
        {
            "template_name": "b2d0a0f6b78260888d894f023c316a69870f314d",
            "translation": [
                -5.9928398,
                3.3418099,
                -1.6788697
            ],
            "rotation": [
                0.7071068,
                0.0,
                -0.7071067,
                0.0
            ],
            "motion_type": "static"
        },
        {
            "template_name": "xxxx9ca327fax568fx410cxb0f5xb9344ee99d40",
            "translation": [
                -6.7755198,
                0.019,
                -1.5226298
            ],
            "rotation": [
                -0.3059487,
                0.0,
                0.952048,
                0.0
            ],
            "motion_type": "static"
        },
        {
            "template_name": "6cbae88d39aac82b80e2345da72d16978f51f384",
            "translation": [
                -10.2918796,
                5.364418029785156e-7,
                -8.7681722
            ],
            "rotation": [
                -0.7040147,
                0.0,
                0.7101852,
                0.0
            ],
            "motion_type": "static"
        },
        {
            "template_name": "6cbae88d39aac82b80e2345da72d16978f51f384",
            "translation": [
                -0.3200502,
                5.364418029785156e-7,
                -8.802843
            ],
            "rotation": [
                -0.7040147,
                0.0,
                0.7101852,
                0.0
            ],
            "motion_type": "static"
        },
        {
            "template_name": "f6e731a6956e06bc91178b1d219c08529e2baec0",
            "translation": [
                -5.6707301,
                3.2263979,
                -1.8961178
            ],
            "rotation": [
                0.0,
                0.0,
                0.9537168,
                0.3007057
            ],
            "motion_type": "static",
            "non_uniform_scale": [
                5.9090909,
                0.9999997,
                4.9935536
            ]
        },
        {
            "template_name": "f6e731a6956e06bc91178b1d219c08529e2baec0",
            "translation": [
                -5.6707301,
                3.4700558,
                -6.5716309
            ],
            "rotation": [
                0.9702957,
                -0.2419219,
                0.0,
                0.0
            ],
            "motion_type": "static",
            "non_uniform_scale": [
                5.9090909,
                0.9999998,
                4.9935536
            ]
        },
        {
            "template_name": "249bbdc71be0aaa75d68f5a63cdb74b7a441aeda",
            "translation": [
                -2.13015,
                4.1280873119831087e-7,
                -6.9267597
            ],
            "rotation": [
                0.7103229,
                0.0,
                -0.7038757,
                0.0
            ],
            "motion_type": "static",
            "non_uniform_scale": [
                1.0708332,
                0.9999998,
                1.9294116
            ]
        },
        {
            "template_name": "74d8bdc71cdcad07c80c44ed0f415310f57bd41f",
            "translation": [
                -7.4980998,
                5.960464477539063e-8,
                -0.8204398
            ],
            "rotation": [
                0.704101,
                0.0,
                0.7100995,
                0.0
            ],
            "motion_type": "static"
        },
        {
            "template_name": "0f9f42c15c91ca11cfbf7c6f81ea00607098778a",
            "translation": [
                -6.1984601,
                8.102506399154663e-8,
                -1.3626399
            ],
            "motion_type": "static"
        },
        {
            "template_name": "342a5098abd62af93849f28247b60e9e42a2c41a",
            "translation": [
                -11.6080598,
                1.75,
                -1.3475197
            ],
            "rotation": [
                -0.5,
                -0.5,
                0.5,
                -0.4999999
            ],
            "motion_type": "static"
        },
        {
            "template_name": "09b1df19e95ab47e50c8aac06137ef2f51144d34",
            "translation": [
                0.318605,
                1.7495999,
                -0.7804498
            ],
            "rotation": [
                -0.5,
                -0.5,
                0.5,
                -0.4999999
            ],
            "motion_type": "static"
        },
        {
            "template_name": "09b1df19e95ab47e50c8aac06137ef2f51144d34",
            "translation": [
                -4.1938252,
                1.7495999,
                -2.6182696
            ],
            "rotation": [
                0.4999999,
                0.4999999,
                0.5,
                -0.5
            ],
            "motion_type": "static"
        },
        {
            "template_name": "455ae335962b436f29d59631c52535930504a2e3",
            "translation": [
                -9.7630395,
                1.7499997,
                0.100645
            ],
            "rotation": [
                0.0,
                0.0,
                0.7071068,
                -0.7071067
            ],
            "motion_type": "static"
        },
        {
            "template_name": "3e2f125ae0bce7a56defdc98097ff70214eae0c0",
            "translation": [
                -9.5304803,
                2.8000001,
                -7.2766594
            ],
            "rotation": [
                0.0,
                0.0,
                1.0,
                0.0
            ],
            "motion_type": "static",
            "non_uniform_scale": [
                1.0,
                1.0,
                0.8519998
            ]
        },
        {
            "template_name": "3e2f125ae0bce7a56defdc98097ff70214eae0c0",
            "translation": [
                -5.93224,
                2.8000001,
                -7.2874794
            ],
            "motion_type": "static",
            "non_uniform_scale": [
                1.0,
                1.0,
                0.8519998
            ]
        },
        {
            "template_name": "3e2f125ae0bce7a56defdc98097ff70214eae0c0",
            "translation": [
                -7.8440899,
                2.8000001,
                -7.2608194
            ],
            "rotation": [
                0.0,
                0.0,
                1.0,
                0.0
            ],
            "motion_type": "static",
            "non_uniform_scale": [
                1.0,
                1.0,
                0.8519998
            ]
        },
        {
            "template_name": "3e2f125ae0bce7a56defdc98097ff70214eae0c0",
            "translation": [
                -4.4596199,
                2.8000001,
                -7.2942895
            ],
            "motion_type": "static",
            "non_uniform_scale": [
                1.0,
                1.0,
                0.8519998
            ]
        },
        {
            "template_name": "3e2f125ae0bce7a56defdc98097ff70214eae0c0",
            "translation": [
                -1.97867,
                2.7999999,
                -2.5684897
            ],
            "rotation": [
                0.708894,
                0.0,
                0.7053148,
                0.0
            ],
            "motion_type": "static",
            "non_uniform_scale": [
                1.0,
                1.0,
                0.9459999
            ]
        },
        {
            "template_name": "3e2f125ae0bce7a56defdc98097ff70214eae0c0",
            "translation": [
                -2.0342299,
                2.8173897,
                -1.6465597
            ],
            "rotation": [
                0.7093092,
                0.0,
                0.7048972,
                0.0
            ],
            "motion_type": "static",
            "non_uniform_scale": [
                0.9999998,
                1.0,
                0.8779999
            ]
        },
        {
            "template_name": "3e2f125ae0bce7a56defdc98097ff70214eae0c0",
            "translation": [
                -2.0342299,
                2.7999999,
                -0.9127396
            ],
            "rotation": [
                0.7090064,
                0.0,
                0.7052019,
                0.0
            ],
            "motion_type": "static",
            "non_uniform_scale": [
                0.9999998,
                1.0,
                0.8879997
            ]
        },
        {
            "template_name": "3e2f125ae0bce7a56defdc98097ff70214eae0c0",
            "translation": [
                -10.7936801,
                2.8000001,
                -7.4115691
            ],
            "rotation": [
                0.0,
                0.0,
                1.0,
                0.0
            ],
            "motion_type": "static",
            "non_uniform_scale": [
                1.0,
                1.0,
                0.8519998
            ]
        },
        {
            "template_name": "2df2ae94d9b63ff5f14f5bc28d89cc2a18eda404",
            "translation": [
                -6.3498702,
                0.0010005,
                -8.6459093
            ],
            "rotation": [
                0.0033627,
                0.0,
                0.9999942,
                0.0
            ],
            "motion_type": "static",
            "non_uniform_scale": [
                0.3684209,
                0.6578946,
                0.6363635
            ]
        },
        {
            "template_name": "2df2ae94d9b63ff5f14f5bc28d89cc2a18eda404",
            "translation": [
                -8.32409,
                0.0010003,
                -7.3691191
            ],
            "rotation": [
                0.0033627,
                0.0,
                0.9999942,
                0.0
            ],
            "motion_type": "static",
            "non_uniform_scale": [
                0.9999998,
                0.6578946,
                0.9999998
            ]
        },
        {
            "template_name": "ffd0c436ccdf4cc56de91d5a90a86e64402f53bc",
            "translation": [
                -8.2711496,
                1.7654999,
                -5.2815694
            ],
            "rotation": [
                0.0,
                0.0,
                0.7071068,
                -0.7071067
            ],
            "motion_type": "static",
            "non_uniform_scale": [
                2.4666666,
                0.9999998,
                1.433333
            ]
        },
        {
            "template_name": "ce403cb3bfb6c40048b3a64d5e0496fd7d10cf39",
            "translation": [
                -2.0828099,
                1.7792402,
                -9.4265594
            ],
            "rotation": [
                0.7071068,
                0.7071067,
                0.0,
                0.0
            ],
            "motion_type": "static",
            "non_uniform_scale": [
                6.6904764,
                0.9999998,
                2.2881352
            ]
        },
        {
            "template_name": "e982d3a9cfef8a5bc3e2202e1ba69b8b93c0c67c",
            "translation": [
                -11.4528007,
                1.0413999,
                -1.1325198
            ],
            "rotation": [
                0.7071068,
                0.0,
                -0.7071067,
                0.0
            ],
            "motion_type": "static"
        },
        {
            "template_name": "b0bb0cce08a2dbc01c8e3b64ac59fffe10c73015",
            "translation": [
                -6.9005999,
                0.3565899,
                0.1006499
            ],
            "rotation": [
                0.0,
                0.0,
                0.7071068,
                -0.7071067
            ],
            "motion_type": "static"
        },
        {
            "template_name": "42026ccb6057538e11416e8d630fc1b7eab2085f",
            "translation": [
                -10.2750196,
                1.7881393432617188e-7,
                -3.3076896
            ],
            "rotation": [
                -0.6984552,
                0.0,
                0.7156535,
                0.0
            ],
            "motion_type": "static"
        },
        {
            "template_name": "6b408a09af773f17c06c960ad0ec13f2434638d9",
            "translation": [
                -11.3633995,
                2.384185791015625e-7,
                -3.6850597
            ],
            "rotation": [
                0.7071068,
                0.0,
                0.7071067,
                0.0
            ],
            "motion_type": "static",
            "non_uniform_scale": [
                0.59854,
                0.9999998,
                0.9999998
            ]
        },
        {
            "template_name": "52a45dc23cdf133a69ed4091ff502a3909b80599",
            "translation": [
                -5.41509,
                0.0,
                -0.4533649
            ],
            "rotation": [
                -0.7059494,
                0.0,
                0.7082622,
                0.0
            ],
            "motion_type": "static"
        },
        {
            "template_name": "2af8f7c0fc1c416b2c24affc510fb8eacef76e23",
            "translation": [
                -11.0366487,
                0.0,
                -0.0916649
            ],
            "rotation": [
                0.0,
                0.0,
                1.0,
                0.0
            ],
            "motion_type": "static"
        },
        {
            "template_name": "2af8f7c0fc1c416b2c24affc510fb8eacef76e23",
            "translation": [
                -8.4443302,
                0.0,
                -0.0916649
            ],
            "rotation": [
                0.0,
                0.0,
                1.0,
                0.0
            ],
            "motion_type": "static"
        },
        {
            "template_name": "e020acee67a2954cdce8928a9b0f5f653fa7cc31",
            "translation": [
                -2.112487,
                2.8000001,
                -6.9134459
            ],
            "rotation": [
                0.9999619,
                0.0,
                -0.0087264,
                0.0
            ],
            "motion_type": "static"
        },
        {
            "template_name": "e020acee67a2954cdce8928a9b0f5f653fa7cc31",
            "translation": [
                -1.787847,
                2.7999999,
                -2.1762061
            ],
            "rotation": [
                0.9999619,
                0.0,
                -0.0087264,
                0.0
            ],
            "motion_type": "static"
        },
        {
            "template_name": "e020acee67a2954cdce8928a9b0f5f653fa7cc31",
            "translation": [
                -8.4436273,
                3.1999998,
                -6.3105859
            ],
            "rotation": [
                0.9999619,
                0.0,
                -0.0087264,
                0.0
            ],
            "motion_type": "static"
        },
        {
            "template_name": "3754-16",
            "translation": [
                -8.1633901,
                1.4500005,
                -9.4866628
            ],
            "rotation": [
                -0.0017382,
                0.0,
                0.9999985,
                0.0
            ],
            "motion_type": "static",
            "non_uniform_scale": [
                -1.0000001,
                0.9999998,
                0.9999998
            ]
        },
        {
            "template_name": "203-2",
            "translation": [
                0.4463399,
                1.1200001,
                -3.5997397
            ],
            "rotation": [
                0.7071067,
                0.0,
                0.7071067,
                0.0
            ],
            "motion_type": "static",
            "non_uniform_scale": [
                -0.9999998,
                0.9999998,
                0.9999998
            ]
        },
        {
            "template_name": "3754-0",
            "translation": [
                0.4463399,
                1.45,
                -1.4991197
            ],
            "rotation": [
                0.7071067,
                0.0,
                0.7071067,
                0.0
            ],
            "motion_type": "static",
            "non_uniform_scale": [
                -0.9999998,
                0.9999998,
                0.9999998
            ]
        },
        {
            "template_name": "3754-0",
            "translation": [
                0.4463399,
                1.4500001,
                -5.9743795
            ],
            "rotation": [
                0.7071067,
                0.0,
                0.7071067,
                0.0
            ],
            "motion_type": "static",
            "non_uniform_scale": [
                -0.9999998,
                0.9999998,
                0.9999998
            ]
        },
        {
            "template_name": "3754-0",
            "translation": [
                0.4463399,
                1.4500004,
                -8.1461887
            ],
            "rotation": [
                0.7071067,
                0.0,
                0.7071067,
                0.0
            ],
            "motion_type": "static",
            "non_uniform_scale": [
                -0.9999998,
                0.9999998,
                0.9999998
            ]
        },
        {
            "template_name": "209-2",
            "translation": [
                -4.8931303,
                1.1200003,
                -9.4980316
            ],
            "rotation": [
                0.9999985,
                0.0,
                0.0017382,
                0.0
            ],
            "motion_type": "static"
        }
    ],
    "articulated_object_instances": [],
    "stage_instance": {
        "template_name": "stages/106879005_174887124",
        "motion_type": "static"
    },
    "pbr_shader_region_configs": {},
    "user_defined": {
        "scene_filter_file": "scene_filter_files/106879005_174887124.rec_filter.json"
    }
}