{
    "translation_origin": "asset_local",
    "default_lighting": "",
    "navmesh_instance": "",
    "semantic_scene_instance": "hssd_ssd_map",
    "object_instances": [
        {
            "template_name": "8cb34b126bb99e5a3a50970963f6953e7b7683a5",
            "translation": [
                -14.8033285,
                2.0850002,
                -4.1282906
            ],
            "rotation": [
                0.0,
                0.0,
                0.7071068,
                -0.7071067
            ],
            "motion_type": "static"
        },
        {
            "template_name": "9dc91eefa1a574dbbe744ee33a1b412f2f85f9bb",
            "translation": [
                -11.9284334,
                2.384185791015625e-7,
                -3.7866554
            ],
            "rotation": [
                0.0,
                0.0,
                1.0,
                0.0
            ],
            "motion_type": "static"
        },
        {
            "template_name": "cf407c13f7dcb63c55edb4d371e25f5bc88e1761",
            "translation": [
                -8.8578605,
                1.3673435,
                -10.4830865
            ],
            "rotation": [
                0.7071068,
                0.7071067,
                0.0,
                0.0
            ],
            "motion_type": "static",
            "non_uniform_scale": [
                2.2174999,
                0.9999998,
                1.4360934
            ]
        },
        {
            "template_name": "cf407c13f7dcb63c55edb4d371e25f5bc88e1761",
            "translation": [
                -6.5112881,
                1.3673435,
                -10.4830865
            ],
            "rotation": [
                0.7071068,
                0.7071067,
                0.0,
                0.0
            ],
            "motion_type": "static",
            "non_uniform_scale": [
                2.2174999,
                0.9999998,
                1.4360934
            ]
        },
        {
            "template_name": "cf407c13f7dcb63c55edb4d371e25f5bc88e1761",
            "translation": [
                -3.8124394,
                1.3673435,
                -11.4297809
            ],
            "rotation": [
                0.7071068,
                0.7071067,
                0.0,
                0.0
            ],
            "motion_type": "static",
            "non_uniform_scale": [
                2.2174999,
                0.9999998,
                1.4360934
            ]
        },
        {
            "template_name": "cf407c13f7dcb63c55edb4d371e25f5bc88e1761",
            "translation": [
                -11.7269182,
                1.3673435,
                -9.8791608
            ],
            "rotation": [
                0.7071068,
                0.7071067,
                0.0,
                0.0
            ],
            "motion_type": "static",
            "non_uniform_scale": [
                2.5870831,
                0.9999998,
                1.4360934
            ]
        },
        {
            "template_name": "cf407c13f7dcb63c55edb4d371e25f5bc88e1761",
            "translation": [
                -16.3065357,
                1.3673435,
                -9.8796463
            ],
            "rotation": [
                0.4999999,
                0.4999999,
                0.5000001,
                -0.5
            ],
            "motion_type": "static",
            "non_uniform_scale": [
                2.5870826,
                0.9999998,
                1.4360934
            ]
        },
        {
            "template_name": "e365d8e54023e62f4bb2022f52285844700fca22",
            "translation": [
                -5.3096065,
                1.7500002,
                -5.8281054
            ],
            "rotation": [
                -0.5,
                -0.5,
                0.5,
                -0.4999999
            ],
            "motion_type": "static"
        },
        {
            "template_name": "291ec104b0a2ed4fb5ceefa1e57c21a4ad8eff71",
            "translation": [
                0.224333,
                3.2782554626464846e-7,
                -5.1340951
            ],
            "rotation": [
                0.7970069,
                0.0,
                -0.6039701,
                0.0
            ],
            "motion_type": "static"
        },
        {
            "template_name": "ca99c048f9d634d78e49645c24c6878d154873b1",
            "translation": [
                -5.9671878,
                4.172325134277344e-7,
                -6.6077041
            ],
            "motion_type": "static"
        },
        {
            "template_name": "a7d509cad0b14e46be8829066787fbf22abca308",
            "translation": [
                0.7100782,
                6.258487701416016e-7,
                -10.6061563
            ],
            "rotation": [
                0.7071068,
                0.0,
                -0.7071067,
                0.0
            ],
            "motion_type": "static"
        },
        {
            "template_name": "7a23bc370cda8fb322e5f7530618b571c4377947",
            "translation": [
                -15.2430744,
                6.258487701416016e-7,
                -10.3121709
            ],
            "rotation": [
                0.0969407,
                0.0,
                0.9952901,
                0.0
            ],
            "motion_type": "static"
        },
        {
            "template_name": "1e75cbd1de1dd4fd133f54e0559de04a1d64c597",
            "translation": [
                -0.096395,
                3.0,
                -8.2945566
            ],
            "rotation": [
                0.7071068,
                0.0,
                -0.7071067,
                0.0
            ],
            "motion_type": "static",
            "non_uniform_scale": [
                0.9999998,
                0.7917466,
                0.9999998
            ]
        },
        {
            "template_name": "1e75cbd1de1dd4fd133f54e0559de04a1d64c597",
            "translation": [
                -0.1569887,
                2.8000006,
                -10.5125961
            ],
            "rotation": [
                0.7071068,
                0.0,
                -0.7071067,
                0.0
            ],
            "motion_type": "static",
            "non_uniform_scale": [
                0.9999998,
                0.7917466,
                0.9999998
            ]
        },
        {
            "template_name": "cdfeb91604e7de537a26d4a3b048326d5f12d44d",
            "translation": [
                -3.2575685,
                5.895271897315979e-7,
                -9.8948307
            ],
            "rotation": [
                0.7071068,
                0.0,
                -0.7071067,
                0.0
            ],
            "motion_type": "static"
        },
        {
            "template_name": "865da0881974291c56a1a12c9acb0a95f664f741",
            "translation": [
                -3.8701343,
                6.556510925292969e-7,
                -11.0810604
            ],
            "motion_type": "static"
        },
        {
            "template_name": "590ef58dab72a91e900eea12ee86f13a7cbf3d07",
            "translation": [
                -1.4641578,
                1.7500003,
                -9.5100221
            ],
            "rotation": [
                -0.5,
                -0.5,
                0.5,
                -0.4999999
            ],
            "motion_type": "static"
        },
        {
            "template_name": "a7120619c5758076fc2dc999cf8840390b7135a4",
            "translation": [
                -10.055087,
                1.7362803,
                -9.2587976
            ],
            "rotation": [
                0.4999999,
                0.4999999,
                0.5,
                -0.5
            ],
            "motion_type": "static"
        },
        {
            "template_name": "bddb0c1a2bc5338a0aee117581c8b91ea3f1005c",
            "translation": [
                -6.639708,
                1.8160003,
                -6.3375329
            ],
            "rotation": [
                0.7071068,
                0.0,
                -0.7071067,
                0.0
            ],
            "motion_type": "static"
        },
        {
            "template_name": "195d3263dd9198d356a0a4759e0f0fab21ebdd53",
            "translation": [
                -5.3088064,
                1.8146301,
                -8.2366008
            ],
            "rotation": [
                -0.5,
                -0.5,
                0.5,
                -0.4999999
            ],
            "motion_type": "static"
        },
        {
            "template_name": "37b75ac25a35a1c41a310fd74deab25e09e7fe5f",
            "translation": [
                -7.6518864,
                0.7600002,
                -4.9687314
            ],
            "rotation": [
                0.658814,
                0.0,
                0.7523058,
                0.0
            ],
            "motion_type": "static"
        },
        {
            "template_name": "7ab36bf570b17a24db219da8d1bc4f37b689add4",
            "translation": [
                -15.722826,
                0.7520005,
                -10.9545049
            ],
            "rotation": [
                0.7078493,
                0.0,
                -0.7063633,
                0.0
            ],
            "motion_type": "static"
        },
        {
            "template_name": "27a2b942920109d99410ab6f943a5bd87322a018",
            "translation": [
                -4.1439852,
                5.364418029785156e-7,
                -9.1935977
            ],
            "rotation": [
                0.7071068,
                0.0,
                -0.7071067,
                0.0
            ],
            "motion_type": "static"
        },
        {
            "template_name": "ff99082d57e34fd0d48d6ea426c4f5de700ecb79",
            "translation": [
                0.0425111,
                6.09084963798523e-7,
                -10.213417
            ],
            "rotation": [
                0.7071068,
                0.0,
                0.7071067,
                0.0
            ],
            "motion_type": "static"
        },
        {
            "template_name": "c0b009146b4160b435bdb66263dd9e7e4c36ea62",
            "translation": [
                -5.6980094,
                5.364418029785156e-7,
                -9.1801176
            ],
            "rotation": [
                0.7071068,
                0.0,
                0.7071067,
                0.0
            ],
            "motion_type": "static"
        },
        {
            "template_name": "993d78f3ab7c7cc8de5f2491d5d04d6720535749",
            "translation": [
                -16.0065364,
                3.5762786865234377e-7,
                -6.2285408
            ],
            "rotation": [
                0.7071068,
                0.0,
                0.7071067,
                0.0
            ],
            "motion_type": "static"
        },
        {
            "template_name": "baf5adfdb933cc6ea9a8e3dd24b64ff6691cd5a4",
            "translation": [
                -16.0065364,
                4.470348358154297e-7,
                -7.2937908
            ],
            "rotation": [
                0.7071068,
                0.0,
                0.7071067,
                0.0
            ],
            "motion_type": "static",
            "non_uniform_scale": [
                0.7746769,
                0.9999998,
                0.9999998
            ]
        },
        {
            "template_name": "95d1e189e93694bb8eee73a64b0d84a8be5a5057",
            "translation": [
                -9.6923437,
                4.76837158203125e-7,
                -7.7269387
            ],
            "rotation": [
                0.7071068,
                0.0,
                -0.7071067,
                0.0
            ],
            "motion_type": "static"
        },
        {
            "template_name": "cd8049f41e41f8fa0c381197cf1abd18c2fd49d4",
            "translation": [
                -0.6359379,
                1.7539503,
                -11.4290809
            ],
            "rotation": [
                0.7071068,
                0.7071067,
                0.0,
                0.0
            ],
            "motion_type": "static"
        },
        {
            "template_name": "cd8049f41e41f8fa0c381197cf1abd18c2fd49d4",
            "translation": [
                -8.4851236,
                1.7539498,
                -3.4873557
            ],
            "rotation": [
                0.0,
                0.0,
                0.7071068,
                -0.7071067
            ],
            "motion_type": "static"
        },
        {
            "template_name": "9437a75df8778eb48e36f0f1f094404d1f8b0925",
            "translation": [
                -0.0296716,
                5.024485290050507e-7,
                -8.4315166
            ],
            "motion_type": "static"
        },
        {
            "template_name": "d73e42643f1ef45804acbef1680aef5604ef28bd",
            "translation": [
                -0.2257574,
                3.0,
                -5.844531
            ],
            "motion_type": "static",
            "non_uniform_scale": [
                1.0,
                0.7917466,
                0.9999998
            ]
        },
        {
            "template_name": "92641f7855afa6e764c2da1475c7ed23781f00b8",
            "translation": [
                -8.2665891,
                5.364418029785156e-7,
                -9.333188
            ],
            "motion_type": "static",
            "non_uniform_scale": [
                -1.0,
                0.9999998,
                0.9999998
            ]
        },
        {
            "template_name": "02ff1455a2e18c33ab821ba997da698b262f6117",
            "translation": [
                -7.9142198,
                5.234032869338989e-7,
                -8.7830095
            ],
            "motion_type": "static"
        },
        {
            "template_name": "6fb43dd9a6f262dd6d391b860437ab10a76a0acd",
            "translation": [
                -7.8494133,
                1.75,
                -4.7030987
            ],
            "rotation": [
                0.4999999,
                0.4999999,
                0.5,
                -0.5
            ],
            "motion_type": "static"
        },
        {
            "template_name": "a4f48e0319d4ef03b303c2ebc1876172582baa6f",
            "translation": [
                -7.682487,
                5.066394805908203e-7,
                -8.2193059
            ],
            "motion_type": "static"
        },
        {
            "template_name": "9a4e9d27e3aa56daadc737f57afe48467566e0c6",
            "translation": [
                -11.6309461,
                4.76837158203125e-7,
                -8.2290439
            ],
            "rotation": [
                0.7071068,
                0.0,
                -0.7071067,
                0.0
            ],
            "motion_type": "static"
        },
        {
            "template_name": "64d06634b4a1f893f50139031058ed812074a441",
            "translation": [
                -12.3481569,
                5.364418029785156e-7,
                -9.1048564
            ],
            "rotation": [
                0.8377457,
                0.0,
                0.5460603,
                0.0
            ],
            "motion_type": "static"
        },
        {
            "template_name": "64d06634b4a1f893f50139031058ed812074a441",
            "translation": [
                -10.9520225,
                5.364418029785156e-7,
                -9.0524482
            ],
            "rotation": [
                0.8632645,
                0.0,
                -0.5047516,
                0.0
            ],
            "motion_type": "static"
        },
        {
            "template_name": "64d06634b4a1f893f50139031058ed812074a441",
            "translation": [
                -10.9953022,
                4.470348358154297e-7,
                -7.5937976
            ],
            "rotation": [
                -0.610112,
                0.0,
                0.792315,
                0.0
            ],
            "motion_type": "static"
        },
        {
            "template_name": "64d06634b4a1f893f50139031058ed812074a441",
            "translation": [
                -12.3282709,
                4.470348358154297e-7,
                -7.5593247
            ],
            "rotation": [
                0.5245997,
                0.0,
                0.8513488,
                0.0
            ],
            "motion_type": "static"
        },
        {
            "template_name": "64d06634b4a1f893f50139031058ed812074a441",
            "translation": [
                -12.3552722,
                4.76837158203125e-7,
                -8.2499513
            ],
            "rotation": [
                0.7071068,
                0.0,
                0.7071067,
                0.0
            ],
            "motion_type": "static"
        },
        {
            "template_name": "64d06634b4a1f893f50139031058ed812074a441",
            "translation": [
                -10.9100561,
                5.066394805908203e-7,
                -8.3564205
            ],
            "rotation": [
                0.7071068,
                0.0,
                -0.7071067,
                0.0
            ],
            "motion_type": "static"
        },
        {
            "template_name": "80c50919de67aa8605d128b9f233dba0c43692f9",
            "translation": [
                -3.1463568,
                0.7600002,
                -4.7461552
            ],
            "rotation": [
                0.7322198,
                0.0,
                0.6810681,
                0.0
            ],
            "motion_type": "static"
        },
        {
            "template_name": "35fdc6d66950606f33262da718b378f7fe46923a",
            "translation": [
                -7.5560016,
                2.086162567138672e-7,
                -3.6305537
            ],
            "rotation": [
                0.7071068,
                0.0,
                -0.7071067,
                0.0
            ],
            "motion_type": "static"
        },
        {
            "template_name": "5308f862dcc5bd45f62aececd538135a03ff93d2",
            "translation": [
                -10.2050867,
                1.7500003,
                -8.8092985
            ],
            "rotation": [
                -0.5,
                -0.5,
                0.5,
                -0.4999999
            ],
            "motion_type": "static"
        },
        {
            "template_name": "7abd74b8300c96386861ddd3f62dbca5b4b093a8",
            "translation": [
                -3.1984896,
                2.682209014892578e-7,
                -4.7423253
            ],
            "rotation": [
                0.0,
                0.0,
                1.0,
                0.0
            ],
            "motion_type": "static"
        },
        {
            "template_name": "14e8799e403d80d90fdde4f99f185946d7b24b9b",
            "translation": [
                -3.4345731,
                4.172325134277344e-7,
                -7.1524801
            ],
            "motion_type": "static"
        },
        {
            "template_name": "1e71325d963f19346d2a9fe6c6c8ec564c7c6f84",
            "translation": [
                -2.8391778,
                5.21540641784668e-7,
                -8.7388753
            ],
            "rotation": [
                0.7071068,
                0.0,
                -0.7071067,
                0.0
            ],
            "motion_type": "static"
        },
        {
            "template_name": "e731fbf018152a31b13eb29c1f97081695e2ddfe",
            "translation": [
                -7.7688536,
                0.4000003,
                -7.8922858
            ],
            "rotation": [
                0.0,
                0.0,
                1.0,
                0.0
            ],
            "motion_type": "static"
        },
        {
            "template_name": "66ebf77831246626ead7947612796d891a8a612b",
            "translation": [
                -14.785489,
                5.671754479408264e-7,
                -9.5162029
            ],
            "rotation": [
                0.7071068,
                0.0,
                -0.7071067,
                0.0
            ],
            "motion_type": "static"
        },
        {
            "template_name": "b556eeb736ae52a83f4b36a03fd6a03c9f941bc2",
            "translation": [
                -10.7029561,
                2.384185791015625e-7,
                -3.7866554
            ],
            "rotation": [
                0.0,
                0.0,
                1.0,
                0.0
            ],
            "motion_type": "static",
            "non_uniform_scale": [
                1.0745521,
                0.9999998,
                0.9999998
            ]
        },
        {
            "template_name": "78085a926dc32e87bd3a7cc13645eed9a4621f60",
            "translation": [
                -1.3141578,
                0.4960002,
                -7.8748197
            ],
            "rotation": [
                0.4999999,
                0.4999999,
                0.5,
                -0.5
            ],
            "motion_type": "static"
        },
        {
            "template_name": "78085a926dc32e87bd3a7cc13645eed9a4621f60",
            "translation": [
                -1.4641579,
                0.4960002,
                -5.4037952
            ],
            "rotation": [
                -0.5,
                -0.5,
                0.5,
                -0.4999999
            ],
            "motion_type": "static"
        },
        {
            "template_name": "78085a926dc32e87bd3a7cc13645eed9a4621f60",
            "translation": [
                -7.1745729,
                0.4959999,
                -2.1736214
            ],
            "rotation": [
                0.0,
                0.0,
                0.7071068,
                -0.7071067
            ],
            "motion_type": "static"
        },
        {
            "template_name": "78085a926dc32e87bd3a7cc13645eed9a4621f60",
            "translation": [
                -4.6574211,
                0.4959999,
                -2.9201991
            ],
            "rotation": [
                0.0,
                0.0,
                0.7071068,
                -0.7071067
            ],
            "motion_type": "static"
        },
        {
            "template_name": "78085a926dc32e87bd3a7cc13645eed9a4621f60",
            "translation": [
                -5.9245061,
                0.4960002,
                -7.0514039
            ],
            "rotation": [
                0.0,
                0.0,
                0.7071068,
                -0.7071067
            ],
            "motion_type": "static"
        },
        {
            "template_name": "78085a926dc32e87bd3a7cc13645eed9a4621f60",
            "translation": [
                -10.2150869,
                0.4960004,
                -8.8062667
            ],
            "rotation": [
                -0.5,
                -0.5,
                0.5,
                -0.4999999
            ],
            "motion_type": "static"
        },
        {
            "template_name": "78085a926dc32e87bd3a7cc13645eed9a4621f60",
            "translation": [
                -14.9923629,
                0.4960002,
                -7.7409358
            ],
            "rotation": [
                0.7071068,
                0.7071067,
                0.0,
                0.0
            ],
            "motion_type": "static"
        },
        {
            "template_name": "78085a926dc32e87bd3a7cc13645eed9a4621f60",
            "translation": [
                -2.1104795,
                0.4960004,
                -11.4297819
            ],
            "rotation": [
                0.7071068,
                0.7071067,
                0.0,
                0.0
            ],
            "motion_type": "static"
        },
        {
            "template_name": "1b39ee78aeac5aa29a473a044e03e6fd4dd2deb4",
            "translation": [
                -16.0062885,
                3.2782554626464846e-7,
                -5.3282909
            ],
            "rotation": [
                0.7071068,
                0.0,
                0.7071067,
                0.0
            ],
            "motion_type": "static"
        },
        {
            "template_name": "1b39ee78aeac5aa29a473a044e03e6fd4dd2deb4",
            "translation": [
                -13.5836839,
                2.980232238769531e-7,
                -5.1382913
            ],
            "motion_type": "static",
            "non_uniform_scale": [
                1.0324728,
                0.9999998,
                0.3666665
            ]
        },
        {
            "template_name": "5ad437fd9811ca418f4c277a5f82c57cd7fe6efa",
            "translation": [
                -13.7386837,
                2.682209014892578e-7,
                -4.5782909
            ],
            "rotation": [
                0.7071068,
                0.0,
                -0.7071067,
                0.0
            ],
            "motion_type": "static",
            "non_uniform_scale": [
                0.9999998,
                0.9999998,
                1.0333329
            ]
        },
        {
            "template_name": "5ad437fd9811ca418f4c277a5f82c57cd7fe6efa",
            "translation": [
                -15.8565368,
                2.682209014892578e-7,
                -4.5782909
            ],
            "rotation": [
                0.0,
                0.0,
                1.0,
                0.0
            ],
            "motion_type": "static"
        },
        {
            "template_name": "a88713bc360c1f4fd6babaa601e20397f2c12c91",
            "translation": [
                -6.5462074,
                2.7999999,
                -3.686151
            ],
            "motion_type": "static"
        },
        {
            "template_name": "fc9f8dd33db0aad0f8179a4e1e448cbb46bbcddd",
            "translation": [
                -3.5373513,
                2.384185791015625e-7,
                -3.6367654
            ],
            "rotation": [
                0.7071068,
                0.0,
                -0.7071067,
                0.0
            ],
            "motion_type": "static",
            "non_uniform_scale": [
                1.3063706,
                1.431639,
                0.9999998
            ]
        },
        {
            "template_name": "8cd14f2af0f08be07cbf31b881d66f64e1533bf0",
            "translation": [
                -7.6864528,
                3.0500001,
                -8.33885
            ],
            "motion_type": "static"
        },
        {
            "template_name": "016740800c9b1834742579705ddfc6899dfceddc",
            "translation": [
                -1.3129575,
                1.1122002,
                -8.6051187
            ],
            "rotation": [
                0.4999999,
                0.4999999,
                0.5,
                -0.5
            ],
            "motion_type": "static"
        },
        {
            "template_name": "5c51bb06d6b868e98769018b4b2602487701e8a7",
            "translation": [
                -3.7754087,
                4.76837158203125e-7,
                -8.5292186
            ],
            "rotation": [
                0.0,
                0.0,
                1.0,
                0.0
            ],
            "motion_type": "static"
        },
        {
            "template_name": "fe7eddf6a29810bab781b5ddd983d5f12d41bab6",
            "translation": [
                -1.3141578,
                1.7500001,
                -5.5159664
            ],
            "rotation": [
                0.4999999,
                0.4999999,
                0.5,
                -0.5
            ],
            "motion_type": "static"
        },
        {
            "template_name": "fe7eddf6a29810bab781b5ddd983d5f12d41bab6",
            "translation": [
                -6.5913581,
                1.7500001,
                -6.1019539
            ],
            "rotation": [
                -0.5,
                -0.5,
                0.5,
                -0.4999999
            ],
            "motion_type": "static",
            "non_uniform_scale": [
                1.7666664,
                0.9999998,
                0.9999998
            ]
        },
        {
            "template_name": "dd04a3a817e2bf67a6b037d2a079b5d80afb0258",
            "translation": [
                -0.3188044,
                2.384185791015625e-7,
                -4.6579885
            ],
            "rotation": [
                0.0,
                0.0,
                1.0,
                0.0
            ],
            "motion_type": "static",
            "non_uniform_scale": [
                1.1679868,
                1.2500373,
                0.9999998
            ]
        },
        {
            "template_name": "f9aa6e3c89a05941c1eb6859bade56571bc54a1a",
            "translation": [
                -4.9288167,
                4.76837158203125e-7,
                -8.8885192
            ],
            "rotation": [
                0.7071068,
                0.0,
                0.7071067,
                0.0
            ],
            "motion_type": "static",
            "non_uniform_scale": [
                1.0690995,
                1.3123358,
                0.9999998
            ]
        },
        {
            "template_name": "0a22539d08541604a273ac11a98fa07eafb88ed9",
            "translation": [
                -5.6290578,
                2.384185791015625e-7,
                -4.2623353
            ],
            "rotation": [
                0.7408949,
                0.0,
                0.6716207,
                0.0
            ],
            "motion_type": "static"
        },
        {
            "template_name": "f043ff8e22b9b110996b6c6d671be77f5ed04b53",
            "translation": [
                -2.0051078,
                2.980232238769531e-7,
                -4.6698384
            ],
            "motion_type": "static"
        },
        {
            "template_name": "f043ff8e22b9b110996b6c6d671be77f5ed04b53",
            "translation": [
                -13.8146333,
                6.556510925292969e-7,
                -10.7879295
            ],
            "motion_type": "static"
        },
        {
            "template_name": "20f51e51d23b119cd029083bcbf1c3a01fda8763",
            "translation": [
                -14.9565267,
                4.76837158203125e-7,
                -8.1159553
            ],
            "rotation": [
                0.0,
                0.0,
                1.0,
                0.0
            ],
            "motion_type": "static",
            "non_uniform_scale": [
                1.0,
                1.2890094,
                0.9999998
            ]
        },
        {
            "template_name": "20f51e51d23b119cd029083bcbf1c3a01fda8763",
            "translation": [
                -15.8565368,
                4.76837158203125e-7,
                -8.1159553
            ],
            "rotation": [
                0.0,
                0.0,
                1.0,
                0.0
            ],
            "motion_type": "static",
            "non_uniform_scale": [
                1.0,
                1.2890094,
                0.9999998
            ]
        },
        {
            "template_name": "69323c8772e0d70b6ea7dd1beb4de1e30bc441df",
            "translation": [
                -3.2473638,
                3.7532299757003786e-7,
                -6.3016657
            ],
            "motion_type": "static"
        },
        {
            "template_name": "a383ae78b0d2ad95bf407489e4c6bb4e841de717",
            "translation": [
                -6.5587286,
                2.207234501838684e-7,
                -3.6962213
            ],
            "rotation": [
                0.0,
                0.0,
                1.0,
                0.0
            ],
            "motion_type": "static"
        },
        {
            "template_name": "f57a3f79ec71a075d7f30c57debb2ac6a41db024",
            "translation": [
                -1.1367076,
                3.5762786865234377e-7,
                -5.5998225
            ],
            "rotation": [
                0.7071068,
                0.0,
                0.7071067,
                0.0
            ],
            "motion_type": "static",
            "non_uniform_scale": [
                0.9999998,
                0.7447044,
                0.9999998
            ]
        },
        {
            "template_name": "fc8695af4a0e4381a9162cfb2600affcc3085980",
            "translation": [
                -2.8136167,
                0.4300005,
                -8.7507886
            ],
            "rotation": [
                0.4292589,
                0.0,
                0.9031813,
                0.0
            ],
            "motion_type": "static"
        },
        {
            "template_name": "71ef7c208e45356ca1434b970718554cb7d128b4",
            "translation": [
                -15.2076358,
                6.556510925292969e-7,
                -10.8228797
            ],
            "rotation": [
                0.0,
                0.0,
                1.0,
                0.0
            ],
            "motion_type": "static"
        },
        {
            "template_name": "311a303f0b3f212b97c5bb23a79a6499efda2f71",
            "translation": [
                -2.0028934,
                4.76837158203125e-7,
                -7.9894495
            ],
            "motion_type": "static"
        },
        {
            "template_name": "311a303f0b3f212b97c5bb23a79a6499efda2f71",
            "translation": [
                -4.8162541,
                4.76837158203125e-7,
                -7.9894495
            ],
            "motion_type": "static"
        },
        {
            "template_name": "29c9ab6ad9b6d2c5830c113a3abec93a1a6e4e13",
            "translation": [
                -2.4457154,
                0.7600002,
                -4.8121662
            ],
            "rotation": [
                -0.5372995,
                0.0,
                0.8433914,
                0.0
            ],
            "motion_type": "static"
        },
        {
            "template_name": "29c9ab6ad9b6d2c5830c113a3abec93a1a6e4e13",
            "translation": [
                -6.670238,
                1.8160003,
                -5.8138136
            ],
            "rotation": [
                0.7071068,
                0.0,
                -0.7071067,
                0.0
            ],
            "motion_type": "static"
        },
        {
            "template_name": "e7af9fee904b6d58efdcd8208a2d01d1f481af60",
            "translation": [
                -11.6527233,
                2.980232238769531e-7,
                -5.2573938
            ],
            "rotation": [
                0.9998934,
                0.0,
                0.0146014,
                0.0
            ],
            "motion_type": "static"
        },
        {
            "template_name": "29d40a51e3a8d17704ddfa2caf38036fb0833cfb",
            "translation": [
                -2.0566077,
                5.364418029785156e-7,
                -9.4510688
            ],
            "rotation": [
                0.0,
                0.0,
                1.0,
                0.0
            ],
            "motion_type": "static"
        },
        {
            "template_name": "3d3a3d0eab490f7c357ea068c39d2286e7807cb6",
            "translation": [
                -7.5365734,
                0.7600002,
                -4.4207587
            ],
            "rotation": [
                0.7745193,
                0.0,
                -0.6325501,
                0.0
            ],
            "motion_type": "static"
        },
        {
            "template_name": "5863ec4126fd2efe044f387e1409a4b2e0344bfb",
            "translation": [
                -15.2724161,
                1.7500003,
                -11.2828807
            ],
            "rotation": [
                0.7071068,
                0.7071067,
                0.0,
                0.0
            ],
            "motion_type": "static"
        },
        {
            "template_name": "9e2908f9671288df72bca9e66d46be8a807e6061",
            "translation": [
                -5.4997363,
                4.76837158203125e-7,
                -8.2601184
            ],
            "rotation": [
                0.7071068,
                0.0,
                -0.7071067,
                0.0
            ],
            "motion_type": "static"
        },
        {
            "template_name": "909bc98ed54a5e24fe5e60c73580424f660faa05",
            "translation": [
                -1.4641578,
                1.6000001,
                -7.6043386
            ],
            "rotation": [
                -0.5,
                -0.5,
                0.5,
                -0.4999999
            ],
            "motion_type": "static"
        },
        {
            "template_name": "faefe63ba896c06920aa6d23b05ab83f3d6d37ea",
            "translation": [
                -12.8261842,
                2.384185791015625e-7,
                -3.8191854
            ],
            "rotation": [
                0.0,
                0.0,
                1.0,
                0.0
            ],
            "motion_type": "static"
        },
        {
            "template_name": "faefe63ba896c06920aa6d23b05ab83f3d6d37ea",
            "translation": [
                -12.8261842,
                0.8500001,
                -3.8191854
            ],
            "rotation": [
                0.0,
                0.0,
                1.0,
                0.0
            ],
            "motion_type": "static"
        },
        {
            "template_name": "e25b1dc0669b7a1948b6c000ab4aec0244e37fcc",
            "translation": [
                -0.8097184,
                2.980232238769531e-7,
                -5.0218887
            ],
            "rotation": [
                0.7071068,
                0.0,
                -0.7071067,
                0.0
            ],
            "motion_type": "static"
        },
        {
            "template_name": "297e92fb37c775f62a93253238c8d0ab364d9e6b",
            "translation": [
                -6.0095758,
                1.1920928955078126e-7,
                -2.3632211
            ],
            "rotation": [
                0.0,
                0.0,
                1.0,
                0.0
            ],
            "motion_type": "static"
        },
        {
            "template_name": "fe50d2ba4cbf24dda5f3d6aaed50a3860b102a3d",
            "translation": [
                -13.5275039,
                0.9000002,
                -5.0333499
            ],
            "rotation": [
                0.7071068,
                0.0,
                -0.7071067,
                0.0
            ],
            "motion_type": "static"
        },
        {
            "template_name": "a51a17854474074b191d615f9cf6ec1f6f387101",
            "translation": [
                -3.1943433,
                3.0500001,
                -9.8951473
            ],
            "rotation": [
                0.7071068,
                0.0,
                -0.7071067,
                0.0
            ],
            "motion_type": "static",
            "non_uniform_scale": [
                0.9999998,
                0.9415218,
                0.9999998
            ]
        },
        {
            "template_name": "20ee6491ce5c0d25e879e9cff8c79e37f1c441e0",
            "translation": [
                -0.1976044,
                3.520399332046509e-7,
                -5.9060425
            ],
            "rotation": [
                0.7071068,
                0.0,
                0.7071067,
                0.0
            ],
            "motion_type": "static"
        },
        {
            "template_name": "3c9ea3502cafd99c255a1f1cfa13b899f604c2d9",
            "translation": [
                -15.3954381,
                1.7650703,
                -7.8909358
            ],
            "rotation": [
                0.0,
                0.0,
                0.7071068,
                -0.7071067
            ],
            "motion_type": "static"
        },
        {
            "template_name": "7796fab886b31054bced0b263eaa4051afad1406",
            "translation": [
                0.1615743,
                0.2000004,
                -7.1102685
            ],
            "motion_type": "static"
        },
        {
            "template_name": "7234c47c5e1a7bcd091736c9101d941fd6c4d9d6",
            "translation": [
                -3.2040789,
                2.8000001,
                -6.7148714
            ],
            "motion_type": "static",
            "non_uniform_scale": [
                1.0,
                0.9641898,
                0.9999998
            ]
        },
        {
            "template_name": "09be27967a348b86e38ca34c48877a58286b8352",
            "translation": [
                -8.7689037,
                2.384185791015625e-7,
                -5.1927447
            ],
            "motion_type": "static",
            "non_uniform_scale": [
                -1.0,
                0.9999998,
                0.9999998
            ]
        },
        {
            "template_name": "7b7cba36a188840932e677143e10b7afc9851d4f",
            "translation": [
                -13.1236839,
                1.7518004,
                -8.8230533
            ],
            "rotation": [
                0.4999999,
                0.4999999,
                0.5,
                -0.5
            ],
            "motion_type": "static"
        },
        {
            "template_name": "9f422acc29397e8ab6bb6f662c141b5a34caa51d",
            "translation": [
                0.8372284,
                4.76837158203125e-7,
                -7.9173192
            ],
            "rotation": [
                0.7071068,
                0.0,
                -0.7071067,
                0.0
            ],
            "motion_type": "static"
        },
        {
            "template_name": "19ff8cf0a77b67a87ba9959cfc39212a9c9dfc72",
            "translation": [
                -13.2736845,
                1.3986504,
                -9.269948
            ],
            "rotation": [
                -0.5,
                -0.5,
                0.5,
                -0.4999999
            ],
            "motion_type": "static"
        },
        {
            "template_name": "2ce838c1410d64b891879511cf4610f7e677b3b6",
            "translation": [
                -3.2056396,
                1.7500001,
                -4.517435
            ],
            "rotation": [
                0.0,
                0.0,
                0.7071068,
                -0.7071067
            ],
            "motion_type": "static"
        },
        {
            "template_name": "9a76ce3409cc8e02440a7c6be594bb2448c4dbdb",
            "translation": [
                -15.826395,
                0.9500002,
                -8.0986757
            ],
            "rotation": [
                0.0,
                0.0,
                1.0,
                0.0
            ],
            "motion_type": "static"
        },
        {
            "template_name": "1258637c2e61ce7b968502b15d5ed451b97ea937",
            "translation": [
                -7.6764945,
                0.7600001,
                -4.2593483
            ],
            "rotation": [
                0.7071068,
                0.0,
                0.7071067,
                0.0
            ],
            "motion_type": "static"
        },
        {
            "template_name": "1d3f4e25a0380f82157255087967e40833b8419b",
            "translation": [
                -7.6198387,
                0.7600002,
                -5.3136653
            ],
            "rotation": [
                0.7071068,
                0.0,
                -0.7071067,
                0.0
            ],
            "motion_type": "static"
        },
        {
            "template_name": "232e1b606f846a1f300acc9d6f4a5daddfaec0af",
            "translation": [
                -3.7123982,
                0.7600002,
                -4.8015351
            ],
            "rotation": [
                0.0,
                0.0,
                1.0,
                0.0
            ],
            "motion_type": "static"
        },
        {
            "template_name": "28b6abf7a45c50eeec9fbbfc3733a8b43d51d6b2",
            "translation": [
                -8.9963569,
                1.7500002,
                -5.6342744
            ],
            "rotation": [
                0.0,
                0.0,
                0.7071068,
                -0.7071067
            ],
            "motion_type": "static"
        },
        {
            "template_name": "e73b6628e229eecbdd5d0d93437696a84efd9fbe",
            "translation": [
                -7.6970133,
                0.7600002,
                -4.7052583
            ],
            "rotation": [
                0.7086384,
                0.0,
                0.7055717,
                0.0
            ],
            "motion_type": "static"
        },
        {
            "template_name": "1fed03ca5b84ba5de9d2be405050acec4cfeaf10",
            "translation": [
                -15.0539417,
                0.7520005,
                -10.7693681
            ],
            "rotation": [
                0.9991483,
                0.0,
                0.0412617,
                0.0
            ],
            "motion_type": "static"
        },
        {
            "template_name": "6027f970cc47e7331043cc22d87f191757557e8f",
            "translation": [
                -9.0094137,
                3.8743019104003908e-7,
                -5.7729048
            ],
            "rotation": [
                0.0,
                0.0,
                1.0,
                0.0
            ],
            "motion_type": "static",
            "non_uniform_scale": [
                2.3199999,
                0.9999998,
                0.9999998
            ]
        },
        {
            "template_name": "9f11666e11ee2381f2c11088b4547356d351b38d",
            "translation": [
                -10.6909484,
                2.2351741790771485e-7,
                -3.7016553
            ],
            "rotation": [
                0.0,
                0.0,
                1.0,
                0.0
            ],
            "motion_type": "static"
        },
        {
            "template_name": "0777d705a2f0646b60e38b61f02766df97ad8146",
            "translation": [
                -11.1150846,
                1.32431,
                -5.6351847
            ],
            "rotation": [
                0.0,
                0.0,
                0.7071068,
                -0.7071067
            ],
            "motion_type": "static"
        },
        {
            "template_name": "1870e1375f73661b89e04153b57d8e71ad0f6fdf",
            "translation": [
                0.2265782,
                1.0988004,
                -9.5387067
            ],
            "rotation": [
                0.7071068,
                0.7071067,
                0.0,
                0.0
            ],
            "motion_type": "static"
        },
        {
            "template_name": "09495c87c9c7c4ad6ab360f67366274aff274f72",
            "translation": [
                -5.5084967,
                3.5762786865234377e-7,
                -5.8414154
            ],
            "rotation": [
                0.7071068,
                0.0,
                -0.7071067,
                0.0
            ],
            "motion_type": "static"
        },
        {
            "template_name": "5f1ba5121c4df5897880f1a5dccaa10b844c0461",
            "translation": [
                -5.1585159,
                1.7500001,
                -6.4018549
            ],
            "rotation": [
                0.4999999,
                0.4999999,
                0.5,
                -0.5
            ],
            "motion_type": "static"
        },
        {
            "template_name": "b1c39383d02326b7b347361b49b7e70a1401a257",
            "translation": [
                0.8653554,
                3.5762786865234377e-7,
                -5.8143386
            ],
            "rotation": [
                0.7071068,
                0.0,
                -0.7071067,
                0.0
            ],
            "motion_type": "static",
            "non_uniform_scale": [
                1.1090117,
                1.2500373,
                0.9999998
            ]
        },
        {
            "template_name": "a8aaf5f04458e7126749a23f5dfd3653cc056a36",
            "translation": [
                -4.7627544,
                0.4570004,
                -7.9145593
            ],
            "rotation": [
                -0.6429308,
                0.0,
                0.7659242,
                0.0
            ],
            "motion_type": "static"
        },
        {
            "template_name": "a8aaf5f04458e7126749a23f5dfd3653cc056a36",
            "translation": [
                -2.0063934,
                0.4570003,
                -7.9145593
            ],
            "rotation": [
                0.7071068,
                0.0,
                0.7071067,
                0.0
            ],
            "motion_type": "static"
        },
        {
            "template_name": "949d4443bf9f2c56a5de5ae1851506e08549aef1",
            "translation": [
                -11.6312389,
                4.936009645462036e-7,
                -8.2787666
            ],
            "motion_type": "static"
        },
        {
            "template_name": "710ab4318e8a831378523deb8083d3863f6e9224",
            "translation": [
                -8.5515823,
                4.470348358154297e-7,
                -7.3683362
            ],
            "rotation": [
                0.3660359,
                0.0,
                0.9306005,
                0.0
            ],
            "motion_type": "static"
        },
        {
            "template_name": "967ad12ca41b821caa61cabebe7606dfb993f774",
            "translation": [
                -1.3129575,
                1.1122002,
                -9.2141628
            ],
            "rotation": [
                0.4999999,
                0.4999999,
                0.5,
                -0.5
            ],
            "motion_type": "static"
        },
        {
            "template_name": "752b2a770d9ea89d310d0dcc4078c9ea73bab48a",
            "translation": [
                -9.6465559,
                2.384185791015625e-7,
                -3.9613423
            ],
            "rotation": [
                0.7071068,
                0.0,
                0.7071067,
                0.0
            ],
            "motion_type": "static"
        },
        {
            "template_name": "72d4bee536e3e39ae09d9d3248c36dbc644638ec",
            "translation": [
                -7.7841639,
                0.4000003,
                -8.2157239
            ],
            "motion_type": "static"
        },
        {
            "template_name": "c294ee4dd27985e94399a647c6431420ad3749d9",
            "translation": [
                -14.7990865,
                2.682209014892578e-7,
                -4.4861807
            ],
            "rotation": [
                0.0,
                0.0,
                1.0,
                0.0
            ],
            "motion_type": "static"
        },
        {
            "template_name": "9fbbbfc58e5cafbc27a31069808cf168cf2d7a78",
            "translation": [
                -13.6019334,
                3.5762786865234377e-7,
                -5.7201857
            ],
            "rotation": [
                0.7071068,
                0.0,
                -0.7071067,
                0.0
            ],
            "motion_type": "static"
        },
        {
            "template_name": "35818cce7c18c59b0419afd6a5cf09c819c50621",
            "translation": [
                -4.329112,
                0.9040005,
                -11.0999708
            ],
            "rotation": [
                0.0,
                0.0,
                1.0,
                0.0
            ],
            "motion_type": "static"
        },
        {
            "template_name": "c39181c455b8df6ac1b8112a8d2d7bc4a493d8e7",
            "translation": [
                -7.646193,
                2.682209014892578e-7,
                -4.7488856
            ],
            "rotation": [
                0.7071068,
                0.0,
                0.7071067,
                0.0
            ],
            "motion_type": "static"
        },
        {
            "template_name": "6a514c0cc9c67fb22470df637dc9d16ff6637fd7",
            "translation": [
                -11.6849355,
                0.7620003,
                -8.3355407
            ],
            "rotation": [
                0.0,
                0.0,
                1.0,
                0.0
            ],
            "motion_type": "static"
        },
        {
            "template_name": "220-69",
            "translation": [
                -1.8931999,
                1.6499999,
                -4.4417653
            ],
            "motion_type": "static",
            "non_uniform_scale": [
                -1.0,
                0.9999998,
                0.9999998
            ]
        },
        {
            "template_name": "220-70",
            "translation": [
                1.0920654,
                1.6500002,
                -5.8689403
            ],
            "rotation": [
                0.7071067,
                0.0,
                0.7071067,
                0.0
            ],
            "motion_type": "static",
            "non_uniform_scale": [
                -0.9999998,
                0.9999998,
                0.9999998
            ]
        },
        {
            "template_name": "220-71",
            "translation": [
                -3.8373224,
                1.6500004,
                -11.5047807
            ],
            "rotation": [
                0.0,
                0.0,
                1.0,
                0.0
            ],
            "motion_type": "static",
            "non_uniform_scale": [
                -1.0,
                0.9999998,
                0.9999998
            ]
        },
        {
            "template_name": "220-71",
            "translation": [
                -8.8781185,
                1.6500004,
                -10.5580863
            ],
            "rotation": [
                0.0,
                0.0,
                1.0,
                0.0
            ],
            "motion_type": "static",
            "non_uniform_scale": [
                -1.0,
                0.9999998,
                0.9999998
            ]
        },
        {
            "template_name": "220-71",
            "translation": [
                -6.4897389,
                1.6500004,
                -10.5580863
            ],
            "rotation": [
                0.0,
                0.0,
                1.0,
                0.0
            ],
            "motion_type": "static",
            "non_uniform_scale": [
                -1.0,
                0.9999998,
                0.9999998
            ]
        },
        {
            "template_name": "220-71",
            "translation": [
                -11.6858577,
                1.6500004,
                -9.9541606
            ],
            "rotation": [
                0.0,
                0.0,
                1.0,
                0.0
            ],
            "motion_type": "static",
            "non_uniform_scale": [
                -1.0,
                0.9999998,
                0.9999998
            ]
        },
        {
            "template_name": "220-71",
            "translation": [
                -16.3815364,
                1.6500002,
                -6.2714748
            ],
            "rotation": [
                0.7071067,
                0.0,
                0.7071067,
                0.0
            ],
            "motion_type": "static",
            "non_uniform_scale": [
                -0.9999998,
                0.9999998,
                0.9999998
            ]
        },
        {
            "template_name": "220-71",
            "translation": [
                -16.3815364,
                1.6500004,
                -9.8350687
            ],
            "rotation": [
                0.7071068,
                0.0,
                -0.7071067,
                0.0
            ],
            "motion_type": "static",
            "non_uniform_scale": [
                -0.9999998,
                0.9999998,
                0.9999998
            ]
        },
        {
            "template_name": "204-2",
            "translation": [
                -7.9244136,
                1.1200001,
                -2.783024
            ],
            "rotation": [
                0.7071067,
                0.0,
                0.7071067,
                0.0
            ],
            "motion_type": "static",
            "non_uniform_scale": [
                -0.9999998,
                0.9999998,
                0.9999998
            ]
        }
    ],
    "articulated_object_instances": [],
    "stage_instance": {
        "template_name": "stages/107734338_176000244",
        "motion_type": "static"
    },
    "user_defined": {
        "scene_filter_file": "scene_filter_files/107734338_176000244.rec_filter.json"
    }
}