{
    "translation_origin": "asset_local",
    "default_lighting": "",
    "navmesh_instance": "",
    "semantic_scene_instance": "hssd_ssd_map",
    "default_pbr_shader_config": "./data/default.pbr_config.json",
    "object_instances": [
        {
            "template_name": "1f7ffcff5e5435eb0e2a710bca7948a23ff1b0a0",
            "translation": [
                3.4263095,
                0.9000004,
                -8.9965295
            ],
            "rotation": [
                0.7071068,
                0.0,
                0.7071067,
                0.0
            ],
            "motion_type": "static"
        },
        {
            "template_name": "381e56f2108c7ef291196dcb744e17bb0033a3ba",
            "translation": [
                -3.153244,
                0.0010007,
                -12.611453
            ],
            "rotation": [
                0.8151962,
                0.0,
                -0.5791847,
                0.0
            ],
            "motion_type": "static"
        },
        {
            "template_name": "3e4ff11c4eba7495b101a6a1eeec8480520fd3ec",
            "translation": [
                -5.2595119,
                6.258487701416016e-7,
                -10.6721649
            ],
            "rotation": [
                0.7071068,
                0.0,
                -0.7071067,
                0.0
            ],
            "motion_type": "static"
        },
        {
            "template_name": "3e4ff11c4eba7495b101a6a1eeec8480520fd3ec",
            "translation": [
                -6.4417619,
                8.940696716308594e-7,
                -14.8639488
            ],
            "rotation": [
                0.9999997,
                0.0,
                0.0006925,
                0.0
            ],
            "motion_type": "static"
        },
        {
            "template_name": "3e4ff11c4eba7495b101a6a1eeec8480520fd3ec",
            "translation": [
                -8.1428842,
                8.940696716308594e-7,
                -14.863327
            ],
            "rotation": [
                -0.0003443,
                0.0,
                0.9999998,
                0.0
            ],
            "motion_type": "static"
        },
        {
            "template_name": "0db565d684b7c6ca584a63184869a4077bbd7155",
            "translation": [
                -8.8924274,
                8.642673492431641e-7,
                -14.7135343
            ],
            "rotation": [
                0.7071068,
                0.0,
                0.7071067,
                0.0
            ],
            "motion_type": "static"
        },
        {
            "template_name": "779ad00f8ce31d728fc716a5619a8aa153fdc118",
            "translation": [
                -1.226649,
                1.1141206,
                -11.5984382
            ],
            "rotation": [
                0.0,
                0.0,
                0.7071068,
                -0.7071067
            ],
            "motion_type": "static"
        },
        {
            "template_name": "712e8b6769bebb2dde5302e3de78d2c28d639759",
            "translation": [
                -5.2648162,
                0.9000006,
                -12.4628639
            ],
            "rotation": [
                -0.2732397,
                0.0,
                0.9619458,
                0.0
            ],
            "motion_type": "static"
        },
        {
            "template_name": "dd779084e98fec0516dae5f4f944f4ef3e60ff35",
            "translation": [
                -8.9042711,
                2.7999999,
                -3.570373
            ],
            "rotation": [
                0.9469301,
                0.0,
                -0.3214393,
                0.0
            ],
            "motion_type": "static"
        },
        {
            "template_name": "e9fc98585a8c737dfbda4a575d19dfa0d1176abd",
            "translation": [
                -7.4071693,
                0.7500007,
                -12.1856622
            ],
            "motion_type": "static"
        },
        {
            "template_name": "91984a71a898620ee603f9178932dd2659e2972d",
            "translation": [
                -3.7292702,
                1.7483005,
                -13.9260263
            ],
            "rotation": [
                -0.5,
                -0.5,
                0.5,
                -0.4999999
            ],
            "motion_type": "static"
        },
        {
            "template_name": "b7693e109e46f2b00152ff05d47de0864a4ee2c4",
            "translation": [
                -6.8771681,
                4.959292709827423e-7,
                -8.3203744
            ],
            "rotation": [
                0.6448655,
                0.0,
                0.7642958,
                0.0
            ],
            "motion_type": "static"
        },
        {
            "template_name": "0b24d9529c1cffa05ae9e10ca10929361ff39a3d",
            "translation": [
                -8.78553,
                2.8000001,
                -5.9130349
            ],
            "rotation": [
                -0.3786486,
                0.0,
                0.9255405,
                0.0
            ],
            "motion_type": "static"
        },
        {
            "template_name": "d056ee24b9d3aeab32653dd3bab0f248293056d8",
            "translation": [
                5.4594726,
                6.556510925292969e-7,
                -11.2838382
            ],
            "rotation": [
                0.0,
                0.0,
                1.0,
                0.0
            ],
            "motion_type": "static"
        },
        {
            "template_name": "0b0e6df6479ffd5c48f58de1330e7f2ab1248620",
            "translation": [
                -1.8609473,
                1.4707006,
                -14.1974077
            ],
            "rotation": [
                -0.5,
                -0.5,
                0.5,
                -0.4999999
            ],
            "motion_type": "static"
        },
        {
            "template_name": "a298a566e76bade7bb9a725163931ef51c34ea51",
            "translation": [
                -9.6796798,
                0.0050002,
                -4.9165182
            ],
            "rotation": [
                0.7071068,
                0.0,
                0.7071067,
                0.0
            ],
            "motion_type": "static"
        },
        {
            "template_name": "fea8e9ef588c762c08dcf93005a250674219c48c",
            "translation": [
                -9.3424272,
                1.7500007,
                -13.8745136
            ],
            "rotation": [
                0.4999999,
                0.4999999,
                0.5,
                -0.5
            ],
            "motion_type": "static"
        },
        {
            "template_name": "fea8e9ef588c762c08dcf93005a250674219c48c",
            "translation": [
                -8.0342674,
                1.7500008,
                -15.1635332
            ],
            "rotation": [
                0.7071068,
                0.7071067,
                0.0,
                0.0
            ],
            "motion_type": "static"
        },
        {
            "template_name": "cc75c57d650ebbdbe15542f83666b417d24f9ae4",
            "translation": [
                -5.1224389,
                8.344650268554688e-7,
                -13.9155616
            ],
            "rotation": [
                0.7071068,
                0.0,
                0.7071067,
                0.0
            ],
            "motion_type": "static"
        },
        {
            "template_name": "cc75c57d650ebbdbe15542f83666b417d24f9ae4",
            "translation": [
                6.3639926,
                5.960464477539063e-7,
                -9.8060255
            ],
            "rotation": [
                0.7071068,
                0.0,
                -0.7071067,
                0.0
            ],
            "motion_type": "static"
        },
        {
            "template_name": "7b9c92c0772bb1730ae9b1596566c449861be6e1",
            "translation": [
                3.1450443,
                7.450580596923828e-7,
                -12.5413017
            ],
            "rotation": [
                0.7071068,
                0.0,
                -0.7071067,
                0.0
            ],
            "motion_type": "static"
        },
        {
            "template_name": "2b02348945e5be147aaec3f415d7fd499d79dd46",
            "translation": [
                -7.6730918,
                3.0,
                -8.2361106
            ],
            "rotation": [
                0.7071068,
                0.0,
                0.7071067,
                0.0
            ],
            "motion_type": "static"
        },
        {
            "template_name": "e30598bb70b1aa6472016340ba788b07b6aced9d",
            "translation": [
                -8.6785478,
                0.5600003,
                -5.7436623
            ],
            "rotation": [
                0.3867109,
                0.0,
                0.9222009,
                0.0
            ],
            "motion_type": "static"
        },
        {
            "template_name": "9a8003217479610288571c6d50f445b0ad449068",
            "translation": [
                3.7642946,
                3.15,
                -10.762083
            ],
            "rotation": [
                0.0,
                0.0,
                1.0,
                0.0
            ],
            "motion_type": "static"
        },
        {
            "template_name": "9a8003217479610288571c6d50f445b0ad449068",
            "translation": [
                -7.5786561,
                3.0999999,
                -5.4132056
            ],
            "rotation": [
                0.0,
                0.0,
                1.0,
                0.0
            ],
            "motion_type": "static"
        },
        {
            "template_name": "1ed6cdf4a07d1931b8e69a71afef2bd6728fd241",
            "translation": [
                -7.1618914,
                7.515773177146912e-7,
                -12.6143827
            ],
            "rotation": [
                0.9980434,
                0.0,
                0.062522,
                0.0
            ],
            "motion_type": "static"
        },
        {
            "template_name": "ce9c5810fc2943f1487a73b60e163d1d56f7a5c8",
            "translation": [
                -0.7255346,
                0.0050005,
                -8.4524631
            ],
            "rotation": [
                0.7071068,
                0.0,
                -0.7071067,
                0.0
            ],
            "motion_type": "static"
        },
        {
            "template_name": "0c62443b455166e6f30ed633695dd5d1059773a5",
            "translation": [
                0.1243925,
                0.0050007,
                -14.1068935
            ],
            "motion_type": "static"
        },
        {
            "template_name": "63fb966ae8a96a526619aec4a5a45f81f589a787",
            "translation": [
                4.5639305,
                0.0200006,
                -13.3663902
            ],
            "motion_type": "static"
        },
        {
            "template_name": "3a30a28972253be16cf15f50c3e59440a2aba520",
            "translation": [
                1.2367569,
                0.5600005,
                -11.8717784
            ],
            "motion_type": "static"
        },
        {
            "template_name": "9f2a2488bb3197d134883dc35212b93df7ff200d",
            "translation": [
                -2.793858,
                8.814968168735504e-7,
                -14.7885341
            ],
            "rotation": [
                0.7071068,
                0.0,
                -0.7071067,
                0.0
            ],
            "motion_type": "static"
        },
        {
            "template_name": "280d9f458f11b99e075c23943cbfbfd6509ba4cf",
            "translation": [
                -5.1492009,
                0.9000005,
                -13.0388288
            ],
            "rotation": [
                0.7075843,
                0.0,
                -0.7066287,
                0.0
            ],
            "motion_type": "static"
        },
        {
            "template_name": "335fc5d250b5f7e424fcb25a26bf001f738ca364",
            "translation": [
                -9.0408926,
                0.9000006,
                -12.2938623
            ],
            "rotation": [
                0.4889917,
                0.0,
                0.8722882,
                0.0
            ],
            "motion_type": "static"
        },
        {
            "template_name": "d2a166e8ce6c464c51da9da9f0aeb45423ec210e",
            "translation": [
                -0.5921897,
                0.4368003,
                -8.0817136
            ],
            "rotation": [
                0.7071068,
                0.0,
                0.7071067,
                0.0
            ],
            "motion_type": "static"
        },
        {
            "template_name": "befcc872791099a79d7b2a85723e2e2cea2d48cc",
            "translation": [
                -5.2186794,
                0.9000004,
                -10.6217002
            ],
            "rotation": [
                0.7071068,
                0.0,
                -0.7071067,
                0.0
            ],
            "motion_type": "static"
        },
        {
            "template_name": "aebd4cd68f3d073d927f5d3e66e5285fd0fd8954",
            "translation": [
                -9.1968183,
                1.4263,
                -6.1892609
            ],
            "rotation": [
                0.7071068,
                0.7071067,
                0.0,
                0.0
            ],
            "motion_type": "static"
        },
        {
            "template_name": "e4985320c8ebc978fccc4240fb5a5af2b381f784",
            "translation": [
                6.1096825,
                0.0200006,
                -12.7063407
            ],
            "motion_type": "static"
        },
        {
            "template_name": "6eeae8638dd248886e9d08c0466c9cdc48f54ce9",
            "translation": [
                -1.8609476,
                1.7500004,
                -12.04006
            ],
            "rotation": [
                -0.5,
                -0.5,
                0.5,
                -0.4999999
            ],
            "motion_type": "static"
        },
        {
            "template_name": "6eeae8638dd248886e9d08c0466c9cdc48f54ce9",
            "translation": [
                -3.9606027,
                1.7500008,
                -15.1635332
            ],
            "rotation": [
                0.7071068,
                0.7071067,
                0.0,
                0.0
            ],
            "motion_type": "static"
        },
        {
            "template_name": "fbb91df493f811c17ee8587d9e7717c096e19400",
            "translation": [
                6.1397523,
                0.0100004,
                -8.2626686
            ],
            "motion_type": "static"
        },
        {
            "template_name": "95d1e189e93694bb8eee73a64b0d84a8be5a5057",
            "translation": [
                -8.9858589,
                3.5762786865234377e-7,
                -6.8445138
            ],
            "rotation": [
                0.3300757,
                0.0,
                0.9439544,
                0.0
            ],
            "motion_type": "static"
        },
        {
            "template_name": "9eb65cf35b028599dad3e1a8569237279cb7868c",
            "translation": [
                5.2194242,
                1.7500004,
                -11.5984392
            ],
            "rotation": [
                0.0,
                0.0,
                0.7071068,
                -0.7071067
            ],
            "motion_type": "static"
        },
        {
            "template_name": "06ab989edc3a34260ff041fbb5b98eec487d5da7",
            "translation": [
                -0.5685673,
                5.960464477539063e-7,
                -9.9402322
            ],
            "rotation": [
                0.9991952,
                0.0,
                -0.040109,
                0.0
            ],
            "motion_type": "static"
        },
        {
            "template_name": "22187737ab1ca64c776e1927f92c99af703a03b6",
            "translation": [
                -4.6436357,
                5.811452865600586e-7,
                -9.6278553
            ],
            "rotation": [
                -0.5321332,
                0.0,
                0.8466606,
                0.0
            ],
            "motion_type": "static"
        },
        {
            "template_name": "a4c07cdfd91b7c628db7ffbf9a48ca58c27113f4",
            "translation": [
                -7.7379465,
                0.0250006,
                -12.601448
            ],
            "rotation": [
                0.8545321,
                0.0,
                0.5193983,
                0.0
            ],
            "motion_type": "static"
        },
        {
            "template_name": "a4c07cdfd91b7c628db7ffbf9a48ca58c27113f4",
            "translation": [
                -6.6759872,
                0.0250006,
                -12.5481061
            ],
            "rotation": [
                0.7236108,
                0.0,
                -0.690208,
                0.0
            ],
            "motion_type": "static"
        },
        {
            "template_name": "a4c07cdfd91b7c628db7ffbf9a48ca58c27113f4",
            "translation": [
                -7.1656589,
                0.0250006,
                -11.8831472
            ],
            "rotation": [
                0.0,
                0.0,
                1.0,
                0.0
            ],
            "motion_type": "static"
        },
        {
            "template_name": "09a6ff84cd15baa2d2b9b965739bdb045ee795e4",
            "translation": [
                -8.8447847,
                0.0050002,
                -3.5697081
            ],
            "rotation": [
                0.7070788,
                0.0,
                0.7071344,
                0.0
            ],
            "motion_type": "static"
        },
        {
            "template_name": "3f0c7d35687b428dd34de87b1b51014d0320a968",
            "translation": [
                -5.2884769,
                5.960464477539063e-7,
                -9.6984252
            ],
            "rotation": [
                -0.082808,
                0.0,
                0.9965655,
                0.0
            ],
            "motion_type": "static"
        },
        {
            "template_name": "3f0c7d35687b428dd34de87b1b51014d0320a968",
            "translation": [
                2.313234,
                8.940696716308594e-7,
                -14.6371784
            ],
            "rotation": [
                0.7071068,
                0.0,
                -0.7071067,
                0.0
            ],
            "motion_type": "static"
        },
        {
            "template_name": "8d017fc7709614540587256fc11b809c9d7dc570",
            "translation": [
                -8.9514589,
                0.9000005,
                -10.6005115
            ],
            "rotation": [
                0.7071068,
                0.0,
                0.7071067,
                0.0
            ],
            "motion_type": "static"
        },
        {
            "template_name": "db74ce14813eb0d5c54c8992806b22fb846ee34c",
            "translation": [
                -9.042427,
                8.046627044677734e-7,
                -13.6632843
            ],
            "rotation": [
                0.7071068,
                0.0,
                0.7071067,
                0.0
            ],
            "motion_type": "static"
        },
        {
            "template_name": "db74ce14813eb0d5c54c8992806b22fb846ee34c",
            "translation": [
                -8.7421779,
                6.258487701416016e-7,
                -10.6763343
            ],
            "rotation": [
                0.0,
                0.0,
                1.0,
                0.0
            ],
            "motion_type": "static"
        },
        {
            "template_name": "db74ce14813eb0d5c54c8992806b22fb846ee34c",
            "translation": [
                -9.042427,
                7.450580596923828e-7,
                -12.4627838
            ],
            "rotation": [
                0.7071068,
                0.0,
                0.7071067,
                0.0
            ],
            "motion_type": "static"
        },
        {
            "template_name": "db74ce14813eb0d5c54c8992806b22fb846ee34c",
            "translation": [
                -5.2595119,
                7.748603820800781e-7,
                -12.7731647
            ],
            "rotation": [
                0.7071068,
                0.0,
                -0.7071067,
                0.0
            ],
            "motion_type": "static"
        },
        {
            "template_name": "9a81f950096d16b4191160c09a140e42010d473b",
            "translation": [
                -4.4524149,
                6.556510925292969e-7,
                -11.1002216
            ],
            "rotation": [
                0.9238795,
                0.0,
                0.3826833,
                0.0
            ],
            "motion_type": "static"
        },
        {
            "template_name": "7d283d5ee2290f3b2b80d6d028ad32d0b5ecaa58",
            "translation": [
                2.4947941,
                1.7500004,
                -11.4484386
            ],
            "rotation": [
                0.7071068,
                0.7071067,
                0.0,
                0.0
            ],
            "motion_type": "static"
        },
        {
            "template_name": "ff7366f18451584f3e0f84494b90dc32e97cd9da",
            "translation": [
                -4.5999641,
                1.7499958,
                -15.1635341
            ],
            "rotation": [
                0.7071068,
                0.7071067,
                0.0,
                0.0
            ],
            "motion_type": "static"
        },
        {
            "template_name": "4ebb22b37692a2667f8023ab9458811e34d9670f",
            "translation": [
                6.6487526,
                1.7500004,
                -12.7491359
            ],
            "rotation": [
                -0.5,
                -0.5,
                0.5,
                -0.4999999
            ],
            "motion_type": "static"
        },
        {
            "template_name": "692b5d420c361ba05670a94f2f1e68a182f10432",
            "translation": [
                1.208046,
                0.6500008,
                -14.9236955
            ],
            "rotation": [
                0.9190248,
                0.0,
                -0.3941993,
                0.0
            ],
            "motion_type": "static"
        },
        {
            "template_name": "692b5d420c361ba05670a94f2f1e68a182f10432",
            "translation": [
                -0.9974694,
                0.6500008,
                -14.9103689
            ],
            "rotation": [
                0.9427698,
                0.0,
                0.3334439,
                0.0
            ],
            "motion_type": "static"
        },
        {
            "template_name": "20c32bc8e148545c59afd79fdfe8ea3155073179",
            "translation": [
                -8.6097412,
                1.7500003,
                -10.3762941
            ],
            "rotation": [
                0.0,
                0.0,
                0.7071068,
                -0.7071067
            ],
            "motion_type": "static"
        },
        {
            "template_name": "cc916aa81e794cea2f80fd42864aa66b285334c4",
            "translation": [
                2.9663095,
                3.8743019104003908e-7,
                -6.5803217
            ],
            "rotation": [
                0.9990574,
                0.0,
                -0.0434048,
                0.0
            ],
            "motion_type": "static"
        },
        {
            "template_name": "c787b4f8b9c770c1a1fe0cfb8f383bb5ce09b091",
            "translation": [
                -9.0366487,
                6.854534149169922e-7,
                -11.7247037
            ],
            "motion_type": "static"
        },
        {
            "template_name": "ef1c3bc55155be752c2f261c14c3d04fc88bf043",
            "translation": [
                -7.1690692,
                2.8000004,
                -12.5101613
            ],
            "rotation": [
                0.7071068,
                0.0,
                0.7071067,
                0.0
            ],
            "motion_type": "static"
        },
        {
            "template_name": "f714af314e5c3e5571e580ff30be7b2f17732221",
            "translation": [
                -4.5289015,
                2.8000006,
                -13.9545097
            ],
            "rotation": [
                0.7071068,
                0.0,
                0.7071067,
                0.0
            ],
            "motion_type": "static"
        },
        {
            "template_name": "d47861b542c4f2e8fe9adcf86d55e26e12d1a213",
            "translation": [
                -4.5077962,
                7.748603820800781e-7,
                -12.5140495
            ],
            "rotation": [
                0.7076249,
                0.0,
                0.7065879,
                0.0
            ],
            "motion_type": "static"
        },
        {
            "template_name": "d3fd1b00ebe22586ca981e3107a0b1f70d6d41c2",
            "translation": [
                -9.6652183,
                4.76837158203125e-7,
                -7.3570337
            ],
            "rotation": [
                0.7071068,
                0.0,
                0.7071067,
                0.0
            ],
            "motion_type": "static"
        },
        {
            "template_name": "d3fd1b00ebe22586ca981e3107a0b1f70d6d41c2",
            "translation": [
                -9.6652183,
                5.960464477539063e-7,
                -9.1255531
            ],
            "rotation": [
                0.7071068,
                0.0,
                0.7071067,
                0.0
            ],
            "motion_type": "static"
        },
        {
            "template_name": "92636da10f325c713ea569c8adf6594ff7cbe655",
            "translation": [
                4.7367658,
                7.562339305877686e-7,
                -12.6927652
            ],
            "rotation": [
                0.7071068,
                0.0,
                0.7071067,
                0.0
            ],
            "motion_type": "static"
        },
        {
            "template_name": "115bf606a9a6e4cb36f7d100d6cece5e9ef89461",
            "translation": [
                2.5504095,
                4.973262548446655e-7,
                -8.3467454
            ],
            "rotation": [
                0.0,
                0.0,
                1.0,
                0.0
            ],
            "motion_type": "static"
        },
        {
            "template_name": "8ea1b6b2e278493d262074ecfed9c8588079ddb1",
            "translation": [
                -9.4320859,
                0.3000003,
                -5.6408929
            ],
            "rotation": [
                0.9250646,
                0.0,
                0.3798095,
                0.0
            ],
            "motion_type": "static"
        },
        {
            "template_name": "c2d198ebe2cd8c70b0886e60d98b327f1934aa0e",
            "translation": [
                3.2113094,
                4.470348358154297e-7,
                -7.3978905
            ],
            "rotation": [
                0.7071068,
                0.0,
                -0.7071067,
                0.0
            ],
            "motion_type": "static"
        },
        {
            "template_name": "6e7c674ea7231612862a5bb66960f0cfef5d8f0e",
            "translation": [
                3.2113094,
                5.364418029785156e-7,
                -8.8478803
            ],
            "rotation": [
                0.7071068,
                0.0,
                -0.7071067,
                0.0
            ],
            "motion_type": "static"
        },
        {
            "template_name": "1520f695cc022d759701159cfea0c0f75aaa92c6",
            "translation": [
                1.1503467,
                7.152557373046875e-7,
                -11.8845682
            ],
            "rotation": [
                0.0,
                0.0,
                1.0,
                0.0
            ],
            "motion_type": "static"
        },
        {
            "template_name": "21b680789dd922464512a1c04184a965326a2ff5",
            "translation": [
                -8.5651178,
                2.1513551473617555e-7,
                -3.6107697
            ],
            "motion_type": "static"
        },
        {
            "template_name": "e2fb258d0c591f90f6e63ec30fa0ff25fa17d817",
            "translation": [
                -0.6827809,
                5.180481821298599e-7,
                -8.6912307
            ],
            "rotation": [
                0.7071068,
                0.0,
                -0.7071067,
                0.0
            ],
            "motion_type": "static"
        },
        {
            "template_name": "ea233d6e83ef6d189dc92600b820430307b58cea",
            "translation": [
                -9.1319093,
                0.9000004,
                -10.6084623
            ],
            "rotation": [
                0.7071068,
                0.0,
                0.7071067,
                0.0
            ],
            "motion_type": "static"
        },
        {
            "template_name": "7aae6fb09535df841f7ae8888e929940a6d69104",
            "translation": [
                4.9115071,
                2.8000006,
                -12.5993251
            ],
            "rotation": [
                0.9914448,
                0.0,
                -0.1305261,
                0.0
            ],
            "motion_type": "static"
        },
        {
            "template_name": "98a97b97fd55df6f6dfef44eef86b6b863df5517",
            "translation": [
                -7.2439374,
                2.8000006,
                -14.9208335
            ],
            "motion_type": "static"
        },
        {
            "template_name": "f493df0a3c6a78965d4a87cd38a4e5c5edccdd9c",
            "translation": [
                -7.2924275,
                8.940696716308594e-7,
                -14.8635349
            ],
            "motion_type": "static"
        },
        {
            "template_name": "7a6bf55db9bbb608b77dfced49ce1a2cbb09685c",
            "translation": [
                -8.8859777,
                0.795,
                -3.3848993
            ],
            "rotation": [
                0.9862856,
                0.0,
                0.1650476,
                0.0
            ],
            "motion_type": "static"
        },
        {
            "template_name": "fd60745108c2bae82be7fa631ac73df6fd6125ab",
            "translation": [
                -8.5807857,
                3.5762786865234377e-7,
                -5.8844223
            ],
            "rotation": [
                -0.2706443,
                0.0,
                0.9626793,
                0.0
            ],
            "motion_type": "static"
        },
        {
            "template_name": "d3f3a4308082c28692654ce01935a6cb1ada8918",
            "translation": [
                1.7944066,
                7.152557373046875e-7,
                -12.0985021
            ],
            "rotation": [
                -0.37314,
                0.0,
                0.927775,
                0.0
            ],
            "motion_type": "static"
        },
        {
            "template_name": "e33914ea43ffc53e6dec3ff5d9833b8032f80ddd_part_1",
            "translation": [
                1.7754769,
                -0.0087387,
                -12.7999267
            ],
            "rotation": [
                0.7071068,
                0.0,
                -0.7071067,
                0.0
            ],
            "motion_type": "static"
        },
        {
            "template_name": "e33914ea43ffc53e6dec3ff5d9833b8032f80ddd_part_73",
            "translation": [
                2.5056197,
                7.152557373046875e-7,
                -12.8284387
            ],
            "rotation": [
                0.7071068,
                0.0,
                -0.7071067,
                0.0
            ],
            "motion_type": "static"
        },
        {
            "template_name": "7f01e803b4926a5dbeb5e9573009228f762cebfc",
            "translation": [
                -9.3512916,
                0.0050001,
                -3.1615574
            ],
            "rotation": [
                0.7071068,
                0.0,
                0.7071067,
                0.0
            ],
            "motion_type": "static"
        },
        {
            "template_name": "7f01e803b4926a5dbeb5e9573009228f762cebfc",
            "translation": [
                -9.3145275,
                0.0050002,
                -3.9766294
            ],
            "rotation": [
                0.7071068,
                0.0,
                0.7071067,
                0.0
            ],
            "motion_type": "static"
        },
        {
            "template_name": "7f01e803b4926a5dbeb5e9573009228f762cebfc",
            "translation": [
                -8.3029813,
                0.0050001,
                -3.1542136
            ],
            "rotation": [
                0.7071068,
                0.0,
                -0.7071067,
                0.0
            ],
            "motion_type": "static"
        },
        {
            "template_name": "7f01e803b4926a5dbeb5e9573009228f762cebfc",
            "translation": [
                -8.3140192,
                0.0050002,
                -3.9924283
            ],
            "rotation": [
                0.7071068,
                0.0,
                -0.7071067,
                0.0
            ],
            "motion_type": "static"
        },
        {
            "template_name": "d3e1c8921b0c33bad0036877bcb9572230b938dd",
            "translation": [
                -0.6224215,
                2.8000001,
                -8.3126659
            ],
            "rotation": [
                0.0,
                0.0,
                1.0,
                0.0
            ],
            "motion_type": "static"
        },
        {
            "template_name": "d97263f23707276962a32f4bebc880c741b15f42",
            "translation": [
                -8.2968196,
                5.662441253662109e-7,
                -9.5907859
            ],
            "rotation": [
                0.9982525,
                0.0,
                -0.0590921,
                0.0
            ],
            "motion_type": "static"
        },
        {
            "template_name": "f71c22e2956fcc6e97ace5d6bc9334ddcd1842c1",
            "translation": [
                3.2113094,
                4.76837158203125e-7,
                -7.9480209
            ],
            "rotation": [
                0.7071068,
                0.0,
                -0.7071067,
                0.0
            ],
            "motion_type": "static"
        },
        {
            "template_name": "a4c2f9534ee75d24aba6a915459455d03d087f96",
            "translation": [
                0.0723877,
                7.844064384698868e-7,
                -13.1583576
            ],
            "rotation": [
                0.9928268,
                0.0,
                0.1195605,
                0.0
            ],
            "motion_type": "static"
        },
        {
            "template_name": "e2470c29a511a8c9f4937a689ee1b9127974a61b",
            "translation": [
                -7.1690692,
                7.450580596923828e-7,
                -12.5184803
            ],
            "rotation": [
                0.7071068,
                0.0,
                -0.7071067,
                0.0
            ],
            "motion_type": "static"
        },
        {
            "template_name": "ba2ef48a1d1b1b88f1a0c4a68bb2c1a4725f61e8",
            "translation": [
                -2.1286575,
                8.344650268554688e-7,
                -14.08152
            ],
            "rotation": [
                0.7071068,
                0.0,
                -0.7071067,
                0.0
            ],
            "motion_type": "static"
        },
        {
            "template_name": "7b7cba36a188840932e677143e10b7afc9851d4f",
            "translation": [
                -1.7109476,
                1.4862005,
                -12.82907
            ],
            "rotation": [
                0.4999999,
                0.4999999,
                0.5,
                -0.5
            ],
            "motion_type": "static"
        },
        {
            "template_name": "9ae6f4e89c56f0255d44da4cfb3ad414eaad2559",
            "translation": [
                0.1369726,
                1.4966007,
                -15.1635341
            ],
            "rotation": [
                0.7071068,
                0.7071067,
                0.0,
                0.0
            ],
            "motion_type": "static"
        },
        {
            "template_name": "c6ffbbcdb60a0cf942ce85663aa54754cd760551",
            "translation": [
                5.3682551,
                5.960464477539063e-7,
                -9.9341945
            ],
            "rotation": [
                0.7071068,
                0.0,
                0.7071067,
                0.0
            ],
            "motion_type": "static",
            "non_uniform_scale": [
                1.0000559,
                0.9999613,
                0.9997962
            ]
        },
        {
            "template_name": "35230dedd6b3f035a602f7226fae2dcb61bf1e4a",
            "translation": [
                -7.6169276,
                6.556510925292969e-7,
                -10.6620836
            ],
            "rotation": [
                0.0,
                0.0,
                1.0,
                0.0
            ],
            "motion_type": "static"
        },
        {
            "template_name": "fbe362e4c8053cb93331a40b2741687f60795ec3",
            "translation": [
                -3.9639801,
                8.344650268554688e-7,
                -13.8713665
            ],
            "rotation": [
                0.7071068,
                0.0,
                -0.7071067,
                0.0
            ],
            "motion_type": "static"
        },
        {
            "template_name": "79b9fdabc6d1c61c041c4843ea3cdd860c9df8ba",
            "translation": [
                4.5179214,
                0.0200006,
                -12.7984619
            ],
            "rotation": [
                0.1292311,
                0.0,
                0.9916144,
                0.0
            ],
            "motion_type": "static"
        },
        {
            "template_name": "dc83bfe0e63c26e346db1cb95b3b8522fdece309",
            "translation": [
                6.2024126,
                5.960464477539063e-7,
                -10.9984292
            ],
            "motion_type": "static",
            "non_uniform_scale": [
                -1.0,
                0.9999998,
                0.9999998
            ]
        },
        {
            "template_name": "318f41ee7f190e101810903668f4d93002a02c84",
            "translation": [
                -8.7854471,
                1.4901161193847657e-7,
                -2.6573681
            ],
            "rotation": [
                -0.0251068,
                0.0,
                0.9996846,
                0.0
            ],
            "motion_type": "static"
        },
        {
            "template_name": "318f41ee7f190e101810903668f4d93002a02c84",
            "translation": [
                -8.7626218,
                2.682209014892578e-7,
                -4.430406
            ],
            "rotation": [
                0.986635,
                0.0,
                0.1629454,
                0.0
            ],
            "motion_type": "static"
        },
        {
            "template_name": "777a3ddc083879134efc24e02906f18862bde186",
            "translation": [
                -6.3787441,
                1.4250006,
                -15.1635332
            ],
            "rotation": [
                0.7071068,
                0.7071067,
                0.0,
                0.0
            ],
            "motion_type": "static",
            "non_uniform_scale": [
                0.477661,
                0.9999998,
                0.9999998
            ]
        },
        {
            "template_name": "7d3bdbe0c532cf9be2a14e840bbf2b74223d125b",
            "translation": [
                0.1419358,
                2.8000006,
                -13.5244255
            ],
            "motion_type": "static"
        },
        {
            "template_name": "475870f8089a1c7bf8186679ed82537d9fbcc587",
            "translation": [
                -3.9692773,
                4.172325134277344e-7,
                -7.0776081
            ],
            "rotation": [
                0.9965655,
                0.0,
                0.0828081,
                0.0
            ],
            "motion_type": "static"
        },
        {
            "template_name": "475870f8089a1c7bf8186679ed82537d9fbcc587",
            "translation": [
                -7.1471157,
                0.0010001,
                -2.1339089
            ],
            "rotation": [
                0.5442652,
                0.0,
                0.838913,
                0.0
            ],
            "motion_type": "static"
        },
        {
            "template_name": "f5930456a65a10086f55bf80924165a2ea5ca190",
            "translation": [
                -4.3230051,
                5.960464477539063e-7,
                -10.0358839
            ],
            "rotation": [
                0.2206974,
                0.0,
                0.9753422,
                0.0
            ],
            "motion_type": "static"
        },
        {
            "template_name": "ae5bbeab569aed333ee50e683afdbd4d96ec93a6",
            "translation": [
                -5.2595119,
                7.152557373046875e-7,
                -11.5726642
            ],
            "rotation": [
                0.7071068,
                0.0,
                -0.7071067,
                0.0
            ],
            "motion_type": "static"
        },
        {
            "template_name": "efcf1f36229805bf808017e52e0aacdb4d731a4a",
            "translation": [
                -1.9688215,
                5.066394805908203e-7,
                -8.447957
            ],
            "rotation": [
                0.7071068,
                0.0,
                0.7071067,
                0.0
            ],
            "motion_type": "static"
        },
        {
            "template_name": "efcf1f36229805bf808017e52e0aacdb4d731a4a",
            "translation": [
                0.4306184,
                5.066394805908203e-7,
                -8.4402446
            ],
            "rotation": [
                0.7071068,
                0.0,
                -0.7071067,
                0.0
            ],
            "motion_type": "static"
        },
        {
            "template_name": "7df418af0c712d5d12f74adc2285b76a1efd721a",
            "translation": [
                -2.8778851,
                2.8000004,
                -12.5355186
            ],
            "motion_type": "static"
        },
        {
            "template_name": "62b08fe4e989f15d9672478194419f44749f5b19",
            "translation": [
                -8.6500778,
                1.4510009,
                -15.091094
            ],
            "motion_type": "static"
        },
        {
            "template_name": "4d89479152cb7894c3f2bbdd54af5963019cda09",
            "translation": [
                -2.1151776,
                7.748603820800781e-7,
                -12.7909097
            ],
            "rotation": [
                0.7071068,
                0.0,
                -0.7071067,
                0.0
            ],
            "motion_type": "static"
        },
        {
            "template_name": "97e2497662dccaa2d8bb3445ea20cd9ebd8368a3",
            "translation": [
                -8.3305196,
                5.960464477539063e-7,
                -9.9046525
            ],
            "rotation": [
                0.999998,
                0.0,
                -0.0019067,
                0.0
            ],
            "motion_type": "static"
        },
        {
            "template_name": "49ac5c85bea178f60e16380f334e6b36cd113985",
            "translation": [
                5.1225552,
                1.4337004,
                -9.9332494
            ],
            "rotation": [
                0.4999999,
                0.4999999,
                0.5,
                -0.5
            ],
            "motion_type": "static"
        },
        {
            "template_name": "b10620e794a96839cce5f37974578229667b89b7",
            "translation": [
                -8.3133115,
                1.8300004,
                -10.2263345
            ],
            "rotation": [
                0.7071068,
                0.7071067,
                0.0,
                0.0
            ],
            "motion_type": "static"
        },
        {
            "template_name": "df3ba3caf8c1321195b13e23ee8642b09d1a9323",
            "translation": [
                3.3013095,
                4.172325134277344e-7,
                -6.9703216
            ],
            "rotation": [
                0.0,
                0.0,
                1.0,
                0.0
            ],
            "motion_type": "static"
        },
        {
            "template_name": "c8af8fc4308499f356185a32b60d704c9c36e686",
            "translation": [
                -8.7832632,
                0.795,
                -3.5645351
            ],
            "rotation": [
                0.8968726,
                0.0,
                0.4422886,
                0.0
            ],
            "motion_type": "static"
        },
        {
            "template_name": "d6f67d8a56bfc0e57297a4d76f4f738238ea1909",
            "translation": [
                4.3366451,
                2.8000001,
                -8.7016201
            ],
            "rotation": [
                0.0,
                0.0,
                1.0,
                0.0
            ],
            "motion_type": "static"
        },
        {
            "template_name": "d6f67d8a56bfc0e57297a4d76f4f738238ea1909",
            "translation": [
                5.1587495,
                2.8000001,
                -7.442449
            ],
            "rotation": [
                0.7071068,
                0.0,
                0.7071067,
                0.0
            ],
            "motion_type": "static"
        },
        {
            "template_name": "14b974e9ef733a0a753ea88b1633551271031a0d",
            "translation": [
                3.1634442,
                7.748603820800781e-7,
                -13.2967214
            ],
            "rotation": [
                0.7071068,
                0.0,
                0.7071067,
                0.0
            ],
            "motion_type": "static"
        },
        {
            "template_name": "5ad40619a3bb78eac62b5d40817966fce8f9814e",
            "translation": [
                -1.0309772,
                8.940696716308594e-7,
                -14.8244342
            ],
            "motion_type": "static"
        },
        {
            "template_name": "5ad40619a3bb78eac62b5d40817966fce8f9814e",
            "translation": [
                1.2797626,
                8.940696716308594e-7,
                -14.8244342
            ],
            "motion_type": "static"
        },
        {
            "template_name": "0928513ee59d54e84c3baef6fe2f6daa7c9339b3",
            "translation": [
                -8.7423171,
                1.4250006,
                -15.1635332
            ],
            "rotation": [
                0.7071068,
                0.7071067,
                0.0,
                0.0
            ],
            "motion_type": "static"
        },
        {
            "template_name": "0928513ee59d54e84c3baef6fe2f6daa7c9339b3",
            "translation": [
                -4.9640045,
                1.4250005,
                -12.7670249
            ],
            "rotation": [
                -0.5,
                -0.5,
                0.5,
                -0.4999999
            ],
            "motion_type": "static"
        },
        {
            "template_name": "cb85b8be321261f4b75661c774049a14e2daf0ce",
            "translation": [
                4.7052378,
                4.6892091631889345e-7,
                -7.8636159
            ],
            "motion_type": "static"
        },
        {
            "template_name": "77e463ed4aeea7a8b97ec0f25765706519bf335a",
            "translation": [
                -9.8946895,
                1.3980001,
                -3.5475733
            ],
            "rotation": [
                0.4999999,
                0.4999999,
                0.5,
                -0.5
            ],
            "motion_type": "static"
        },
        {
            "template_name": "3eb10a8dbf25170940689afef981f5e665375542",
            "translation": [
                1.8615455,
                1.4880001,
                -8.3353605
            ],
            "rotation": [
                -0.5,
                -0.5,
                0.5,
                -0.4999999
            ],
            "motion_type": "static"
        },
        {
            "template_name": "229c1783b2b4f58c3ac952b074fc050bec98d2d1",
            "translation": [
                5.9288206,
                2.8000004,
                -10.4916362
            ],
            "rotation": [
                0.7071068,
                0.0,
                -0.7071067,
                0.0
            ],
            "motion_type": "static"
        },
        {
            "template_name": "5086845254b801fe41676cefb9673f7fc3ba8f04",
            "translation": [
                -1.7109475,
                1.7500007,
                -13.4435186
            ],
            "rotation": [
                -0.5,
                -0.5,
                0.5,
                -0.4999999
            ],
            "motion_type": "static"
        },
        {
            "template_name": "529306eb57506f3b52134f9d866bd32d61f27628",
            "translation": [
                3.2041692,
                5.960464477539063e-7,
                -9.6480598
            ],
            "rotation": [
                0.7071068,
                0.0,
                -0.7071067,
                0.0
            ],
            "motion_type": "static"
        },
        {
            "template_name": "3754-19",
            "translation": [
                -7.1423158,
                1.25,
                -1.5815292
            ],
            "rotation": [
                0.0,
                0.0,
                1.0,
                0.0
            ],
            "motion_type": "static",
            "non_uniform_scale": [
                -1.0,
                0.9999998,
                0.9999998
            ]
        },
        {
            "template_name": "3754-19",
            "translation": [
                -8.2610063,
                1.25,
                -1.5815292
            ],
            "rotation": [
                0.0,
                0.0,
                1.0,
                0.0
            ],
            "motion_type": "static",
            "non_uniform_scale": [
                -1.0,
                0.9999998,
                0.9999998
            ]
        },
        {
            "template_name": "3754-19",
            "translation": [
                -9.3922996,
                1.25,
                -1.5815292
            ],
            "rotation": [
                0.0,
                0.0,
                1.0,
                0.0
            ],
            "motion_type": "static",
            "non_uniform_scale": [
                -1.0,
                0.9999998,
                0.9999998
            ]
        },
        {
            "template_name": "220-72",
            "translation": [
                -9.417427,
                1.5000007,
                -12.7638492
            ],
            "rotation": [
                0.7071067,
                0.0,
                0.7071067,
                0.0
            ],
            "motion_type": "static",
            "non_uniform_scale": [
                -0.9999998,
                0.9999998,
                0.9999998
            ]
        },
        {
            "template_name": "4076-2",
            "translation": [
                -9.417427,
                1.1200006,
                -11.4253339
            ],
            "rotation": [
                0.7071067,
                0.0,
                0.7071067,
                0.0
            ],
            "motion_type": "static",
            "non_uniform_scale": [
                -0.9999998,
                0.9999998,
                0.9999998
            ]
        },
        {
            "template_name": "204-2",
            "translation": [
                -2.7817876,
                1.1200008,
                -15.2385339
            ],
            "motion_type": "static"
        },
        {
            "template_name": "3754-19",
            "translation": [
                2.0524587,
                1.2500008,
                -15.2385339
            ],
            "motion_type": "static",
            "non_uniform_scale": [
                -1.0,
                0.9999998,
                0.9999998
            ]
        },
        {
            "template_name": "3754-19",
            "translation": [
                2.7995941,
                1.2500008,
                -14.4976139
            ],
            "rotation": [
                0.7071068,
                0.0,
                -0.7071067,
                0.0
            ],
            "motion_type": "static",
            "non_uniform_scale": [
                -0.9999998,
                0.9999998,
                0.9999998
            ]
        },
        {
            "template_name": "3754-19",
            "translation": [
                5.6040763,
                1.2500007,
                -13.8232603
            ],
            "motion_type": "static",
            "non_uniform_scale": [
                -1.0,
                0.9999998,
                0.9999998
            ]
        },
        {
            "template_name": "3754-19",
            "translation": [
                4.0788998,
                1.2500007,
                -13.8232603
            ],
            "motion_type": "static",
            "non_uniform_scale": [
                -1.0,
                0.9999998,
                0.9999998
            ]
        },
        {
            "template_name": "3754-19",
            "translation": [
                -6.5288405,
                1.2500002,
                -5.5871624
            ],
            "rotation": [
                0.7071068,
                0.0,
                -0.7071067,
                0.0
            ],
            "motion_type": "static",
            "non_uniform_scale": [
                -0.9999998,
                0.9999998,
                0.9999998
            ]
        },
        {
            "template_name": "3754-19",
            "translation": [
                -6.5288405,
                1.2500001,
                -3.3497817
            ],
            "rotation": [
                0.7071068,
                0.0,
                -0.7071067,
                0.0
            ],
            "motion_type": "static",
            "non_uniform_scale": [
                -0.9999998,
                0.9999998,
                0.9999998
            ]
        },
        {
            "template_name": "3754-19",
            "translation": [
                -6.5288405,
                1.25,
                -2.2310917
            ],
            "rotation": [
                0.7071068,
                0.0,
                -0.7071067,
                0.0
            ],
            "motion_type": "static",
            "non_uniform_scale": [
                -0.9999998,
                0.9999998,
                0.9999998
            ]
        },
        {
            "template_name": "3754-19",
            "translation": [
                -6.5288405,
                1.2500002,
                -4.468472
            ],
            "rotation": [
                0.7071068,
                0.0,
                -0.7071067,
                0.0
            ],
            "motion_type": "static",
            "non_uniform_scale": [
                -0.9999998,
                0.9999998,
                0.9999998
            ]
        },
        {
            "template_name": "3754-19",
            "translation": [
                -5.6951475,
                1.2500003,
                -6.2642607
            ],
            "motion_type": "static",
            "non_uniform_scale": [
                -1.0,
                0.9999998,
                0.9999998
            ]
        },
        {
            "template_name": "3754-19",
            "translation": [
                -4.6239423,
                1.2500003,
                -6.2642607
            ],
            "motion_type": "static",
            "non_uniform_scale": [
                -1.0,
                0.9999998,
                0.9999998
            ]
        },
        {
            "template_name": "3754-19",
            "translation": [
                -2.7493658,
                1.2500003,
                -6.2642607
            ],
            "motion_type": "static",
            "non_uniform_scale": [
                -1.0,
                0.9999998,
                0.9999998
            ]
        },
        {
            "template_name": "3754-19",
            "translation": [
                -1.6848057,
                1.2500003,
                -6.2642607
            ],
            "motion_type": "static",
            "non_uniform_scale": [
                -1.0,
                0.9999998,
                0.9999998
            ]
        },
        {
            "template_name": "3754-19",
            "translation": [
                0.0150135,
                1.2500003,
                -6.2642607
            ],
            "motion_type": "static",
            "non_uniform_scale": [
                -1.0,
                0.9999998,
                0.9999998
            ]
        },
        {
            "template_name": "3754-19",
            "translation": [
                1.0976176,
                1.2500003,
                -6.2642607
            ],
            "motion_type": "static",
            "non_uniform_scale": [
                -1.0,
                0.9999998,
                0.9999998
            ]
        },
        {
            "template_name": "3754-20",
            "translation": [
                2.5685307,
                1.4050002,
                -6.2642607
            ],
            "motion_type": "static",
            "non_uniform_scale": [
                -1.0,
                0.9999998,
                0.9999998
            ]
        },
        {
            "template_name": "3754-19",
            "translation": [
                5.8558049,
                1.2500003,
                -6.2642607
            ],
            "rotation": [
                0.0,
                0.0,
                1.0,
                0.0
            ],
            "motion_type": "static",
            "non_uniform_scale": [
                -1.0,
                0.9999998,
                0.9999998
            ]
        },
        {
            "template_name": "3754-19",
            "translation": [
                4.5971641,
                1.2500003,
                -6.2642607
            ],
            "rotation": [
                0.0,
                0.0,
                1.0,
                0.0
            ],
            "motion_type": "static",
            "non_uniform_scale": [
                -1.0,
                0.9999998,
                0.9999998
            ]
        }
    ],
    "articulated_object_instances": [],
    "stage_instance": {
        "template_name": "stages/107734479_176000442",
        "motion_type": "static"
    },
    "pbr_shader_region_configs": {},
    "user_defined": {
        "scene_filter_file": "scene_filter_files/107734479_176000442.rec_filter.json"
    }
}