{
    "translation_origin": "asset_local",
    "default_lighting": "",
    "navmesh_instance": "",
    "semantic_scene_instance": "hssd_ssd_map",
    "default_pbr_shader_config": "./data/default.pbr_config.json",
    "object_instances": [
        {
            "template_name": "1a35068dca3164421dac89d8004578e33275e716",
            "translation": [
                -22.1712665,
                -0.0000019,
                35.187458
            ],
            "rotation": [
                0.7053866,
                0.0,
                0.7088226,
                0.0
            ],
            "motion_type": "static",
            "non_uniform_scale": [
                -1.4551744,
                0.9999998,
                1.1221044
            ]
        },
        {
            "template_name": "60e5ba61ecf4d85bd5bcb59525a43bfeb12fc2cf",
            "translation": [
                -31.1985836,
                -0.0000019,
                32.8653297
            ],
            "motion_type": "static",
            "non_uniform_scale": [
                0.7326923,
                0.9999998,
                0.8851283
            ]
        },
        {
            "template_name": "3c69f2f448fd917843cc2ef9082e80000907ee25",
            "translation": [
                -17.5607662,
                -0.0000019,
                31.9469261
            ],
            "rotation": [
                0.0,
                0.0,
                1.0,
                0.0
            ],
            "motion_type": "static"
        },
        {
            "template_name": "3877433ce99a304bace86ea7178b97c84000d960",
            "translation": [
                -19.6574096,
                -0.0000014,
                26.0104179
            ],
            "rotation": [
                0.7071068,
                0.0,
                -0.7071067,
                0.0
            ],
            "motion_type": "static"
        },
        {
            "template_name": "b1a388d0e7cfefee509ad5b8a34aa63aa610c50e",
            "translation": [
                -19.3809032,
                1.7517981,
                28.5726451
            ],
            "rotation": [
                0.0,
                0.0,
                0.7071068,
                -0.7071067
            ],
            "motion_type": "static"
        },
        {
            "template_name": "60e8b55e3caf20f3818e2c02e9470dd9a1fd85c8",
            "translation": [
                -23.6206321,
                1.7499982,
                27.1451721
            ],
            "rotation": [
                0.0,
                0.0,
                0.7071068,
                -0.7071067
            ],
            "motion_type": "static"
        },
        {
            "template_name": "be3f2eea019eb0db989072f9172c048ee8c10734",
            "translation": [
                -23.3210563,
                1.4176955,
                37.7389144
            ],
            "rotation": [
                0.0,
                0.0,
                0.7071068,
                -0.7071067
            ],
            "motion_type": "static",
            "non_uniform_scale": [
                1.0,
                0.9999998,
                1.5869705
            ]
        },
        {
            "template_name": "bb0d3899cc2471f0fa5b1dfc98621e26b15d1fba",
            "translation": [
                -31.3014335,
                1.6576926,
                32.5030632
            ],
            "rotation": [
                0.7071068,
                0.7071067,
                0.0,
                0.0
            ],
            "motion_type": "static",
            "non_uniform_scale": [
                1.0,
                0.9999998,
                1.4167498
            ]
        },
        {
            "template_name": "64d34b36f641bf4ed01b314b058ad997725cc4d0",
            "translation": [
                -31.8354835,
                -0.0000019,
                32.0152091
            ],
            "rotation": [
                -0.3990257,
                0.0,
                0.9169396,
                0.0
            ],
            "motion_type": "static"
        },
        {
            "template_name": "e1c992699e34e1937ce467d239964118effd93be",
            "translation": [
                -30.78343,
                -0.0000017,
                29.765438
            ],
            "rotation": [
                0.0,
                0.0,
                1.0,
                0.0
            ],
            "motion_type": "static",
            "non_uniform_scale": [
                1.1162135,
                0.9999998,
                0.9999998
            ]
        },
        {
            "template_name": "886e24e1b1ded8241a9fea2f84b39405820da882",
            "translation": [
                -32.1554107,
                -0.0000019,
                35.1127624
            ],
            "rotation": [
                0.7071068,
                0.0,
                0.7071067,
                0.0
            ],
            "motion_type": "static"
        },
        {
            "template_name": "fbdd36ee1ac69cf70143314fa7276e0dd9235730",
            "translation": [
                -28.7838211,
                0.8539605,
                25.108879
            ],
            "rotation": [
                0.7119771,
                0.0,
                0.7022026,
                0.0
            ],
            "motion_type": "static"
        },
        {
            "template_name": "a9e9ef0acdd9dfa01bc2500ce32d1895069c41ce",
            "translation": [
                -20.3113517,
                -0.0000022,
                37.092266
            ],
            "rotation": [
                0.0,
                0.0,
                1.0,
                0.0
            ],
            "motion_type": "static"
        },
        {
            "template_name": "a9e9ef0acdd9dfa01bc2500ce32d1895069c41ce",
            "translation": [
                -21.3834056,
                -0.0000022,
                37.1142387
            ],
            "rotation": [
                0.0,
                0.0,
                1.0,
                0.0
            ],
            "motion_type": "static"
        },
        {
            "template_name": "f17320c869ef6f1af609b1ef0313a47de89b8bd6",
            "translation": [
                -18.3309993,
                0.0100483,
                26.4488945
            ],
            "rotation": [
                0.0,
                0.7071068,
                0.0,
                0.7071067
            ],
            "motion_type": "static",
            "non_uniform_scale": [
                -0.9237589,
                0.9999998,
                1.1121804
            ]
        },
        {
            "template_name": "997cff30d7278e734d17f9b5fe8033782dbcaa76",
            "translation": [
                -19.4999332,
                -0.0000017,
                30.5337047
            ],
            "motion_type": "static",
            "non_uniform_scale": [
                1.1923111,
                0.9999998,
                0.9999998
            ]
        },
        {
            "template_name": "997cff30d7278e734d17f9b5fe8033782dbcaa76",
            "translation": [
                -17.8286685,
                -0.0000017,
                30.5337047
            ],
            "motion_type": "static",
            "non_uniform_scale": [
                1.1028946,
                0.9999998,
                0.9999998
            ]
        },
        {
            "template_name": "997cff30d7278e734d17f9b5fe8033782dbcaa76",
            "translation": [
                -16.990467,
                -0.0000017,
                30.5337047
            ],
            "motion_type": "static",
            "non_uniform_scale": [
                1.1028946,
                0.9999998,
                0.9999998
            ]
        },
        {
            "template_name": "19c7d98ce8c620cd916b4fe978c565b065edcea1",
            "translation": [
                -26.0025653,
                2.7999978,
                34.0761871
            ],
            "rotation": [
                0.0,
                0.0,
                1.0,
                0.0
            ],
            "motion_type": "static"
        },
        {
            "template_name": "40a1c0dfa7e40b762624476a23a9808b7c12f02a",
            "translation": [
                -23.9157543,
                -0.0000014,
                25.7166156
            ],
            "rotation": [
                0.7071068,
                0.0,
                0.7071067,
                0.0
            ],
            "motion_type": "static"
        },
        {
            "template_name": "1e0ece19554ca4590786059ecf15e49c5e5cf5f5",
            "translation": [
                -17.5894622,
                1.523998,
                30.589796
            ],
            "rotation": [
                0.0,
                0.0,
                1.0,
                0.0
            ],
            "motion_type": "static"
        },
        {
            "template_name": "1e0ece19554ca4590786059ecf15e49c5e5cf5f5",
            "translation": [
                -26.7954368,
                1.5239977,
                31.7550716
            ],
            "rotation": [
                0.0,
                0.0,
                1.0,
                0.0
            ],
            "motion_type": "static"
        },
        {
            "template_name": "1e0ece19554ca4590786059ecf15e49c5e5cf5f5",
            "translation": [
                -27.2144165,
                -0.0000019,
                31.886919
            ],
            "motion_type": "static",
            "non_uniform_scale": [
                0.4685367,
                0.9999998,
                0.9999998
            ]
        },
        {
            "template_name": "1e0ece19554ca4590786059ecf15e49c5e5cf5f5",
            "translation": [
                -17.6019382,
                -0.0000013,
                24.5826511
            ],
            "rotation": [
                0.0,
                0.0,
                1.0,
                0.0
            ],
            "motion_type": "static",
            "non_uniform_scale": [
                0.9340298,
                0.9999998,
                0.7864478
            ]
        },
        {
            "template_name": "1e0ece19554ca4590786059ecf15e49c5e5cf5f5",
            "translation": [
                -25.875782,
                -0.0000016,
                26.9006042
            ],
            "rotation": [
                0.0,
                0.0,
                1.0,
                0.0
            ],
            "motion_type": "static",
            "non_uniform_scale": [
                0.9340298,
                0.9999998,
                0.7864478
            ]
        },
        {
            "template_name": "1e0ece19554ca4590786059ecf15e49c5e5cf5f5",
            "translation": [
                -31.1784725,
                -0.0000016,
                26.871231
            ],
            "rotation": [
                0.0,
                0.0,
                1.0,
                0.0
            ],
            "motion_type": "static",
            "non_uniform_scale": [
                0.9340298,
                0.9999998,
                0.7864478
            ]
        },
        {
            "template_name": "1e0ece19554ca4590786059ecf15e49c5e5cf5f5",
            "translation": [
                -26.1342315,
                -0.0000017,
                29.3504886
            ],
            "rotation": [
                0.0,
                0.0,
                1.0,
                0.0
            ],
            "motion_type": "static",
            "non_uniform_scale": [
                0.9340298,
                0.9999998,
                0.7864478
            ]
        },
        {
            "template_name": "1e0ece19554ca4590786059ecf15e49c5e5cf5f5",
            "translation": [
                -25.4548835,
                -0.0000017,
                30.6526241
            ],
            "rotation": [
                0.7071068,
                0.0,
                0.7071067,
                0.0
            ],
            "motion_type": "static",
            "non_uniform_scale": [
                0.9340295,
                0.9999998,
                0.7864478
            ]
        },
        {
            "template_name": "1e0ece19554ca4590786059ecf15e49c5e5cf5f5",
            "translation": [
                -25.7946109,
                -0.0000017,
                28.6549472
            ],
            "rotation": [
                0.0,
                0.0,
                1.0,
                0.0
            ],
            "motion_type": "static",
            "non_uniform_scale": [
                0.5630536,
                0.9999998,
                0.7864478
            ]
        },
        {
            "template_name": "9449ef7831c43bc0db23aac79ea442aa71d0db11",
            "translation": [
                -25.7283248,
                -0.0000019,
                32.2491569
            ],
            "rotation": [
                0.999993,
                0.0,
                0.0037247,
                0.0
            ],
            "motion_type": "static"
        },
        {
            "template_name": "37900f115f8b270f59566b4dc0dd560a75df554d",
            "translation": [
                -32.9514884,
                0.9999985,
                23.3076877
            ],
            "rotation": [
                0.7071068,
                0.7071067,
                0.0,
                0.0
            ],
            "motion_type": "static",
            "non_uniform_scale": [
                0.7464991,
                0.5989403,
                0.9999998
            ]
        },
        {
            "template_name": "422131b21a90337c082f68bdcfe76a73e8804c85",
            "translation": [
                -24.7333908,
                0.7399981,
                31.007555
            ],
            "rotation": [
                0.7071068,
                0.0,
                0.7071067,
                0.0
            ],
            "motion_type": "static"
        },
        {
            "template_name": "66397171048b94a0c0a612d8ba2aaeb5d8c6bd97",
            "translation": [
                -19.7341728,
                -0.0000014,
                26.0703105
            ],
            "rotation": [
                0.702645,
                0.0,
                0.7115405,
                0.0
            ],
            "motion_type": "static",
            "non_uniform_scale": [
                0.9365487,
                0.9999998,
                0.8312726
            ]
        },
        {
            "template_name": "61ffc73eacfc004411de4ae353a12f5231b4830f",
            "translation": [
                -18.6965065,
                1.3155847,
                35.053337
            ],
            "rotation": [
                -0.5,
                -0.5,
                0.5,
                -0.4999999
            ],
            "motion_type": "static",
            "non_uniform_scale": [
                1.7077744,
                0.9999998,
                1.3761824
            ]
        },
        {
            "template_name": "61ffc73eacfc004411de4ae353a12f5231b4830f",
            "translation": [
                -27.9761867,
                1.3155847,
                35.3131942
            ],
            "rotation": [
                -0.5,
                -0.5,
                0.5,
                -0.4999999
            ],
            "motion_type": "static",
            "non_uniform_scale": [
                1.7077744,
                0.9999998,
                1.3761824
            ]
        },
        {
            "template_name": "61ffc73eacfc004411de4ae353a12f5231b4830f",
            "translation": [
                -19.9633693,
                1.2645787,
                26.0703239
            ],
            "rotation": [
                0.4999999,
                0.4999999,
                0.5,
                -0.5
            ],
            "motion_type": "static",
            "non_uniform_scale": [
                0.9944415,
                0.9999998,
                1.2261185
            ]
        },
        {
            "template_name": "924c97c4257c0bc594577391d0c32aa36adfff2f",
            "translation": [
                -24.8035163,
                0.7399981,
                29.7876663
            ],
            "rotation": [
                0.7071068,
                0.0,
                0.7071067,
                0.0
            ],
            "motion_type": "static"
        },
        {
            "template_name": "9a8ae3d04c11b451d815d3794987d12c31632ce8",
            "translation": [
                -28.4299373,
                -0.0000021,
                37.7799301
            ],
            "motion_type": "static",
            "non_uniform_scale": [
                0.5001193,
                0.6825407,
                0.9999998
            ]
        },
        {
            "template_name": "9a8ae3d04c11b451d815d3794987d12c31632ce8",
            "translation": [
                -32.1573181,
                -0.0000021,
                37.7641067
            ],
            "motion_type": "static",
            "non_uniform_scale": [
                1.5154522,
                0.6841332,
                0.9999998
            ]
        },
        {
            "template_name": "9a8ae3d04c11b451d815d3794987d12c31632ce8",
            "translation": [
                -19.6093254,
                -0.0000021,
                37.8167572
            ],
            "motion_type": "static",
            "non_uniform_scale": [
                1.0607985,
                0.6841332,
                0.9999998
            ]
        },
        {
            "template_name": "9a8ae3d04c11b451d815d3794987d12c31632ce8",
            "translation": [
                -16.5789089,
                -0.0000015,
                25.3411026
            ],
            "rotation": [
                0.7071068,
                0.0,
                0.7071067,
                0.0
            ],
            "motion_type": "static",
            "non_uniform_scale": [
                1.2124707,
                0.6841332,
                0.9999998
            ]
        },
        {
            "template_name": "9a8ae3d04c11b451d815d3794987d12c31632ce8",
            "translation": [
                -25.998743,
                -0.0000014,
                23.3771553
            ],
            "motion_type": "static",
            "non_uniform_scale": [
                1.2124711,
                0.6841332,
                0.9999998
            ]
        },
        {
            "template_name": "9a8ae3d04c11b451d815d3794987d12c31632ce8",
            "translation": [
                -23.4052391,
                -0.0000021,
                37.8167572
            ],
            "motion_type": "static",
            "non_uniform_scale": [
                1.2124711,
                0.6841332,
                0.9999998
            ]
        },
        {
            "template_name": "9a8ae3d04c11b451d815d3794987d12c31632ce8",
            "translation": [
                -33.3522109,
                -0.000002,
                33.5300788
            ],
            "rotation": [
                0.7071068,
                0.0,
                0.7071067,
                0.0
            ],
            "motion_type": "static",
            "non_uniform_scale": [
                1.2124707,
                0.6841332,
                0.9999998
            ]
        },
        {
            "template_name": "9a8ae3d04c11b451d815d3794987d12c31632ce8",
            "translation": [
                -33.3561706,
                -0.0000021,
                36.7383384
            ],
            "rotation": [
                0.7071068,
                0.0,
                0.7071067,
                0.0
            ],
            "motion_type": "static",
            "non_uniform_scale": [
                1.2124707,
                0.6841332,
                0.9999998
            ]
        },
        {
            "template_name": "9a8ae3d04c11b451d815d3794987d12c31632ce8",
            "translation": [
                -30.183855,
                -0.0000014,
                23.3446865
            ],
            "motion_type": "static",
            "non_uniform_scale": [
                1.2124711,
                0.6841332,
                0.9999998
            ]
        },
        {
            "template_name": "9a8ae3d04c11b451d815d3794987d12c31632ce8",
            "translation": [
                -33.3640098,
                -0.0000015,
                25.4769496
            ],
            "rotation": [
                0.7071068,
                0.0,
                0.7071067,
                0.0
            ],
            "motion_type": "static",
            "non_uniform_scale": [
                1.2124707,
                0.6841332,
                0.9999998
            ]
        },
        {
            "template_name": "a21c50790cb175560daecd7e9bdecbb84214d0f2",
            "translation": [
                -27.9272441,
                -0.0000014,
                23.6760768
            ],
            "rotation": [
                0.918043,
                0.0,
                -0.3964802,
                0.0
            ],
            "motion_type": "static"
        },
        {
            "template_name": "d160e323f1d5a92394de74865aef8938f986d344",
            "translation": [
                -29.3845653,
                0.7399984,
                25.165575
            ],
            "rotation": [
                0.7071068,
                0.0,
                0.7071067,
                0.0
            ],
            "motion_type": "static"
        },
        {
            "template_name": "d71c1dcf721ac9b424b25ff44ab21ed0fd9d5c35",
            "translation": [
                -18.6965065,
                1.3970496,
                37.0909996
            ],
            "rotation": [
                -0.5,
                -0.5,
                0.5,
                -0.4999999
            ],
            "motion_type": "static",
            "non_uniform_scale": [
                1.0543568,
                1.6325559,
                1.3970503
            ]
        },
        {
            "template_name": "3870b715097f3a3f99e2c3a9f69a9f9df91877dc",
            "translation": [
                -33.0459289,
                0.4499977,
                36.9869842
            ],
            "rotation": [
                0.7071068,
                0.0,
                -0.7071067,
                0.0
            ],
            "motion_type": "static"
        },
        {
            "template_name": "3870b715097f3a3f99e2c3a9f69a9f9df91877dc",
            "translation": [
                -33.0734481,
                0.4499979,
                33.3493995
            ],
            "rotation": [
                0.7071068,
                0.0,
                -0.7071067,
                0.0
            ],
            "motion_type": "static"
        },
        {
            "template_name": "56ee02f482046e3820d71ceebd591ed6480eeb13",
            "translation": [
                -22.9771823,
                2.7999978,
                30.1914997
            ],
            "rotation": [
                0.7071068,
                0.0,
                0.7071067,
                0.0
            ],
            "motion_type": "static"
        },
        {
            "template_name": "700d405f12aa24e6f8298cba0ba68ca56cb146bd",
            "translation": [
                -19.568037,
                -0.0000016,
                28.1396961
            ],
            "rotation": [
                0.4188793,
                0.0,
                0.9080417,
                0.0
            ],
            "motion_type": "static",
            "non_uniform_scale": [
                0.7818108,
                0.9999998,
                0.8207327
            ]
        },
        {
            "template_name": "a5d07135990748c420de602e6dbf489b30face08",
            "translation": [
                -23.659275,
                0.7499984,
                26.1633548
            ],
            "rotation": [
                0.9662749,
                0.0,
                -0.2575125,
                0.0
            ],
            "motion_type": "static"
        },
        {
            "template_name": "b2a3170effd0ed0a47d335793daaf91d0599c295",
            "translation": [
                -33.0534591,
                -0.0000016,
                26.9973564
            ],
            "rotation": [
                0.7071068,
                0.0,
                0.7071067,
                0.0
            ],
            "motion_type": "static"
        },
        {
            "template_name": "b2a3170effd0ed0a47d335793daaf91d0599c295",
            "translation": [
                -29.6663284,
                -0.0000017,
                29.3014411
            ],
            "rotation": [
                0.7071068,
                0.0,
                0.7071067,
                0.0
            ],
            "motion_type": "static"
        },
        {
            "template_name": "b2a3170effd0ed0a47d335793daaf91d0599c295",
            "translation": [
                -16.8946609,
                -0.000002,
                36.3166313
            ],
            "motion_type": "static"
        },
        {
            "template_name": "b2a3170effd0ed0a47d335793daaf91d0599c295",
            "translation": [
                -16.8725013,
                -0.0000017,
                29.7395858
            ],
            "rotation": [
                0.7071068,
                0.0,
                -0.7071067,
                0.0
            ],
            "motion_type": "static"
        },
        {
            "template_name": "b117ef7f67b26099b97b30a01f78b297990b569b",
            "translation": [
                -25.0211048,
                1.6963179,
                30.4685039
            ],
            "rotation": [
                0.4999999,
                0.4999999,
                0.5,
                -0.5
            ],
            "motion_type": "static",
            "non_uniform_scale": [
                1.2479244,
                0.9999998,
                0.9999998
            ]
        },
        {
            "template_name": "b9bf8389a25eecf33dccdcc60589943e94798e51",
            "translation": [
                -27.2608871,
                -0.0000021,
                35.1629638
            ],
            "rotation": [
                0.7068734,
                0.0,
                0.7073398,
                0.0
            ],
            "motion_type": "static",
            "non_uniform_scale": [
                1.9350737,
                1.1629829,
                1.8450758
            ]
        },
        {
            "template_name": "c5eac1bf1396fb363596d90f7f871f6386054930",
            "translation": [
                -17.5864276,
                1.2705852,
                30.6231594
            ],
            "motion_type": "static",
            "non_uniform_scale": [
                0.721122,
                0.9999998,
                0.9999998
            ]
        },
        {
            "template_name": "c5eac1bf1396fb363596d90f7f871f6386054930",
            "translation": [
                -17.4232807,
                1.2700996,
                30.7358036
            ],
            "motion_type": "static",
            "non_uniform_scale": [
                0.721122,
                0.9999998,
                0.9999998
            ]
        },
        {
            "template_name": "9b373e8e1489e66e543dda1386855ff7c8eed50f",
            "translation": [
                -25.2517356,
                1.5542526,
                25.9359474
            ],
            "rotation": [
                -0.5,
                -0.5,
                0.5,
                -0.4999999
            ],
            "motion_type": "static"
        },
        {
            "template_name": "3408d21f1207ad4d09bf518fdcbabe2b333d6b1e",
            "translation": [
                -28.4579181,
                -0.0000022,
                37.3153762
            ],
            "rotation": [
                0.0,
                0.0,
                1.0,
                0.0
            ],
            "motion_type": "static"
        },
        {
            "template_name": "9fe427f0199ef6414c5e8fe65da17bdc7f058795",
            "translation": [
                -28.5408191,
                -0.0000014,
                25.0657081
            ],
            "rotation": [
                0.7071068,
                0.0,
                0.7071067,
                0.0
            ],
            "motion_type": "static",
            "non_uniform_scale": [
                1.4517184,
                0.9999998,
                0.9999998
            ]
        },
        {
            "template_name": "9fe427f0199ef6414c5e8fe65da17bdc7f058795",
            "translation": [
                -29.3717079,
                -0.0000014,
                25.0527973
            ],
            "rotation": [
                0.7071068,
                0.0,
                -0.7071067,
                0.0
            ],
            "motion_type": "static",
            "non_uniform_scale": [
                1.4517184,
                0.9999998,
                0.9999998
            ]
        },
        {
            "template_name": "c85cb6fb02346b5901b6e6518b4a203c8de68f52",
            "translation": [
                -31.5444488,
                -0.0000013,
                24.9052791
            ],
            "rotation": [
                0.7071068,
                0.0,
                -0.7071067,
                0.0
            ],
            "motion_type": "static",
            "non_uniform_scale": [
                1.1622631,
                0.9999998,
                1.2572623
            ]
        },
        {
            "template_name": "1e6eaf8185dd06218df3d494ed548b002d580565",
            "translation": [
                -26.6588134,
                -0.0000013,
                24.8771457
            ],
            "rotation": [
                0.7071068,
                0.0,
                0.7071067,
                0.0
            ],
            "motion_type": "static"
        },
        {
            "template_name": "ffbb962e00cbc022ed178472b4fce9f85fadf482",
            "translation": [
                -20.9542484,
                0.0200478,
                35.1474304
            ],
            "rotation": [
                0.0,
                1.0,
                0.0,
                0.0
            ],
            "motion_type": "static",
            "non_uniform_scale": [
                1.0369999,
                0.9999998,
                1.1103502
            ]
        },
        {
            "template_name": "4b1a778f830f1b3e3f79616c04deb57172052d3c",
            "translation": [
                -22.5768165,
                -0.0000016,
                29.3200511
            ],
            "rotation": [
                0.8648427,
                0.0,
                -0.5020425,
                0.0
            ],
            "motion_type": "static"
        },
        {
            "template_name": "4b1a778f830f1b3e3f79616c04deb57172052d3c",
            "translation": [
                -22.6642265,
                -0.0000017,
                31.0796337
            ],
            "rotation": [
                -0.5195373,
                0.0,
                0.8544477,
                0.0
            ],
            "motion_type": "static"
        },
        {
            "template_name": "5640392849f4d7bcac6231f0c802cff36cd6f072",
            "translation": [
                -28.1609287,
                -0.0000014,
                25.1176185
            ],
            "rotation": [
                0.7071068,
                0.0,
                -0.7071067,
                0.0
            ],
            "motion_type": "static"
        },
        {
            "template_name": "632c81dd336ad689bf00f79ff84a7d806ea71d59",
            "translation": [
                -18.4108963,
                -0.000002,
                35.4505424
            ],
            "rotation": [
                0.7071068,
                0.0,
                0.7071067,
                0.0
            ],
            "motion_type": "static"
        },
        {
            "template_name": "632c81dd336ad689bf00f79ff84a7d806ea71d59",
            "translation": [
                -18.4108963,
                -0.0000019,
                34.6499824
            ],
            "rotation": [
                0.7071068,
                0.0,
                0.7071067,
                0.0
            ],
            "motion_type": "static"
        },
        {
            "template_name": "632c81dd336ad689bf00f79ff84a7d806ea71d59",
            "translation": [
                -18.4108963,
                -0.0000019,
                33.8494224
            ],
            "rotation": [
                0.7071068,
                0.0,
                0.7071067,
                0.0
            ],
            "motion_type": "static"
        },
        {
            "template_name": "2942f66a4ae085fe36956591d319111ddad70ca7",
            "translation": [
                -29.4014739,
                0.7399985,
                24.5459747
            ],
            "rotation": [
                0.0,
                0.0,
                1.0,
                0.0
            ],
            "motion_type": "static"
        },
        {
            "template_name": "474872c00f003e8a3d751e7a0f43eb1b3bfe65ac",
            "translation": [
                -25.8549728,
                -0.0000014,
                24.9226303
            ],
            "rotation": [
                0.7071068,
                0.0,
                -0.7071067,
                0.0
            ],
            "motion_type": "static"
        },
        {
            "template_name": "474872c00f003e8a3d751e7a0f43eb1b3bfe65ac",
            "translation": [
                -17.55941,
                -3.8743019104003908e-7,
                26.3969078
            ],
            "rotation": [
                0.7071068,
                0.0,
                -0.7071067,
                0.0
            ],
            "motion_type": "static"
        },
        {
            "template_name": "08901e442a1995c0b952536f6ab4e2b78d12fc27",
            "translation": [
                -33.1088027,
                -0.0000019,
                33.3123893
            ],
            "rotation": [
                0.7071068,
                0.0,
                0.7071067,
                0.0
            ],
            "motion_type": "static",
            "non_uniform_scale": [
                1.330849,
                0.9999998,
                0.9999998
            ]
        },
        {
            "template_name": "08901e442a1995c0b952536f6ab4e2b78d12fc27",
            "translation": [
                -33.0812797,
                -0.0000022,
                36.9394111
            ],
            "rotation": [
                0.7071068,
                0.0,
                0.7071067,
                0.0
            ],
            "motion_type": "static",
            "non_uniform_scale": [
                1.330849,
                0.9999998,
                0.9999998
            ]
        },
        {
            "template_name": "1d15c6172a86bc8729d2523ec7fed0fa0c991fb3",
            "translation": [
                -25.10923,
                0.4331172,
                26.0706863
            ],
            "rotation": [
                0.7071068,
                0.0,
                -0.7071067,
                0.0
            ],
            "motion_type": "static"
        },
        {
            "template_name": "1d15c6172a86bc8729d2523ec7fed0fa0c991fb3",
            "translation": [
                -25.1713104,
                0.4331173,
                23.7578544
            ],
            "rotation": [
                0.7071068,
                0.0,
                -0.7071067,
                0.0
            ],
            "motion_type": "static"
        },
        {
            "template_name": "1d15c6172a86bc8729d2523ec7fed0fa0c991fb3",
            "translation": [
                -33.1251068,
                0.4331172,
                26.0857906
            ],
            "rotation": [
                0.7071068,
                0.0,
                0.7071067,
                0.0
            ],
            "motion_type": "static"
        },
        {
            "template_name": "3fb7f86d744070982a2b1250941d215c81fab5a4_part_17",
            "translation": [
                -27.709032,
                1.2499979,
                29.6499786
            ],
            "rotation": [
                0.4999999,
                0.4999999,
                0.5,
                -0.5
            ],
            "motion_type": "static",
            "non_uniform_scale": [
                1.0053316,
                0.9999997,
                0.9999998
            ]
        },
        {
            "template_name": "ee5a8f45c98c8c41ffd0f0c356ffad015b4787e8",
            "translation": [
                -29.5515995,
                -0.0000016,
                30.1405277
            ],
            "rotation": [
                0.0,
                0.0,
                1.0,
                0.0
            ],
            "motion_type": "static",
            "non_uniform_scale": [
                0.2502323,
                0.5036724,
                2.2480041
            ]
        },
        {
            "template_name": "ee5a8f45c98c8c41ffd0f0c356ffad015b4787e8",
            "translation": [
                -31.5454292,
                -0.0000019,
                31.7700347
            ],
            "rotation": [
                0.7071068,
                0.0,
                -0.7071067,
                0.0
            ],
            "motion_type": "static",
            "non_uniform_scale": [
                0.2350527,
                0.5036724,
                0.9999998
            ]
        },
        {
            "template_name": "ee5a8f45c98c8c41ffd0f0c356ffad015b4787e8",
            "translation": [
                -31.47929,
                -0.0000016,
                30.0092582
            ],
            "rotation": [
                0.7071068,
                0.0,
                -0.7071067,
                0.0
            ],
            "motion_type": "static",
            "non_uniform_scale": [
                0.2064584,
                0.5036724,
                0.9999998
            ]
        },
        {
            "template_name": "ee5a8f45c98c8c41ffd0f0c356ffad015b4787e8",
            "translation": [
                -31.4097194,
                -0.0000016,
                30.9633102
            ],
            "rotation": [
                0.8137316,
                0.0,
                0.5812407,
                0.0
            ],
            "motion_type": "static",
            "non_uniform_scale": [
                0.1794517,
                0.5036724,
                0.9999998
            ]
        },
        {
            "template_name": "ee5a8f45c98c8c41ffd0f0c356ffad015b4787e8",
            "translation": [
                -32.5581855,
                -0.0000015,
                28.5361328
            ],
            "motion_type": "static",
            "non_uniform_scale": [
                0.4233802,
                0.5036724,
                0.9999998
            ]
        },
        {
            "template_name": "ee5a8f45c98c8c41ffd0f0c356ffad015b4787e8",
            "translation": [
                -31.4997482,
                -0.0000015,
                28.9762496
            ],
            "rotation": [
                0.7985656,
                0.0,
                0.6019076,
                0.0
            ],
            "motion_type": "static",
            "non_uniform_scale": [
                0.2244586,
                0.5036724,
                0.9999998
            ]
        },
        {
            "template_name": "ee5a8f45c98c8c41ffd0f0c356ffad015b4787e8",
            "translation": [
                -17.3996677,
                -0.0000016,
                29.7337036
            ],
            "rotation": [
                0.7071068,
                0.0,
                0.7071067,
                0.0
            ],
            "motion_type": "static",
            "non_uniform_scale": [
                0.2468264,
                0.5036724,
                0.9999998
            ]
        },
        {
            "template_name": "ee5a8f45c98c8c41ffd0f0c356ffad015b4787e8",
            "translation": [
                -18.9451313,
                -0.0000016,
                29.7337036
            ],
            "rotation": [
                0.7071068,
                0.0,
                0.7071067,
                0.0
            ],
            "motion_type": "static",
            "non_uniform_scale": [
                0.2468264,
                0.5036724,
                0.9999998
            ]
        },
        {
            "template_name": "c54e11bdecf809c38c699a781a745036e4c5b8f6",
            "translation": [
                -26.1383819,
                1.3461983,
                27.2965297
            ],
            "rotation": [
                0.7071068,
                0.7071067,
                0.0,
                0.0
            ],
            "motion_type": "static",
            "non_uniform_scale": [
                1.9405802,
                1.5906374,
                0.9999998
            ]
        },
        {
            "template_name": "1eb63abfe834f344168edcec6a3bb94543d0273d",
            "translation": [
                -21.4322032,
                -0.0000014,
                25.8755722
            ],
            "rotation": [
                0.7071068,
                0.0,
                -0.7071067,
                0.0
            ],
            "motion_type": "static"
        },
        {
            "template_name": "2145556a680a785194bf47abb91e6eeae8519fce",
            "translation": [
                -18.4811077,
                -0.0000022,
                37.4047584
            ],
            "rotation": [
                0.7071068,
                0.0,
                0.7071067,
                0.0
            ],
            "motion_type": "static"
        },
        {
            "template_name": "051620a6f2f3dd1b7e9f23e4420480fe34571da3",
            "translation": [
                -30.8017768,
                -0.0000017,
                29.2236843
            ],
            "rotation": [
                0.0,
                0.0,
                1.0,
                0.0
            ],
            "motion_type": "static"
        },
        {
            "template_name": "722ee5e90284277993c21d61b10707d8cbac452c",
            "translation": [
                -19.6689071,
                -0.0000019,
                33.2794952
            ],
            "rotation": [
                0.8879851,
                0.0,
                -0.459872,
                0.0
            ],
            "motion_type": "static"
        },
        {
            "template_name": "03a1708f8547e9291a0b4601b627d1fd5f40a218",
            "translation": [
                -20.8281021,
                -0.0000021,
                35.2416687
            ],
            "rotation": [
                0.7040147,
                0.0,
                0.7101852,
                0.0
            ],
            "motion_type": "static"
        },
        {
            "template_name": "3295fbf11c93289efc037a7b3eb94360c5431883",
            "translation": [
                -30.7857418,
                -0.0000015,
                27.5597572
            ],
            "motion_type": "static",
            "non_uniform_scale": [
                0.90206,
                0.9999998,
                0.9999998
            ]
        },
        {
            "template_name": "3295fbf11c93289efc037a7b3eb94360c5431883",
            "translation": [
                -31.8478336,
                -0.0000015,
                27.5534725
            ],
            "motion_type": "static",
            "non_uniform_scale": [
                0.90206,
                0.9999998,
                0.9999998
            ]
        },
        {
            "template_name": "39443cc1873a0b4954ce7a2c357f296e98bf86a7",
            "translation": [
                -24.929449,
                -0.000002,
                35.3731918
            ],
            "rotation": [
                0.7071068,
                0.0,
                0.7071067,
                0.0
            ],
            "motion_type": "static",
            "non_uniform_scale": [
                1.2034294,
                0.9999998,
                0.9999998
            ]
        },
        {
            "template_name": "50de2302e1b2fd9c76c1c82b1bdd36bec9485d1a",
            "translation": [
                -28.5960426,
                -0.0000013,
                23.6335105
            ],
            "rotation": [
                0.943937,
                0.0,
                0.3301255,
                0.0
            ],
            "motion_type": "static"
        },
        {
            "template_name": "333d94cbb1e7aea33b474232d7ef0dbf8340ce50",
            "translation": [
                -22.9068965,
                -0.0000016,
                30.2264804
            ],
            "rotation": [
                0.7071068,
                0.0,
                0.7071067,
                0.0
            ],
            "motion_type": "static",
            "non_uniform_scale": [
                1.1847617,
                0.9999998,
                0.9999998
            ]
        },
        {
            "template_name": "0b035dc81cad90ef2c6f4b34b43ea065fb41497e",
            "translation": [
                -23.1532669,
                -0.0000017,
                31.0749778
            ],
            "rotation": [
                0.5032541,
                0.0,
                0.8641384,
                0.0
            ],
            "motion_type": "static"
        },
        {
            "template_name": "0b035dc81cad90ef2c6f4b34b43ea065fb41497e",
            "translation": [
                -23.2599925,
                -0.0000016,
                29.3344764
            ],
            "rotation": [
                0.8365014,
                0.0,
                0.5479645,
                0.0
            ],
            "motion_type": "static"
        },
        {
            "template_name": "f07e005f3acb1f0b37cc65d6286b279092bfe955",
            "translation": [
                -21.3168106,
                -0.000002,
                36.0145912
            ],
            "motion_type": "static"
        },
        {
            "template_name": "9f559c8774174844b1f80baea34be63b156ac6bd",
            "translation": [
                -30.8018722,
                -0.0000019,
                35.0826644
            ],
            "rotation": [
                0.7071068,
                0.0,
                -0.7071067,
                0.0
            ],
            "motion_type": "static"
        },
        {
            "template_name": "26dcf95ab84ca558a39163e8d4843edd19a7e47c",
            "translation": [
                -17.1572418,
                1.5534727,
                28.572647
            ],
            "rotation": [
                0.0,
                0.0,
                0.7071068,
                -0.7071067
            ],
            "motion_type": "static"
        },
        {
            "template_name": "721b75b49772e53e01785e943bfe8832fe3f9dfe",
            "translation": [
                -28.5271263,
                0.7399983,
                25.6211147
            ],
            "rotation": [
                0.7071068,
                0.0,
                0.7071067,
                0.0
            ],
            "motion_type": "static"
        },
        {
            "template_name": "9c8e314ca0d9e2fb49bdb41f77d45c71e6288876",
            "translation": [
                -33.009613,
                1.8259984,
                26.0948085
            ],
            "rotation": [
                0.7071068,
                0.0,
                0.7071067,
                0.0
            ],
            "motion_type": "static"
        },
        {
            "template_name": "9c8e314ca0d9e2fb49bdb41f77d45c71e6288876",
            "translation": [
                -33.2022094,
                0.7531172,
                26.0948085
            ],
            "rotation": [
                0.7071068,
                0.0,
                0.7071067,
                0.0
            ],
            "motion_type": "static"
        },
        {
            "template_name": "f45a995da28588d8cc7fa62ccbb32e4c81ba7cf8",
            "translation": [
                -29.7343368,
                -0.0000014,
                25.219614
            ],
            "rotation": [
                0.7071068,
                0.0,
                0.7071067,
                0.0
            ],
            "motion_type": "static"
        },
        {
            "template_name": "6ad74440a16fbffa9cee7ad0e9027b7f646b56fb",
            "translation": [
                -18.9847469,
                -0.0000015,
                27.996603
            ],
            "rotation": [
                0.7071068,
                0.0,
                0.7071067,
                0.0
            ],
            "motion_type": "static",
            "non_uniform_scale": [
                0.6057531,
                1.0,
                0.5894144
            ]
        },
        {
            "template_name": "0f123a681f597d75bdec3319293b54b9090b4caa",
            "translation": [
                -30.2711906,
                -0.0000014,
                23.6460361
            ],
            "rotation": [
                0.9774773,
                0.0,
                0.2110394,
                0.0
            ],
            "motion_type": "static"
        },
        {
            "template_name": "291a700265cd52812c1dba27bf1567bb6a6394c6",
            "translation": [
                -19.6256656,
                1.6742031,
                32.4923515
            ],
            "rotation": [
                0.7067303,
                0.7067301,
                0.023072,
                -0.023072
            ],
            "motion_type": "static"
        },
        {
            "template_name": "177465eafc83071ab64d7e48f6cfaaadec90c86b",
            "translation": [
                -18.1194076,
                -0.000002,
                36.4279212
            ],
            "motion_type": "static"
        },
        {
            "template_name": "2416e9e6e969f8e3b6d3d37b03e334585f64df76",
            "translation": [
                -17.1126518,
                1.7738502,
                24.3593502
            ],
            "rotation": [
                0.999859,
                0.0,
                -0.0167827,
                0.0
            ],
            "motion_type": "static"
        },
        {
            "template_name": "5b0f0f419f6297e68449be99db83b1c268e95451",
            "translation": [
                -28.1809864,
                0.7299978,
                34.5293655
            ],
            "rotation": [
                0.7071068,
                0.0,
                -0.7071067,
                0.0
            ],
            "motion_type": "static"
        },
        {
            "template_name": "6b8f434dc9f5bf4bfb6ac9b36ca848c9a3861a3f",
            "translation": [
                -32.3838081,
                -0.0000014,
                24.9154872
            ],
            "rotation": [
                0.7071068,
                0.0,
                0.7071067,
                0.0
            ],
            "motion_type": "static"
        },
        {
            "template_name": "57d2b6c1b3bb6903c7683cff9ba9016a8c50ff70",
            "translation": [
                -23.9678916,
                -0.0000015,
                25.7716941
            ],
            "rotation": [
                0.7071068,
                0.0,
                -0.7071067,
                0.0
            ],
            "motion_type": "static"
        },
        {
            "template_name": "888b8bc2df65291d72cfd4ae91279cc5b5c3f331",
            "translation": [
                -28.1310577,
                0.7299978,
                36.205883
            ],
            "rotation": [
                0.7071068,
                0.0,
                -0.7071067,
                0.0
            ],
            "motion_type": "static"
        },
        {
            "template_name": "a59e535e966404d987d27df200bcc1ddd3756003",
            "translation": [
                -21.4048881,
                3.0313682,
                26.470848
            ],
            "rotation": [
                0.7071068,
                0.0,
                0.7071067,
                0.0
            ],
            "motion_type": "static"
        },
        {
            "template_name": "ab8b3eb571842581b2ce2542bc0c0e146470caac",
            "translation": [
                -23.5838508,
                -0.0000014,
                25.7106075
            ],
            "motion_type": "static",
            "non_uniform_scale": [
                1.3517217,
                0.9999998,
                0.6673957
            ]
        },
        {
            "template_name": "298fde032f598963af06e258cd91385bb453bc22",
            "translation": [
                -28.2438259,
                -0.000002,
                35.3480682
            ],
            "rotation": [
                0.7071068,
                0.0,
                -0.7071067,
                0.0
            ],
            "motion_type": "static",
            "non_uniform_scale": [
                1.263694,
                0.9999998,
                0.9999998
            ]
        },
        {
            "template_name": "9e068412c7ca15a5d23c5813614150ff138d9bb6",
            "translation": [
                -32.4507255,
                1.7499979,
                29.5629825
            ],
            "rotation": [
                0.7071068,
                0.7071067,
                0.0,
                0.0
            ],
            "motion_type": "static"
        },
        {
            "template_name": "9e068412c7ca15a5d23c5813614150ff138d9bb6",
            "translation": [
                -32.444271,
                1.7499979,
                29.41296
            ],
            "rotation": [
                0.0,
                0.0,
                0.7071068,
                -0.7071067
            ],
            "motion_type": "static"
        },
        {
            "template_name": "9e068412c7ca15a5d23c5813614150ff138d9bb6",
            "translation": [
                -19.4511451,
                1.7499979,
                30.1004447
            ],
            "rotation": [
                0.0,
                0.0,
                0.7071068,
                -0.7071067
            ],
            "motion_type": "static"
        },
        {
            "template_name": "d780135a6d8e950bb35d69a2f7dc3b7a2a024592",
            "translation": [
                -24.4125461,
                -0.000002,
                35.4293708
            ],
            "rotation": [
                0.0,
                0.0,
                1.0,
                0.0
            ],
            "motion_type": "static",
            "non_uniform_scale": [
                0.6236389,
                0.9999998,
                0.9282332
            ]
        },
        {
            "template_name": "a8a1c5e989b0688db3c07e471dba7c5c247af321",
            "translation": [
                -23.5690307,
                -0.0000014,
                25.7038269
            ],
            "rotation": [
                0.7071068,
                0.0,
                -0.7071067,
                0.0
            ],
            "motion_type": "static",
            "non_uniform_scale": [
                0.8152025,
                0.9999998,
                0.7016822
            ]
        },
        {
            "template_name": "c6dfd9242c58888e5fe7e0a6bf9d5ad739a5230c",
            "translation": [
                -18.9303588,
                0.3499979,
                33.9670791
            ],
            "rotation": [
                0.7071068,
                0.0,
                -0.7071067,
                0.0
            ],
            "motion_type": "static",
            "non_uniform_scale": [
                0.6564177,
                0.9999998,
                0.6906635
            ]
        },
        {
            "template_name": "f018166600fafb4377f477b7fcdd41db9a87f6ce",
            "translation": [
                -17.9762382,
                1.7945997,
                30.4740028
            ],
            "rotation": [
                0.7071068,
                0.7071067,
                0.0,
                0.0
            ],
            "motion_type": "static"
        },
        {
            "template_name": "f018166600fafb4377f477b7fcdd41db9a87f6ce",
            "translation": [
                -19.4993858,
                2.29127,
                30.2275543
            ],
            "rotation": [
                0.7071068,
                0.7071067,
                0.0,
                0.0
            ],
            "motion_type": "static"
        },
        {
            "template_name": "fd185349ff7313c6c2d66670b3e55001364284e1",
            "translation": [
                -21.4605197,
                -0.0000019,
                33.4455642
            ],
            "rotation": [
                0.9999904,
                0.0,
                0.0043632,
                0.0
            ],
            "motion_type": "static",
            "non_uniform_scale": [
                0.8510162,
                0.9999998,
                0.8463038
            ]
        },
        {
            "template_name": "6cfbab6fbead50330d3eac8b628c26be9eb149bf",
            "translation": [
                -24.3692474,
                -0.0000019,
                34.4735832
            ],
            "rotation": [
                0.7071068,
                0.0,
                -0.7071067,
                0.0
            ],
            "motion_type": "static"
        },
        {
            "template_name": "6cfbab6fbead50330d3eac8b628c26be9eb149bf",
            "translation": [
                -24.3692474,
                -0.0000019,
                35.0668601
            ],
            "rotation": [
                0.7071068,
                0.0,
                -0.7071067,
                0.0
            ],
            "motion_type": "static"
        },
        {
            "template_name": "6cfbab6fbead50330d3eac8b628c26be9eb149bf",
            "translation": [
                -24.3692474,
                -0.000002,
                35.6329421
            ],
            "rotation": [
                0.7071068,
                0.0,
                -0.7071067,
                0.0
            ],
            "motion_type": "static"
        },
        {
            "template_name": "6cfbab6fbead50330d3eac8b628c26be9eb149bf",
            "translation": [
                -24.3458442,
                -0.000002,
                36.3129348
            ],
            "rotation": [
                0.7071068,
                0.0,
                -0.7071067,
                0.0
            ],
            "motion_type": "static"
        },
        {
            "template_name": "32387b1ed8abf60b0b551a1612e17074d76c5a44",
            "translation": [
                -25.0211048,
                1.7929997,
                31.7671604
            ],
            "rotation": [
                0.4999999,
                0.4999999,
                0.5,
                -0.5
            ],
            "motion_type": "static"
        },
        {
            "template_name": "32387b1ed8abf60b0b551a1612e17074d76c5a44",
            "translation": [
                -25.0211048,
                1.7583894,
                29.4456672
            ],
            "rotation": [
                0.4999999,
                0.4999999,
                0.5,
                -0.5
            ],
            "motion_type": "static"
        },
        {
            "template_name": "64f63f10669ba4c9fa799e6f0b9aee5a0e122d77",
            "translation": [
                -32.4599761,
                -0.0000017,
                31.6867923
            ],
            "rotation": [
                0.0007241,
                0.0,
                0.9999997,
                0.0
            ],
            "motion_type": "static",
            "non_uniform_scale": [
                0.8636903,
                0.9999998,
                0.8203111
            ]
        },
        {
            "template_name": "d626f06f76dd513ed68c75b639ca25f5a9448bc2",
            "translation": [
                -25.9999561,
                2.7999978,
                34.6596755
            ],
            "rotation": [
                0.0,
                0.0,
                1.0,
                0.0
            ],
            "motion_type": "static"
        },
        {
            "template_name": "9337b4a78dbaaecc4fb24c020d43749bbf1a710b",
            "translation": [
                -25.9815406,
                2.7999978,
                35.3125419
            ],
            "rotation": [
                0.0,
                0.0,
                1.0,
                0.0
            ],
            "motion_type": "static"
        },
        {
            "template_name": "4ee147972ecbe17397b25f900518b00646a9de98",
            "translation": [
                -18.1709213,
                -0.0000016,
                29.8070945
            ],
            "rotation": [
                0.0,
                0.0,
                1.0,
                0.0
            ],
            "motion_type": "static"
        },
        {
            "template_name": "129451389f982fcfe102675270009ce1da6671db",
            "translation": [
                -29.4076652,
                -0.0000013,
                23.6590805
            ],
            "rotation": [
                0.9999076,
                0.0,
                0.013581,
                0.0
            ],
            "motion_type": "static"
        },
        {
            "template_name": "240225989a0ed75d14f4663e867dbb065e2880b4",
            "translation": [
                -23.4636688,
                -0.0000016,
                30.2075061
            ],
            "rotation": [
                0.7057154,
                0.0,
                0.7084953,
                0.0
            ],
            "motion_type": "static"
        },
        {
            "template_name": "240225989a0ed75d14f4663e867dbb065e2880b4",
            "translation": [
                -22.3621063,
                -0.0000016,
                30.1918163
            ],
            "rotation": [
                0.7071068,
                0.0,
                -0.7071067,
                0.0
            ],
            "motion_type": "static"
        },
        {
            "template_name": "0c13523cbbf431a463e07fef9290ba30998557ff",
            "translation": [
                -16.7890625,
                -0.0000022,
                37.4568481
            ],
            "rotation": [
                0.7071068,
                0.0,
                -0.7071067,
                0.0
            ],
            "motion_type": "static",
            "non_uniform_scale": [
                1.1331747,
                0.9999998,
                1.0210889
            ]
        },
        {
            "template_name": "3d3643adc7e0934142ba5482adbe691056196e3b",
            "translation": [
                -18.9215068,
                -0.0000019,
                34.9964294
            ],
            "rotation": [
                0.7071068,
                0.0,
                -0.7071067,
                0.0
            ],
            "motion_type": "static",
            "non_uniform_scale": [
                1.65911,
                0.9999998,
                0.9999998
            ]
        },
        {
            "template_name": "3f45ccc1e6d4ed2bda2c35a5687bbbe64984dfd5",
            "translation": [
                -27.2683181,
                -0.0000015,
                28.7068653
            ],
            "rotation": [
                0.0,
                0.0,
                1.0,
                0.0
            ],
            "motion_type": "static",
            "non_uniform_scale": [
                0.6727145,
                1.0866309,
                0.8232197
            ]
        },
        {
            "template_name": "4bc6f883a374400355bcf95e611a4e8f8b950ed5",
            "translation": [
                -18.161148,
                -0.0000019,
                31.9532947
            ],
            "rotation": [
                0.0,
                0.0,
                1.0,
                0.0
            ],
            "motion_type": "static"
        },
        {
            "template_name": "0e469ac0e119d1b2307a76fa0ac9611ecf13e6d8",
            "translation": [
                -19.6563701,
                -0.0000019,
                31.9089393
            ],
            "rotation": [
                0.7071068,
                0.0,
                0.7071067,
                0.0
            ],
            "motion_type": "static",
            "non_uniform_scale": [
                0.9033339,
                0.9999998,
                0.9256119
            ]
        },
        {
            "template_name": "e982d3a9cfef8a5bc3e2202e1ba69b8b93c0c67c",
            "translation": [
                -16.8969135,
                1.5249979,
                30.4711036
            ],
            "rotation": [
                0.7071068,
                0.0,
                0.7071067,
                0.0
            ],
            "motion_type": "static"
        },
        {
            "template_name": "dc0437ee8be91708f3a9311812565d9690a7a352",
            "translation": [
                -16.7746696,
                -0.0000016,
                27.321516
            ],
            "rotation": [
                -0.0070484,
                0.0,
                0.999975,
                0.0
            ],
            "motion_type": "static",
            "non_uniform_scale": [
                0.7105075,
                0.9999998,
                0.6864789
            ]
        },
        {
            "template_name": "dc0437ee8be91708f3a9311812565d9690a7a352",
            "translation": [
                -16.7806167,
                -0.0000014,
                25.4805641
            ],
            "rotation": [
                0.9998496,
                0.0,
                0.017339,
                0.0
            ],
            "motion_type": "static",
            "non_uniform_scale": [
                0.7105075,
                0.9999998,
                0.6864789
            ]
        },
        {
            "template_name": "b9b736b89c0da8dfa3d739ff35db49087da04cdc",
            "translation": [
                -22.9278469,
                1.7499978,
                32.2491607
            ],
            "rotation": [
                0.0,
                0.0,
                0.7071068,
                -0.7071067
            ],
            "motion_type": "static"
        },
        {
            "template_name": "d351727c4cae2b3b8663e81e1a61bd5afda854be",
            "translation": [
                -22.971672,
                -0.0000017,
                30.1283035
            ],
            "rotation": [
                0.7071068,
                0.0,
                0.7071067,
                0.0
            ],
            "motion_type": "static",
            "non_uniform_scale": [
                1.4778702,
                0.9999998,
                1.0122035
            ]
        },
        {
            "template_name": "47e07d151ca4d47dd36d3d31d0673e119e593ea5",
            "translation": [
                -30.8011093,
                -0.000002,
                34.984909
            ],
            "rotation": [
                0.0,
                0.0,
                1.0,
                0.0
            ],
            "motion_type": "static",
            "non_uniform_scale": [
                1.4096436,
                0.9999998,
                1.2603447
            ]
        },
        {
            "template_name": "3f05be6330befcf290382d07a18b48ebc92d991b",
            "translation": [
                -24.7474536,
                -0.0000017,
                30.3878498
            ],
            "rotation": [
                0.7071068,
                0.0,
                0.7071067,
                0.0
            ],
            "motion_type": "static",
            "non_uniform_scale": [
                1.0790494,
                0.9999998,
                0.9999998
            ]
        },
        {
            "template_name": "c5518a32252e621fcb1d32275d0e505d9d8d0e67",
            "translation": [
                -24.5394554,
                -0.0000015,
                25.7154254
            ],
            "rotation": [
                0.7071068,
                0.0,
                0.7071067,
                0.0
            ],
            "motion_type": "static",
            "non_uniform_scale": [
                0.9385696,
                1.4342261,
                0.9999997
            ]
        },
        {
            "template_name": "701a80df793f8cdc2526b92414976cd6b9b4d710",
            "translation": [
                -30.7981586,
                0.9632467,
                32.2490768
            ],
            "rotation": [
                0.0,
                0.0,
                0.7071068,
                -0.7071067
            ],
            "motion_type": "static",
            "non_uniform_scale": [
                0.9580085,
                0.9321429,
                0.9999998
            ]
        },
        {
            "template_name": "701a80df793f8cdc2526b92414976cd6b9b4d710",
            "translation": [
                -29.7024211,
                1.0394467,
                32.2490768
            ],
            "rotation": [
                0.0,
                0.0,
                0.7071068,
                -0.7071067
            ],
            "motion_type": "static",
            "non_uniform_scale": [
                0.9580085,
                0.9321429,
                0.9999998
            ]
        },
        {
            "template_name": "138cc6b6e59641d0da515a3a89903eed94354cd6",
            "translation": [
                -25.9590911,
                2.7999978,
                36.0145645
            ],
            "motion_type": "static"
        },
        {
            "template_name": "87ef4b11251281db9f644a5adbe6c56be8d5b43e",
            "translation": [
                -18.6284046,
                -0.0000017,
                30.5336551
            ],
            "motion_type": "static",
            "non_uniform_scale": [
                1.1011849,
                0.9999998,
                0.9999998
            ]
        },
        {
            "template_name": "e0403fbd528f79fd0ac6c9dbc42ace8284553c91",
            "translation": [
                -17.6288623,
                -0.0000019,
                32.6827735
            ],
            "motion_type": "static"
        },
        {
            "template_name": "220-63",
            "translation": [
                -33.5026588,
                1.8552978,
                35.1273155
            ],
            "rotation": [
                0.7071067,
                0.0,
                0.7071067,
                0.0
            ],
            "motion_type": "static",
            "non_uniform_scale": [
                -0.9999998,
                0.9999998,
                0.9999998
            ]
        },
        {
            "template_name": "3753-29",
            "translation": [
                -33.5026588,
                1.9813503,
                31.4579219
            ],
            "rotation": [
                0.7071067,
                0.0,
                0.7071067,
                0.0
            ],
            "motion_type": "static",
            "non_uniform_scale": [
                -0.9999998,
                0.9999998,
                0.9999998
            ]
        },
        {
            "template_name": "3753-29",
            "translation": [
                -33.5026588,
                1.9813505,
                28.1409034
            ],
            "rotation": [
                0.7071067,
                0.0,
                0.7071067,
                0.0
            ],
            "motion_type": "static",
            "non_uniform_scale": [
                -0.9999998,
                0.9999998,
                0.9999998
            ]
        },
        {
            "template_name": "219-64",
            "translation": [
                -29.9146919,
                1.0360485,
                37.9551086
            ],
            "rotation": [
                0.0,
                0.0,
                1.0,
                0.0
            ],
            "motion_type": "static",
            "non_uniform_scale": [
                -1.0,
                0.9999998,
                0.9999998
            ]
        },
        {
            "template_name": "200-32",
            "translation": [
                -16.4321403,
                1.1199982,
                28.1422996
            ],
            "rotation": [
                0.7071067,
                0.0,
                0.7071068,
                0.0
            ],
            "motion_type": "static",
            "non_uniform_scale": [
                -0.9999998,
                0.9999998,
                0.9999998
            ]
        },
        {
            "template_name": "220-64",
            "translation": [
                -16.4321403,
                2.1335983,
                26.3367824
            ],
            "rotation": [
                0.7071068,
                0.0,
                -0.7071067,
                0.0
            ],
            "motion_type": "static",
            "non_uniform_scale": [
                -0.9999998,
                0.9999998,
                0.9999998
            ]
        },
        {
            "template_name": "220-65",
            "translation": [
                -25.3859786,
                1.2391976,
                37.9551086
            ],
            "rotation": [
                0.0,
                0.0,
                1.0,
                0.0
            ],
            "motion_type": "static",
            "non_uniform_scale": [
                -1.0,
                0.9999998,
                0.9999998
            ]
        },
        {
            "template_name": "220-66",
            "translation": [
                -21.2459945,
                1.2391976,
                37.9551086
            ],
            "rotation": [
                0.0,
                0.0,
                1.0,
                0.0
            ],
            "motion_type": "static",
            "non_uniform_scale": [
                -1.0,
                0.9999998,
                0.9999998
            ]
        },
        {
            "template_name": "204-2",
            "translation": [
                -17.9011859,
                1.1199976,
                37.9551086
            ],
            "rotation": [
                0.0,
                0.0,
                1.0,
                0.0
            ],
            "motion_type": "static",
            "non_uniform_scale": [
                -1.0,
                0.9999998,
                0.9999998
            ]
        },
        {
            "template_name": "200-32",
            "translation": [
                -16.4321403,
                1.1199978,
                35.3504562
            ],
            "rotation": [
                0.7071067,
                0.0,
                0.7071068,
                0.0
            ],
            "motion_type": "static",
            "non_uniform_scale": [
                -0.9999998,
                0.9999998,
                0.9999998
            ]
        },
        {
            "template_name": "220-67",
            "translation": [
                -16.4321403,
                2.1335978,
                33.5783233
            ],
            "rotation": [
                0.7071068,
                0.0,
                -0.7071067,
                0.0
            ],
            "motion_type": "static",
            "non_uniform_scale": [
                -0.9999998,
                0.9999998,
                0.9999998
            ]
        },
        {
            "template_name": "212-15",
            "translation": [
                -21.4138202,
                1.0899983,
                24.1717662
            ],
            "rotation": [
                0.0,
                0.0,
                1.0,
                0.0
            ],
            "motion_type": "static",
            "non_uniform_scale": [
                -1.0,
                0.9999998,
                0.9999998
            ]
        },
        {
            "template_name": "219-65",
            "translation": [
                -33.5026588,
                1.9683969,
                24.9225425
            ],
            "rotation": [
                0.7071067,
                0.0,
                0.7071067,
                0.0
            ],
            "motion_type": "static",
            "non_uniform_scale": [
                -0.9999998,
                0.9999998,
                0.9999998
            ]
        },
        {
            "template_name": "219-66",
            "translation": [
                -31.4749164,
                1.6635967,
                23.2060356
            ],
            "motion_type": "static",
            "non_uniform_scale": [
                -1.0,
                0.9999998,
                0.9999998
            ]
        },
        {
            "template_name": "218-144",
            "translation": [
                -24.8416404,
                1.4499983,
                23.6856555
            ],
            "rotation": [
                0.7071067,
                0.0,
                0.7071067,
                0.0
            ],
            "motion_type": "static",
            "non_uniform_scale": [
                -0.9999998,
                0.9999998,
                0.9999998
            ]
        },
        {
            "template_name": "219-66",
            "translation": [
                -27.695261,
                1.6635967,
                23.2060356
            ],
            "motion_type": "static",
            "non_uniform_scale": [
                -1.0,
                0.9999998,
                0.9999998
            ]
        },
        {
            "template_name": "218-23",
            "translation": [
                -25.4816951,
                1.4499986,
                23.2060356
            ],
            "rotation": [
                0.0,
                0.0,
                1.0,
                0.0
            ],
            "motion_type": "static",
            "non_uniform_scale": [
                -1.0,
                0.9999998,
                0.9999998
            ]
        }
    ],
    "articulated_object_instances": [],
    "stage_instance": {
        "template_name": "stages/107734080_175999881",
        "motion_type": "static"
    },
    "pbr_shader_region_configs": {},
    "user_defined": {
        "scene_filter_file": "scene_filter_files/107734080_175999881.rec_filter.json"
    }
}