{
    "translation_origin": "asset_local",
    "default_lighting": "",
    "navmesh_instance": "",
    "semantic_scene_instance": "hssd_ssd_map",
    "default_pbr_shader_config": "./data/default.pbr_config.json",
    "object_instances": [
        {
            "template_name": "7f30c0812a7a5c37123a88056325ef7aae57150a",
            "translation": [
                -14.5427637,
                1.1920928955078126e-7,
                -1.7535312
            ],
            "rotation": [
                0.7071068,
                0.0,
                0.7071067,
                0.0
            ],
            "motion_type": "static"
        },
        {
            "template_name": "eccf8ba37c804b9067e675f09eec2c13e951f61c",
            "translation": [
                2.2800297,
                1.1920928955078126e-7,
                -1.8388792
            ],
            "rotation": [
                0.7071068,
                0.0,
                -0.7071067,
                0.0
            ],
            "motion_type": "static"
        },
        {
            "template_name": "00759595cbb0f07062154e6a0b07de033871c0e1",
            "translation": [
                -8.3724746,
                2.384185791015625e-7,
                -2.8673379
            ],
            "motion_type": "static",
            "non_uniform_scale": [
                0.3192166,
                13.999998,
                2.5861372
            ]
        },
        {
            "template_name": "641605b7969986b87e12fe2361ddd0d28ddfebb5",
            "translation": [
                -9.3117609,
                1.1920928955078126e-7,
                -2.8785684
            ],
            "rotation": [
                0.7071068,
                0.0,
                0.7071067,
                0.0
            ],
            "motion_type": "static"
        },
        {
            "template_name": "7acd7592a997d8feff6977486e0b8ed8db9ec4b7",
            "translation": [
                -8.9769716,
                1.1920928955078126e-7,
                -1.5986911
            ],
            "rotation": [
                0.0,
                0.0,
                1.0,
                0.0
            ],
            "motion_type": "static"
        },
        {
            "template_name": "5f4a14a4e5bc2feb7388b5d18d63350c38600f29",
            "translation": [
                -2.0010175,
                4.76837158203125e-7,
                -8.2358703
            ],
            "motion_type": "static"
        },
        {
            "template_name": "4a4c90aa8fd658f005263b26df66774d6b01ee1d",
            "translation": [
                -12.3209114,
                5.066394805908203e-7,
                -8.7800397
            ],
            "motion_type": "static"
        },
        {
            "template_name": "4a4c90aa8fd658f005263b26df66774d6b01ee1d",
            "translation": [
                -12.2690925,
                2.980232238769531e-7,
                -5.1285448
            ],
            "rotation": [
                0.0,
                0.0,
                1.0,
                0.0
            ],
            "motion_type": "static"
        },
        {
            "template_name": "b2d43c076e6d9faac8c38c145b3908aa7ddd6eb0",
            "translation": [
                -5.893989,
                6.556510925292969e-7,
                -11.2397699
            ],
            "rotation": [
                0.7071068,
                0.0,
                -0.7071067,
                0.0
            ],
            "motion_type": "static",
            "non_uniform_scale": [
                0.9999998,
                0.785309,
                0.9999998
            ]
        },
        {
            "template_name": "b2d43c076e6d9faac8c38c145b3908aa7ddd6eb0",
            "translation": [
                -5.893989,
                7.152557373046875e-7,
                -11.9394903
            ],
            "rotation": [
                0.7071068,
                0.0,
                -0.7071067,
                0.0
            ],
            "motion_type": "static",
            "non_uniform_scale": [
                0.9999998,
                0.785309,
                0.9999998
            ]
        },
        {
            "template_name": "b2d43c076e6d9faac8c38c145b3908aa7ddd6eb0",
            "translation": [
                -5.893989,
                7.450580596923828e-7,
                -12.6392087
            ],
            "rotation": [
                0.7071068,
                0.0,
                -0.7071067,
                0.0
            ],
            "motion_type": "static",
            "non_uniform_scale": [
                0.9999998,
                0.785309,
                0.9999998
            ]
        },
        {
            "template_name": "b2d43c076e6d9faac8c38c145b3908aa7ddd6eb0",
            "translation": [
                -7.277718,
                6.556510925292969e-7,
                -11.2397699
            ],
            "rotation": [
                0.7071068,
                0.0,
                -0.7071067,
                0.0
            ],
            "motion_type": "static",
            "non_uniform_scale": [
                0.9999998,
                0.785309,
                0.9999998
            ]
        },
        {
            "template_name": "b2d43c076e6d9faac8c38c145b3908aa7ddd6eb0",
            "translation": [
                -7.277718,
                7.152557373046875e-7,
                -11.9394903
            ],
            "rotation": [
                0.7071068,
                0.0,
                -0.7071067,
                0.0
            ],
            "motion_type": "static",
            "non_uniform_scale": [
                0.9999998,
                0.785309,
                0.9999998
            ]
        },
        {
            "template_name": "b2d43c076e6d9faac8c38c145b3908aa7ddd6eb0",
            "translation": [
                -7.277718,
                7.450580596923828e-7,
                -12.6392087
            ],
            "rotation": [
                0.7071068,
                0.0,
                -0.7071067,
                0.0
            ],
            "motion_type": "static",
            "non_uniform_scale": [
                0.9999998,
                0.785309,
                0.9999998
            ]
        },
        {
            "template_name": "b2d43c076e6d9faac8c38c145b3908aa7ddd6eb0",
            "translation": [
                -5.893989,
                9.238719940185547e-7,
                -15.3008756
            ],
            "rotation": [
                0.7071068,
                0.0,
                -0.7071067,
                0.0
            ],
            "motion_type": "static",
            "non_uniform_scale": [
                0.9999998,
                0.785309,
                0.9999998
            ]
        },
        {
            "template_name": "b2d43c076e6d9faac8c38c145b3908aa7ddd6eb0",
            "translation": [
                -5.7659993,
                9.238719940185547e-7,
                -15.4267663
            ],
            "rotation": [
                0.0,
                0.0,
                1.0,
                0.0
            ],
            "motion_type": "static",
            "non_uniform_scale": [
                1.0,
                0.785309,
                0.9999998
            ]
        },
        {
            "template_name": "b2d43c076e6d9faac8c38c145b3908aa7ddd6eb0",
            "translation": [
                -3.5335373,
                7.152557373046875e-7,
                -11.9101886
            ],
            "rotation": [
                0.7071068,
                0.0,
                -0.7071067,
                0.0
            ],
            "motion_type": "static",
            "non_uniform_scale": [
                0.9999998,
                0.785309,
                0.9999998
            ]
        },
        {
            "template_name": "b2d43c076e6d9faac8c38c145b3908aa7ddd6eb0",
            "translation": [
                -3.5335373,
                6.556510925292969e-7,
                -11.2104673
            ],
            "rotation": [
                0.7071068,
                0.0,
                -0.7071067,
                0.0
            ],
            "motion_type": "static",
            "non_uniform_scale": [
                0.9999998,
                0.785309,
                0.9999998
            ]
        },
        {
            "template_name": "b2d43c076e6d9faac8c38c145b3908aa7ddd6eb0",
            "translation": [
                -3.5335373,
                7.450580596923828e-7,
                -12.6099071
            ],
            "rotation": [
                0.7071068,
                0.0,
                -0.7071067,
                0.0
            ],
            "motion_type": "static",
            "non_uniform_scale": [
                0.9999998,
                0.785309,
                0.9999998
            ]
        },
        {
            "template_name": "f3730be66647ef3908608ea2b504e11c5340cd64",
            "translation": [
                -5.1808619,
                5.960464477539063e-7,
                -10.4720497
            ],
            "rotation": [
                0.0,
                0.0,
                1.0,
                0.0
            ],
            "motion_type": "static"
        },
        {
            "template_name": "5290633cfe07d105ea3391caaca65f5187784e1d",
            "translation": [
                -13.9296493,
                0.5588002,
                -8.2941827
            ],
            "rotation": [
                0.7071068,
                0.0,
                -0.7071067,
                0.0
            ],
            "motion_type": "static"
        },
        {
            "template_name": "5290633cfe07d105ea3391caaca65f5187784e1d",
            "translation": [
                -13.9099645,
                0.5588002,
                -5.6930561
            ],
            "rotation": [
                0.7071068,
                0.0,
                -0.7071067,
                0.0
            ],
            "motion_type": "static"
        },
        {
            "template_name": "cf7544857e0592d00a81322ad80fff8319fc1bff",
            "translation": [
                -13.9254617,
                5.066394805908203e-7,
                -8.3038511
            ],
            "rotation": [
                0.7071068,
                0.0,
                -0.7071067,
                0.0
            ],
            "motion_type": "static"
        },
        {
            "template_name": "cf7544857e0592d00a81322ad80fff8319fc1bff",
            "translation": [
                -13.9254617,
                3.2782554626464846e-7,
                -5.6813287
            ],
            "rotation": [
                0.7071068,
                0.0,
                -0.7071067,
                0.0
            ],
            "motion_type": "static"
        },
        {
            "template_name": "7eb4fe5c7adf89bdaf1ff15c56f465a843bf3372",
            "translation": [
                -0.4060823,
                2.7000002,
                -5.709393
            ],
            "rotation": [
                0.7071068,
                0.0,
                0.7071067,
                0.0
            ],
            "motion_type": "static",
            "non_uniform_scale": [
                4.6948342,
                0.2499998,
                6.0383858
            ]
        },
        {
            "template_name": "7eb4fe5c7adf89bdaf1ff15c56f465a843bf3372",
            "translation": [
                -6.5641937,
                2.7000005,
                -11.5297546
            ],
            "rotation": [
                0.0,
                0.0,
                1.0,
                0.0
            ],
            "motion_type": "static",
            "non_uniform_scale": [
                2.9049701,
                0.2499998,
                2.829468
            ]
        },
        {
            "template_name": "7eb4fe5c7adf89bdaf1ff15c56f465a843bf3372",
            "translation": [
                -7.6278691,
                2.7000005,
                -9.7334136
            ],
            "rotation": [
                0.7071068,
                0.0,
                -0.7071067,
                0.0
            ],
            "motion_type": "static",
            "non_uniform_scale": [
                2.9049696,
                0.2499998,
                3.7869703
            ]
        },
        {
            "template_name": "7eb4fe5c7adf89bdaf1ff15c56f465a843bf3372",
            "translation": [
                -0.4060823,
                2.7000002,
                -5.3610119
            ],
            "rotation": [
                0.7071068,
                0.0,
                0.7071067,
                0.0
            ],
            "motion_type": "static",
            "non_uniform_scale": [
                4.6948342,
                0.2499998,
                6.0383858
            ]
        },
        {
            "template_name": "7eb4fe5c7adf89bdaf1ff15c56f465a843bf3372",
            "translation": [
                -9.5115213,
                2.7000002,
                -5.3099522
            ],
            "rotation": [
                0.7071068,
                0.0,
                0.7071067,
                0.0
            ],
            "motion_type": "static",
            "non_uniform_scale": [
                3.7897129,
                0.2499998,
                9.8425168
            ]
        },
        {
            "template_name": "7eb4fe5c7adf89bdaf1ff15c56f465a843bf3372",
            "translation": [
                -9.0277509,
                2.7,
                -3.8168938
            ],
            "rotation": [
                0.0,
                0.0,
                1.0,
                0.0
            ],
            "motion_type": "static",
            "non_uniform_scale": [
                4.6948351,
                0.2499998,
                4.4856839
            ]
        },
        {
            "template_name": "7eb4fe5c7adf89bdaf1ff15c56f465a843bf3372",
            "translation": [
                -9.849863,
                2.7000002,
                -5.3099522
            ],
            "rotation": [
                0.7071068,
                0.0,
                0.7071067,
                0.0
            ],
            "motion_type": "static",
            "non_uniform_scale": [
                3.7897129,
                0.2499998,
                9.8425168
            ]
        },
        {
            "template_name": "7eb4fe5c7adf89bdaf1ff15c56f465a843bf3372",
            "translation": [
                -4.6411237,
                2.7,
                -3.5889315
            ],
            "rotation": [
                0.0,
                0.0,
                1.0,
                0.0
            ],
            "motion_type": "static",
            "non_uniform_scale": [
                4.6948351,
                0.2499998,
                4.4856839
            ]
        },
        {
            "template_name": "8b077d33cef990dc960c432a63273f7bed76d6ac",
            "translation": [
                -14.1514568,
                5.960464477539063e-8,
                -3.3095202
            ],
            "rotation": [
                0.8334922,
                0.0,
                0.5525311,
                0.0
            ],
            "motion_type": "static"
        },
        {
            "template_name": "5f536d71fbf6436825a138615e105b551a2278e6",
            "translation": [
                -12.2744617,
                4.0605664253234865e-7,
                -6.8134636
            ],
            "rotation": [
                0.7071068,
                0.0,
                -0.7071067,
                0.0
            ],
            "motion_type": "static"
        },
        {
            "template_name": "54b4e950bc1df1947c036c46c190148f552800df_part_1",
            "translation": [
                -5.5074458,
                1.1920928955078126e-7,
                -2.1715664
            ],
            "rotation": [
                0.7071068,
                0.0,
                -0.7071067,
                0.0
            ],
            "motion_type": "static"
        },
        {
            "template_name": "54b4e950bc1df1947c036c46c190148f552800df_part_1",
            "translation": [
                -6.024105,
                2.086162567138672e-7,
                -2.8905696
            ],
            "rotation": [
                0.0,
                0.0,
                1.0,
                0.0
            ],
            "motion_type": "static"
        },
        {
            "template_name": "54b4e950bc1df1947c036c46c190148f552800df_part_1",
            "translation": [
                -6.024105,
                2.384185791015625e-7,
                -3.4216077
            ],
            "rotation": [
                0.0,
                0.0,
                1.0,
                0.0
            ],
            "motion_type": "static"
        },
        {
            "template_name": "54b4e950bc1df1947c036c46c190148f552800df_part_1",
            "translation": [
                -5.501903,
                2.384185791015625e-7,
                -4.1725544
            ],
            "rotation": [
                0.7071067,
                0.0,
                0.7071068,
                0.0
            ],
            "motion_type": "static"
        },
        {
            "template_name": "54b4e950bc1df1947c036c46c190148f552800df_part_1",
            "translation": [
                -4.9689073,
                1.7881393432617188e-7,
                -3.4151244
            ],
            "motion_type": "static"
        },
        {
            "template_name": "54b4e950bc1df1947c036c46c190148f552800df_part_1",
            "translation": [
                -4.9689073,
                1.4901161193847657e-7,
                -2.8956604
            ],
            "motion_type": "static"
        },
        {
            "template_name": "54b4e950bc1df1947c036c46c190148f552800df_part_7",
            "translation": [
                -5.5057897,
                0.000005,
                -3.157109
            ],
            "rotation": [
                0.7071068,
                0.0,
                -0.7071067,
                0.0
            ],
            "motion_type": "static"
        },
        {
            "template_name": "34292497a33f039dd556b550e0766a63928f8e58",
            "translation": [
                -14.8519639,
                1.75,
                -3.0310635
            ],
            "rotation": [
                0.4999999,
                0.4999999,
                0.5,
                -0.5
            ],
            "motion_type": "static"
        },
        {
            "template_name": "457341544783908d1bcb72a72872601c3017b7ea",
            "translation": [
                -9.5216407,
                1.7500003,
                -10.133871
            ],
            "rotation": [
                0.4999999,
                0.4999999,
                0.5,
                -0.5
            ],
            "motion_type": "static"
        },
        {
            "template_name": "4eb4b6b164f32fb2d958f18c1cf73bc2f073203b",
            "translation": [
                1.8086198,
                3.8999996,
                -0.2415287
            ],
            "rotation": [
                0.0,
                0.0,
                0.7071068,
                -0.7071067
            ],
            "motion_type": "static",
            "non_uniform_scale": [
                1.2412526,
                0.9999998,
                1.1009906
            ]
        },
        {
            "template_name": "556e2dce2ddc10b3941a4c5b3adfbd7364a425a1",
            "translation": [
                -0.4463801,
                5.960464477539063e-7,
                -9.5983085
            ],
            "rotation": [
                0.0,
                0.0,
                1.0,
                0.0
            ],
            "motion_type": "static",
            "non_uniform_scale": [
                1.1844129,
                0.9999998,
                0.9999998
            ]
        },
        {
            "template_name": "55dcc18191c2412b899ff405d5d0574571bb81cf",
            "translation": [
                -1.7864669,
                1.4901161193847657e-7,
                -2.3143622
            ],
            "rotation": [
                0.0,
                0.0,
                1.0,
                0.0
            ],
            "motion_type": "static"
        },
        {
            "template_name": "d7c99d0d3c242c6ab4550a3c2b4af559faf80381",
            "translation": [
                -12.4342947,
                1.7881393432617188e-7,
                -3.210277
            ],
            "rotation": [
                0.9371548,
                0.0,
                -0.3489134,
                0.0
            ],
            "motion_type": "static"
        },
        {
            "template_name": "e7cdc7c7606c32dfa595f61cd24581fa84f4544c",
            "translation": [
                -8.0729141,
                1.1920928955078126e-7,
                -2.9041562
            ],
            "rotation": [
                0.7071068,
                0.0,
                0.7071067,
                0.0
            ],
            "motion_type": "static"
        },
        {
            "template_name": "b1c0fc607c063010c4b9300c955a0e3e5f7001fc",
            "translation": [
                -13.4151706,
                1.4901161193847657e-7,
                -3.3606469
            ],
            "rotation": [
                0.7071068,
                0.0,
                -0.7071067,
                0.0
            ],
            "motion_type": "static"
        },
        {
            "template_name": "bb24f4991823d074316a525b35b8aeaa4409c689",
            "translation": [
                -6.9837398,
                4.023313522338867e-7,
                -6.8574166
            ],
            "rotation": [
                0.7071068,
                0.0,
                -0.7071067,
                0.0
            ],
            "motion_type": "static"
        },
        {
            "template_name": "f3e01d91881ec4bbafc3481ce19d85eaaff6d2f5",
            "translation": [
                -14.8519649,
                1.7500003,
                -6.8424773
            ],
            "rotation": [
                0.4999999,
                0.4999999,
                0.5,
                -0.5
            ],
            "motion_type": "static"
        },
        {
            "template_name": "6a5c779b2deee1af83e7d2f85605fe0a1d39f665",
            "translation": [
                2.2466197,
                2.384185791015625e-7,
                -3.5730099
            ],
            "rotation": [
                0.7071068,
                0.0,
                -0.7071067,
                0.0
            ],
            "motion_type": "static"
        },
        {
            "template_name": "2bbec9381d1770ac074d61d4d642ed5ec14c6400",
            "translation": [
                0.5702006,
                1.1920928955078126e-7,
                -1.8190596
            ],
            "rotation": [
                0.7071068,
                0.0,
                -0.7071067,
                0.0
            ],
            "motion_type": "static",
            "non_uniform_scale": [
                0.9999998,
                1.3499999,
                0.9999998
            ]
        },
        {
            "template_name": "5cd043b511e3f7031892d1fa56fe309d2896128a",
            "translation": [
                1.148915,
                4.76837158203125e-7,
                -8.2633075
            ],
            "rotation": [
                0.0,
                0.0,
                1.0,
                0.0
            ],
            "motion_type": "static"
        },
        {
            "template_name": "2efebdcc1ba9514b0deb0dfb05951341432bd26a",
            "translation": [
                -13.4374599,
                0.73,
                -2.9439907
            ],
            "rotation": [
                0.7071068,
                0.0,
                -0.7071067,
                0.0
            ],
            "motion_type": "static"
        },
        {
            "template_name": "53a18ac1b365ac0a7746fa271e4817fb51a52f09",
            "translation": [
                -1.8144917,
                0.0,
                -0.7236288
            ],
            "rotation": [
                0.0,
                0.0,
                1.0,
                0.0
            ],
            "motion_type": "static",
            "non_uniform_scale": [
                0.6481866,
                0.8999996,
                0.9999998
            ]
        },
        {
            "template_name": "d71af85f2f9dbc732b08fe4fa3291df1f9a8df44",
            "translation": [
                -1.2649786,
                2.384185791015625e-7,
                -4.0898828
            ],
            "motion_type": "static",
            "non_uniform_scale": [
                1.0,
                0.9331033,
                0.9999998
            ]
        },
        {
            "template_name": "f7740384615905ee595ccf9f3a38f720762f816a",
            "translation": [
                -12.3331174,
                4.023313522338867e-7,
                -6.8895988
            ],
            "motion_type": "static"
        },
        {
            "template_name": "c024e783b079d971d76882c162d87dee801df4fb",
            "translation": [
                -1.7765438,
                2.7,
                -2.3103666
            ],
            "motion_type": "static"
        },
        {
            "template_name": "f8e37093ef38211864cbbb39ecdb78083984abd7",
            "translation": [
                -2.1761126,
                1.1920928955078126e-7,
                -1.7775324
            ],
            "rotation": [
                0.0,
                0.0,
                1.0,
                0.0
            ],
            "motion_type": "static"
        },
        {
            "template_name": "f8e37093ef38211864cbbb39ecdb78083984abd7",
            "translation": [
                -1.4174716,
                1.1920928955078126e-7,
                -1.7775324
            ],
            "rotation": [
                0.0,
                0.0,
                1.0,
                0.0
            ],
            "motion_type": "static"
        },
        {
            "template_name": "9c0567a6a0032ec2bad911ec5024eb5f7633868d",
            "translation": [
                -5.5252656,
                1.8207356333732606e-7,
                -3.055181
            ],
            "rotation": [
                0.0,
                0.0,
                1.0,
                0.0
            ],
            "motion_type": "static",
            "non_uniform_scale": [
                1.0672837,
                0.9999998,
                0.9999998
            ]
        },
        {
            "template_name": "d5ba163ba97f94c7aa4a4a625eb0547b8894e1a5",
            "translation": [
                -0.5258864,
                1.7500002,
                -4.9949431
            ],
            "rotation": [
                0.7071068,
                0.7071067,
                0.0,
                0.0
            ],
            "motion_type": "static"
        },
        {
            "template_name": "e91b6f39a66357efcfe47f709d6314b5152d0917",
            "translation": [
                -14.5000524,
                2.384185791015625e-7,
                -3.9006071
            ],
            "rotation": [
                0.7071068,
                0.0,
                0.7071067,
                0.0
            ],
            "motion_type": "static"
        },
        {
            "template_name": "2157f81105d714a770039b4104a475a6b5253a8b",
            "translation": [
                -5.0010342,
                4.172325134277344e-7,
                -6.8121399
            ],
            "rotation": [
                0.7071068,
                0.0,
                -0.7071067,
                0.0
            ],
            "motion_type": "static"
        },
        {
            "template_name": "50152a9e4ba444f105771a970b49ac6c098a8881_part_42",
            "translation": [
                -9.6730394,
                1.3499999,
                -2.6376342
            ],
            "rotation": [
                -0.5,
                -0.5,
                0.5,
                -0.4999999
            ],
            "motion_type": "static",
            "non_uniform_scale": [
                0.9999998,
                0.9999998,
                1.4999996
            ]
        },
        {
            "template_name": "7be455a4bcdc8362d06f09c25df1a80ec527e1d7",
            "translation": [
                -11.7476596,
                2.384185791015625e-7,
                -4.0727162
            ],
            "motion_type": "static"
        },
        {
            "template_name": "a354917b5d42080e88db3b5efb56a817071190af",
            "translation": [
                -4.9106397,
                4.76837158203125e-7,
                -8.0693702
            ],
            "rotation": [
                0.7071068,
                0.0,
                -0.7071067,
                0.0
            ],
            "motion_type": "static",
            "non_uniform_scale": [
                0.9999998,
                0.7573096,
                0.9999998
            ]
        },
        {
            "template_name": "be3742355992203757a1bd2c4b496e4ce7c17782",
            "translation": [
                -3.6149785,
                1.7500001,
                -4.152359
            ],
            "rotation": [
                -0.5,
                -0.5,
                0.5,
                -0.4999999
            ],
            "motion_type": "static"
        },
        {
            "template_name": "8419bdf298e5dabef1b4856c4d79f4a59bdd53c8",
            "translation": [
                -4.9625482,
                5.066394805908203e-7,
                -8.43931
            ],
            "rotation": [
                0.7071068,
                0.0,
                0.7071067,
                0.0
            ],
            "motion_type": "static"
        },
        {
            "template_name": "eed320bf8d4d824d7e72c2bdb85ddd3e7b7690e3",
            "translation": [
                0.6232907,
                1.1920928955078126e-7,
                -2.6440594
            ],
            "rotation": [
                0.7071068,
                0.0,
                -0.7071067,
                0.0
            ],
            "motion_type": "static"
        },
        {
            "template_name": "e946025ab4168c75d712294a44f37f11cd90ec2c",
            "translation": [
                -12.3273897,
                1.7500001,
                -4.6043658
            ],
            "rotation": [
                0.0,
                0.0,
                0.7071068,
                -0.7071067
            ],
            "motion_type": "static"
        },
        {
            "template_name": "e1e834b37e41af97478c1e9c3e4cc7274647e1bc",
            "translation": [
                -5.4787359,
                2.7,
                -3.1729071
            ],
            "rotation": [
                0.7071068,
                0.0,
                0.7071067,
                0.0
            ],
            "motion_type": "static"
        },
        {
            "template_name": "529306eb57506f3b52134f9d866bd32d61f27628",
            "translation": [
                2.2464797,
                1.7881393432617188e-7,
                -2.5537497
            ],
            "rotation": [
                0.7071068,
                0.0,
                -0.7071067,
                0.0
            ],
            "motion_type": "static"
        },
        {
            "template_name": "04ed449bae4986d2fcf17340168a9bdfeeac5084",
            "translation": [
                -14.2951326,
                5.960464477539063e-7,
                -9.0676488
            ],
            "motion_type": "static",
            "non_uniform_scale": [
                -1.0,
                0.9999998,
                0.9999998
            ]
        },
        {
            "template_name": "04ed449bae4986d2fcf17340168a9bdfeeac5084",
            "translation": [
                -8.8014717,
                5.960464477539063e-7,
                -10.547389
            ],
            "motion_type": "static",
            "non_uniform_scale": [
                -1.0,
                0.9999998,
                0.9999998
            ]
        },
        {
            "template_name": "04ed449bae4986d2fcf17340168a9bdfeeac5084",
            "translation": [
                -4.2327899,
                5.960464477539063e-7,
                -10.547389
            ],
            "motion_type": "static"
        },
        {
            "template_name": "04ed449bae4986d2fcf17340168a9bdfeeac5084",
            "translation": [
                -10.2519607,
                5.960464477539063e-7,
                -9.0676488
            ],
            "motion_type": "static"
        },
        {
            "template_name": "04ed449bae4986d2fcf17340168a9bdfeeac5084",
            "translation": [
                -10.2519607,
                1.1920928955078126e-7,
                -1.4910608
            ],
            "rotation": [
                0.0,
                0.0,
                1.0,
                0.0
            ],
            "motion_type": "static",
            "non_uniform_scale": [
                -1.0,
                0.9999998,
                0.9999998
            ]
        },
        {
            "template_name": "04ed449bae4986d2fcf17340168a9bdfeeac5084",
            "translation": [
                -14.2951326,
                1.1920928955078126e-7,
                -1.4910608
            ],
            "rotation": [
                0.0,
                0.0,
                1.0,
                0.0
            ],
            "motion_type": "static"
        },
        {
            "template_name": "8a6d4da5fe54288ffdebffb09bce0005cbc2c0eb",
            "translation": [
                -14.0832118,
                4.470348358154297e-7,
                -7.5000991
            ],
            "rotation": [
                0.7071068,
                0.0,
                0.7071067,
                0.0
            ],
            "motion_type": "static"
        },
        {
            "template_name": "8a6d4da5fe54288ffdebffb09bce0005cbc2c0eb",
            "translation": [
                -14.0832118,
                3.8743019104003908e-7,
                -6.5060882
            ],
            "rotation": [
                0.7071068,
                0.0,
                0.7071067,
                0.0
            ],
            "motion_type": "static"
        },
        {
            "template_name": "98e2dbd8df2737855a713752fb4fed9eb60b2b83",
            "translation": [
                -6.271111,
                4.102475941181183e-7,
                -6.8852925
            ],
            "rotation": [
                0.7071068,
                0.0,
                -0.7071067,
                0.0
            ],
            "motion_type": "static"
        },
        {
            "template_name": "62a7ea7ff81602de2396eb5aa7e7b30cfa7e15b7",
            "translation": [
                -7.0075984,
                3.2782554626464846e-7,
                -5.8088231
            ],
            "rotation": [
                0.0,
                0.0,
                1.0,
                0.0
            ],
            "motion_type": "static"
        },
        {
            "template_name": "62a7ea7ff81602de2396eb5aa7e7b30cfa7e15b7",
            "translation": [
                -6.8220496,
                4.76837158203125e-7,
                -7.9461822
            ],
            "motion_type": "static"
        },
        {
            "template_name": "3760-49",
            "translation": [
                -3.9882957,
                4.0200004,
                -12.8982725
            ],
            "motion_type": "static",
            "non_uniform_scale": [
                -1.0,
                0.9999998,
                0.9999998
            ]
        },
        {
            "template_name": "3760-49",
            "translation": [
                -5.0079951,
                4.0200004,
                -12.8982725
            ],
            "motion_type": "static",
            "non_uniform_scale": [
                -1.0,
                0.9999998,
                0.9999998
            ]
        },
        {
            "template_name": "3760-49",
            "translation": [
                -6.0452747,
                4.0200004,
                -12.8982725
            ],
            "motion_type": "static",
            "non_uniform_scale": [
                -1.0,
                0.9999998,
                0.9999998
            ]
        },
        {
            "template_name": "3760-49",
            "translation": [
                -7.0649743,
                4.0200004,
                -12.8982725
            ],
            "motion_type": "static",
            "non_uniform_scale": [
                -1.0,
                0.9999998,
                0.9999998
            ]
        },
        {
            "template_name": "3760-49",
            "translation": [
                -9.086791,
                4.0200009,
                -12.8982725
            ],
            "motion_type": "static",
            "non_uniform_scale": [
                -1.0,
                0.9999998,
                0.9999998
            ]
        },
        {
            "template_name": "3760-49",
            "translation": [
                -8.0670919,
                4.0200004,
                -12.8982725
            ],
            "motion_type": "static",
            "non_uniform_scale": [
                -1.0,
                0.9999998,
                0.9999998
            ]
        },
        {
            "template_name": "3760-49",
            "translation": [
                -9.5966405,
                4.0199999,
                -12.4323587
            ],
            "rotation": [
                0.7071067,
                0.0,
                0.7071067,
                0.0
            ],
            "motion_type": "static",
            "non_uniform_scale": [
                -0.9999998,
                0.9999998,
                0.9999998
            ]
        },
        {
            "template_name": "3760-49",
            "translation": [
                -9.5966405,
                4.0200004,
                -11.4038734
            ],
            "rotation": [
                0.7071067,
                0.0,
                0.7071067,
                0.0
            ],
            "motion_type": "static",
            "non_uniform_scale": [
                -0.9999998,
                0.9999998,
                0.9999998
            ]
        },
        {
            "template_name": "3760-49",
            "translation": [
                -5.5793757,
                1.2200006,
                -10.8149099
            ],
            "rotation": [
                0.0,
                0.0,
                1.0,
                0.0
            ],
            "motion_type": "static",
            "non_uniform_scale": [
                -1.0,
                0.9999998,
                0.9999998
            ]
        },
        {
            "template_name": "3760-49",
            "translation": [
                -4.5420956,
                1.2200006,
                -10.8149099
            ],
            "rotation": [
                0.0,
                0.0,
                1.0,
                0.0
            ],
            "motion_type": "static",
            "non_uniform_scale": [
                -1.0,
                0.9999998,
                0.9999998
            ]
        },
        {
            "template_name": "3760-49",
            "translation": [
                -7.6129131,
                1.2200006,
                -10.8149099
            ],
            "rotation": [
                0.0,
                0.0,
                1.0,
                0.0
            ],
            "motion_type": "static",
            "non_uniform_scale": [
                -1.0,
                0.9999998,
                0.9999998
            ]
        },
        {
            "template_name": "3760-49",
            "translation": [
                -8.6501932,
                1.2200006,
                -10.8149099
            ],
            "rotation": [
                0.0,
                0.0,
                1.0,
                0.0
            ],
            "motion_type": "static",
            "non_uniform_scale": [
                -1.0,
                0.9999998,
                0.9999998
            ]
        },
        {
            "template_name": "4076-13",
            "translation": [
                -6.5770978,
                1.1200006,
                -10.8149099
            ],
            "rotation": [
                0.0,
                0.0,
                1.0,
                0.0
            ],
            "motion_type": "static"
        },
        {
            "template_name": "3760-49",
            "translation": [
                -3.5399787,
                4.0200004,
                -11.3950824
            ],
            "rotation": [
                0.7071068,
                0.0,
                -0.7071067,
                0.0
            ],
            "motion_type": "static",
            "non_uniform_scale": [
                -0.9999998,
                0.9999998,
                0.9999998
            ]
        },
        {
            "template_name": "3760-49",
            "translation": [
                -3.5399787,
                4.0200004,
                -12.4001274
            ],
            "rotation": [
                0.7071068,
                0.0,
                -0.7071067,
                0.0
            ],
            "motion_type": "static",
            "non_uniform_scale": [
                -0.9999998,
                0.9999998,
                0.9999998
            ]
        },
        {
            "template_name": "3760-49",
            "translation": [
                -3.0676302,
                4.0000004,
                -10.8149099
            ],
            "motion_type": "static",
            "non_uniform_scale": [
                -1.0,
                0.9999998,
                0.9999998
            ]
        },
        {
            "template_name": "3760-49",
            "translation": [
                -2.0479311,
                4.0000004,
                -10.8149099
            ],
            "motion_type": "static",
            "non_uniform_scale": [
                -1.0,
                0.9999998,
                0.9999998
            ]
        },
        {
            "template_name": "3760-49",
            "translation": [
                -1.0165114,
                4.0000004,
                -10.8149099
            ],
            "motion_type": "static",
            "non_uniform_scale": [
                -1.0,
                0.9999998,
                0.9999998
            ]
        },
        {
            "template_name": "3760-49",
            "translation": [
                1.034607,
                4.0000004,
                -10.8149099
            ],
            "motion_type": "static",
            "non_uniform_scale": [
                -1.0,
                0.9999998,
                0.9999998
            ]
        },
        {
            "template_name": "3760-49",
            "translation": [
                2.0748174,
                4.0000004,
                -10.8149099
            ],
            "motion_type": "static",
            "non_uniform_scale": [
                -1.0,
                0.9999998,
                0.9999998
            ]
        },
        {
            "template_name": "3760-49",
            "translation": [
                -0.0202539,
                4.0000004,
                -10.8149099
            ],
            "motion_type": "static",
            "non_uniform_scale": [
                -1.0,
                0.9999998,
                0.9999998
            ]
        },
        {
            "template_name": "3760-49",
            "translation": [
                -11.2154178,
                1.2200005,
                -9.3351697
            ],
            "rotation": [
                0.0,
                0.0,
                1.0,
                0.0
            ],
            "motion_type": "static",
            "non_uniform_scale": [
                -1.0,
                0.9999998,
                0.9999998
            ]
        },
        {
            "template_name": "3760-49",
            "translation": [
                -12.2702779,
                1.2200005,
                -9.3351697
            ],
            "rotation": [
                0.0,
                0.0,
                1.0,
                0.0
            ],
            "motion_type": "static",
            "non_uniform_scale": [
                -1.0,
                0.9999998,
                0.9999998
            ]
        },
        {
            "template_name": "3760-49",
            "translation": [
                -13.3056058,
                1.2200005,
                -9.3351697
            ],
            "rotation": [
                0.0,
                0.0,
                1.0,
                0.0
            ],
            "motion_type": "static",
            "non_uniform_scale": [
                -1.0,
                0.9999998,
                0.9999998
            ]
        },
        {
            "template_name": "3760-49",
            "translation": [
                -14.3409309,
                1.2200005,
                -9.3351697
            ],
            "rotation": [
                0.0,
                0.0,
                1.0,
                0.0
            ],
            "motion_type": "static",
            "non_uniform_scale": [
                -1.0,
                0.9999998,
                0.9999998
            ]
        },
        {
            "template_name": "3760-49",
            "translation": [
                -10.2191591,
                1.2200005,
                -9.3351697
            ],
            "rotation": [
                0.0,
                0.0,
                1.0,
                0.0
            ],
            "motion_type": "static",
            "non_uniform_scale": [
                -1.0,
                0.9999998,
                0.9999998
            ]
        },
        {
            "template_name": "3760-49",
            "translation": [
                -9.5966405,
                4.0200004,
                -8.8663454
            ],
            "rotation": [
                0.7071068,
                0.0,
                -0.7071067,
                0.0
            ],
            "motion_type": "static",
            "non_uniform_scale": [
                -0.9999998,
                0.9999998,
                0.9999998
            ]
        },
        {
            "template_name": "3760-49",
            "translation": [
                -9.5966405,
                4.0199999,
                -5.0463857
            ],
            "rotation": [
                0.7071068,
                0.0,
                -0.7071067,
                0.0
            ],
            "motion_type": "static",
            "non_uniform_scale": [
                -0.9999998,
                0.9999998,
                0.9999998
            ]
        },
        {
            "template_name": "3760-49",
            "translation": [
                -2.827691,
                3.9999997,
                -0.3165287
            ],
            "rotation": [
                0.0,
                0.0,
                1.0,
                0.0
            ],
            "motion_type": "static",
            "non_uniform_scale": [
                -1.0,
                0.9999998,
                0.9999998
            ]
        },
        {
            "template_name": "3760-49",
            "translation": [
                -1.8112883,
                3.9999997,
                -0.3165287
            ],
            "rotation": [
                0.0,
                0.0,
                1.0,
                0.0
            ],
            "motion_type": "static",
            "non_uniform_scale": [
                -1.0,
                0.9999998,
                0.9999998
            ]
        },
        {
            "template_name": "3760-49",
            "translation": [
                -0.7962591,
                3.9999997,
                -0.3165287
            ],
            "rotation": [
                0.0,
                0.0,
                1.0,
                0.0
            ],
            "motion_type": "static",
            "non_uniform_scale": [
                -1.0,
                0.9999998,
                0.9999998
            ]
        },
        {
            "template_name": "3760-49",
            "translation": [
                0.2036612,
                3.9999997,
                -0.3165287
            ],
            "rotation": [
                0.0,
                0.0,
                1.0,
                0.0
            ],
            "motion_type": "static",
            "non_uniform_scale": [
                -1.0,
                0.9999998,
                0.9999998
            ]
        },
        {
            "template_name": "4076-13",
            "translation": [
                0.373149,
                1.12,
                -0.316529
            ],
            "motion_type": "static",
            "non_uniform_scale": [
                -1.0,
                0.9999998,
                0.9999998
            ]
        },
        {
            "template_name": "3760-49",
            "translation": [
                -14.2149887,
                1.22,
                -1.2235411
            ],
            "motion_type": "static",
            "non_uniform_scale": [
                -1.0,
                0.9999998,
                0.9999998
            ]
        },
        {
            "template_name": "3760-49",
            "translation": [
                -13.1813774,
                1.22,
                -1.2235411
            ],
            "motion_type": "static",
            "non_uniform_scale": [
                -1.0,
                0.9999998,
                0.9999998
            ]
        },
        {
            "template_name": "3760-49",
            "translation": [
                -11.1182546,
                1.22,
                -1.2235411
            ],
            "motion_type": "static",
            "non_uniform_scale": [
                -1.0,
                0.9999998,
                0.9999998
            ]
        },
        {
            "template_name": "3760-50",
            "translation": [
                -10.1546897,
                1.22,
                -1.2235411
            ],
            "motion_type": "static",
            "non_uniform_scale": [
                -1.0,
                0.9999998,
                0.9999998
            ]
        },
        {
            "template_name": "3760-49",
            "translation": [
                -12.1436653,
                1.22,
                -1.2235411
            ],
            "motion_type": "static",
            "non_uniform_scale": [
                -1.0,
                0.9999998,
                0.9999998
            ]
        },
        {
            "template_name": "3760-49",
            "translation": [
                -7.7354488,
                1.22,
                -1.2235411
            ],
            "rotation": [
                0.0,
                0.0,
                1.0,
                0.0
            ],
            "motion_type": "static",
            "non_uniform_scale": [
                -1.0,
                0.9999998,
                0.9999998
            ]
        },
        {
            "template_name": "3760-49",
            "translation": [
                -7.4751048,
                3.9999997,
                -1.2235409
            ],
            "rotation": [
                0.0,
                0.0,
                1.0,
                0.0
            ],
            "motion_type": "static",
            "non_uniform_scale": [
                -1.0,
                0.9999998,
                0.9999998
            ]
        },
        {
            "template_name": "3760-49",
            "translation": [
                -4.1587867,
                1.22,
                -1.2235411
            ],
            "rotation": [
                0.0,
                0.0,
                1.0,
                0.0
            ],
            "motion_type": "static",
            "non_uniform_scale": [
                -1.0,
                0.9999998,
                0.9999998
            ]
        },
        {
            "template_name": "3760-49",
            "translation": [
                -6.4652724,
                3.9999997,
                -1.2235409
            ],
            "rotation": [
                0.0,
                0.0,
                1.0,
                0.0
            ],
            "motion_type": "static",
            "non_uniform_scale": [
                -1.0,
                0.9999998,
                0.9999998
            ]
        },
        {
            "template_name": "3760-49",
            "translation": [
                -5.4451198,
                3.9999997,
                -1.2235409
            ],
            "rotation": [
                0.0,
                0.0,
                1.0,
                0.0
            ],
            "motion_type": "static",
            "non_uniform_scale": [
                -1.0,
                0.9999998,
                0.9999998
            ]
        },
        {
            "template_name": "3760-49",
            "translation": [
                -4.4213476,
                3.9999997,
                -1.2235409
            ],
            "rotation": [
                0.0,
                0.0,
                1.0,
                0.0
            ],
            "motion_type": "static",
            "non_uniform_scale": [
                -1.0,
                0.9999998,
                0.9999998
            ]
        },
        {
            "template_name": "5804-11",
            "translation": [
                -5.9355249,
                1.12,
                -1.2235411
            ],
            "rotation": [
                0.0,
                0.0,
                1.0,
                0.0
            ],
            "motion_type": "static",
            "non_uniform_scale": [
                -1.0,
                0.9999998,
                0.9999998
            ]
        }
    ],
    "articulated_object_instances": [],
    "stage_instance": {
        "template_name": "stages/107734158_175999998",
        "motion_type": "static"
    },
    "pbr_shader_region_configs": {},
    "user_defined": {
        "scene_filter_file": "scene_filter_files/107734158_175999998.rec_filter.json"
    }
}