{
    "translation_origin": "asset_local",
    "default_lighting": "",
    "navmesh_instance": "",
    "semantic_scene_instance": "hssd_ssd_map",
    "default_pbr_shader_config": "./data/default.pbr_config.json",
    "object_instances": [
        {
            "template_name": "712e8b6769bebb2dde5302e3de78d2c28d639759",
            "translation": [
                -2.0687036,
                0.8999996,
                2.2076294
            ],
            "rotation": [
                0.9457798,
                0.0,
                -0.3248082,
                0.0
            ],
            "motion_type": "static"
        },
        {
            "template_name": "7ee697a79383d0f515bfd72329bd959c44b2b054",
            "translation": [
                -0.0837344,
                -5.960464477539063e-8,
                0.5492103
            ],
            "rotation": [
                0.7071068,
                0.0,
                -0.7071067,
                0.0
            ],
            "motion_type": "static"
        },
        {
            "template_name": "951c5c4e24a0ffb145a3d99e45792648e1ce589a",
            "translation": [
                -0.1638204,
                -1.1920928955078126e-7,
                1.9091434
            ],
            "motion_type": "static"
        },
        {
            "template_name": "cf407c13f7dcb63c55edb4d371e25f5bc88e1761",
            "translation": [
                -3.0258772,
                1.3673422,
                11.6361303
            ],
            "rotation": [
                0.0,
                0.0,
                0.7071068,
                -0.7071067
            ],
            "motion_type": "static",
            "non_uniform_scale": [
                3.1506977,
                0.9999998,
                1.4360934
            ]
        },
        {
            "template_name": "cf407c13f7dcb63c55edb4d371e25f5bc88e1761",
            "translation": [
                -10.2948579,
                1.3673433,
                -4.8123455
            ],
            "rotation": [
                0.4999999,
                0.4999999,
                0.5000001,
                -0.5
            ],
            "motion_type": "static",
            "non_uniform_scale": [
                2.3653326,
                0.9999998,
                1.4360934
            ]
        },
        {
            "template_name": "cf407c13f7dcb63c55edb4d371e25f5bc88e1761",
            "translation": [
                0.33533,
                1.3673423,
                5.8946766
            ],
            "rotation": [
                -0.5,
                -0.5,
                0.5,
                -0.4999999
            ],
            "motion_type": "static",
            "non_uniform_scale": [
                1.7924784,
                0.9999998,
                1.4360934
            ]
        },
        {
            "template_name": "e69b1d450585bdc223ffc8b035d980c5b880c920",
            "translation": [
                -7.0705599,
                3.8743019104003908e-7,
                -6.319242
            ],
            "motion_type": "static"
        },
        {
            "template_name": "e69b1d450585bdc223ffc8b035d980c5b880c920",
            "translation": [
                -9.7651891,
                3.8743019104003908e-7,
                -6.319242
            ],
            "motion_type": "static"
        },
        {
            "template_name": "380b4a882030ca89152063c54db3f8d7d239ae94",
            "translation": [
                -8.6746416,
                1.1920928955078126e-7,
                -1.7328728
            ],
            "rotation": [
                0.7071068,
                0.0,
                0.7071067,
                0.0
            ],
            "motion_type": "static",
            "non_uniform_scale": [
                1.0210056,
                1.2500623,
                1.6463612
            ]
        },
        {
            "template_name": "367c73d4bae543b1fbcbdd637feb16974a815822",
            "translation": [
                -8.3533897,
                2.980232238769531e-7,
                -5.4164118
            ],
            "motion_type": "static"
        },
        {
            "template_name": "5f3fabe65fda413b4b09c50b88c61de544a956cb",
            "translation": [
                -0.1798855,
                -4.172325134277344e-7,
                6.5187621
            ],
            "rotation": [
                0.6977903,
                0.0,
                0.7163019,
                0.0
            ],
            "motion_type": "static"
        },
        {
            "template_name": "bb8bb31e0ebd7e08dce59211469a0379a8cfc145",
            "translation": [
                -4.0523257,
                -5.960464477539063e-7,
                10.1350898
            ],
            "rotation": [
                0.7071068,
                0.0,
                0.7071067,
                0.0
            ],
            "motion_type": "static"
        },
        {
            "template_name": "07c595b8cb65ee4f15bff2b08eadd6c3a1d8b6fb",
            "translation": [
                -7.4258198,
                -1.043081283569336e-7,
                1.7923947
            ],
            "rotation": [
                0.7071068,
                0.0,
                -0.7071067,
                0.0
            ],
            "motion_type": "static"
        },
        {
            "template_name": "52c748f2c09b537b09f7b20da11b94351752a53a",
            "translation": [
                -4.5946121,
                -4.172325134277344e-7,
                6.7758283
            ],
            "rotation": [
                -0.2694517,
                0.0,
                0.9630138,
                0.0
            ],
            "motion_type": "static"
        },
        {
            "template_name": "9ed82344417bea93340203fc997cfaf9a417e1eb",
            "translation": [
                0.5867527,
                -5.364418029785156e-7,
                9.1867637
            ],
            "rotation": [
                0.0,
                0.0,
                1.0,
                0.0
            ],
            "motion_type": "static"
        },
        {
            "template_name": "e6f5b9672c45eb2e038cc1783748ab7691fa679e",
            "translation": [
                -0.0197097,
                -3.5762786865234377e-7,
                6.0584297
            ],
            "rotation": [
                0.7071068,
                0.0,
                -0.7071067,
                0.0
            ],
            "motion_type": "static"
        },
        {
            "template_name": "eca537900f6061acbb8198bccd78f0241505227c",
            "translation": [
                -8.4587497,
                1.7500002,
                -6.552772
            ],
            "rotation": [
                0.7071068,
                0.7071067,
                0.0,
                0.0
            ],
            "motion_type": "static"
        },
        {
            "template_name": "9b9c4b470cabf92fb3c722c02ac899dfc0a3433d",
            "translation": [
                -3.2198188,
                0.86,
                -1.3023511
            ],
            "rotation": [
                0.7071068,
                0.0,
                -0.7071067,
                0.0
            ],
            "motion_type": "static"
        },
        {
            "template_name": "a7120619c5758076fc2dc999cf8840390b7135a4",
            "translation": [
                -6.3137278,
                1.54628,
                -4.313723
            ],
            "rotation": [
                -0.5,
                -0.5,
                0.5,
                -0.4999999
            ],
            "motion_type": "static"
        },
        {
            "template_name": "a9bbdf30c010dc048bb6752a2ee0ecfb8ec81fbf",
            "translation": [
                -3.2252788,
                0.86,
                -1.834871
            ],
            "rotation": [
                0.7071068,
                0.0,
                0.7071067,
                0.0
            ],
            "motion_type": "static"
        },
        {
            "template_name": "37b75ac25a35a1c41a310fd74deab25e09e7fe5f",
            "translation": [
                -9.9118337,
                0.5200002,
                -6.3178968
            ],
            "rotation": [
                0.9999138,
                0.0,
                -0.0131256,
                0.0
            ],
            "motion_type": "static"
        },
        {
            "template_name": "635bceb4a499d516dd46ddc235705afc05b5c3d9",
            "translation": [
                -0.0265781,
                -8.940696716308594e-8,
                1.2823634
            ],
            "rotation": [
                0.0,
                0.0,
                1.0,
                0.0
            ],
            "motion_type": "static"
        },
        {
            "template_name": "335fc5d250b5f7e424fcb25a26bf001f738ca364",
            "translation": [
                -2.026905,
                0.8999995,
                3.9076948
            ],
            "rotation": [
                0.0722626,
                0.0,
                0.9973856,
                0.0
            ],
            "motion_type": "static"
        },
        {
            "template_name": "47c0662e06b5b13479b44aca8a3b9094cc99ee46",
            "translation": [
                -1.0739965,
                -7.152557373046875e-7,
                11.13173
            ],
            "rotation": [
                0.7071068,
                0.0,
                -0.7071067,
                0.0
            ],
            "motion_type": "static",
            "non_uniform_scale": [
                0.9999998,
                1.2522766,
                0.9999998
            ]
        },
        {
            "template_name": "df2fe25e7cff70c579c26846f310e5bde241847f",
            "translation": [
                -6.9504961,
                2.7999997,
                1.7763638
            ],
            "rotation": [
                0.7071068,
                0.0,
                0.7071067,
                0.0
            ],
            "motion_type": "static",
            "non_uniform_scale": [
                0.9999998,
                1.0913499,
                0.9999998
            ]
        },
        {
            "template_name": "f344d0fce7b7f10c89b65d7c62b462c6d1507f8f",
            "translation": [
                -7.2995586,
                1.7682001,
                -6.5529022
            ],
            "rotation": [
                0.7071068,
                0.7071067,
                0.0,
                0.0
            ],
            "motion_type": "static"
        },
        {
            "template_name": "f344d0fce7b7f10c89b65d7c62b462c6d1507f8f",
            "translation": [
                -9.6361026,
                1.7682001,
                -6.5529022
            ],
            "rotation": [
                0.7071068,
                0.7071067,
                0.0,
                0.0
            ],
            "motion_type": "static"
        },
        {
            "template_name": "a5ed8abe60e8461fe8ae82dfbd7765d5c08c7f6d",
            "translation": [
                0.33533,
                1.7495998,
                0.843052
            ],
            "rotation": [
                -0.5,
                -0.5,
                0.5,
                -0.4999999
            ],
            "motion_type": "static"
        },
        {
            "template_name": "6eeae8638dd248886e9d08c0466c9cdc48f54ce9",
            "translation": [
                -3.0413186,
                1.8131798,
                -2.5453908
            ],
            "rotation": [
                -0.5,
                -0.5,
                0.5,
                -0.4999999
            ],
            "motion_type": "static"
        },
        {
            "template_name": "6eeae8638dd248886e9d08c0466c9cdc48f54ce9",
            "translation": [
                -3.0413186,
                1.8131798,
                -3.0929615
            ],
            "rotation": [
                -0.5,
                -0.5,
                0.5,
                -0.4999999
            ],
            "motion_type": "static"
        },
        {
            "template_name": "79208602e24336c463c0e52f5ed94794756de9df",
            "translation": [
                -3.2137088,
                1.6391277313232423e-7,
                -2.6744108
            ],
            "rotation": [
                0.7071068,
                0.0,
                -0.7071067,
                0.0
            ],
            "motion_type": "static"
        },
        {
            "template_name": "95d1e189e93694bb8eee73a64b0d84a8be5a5057",
            "translation": [
                -2.5856652,
                -5.960464477539063e-7,
                9.822174
            ],
            "rotation": [
                0.0,
                0.0,
                1.0,
                0.0
            ],
            "motion_type": "static"
        },
        {
            "template_name": "0bbd97c857fc44868f269afc4ef836a89bd2a9e8",
            "translation": [
                -7.0034132,
                -6.556510925292969e-7,
                11.3401145
            ],
            "rotation": [
                0.0,
                0.0,
                1.0,
                0.0
            ],
            "motion_type": "static"
        },
        {
            "template_name": "00366b86401aa16b702c21de49fd59b75ab9c57b",
            "translation": [
                -7.0310945,
                -6.258487701416016e-7,
                10.4260864
            ],
            "rotation": [
                0.0,
                0.0,
                1.0,
                0.0
            ],
            "motion_type": "static"
        },
        {
            "template_name": "5754fc1d9eed7d5ea018dee05478c950f47bd809",
            "translation": [
                -8.4089879,
                2.7101486921310427e-7,
                -4.5522217
            ],
            "rotation": [
                0.79987,
                0.0,
                -0.6001731,
                0.0
            ],
            "motion_type": "static"
        },
        {
            "template_name": "485b05625bd08d69dcb9c7fb13e656d55b78f64c",
            "translation": [
                2.0813791,
                1.749999,
                9.746953
            ],
            "rotation": [
                -0.5,
                -0.5,
                0.5,
                -0.4999999
            ],
            "motion_type": "static"
        },
        {
            "template_name": "7455be76e2dd607faf8df97b1e55bc9358118e55",
            "translation": [
                -3.2667686,
                2.086162567138672e-7,
                -3.439357
            ],
            "rotation": [
                0.7071068,
                0.0,
                -0.7071067,
                0.0
            ],
            "motion_type": "static"
        },
        {
            "template_name": "5a5e818299ab1b35a7674fcaa45e64a46c668250",
            "translation": [
                -9.2515716,
                0.91,
                -3.2360227
            ],
            "rotation": [
                0.0,
                0.0,
                1.0,
                0.0
            ],
            "motion_type": "static"
        },
        {
            "template_name": "9f1fc2d5cd6c3ae0e8072b88398ad5f69b22aa6c",
            "translation": [
                -5.531732,
                3.8743019104003908e-7,
                -6.314692
            ],
            "rotation": [
                0.2909032,
                0.0,
                0.9567524,
                0.0
            ],
            "motion_type": "static"
        },
        {
            "template_name": "afe773ff0423115a55e49defb4c62bf5e20cf172",
            "translation": [
                -0.1736395,
                1.7401597,
                1.6291433
            ],
            "rotation": [
                0.7071068,
                0.7071067,
                0.0,
                0.0
            ],
            "motion_type": "static"
        },
        {
            "template_name": "00c48f069128b3951154aa6e1416de43ae7a602f",
            "translation": [
                -6.9781341,
                0.7429994,
                9.4351825
            ],
            "rotation": [
                0.9099612,
                0.0,
                -0.4146932,
                0.0
            ],
            "motion_type": "static"
        },
        {
            "template_name": "27b8cec51a8c3b99c079c268d0a184b1f91183c7",
            "translation": [
                -3.2797687,
                8.940696716308594e-8,
                -1.461272
            ],
            "rotation": [
                0.7071068,
                0.0,
                -0.7071067,
                0.0
            ],
            "motion_type": "static"
        },
        {
            "template_name": "d4073b022df84fbfddbc7eb98ce65da3a7f3b92d",
            "translation": [
                -2.7422373,
                1.504999,
                8.2629442
            ],
            "rotation": [
                0.0,
                0.0,
                0.7071068,
                -0.7071067
            ],
            "motion_type": "static"
        },
        {
            "template_name": "acf0001faccbc6e7bf4ae9fc26865339397ad738",
            "translation": [
                -5.732994,
                -5.364418029785156e-7,
                8.9109973
            ],
            "rotation": [
                0.7071068,
                0.0,
                0.7071067,
                0.0
            ],
            "motion_type": "static"
        },
        {
            "template_name": "b762b7055f8713eca80e9e65e236cc0e3d8778a9",
            "translation": [
                -0.1518864,
                2.7999997,
                2.4836063
            ],
            "rotation": [
                0.0,
                0.0,
                1.0,
                0.0
            ],
            "motion_type": "static"
        },
        {
            "template_name": "c204d5b4284b03f3418de66c856e7c64ba74024d",
            "translation": [
                -3.3426458,
                -1.1920928955078126e-7,
                2.2373242
            ],
            "motion_type": "static"
        },
        {
            "template_name": "b556eeb736ae52a83f4b36a03fd6a03c9f941bc2",
            "translation": [
                -2.4421455,
                -1.1920928955078126e-7,
                2.2373242
            ],
            "motion_type": "static"
        },
        {
            "template_name": "b556eeb736ae52a83f4b36a03fd6a03c9f941bc2",
            "translation": [
                -1.9797184,
                -2.384185791015625e-7,
                3.8201651
            ],
            "rotation": [
                0.0,
                0.0,
                1.0,
                0.0
            ],
            "motion_type": "static",
            "non_uniform_scale": [
                0.4081631,
                0.9999998,
                0.9999998
            ]
        },
        {
            "template_name": "91cc6516c824c4b89831693083b3a94fb57aeaf4",
            "translation": [
                -7.0856504,
                -4.470348358154297e-7,
                7.6447792
            ],
            "rotation": [
                0.7071068,
                0.0,
                0.7071067,
                0.0
            ],
            "motion_type": "static"
        },
        {
            "template_name": "aeb92a7bb38ba0d89115175a7bb170f83b84e97b",
            "translation": [
                -6.6592516,
                0.7429993,
                9.3440828
            ],
            "rotation": [
                0.4146932,
                0.0,
                0.9099612,
                0.0
            ],
            "motion_type": "static"
        },
        {
            "template_name": "f376eee2893560e6d4e96fedfb32c29aece8ea3f",
            "translation": [
                -9.2491912,
                1.7881393432617188e-7,
                -3.2040257
            ],
            "rotation": [
                0.0,
                0.0,
                1.0,
                0.0
            ],
            "motion_type": "static",
            "non_uniform_scale": [
                1.0,
                0.9999998,
                1.1059123
            ]
        },
        {
            "template_name": "b35edd9663c76d8dce5189ca04cb4b44d9d009de",
            "translation": [
                -0.1503286,
                -2.384185791015625e-7,
                3.6672861
            ],
            "motion_type": "static"
        },
        {
            "template_name": "78e8c0bb62e3ef33af7e1635ca30986837e5ecea",
            "translation": [
                -4.8382234,
                0.0009992,
                11.3751688
            ],
            "rotation": [
                0.4809468,
                0.0,
                0.8767495,
                0.0
            ],
            "motion_type": "static",
            "non_uniform_scale": [
                0.9999998,
                1.8551814,
                0.9999998
            ]
        },
        {
            "template_name": "9bf69592a7fa2d577c5e73efcdd2019789da0f08",
            "translation": [
                -8.4755573,
                2.8000001,
                -4.7246508
            ],
            "rotation": [
                0.0,
                0.0,
                1.0,
                0.0
            ],
            "motion_type": "static"
        },
        {
            "template_name": "39443cc1873a0b4954ce7a2c357f296e98bf86a7",
            "translation": [
                -4.2116355,
                -2.384185791015625e-7,
                3.8298926
            ],
            "motion_type": "static"
        },
        {
            "template_name": "2af06cb4a77fb0adb990696a09678600876b9ca7",
            "translation": [
                -1.3117753,
                2.7999997,
                1.0696958
            ],
            "rotation": [
                0.7071068,
                0.0,
                -0.7071067,
                0.0
            ],
            "motion_type": "static",
            "non_uniform_scale": [
                0.9999998,
                1.693029,
                0.9999998
            ]
        },
        {
            "template_name": "2af06cb4a77fb0adb990696a09678600876b9ca7",
            "translation": [
                -4.2327351,
                2.7999997,
                0.951097
            ],
            "rotation": [
                0.7071068,
                0.0,
                -0.7071067,
                0.0
            ],
            "motion_type": "static",
            "non_uniform_scale": [
                0.9999998,
                1.693029,
                0.9999998
            ]
        },
        {
            "template_name": "2af06cb4a77fb0adb990696a09678600876b9ca7",
            "translation": [
                -4.1889514,
                2.8000001,
                -5.6882314
            ],
            "rotation": [
                0.7071068,
                0.0,
                -0.7071067,
                0.0
            ],
            "motion_type": "static",
            "non_uniform_scale": [
                0.9999998,
                1.693029,
                0.9999998
            ]
        },
        {
            "template_name": "2af06cb4a77fb0adb990696a09678600876b9ca7",
            "translation": [
                -4.1665124,
                2.7999997,
                -2.3421306
            ],
            "rotation": [
                0.7071068,
                0.0,
                -0.7071067,
                0.0
            ],
            "motion_type": "static",
            "non_uniform_scale": [
                0.9999998,
                1.693029,
                0.9999998
            ]
        },
        {
            "template_name": "1c19a987e1bd8c206353d18066b117cc0b21e841",
            "translation": [
                -2.9880731,
                -8.940696716308594e-8,
                1.4870742
            ],
            "rotation": [
                0.7071068,
                0.0,
                0.7071067,
                0.0
            ],
            "motion_type": "static",
            "non_uniform_scale": [
                1.0020035,
                0.9999998,
                1.1481055
            ]
        },
        {
            "template_name": "1c19a987e1bd8c206353d18066b117cc0b21e841",
            "translation": [
                -2.9880731,
                0.7499998,
                1.4870746
            ],
            "rotation": [
                0.7071068,
                0.0,
                0.7071067,
                0.0
            ],
            "motion_type": "static",
            "non_uniform_scale": [
                1.0020035,
                0.9999998,
                1.1481055
            ]
        },
        {
            "template_name": "dd04a3a817e2bf67a6b037d2a079b5d80afb0258",
            "translation": [
                -8.0384187,
                0.0,
                -0.288475
            ],
            "rotation": [
                0.0,
                0.0,
                1.0,
                0.0
            ],
            "motion_type": "static",
            "non_uniform_scale": [
                1.0,
                1.2500373,
                1.5780334
            ]
        },
        {
            "template_name": "4b3c032200f1d05ef71aa2fe324180d8b772f1a2",
            "translation": [
                -5.4158701,
                0.0,
                -0.2777808
            ],
            "rotation": [
                0.0,
                0.0,
                1.0,
                0.0
            ],
            "motion_type": "static",
            "non_uniform_scale": [
                0.9342489,
                1.2500373,
                1.5797288
            ]
        },
        {
            "template_name": "42dee69d6dde36a43da7e1880af5cfa439a4c64d",
            "translation": [
                -4.8524031,
                0.5999993,
                10.930233
            ],
            "motion_type": "static"
        },
        {
            "template_name": "406f46db4f76f7973ac743ef7fbc70b77785f05d",
            "translation": [
                -1.440515,
                -3.2782554626464846e-7,
                5.2873535
            ],
            "rotation": [
                0.7071068,
                0.0,
                0.7071067,
                0.0
            ],
            "motion_type": "static"
        },
        {
            "template_name": "56ddd1405c2287a45f8889c3973d2f0bb7fb5c7c",
            "translation": [
                -4.8399453,
                -6.556510925292969e-7,
                10.9061498
            ],
            "motion_type": "static"
        },
        {
            "template_name": "0a22539d08541604a273ac11a98fa07eafb88ed9",
            "translation": [
                -7.6540212,
                -1.7881393432617188e-7,
                3.3177442
            ],
            "rotation": [
                -0.626239,
                0.0,
                0.779631,
                0.0
            ],
            "motion_type": "static"
        },
        {
            "template_name": "17b51b1db09e0075356d6e7613ef0e16ab4e215d",
            "translation": [
                -3.1213333,
                -6.26780092716217e-7,
                10.5187854
            ],
            "motion_type": "static"
        },
        {
            "template_name": "ab3ba837dfdae2fec09cd2aacb84839c86a945c0",
            "translation": [
                -0.8168966,
                1.749999,
                9.7199869
            ],
            "rotation": [
                -0.5,
                -0.5,
                0.5,
                -0.4999999
            ],
            "motion_type": "static"
        },
        {
            "template_name": "c65b5e4533cf2fc2a8c145dddddfc79ba394c25a",
            "translation": [
                0.1769413,
                1.2999997,
                3.6098163
            ],
            "motion_type": "static"
        },
        {
            "template_name": "1ba2636c1bb5059bcddfbf12939ee974c077a98d",
            "translation": [
                -9.2507638,
                1.7500001,
                -3.103373
            ],
            "rotation": [
                0.0,
                0.0,
                0.7071068,
                -0.7071067
            ],
            "motion_type": "static"
        },
        {
            "template_name": "53317cc22d22eeb608e3cad7d45aa9c9153ed17b",
            "translation": [
                -6.0576066,
                0.4899994,
                5.5939617
            ],
            "rotation": [
                0.7071068,
                0.0,
                -0.7071067,
                0.0
            ],
            "motion_type": "static"
        },
        {
            "template_name": "695e49c5fe19b4a0e70078f755a2dece95533d86",
            "translation": [
                -8.866209,
                0.9100002,
                -3.1929428
            ],
            "rotation": [
                0.0,
                0.0,
                1.0,
                0.0
            ],
            "motion_type": "static"
        },
        {
            "template_name": "0db2d1c60b9537c53f18ccfdcbdb4a410835ef7d",
            "translation": [
                -5.8301768,
                2.7999992,
                5.6560425
            ],
            "rotation": [
                0.7071068,
                0.0,
                0.7071067,
                0.0
            ],
            "motion_type": "static",
            "non_uniform_scale": [
                0.9999998,
                1.7651356,
                0.9999998
            ]
        },
        {
            "template_name": "56729469c301c24738e425e052d52fa17a98099a",
            "translation": [
                -2.988698,
                -5.960464477539063e-8,
                1.0945731
            ],
            "rotation": [
                0.7086346,
                0.0,
                0.7055755,
                0.0
            ],
            "motion_type": "static",
            "non_uniform_scale": [
                0.316403,
                0.9999998,
                0.9999998
            ]
        },
        {
            "template_name": "56729469c301c24738e425e052d52fa17a98099a",
            "translation": [
                -0.8885061,
                -2.9802322387695315e-8,
                0.4186297
            ],
            "rotation": [
                0.7071068,
                0.0,
                0.7071067,
                0.0
            ],
            "motion_type": "static"
        },
        {
            "template_name": "6a5c779b2deee1af83e7d2f85605fe0a1d39f665",
            "translation": [
                -1.7888063,
                0.0,
                0.4188795
            ],
            "motion_type": "static"
        },
        {
            "template_name": "2cc02e49ce20336818af4a432db1b0252fce10aa",
            "translation": [
                -2.8391065,
                -2.9802322387695315e-8,
                0.5618795
            ],
            "rotation": [
                0.7071068,
                0.0,
                0.7071067,
                0.0
            ],
            "motion_type": "static"
        },
        {
            "template_name": "45bf38771653bbe7ab8eb75e55bf7facb685fe55",
            "translation": [
                -5.4726238,
                2.243,
                -5.089828
            ],
            "rotation": [
                0.0,
                0.0,
                0.7071068,
                -0.7071067
            ],
            "motion_type": "static"
        },
        {
            "template_name": "d926629f8641f3ec2cdc5d6b17fd74b4133aede8",
            "translation": [
                -6.4441146,
                -1.1920928955078126e-7,
                2.0780818
            ],
            "rotation": [
                0.7071068,
                0.0,
                -0.7071067,
                0.0
            ],
            "motion_type": "static"
        },
        {
            "template_name": "d926629f8641f3ec2cdc5d6b17fd74b4133aede8",
            "translation": [
                -6.4084835,
                -8.940696716308594e-8,
                1.3484375
            ],
            "rotation": [
                0.7071068,
                0.0,
                -0.7071067,
                0.0
            ],
            "motion_type": "static"
        },
        {
            "template_name": "20e953d79ec283791e4e2d5726f85986c9b0f4d6",
            "translation": [
                -6.9401826,
                -1.0151416063308716e-7,
                1.7027919
            ],
            "rotation": [
                0.7071068,
                0.0,
                0.7071067,
                0.0
            ],
            "motion_type": "static"
        },
        {
            "template_name": "666f8db2b1c76350279f68e357d4b9703e351e7d",
            "translation": [
                -4.0806031,
                -2.682209014892578e-7,
                4.3885149
            ],
            "motion_type": "static"
        },
        {
            "template_name": "666f8db2b1c76350279f68e357d4b9703e351e7d",
            "translation": [
                -4.7158384,
                -2.682209014892578e-7,
                4.411735
            ],
            "rotation": [
                0.990547,
                0.0,
                -0.1371732,
                0.0
            ],
            "motion_type": "static"
        },
        {
            "template_name": "666f8db2b1c76350279f68e357d4b9703e351e7d",
            "translation": [
                -3.4848954,
                -2.682209014892578e-7,
                4.3681282
            ],
            "rotation": [
                0.9807685,
                0.0,
                0.1951743,
                0.0
            ],
            "motion_type": "static"
        },
        {
            "template_name": "ed40273cbd12ff87551ca3cfcd6f1098d6aab3f2",
            "translation": [
                -3.9428958,
                -1.1920928955078126e-7,
                2.2373242
            ],
            "motion_type": "static",
            "non_uniform_scale": [
                0.9991673,
                0.9999998,
                0.9999998
            ]
        },
        {
            "template_name": "ed40273cbd12ff87551ca3cfcd6f1098d6aab3f2",
            "translation": [
                -4.9383955,
                -1.1920928955078126e-7,
                2.2373242
            ],
            "motion_type": "static",
            "non_uniform_scale": [
                0.316403,
                0.9999998,
                0.9999998
            ]
        },
        {
            "template_name": "f927a93bc2b01b15f8392dc97fd998cfac22f9bf",
            "translation": [
                -6.9583296,
                -1.6391277313232423e-7,
                2.6867291
            ],
            "motion_type": "static"
        },
        {
            "template_name": "f9bf8f78c76d99ddee527a0921a29087c76baa03",
            "translation": [
                -0.0243477,
                -1.7881393432617188e-7,
                3.0393061
            ],
            "rotation": [
                0.0,
                0.0,
                1.0,
                0.0
            ],
            "motion_type": "static"
        },
        {
            "template_name": "f9bf8f78c76d99ddee527a0921a29087c76baa03",
            "translation": [
                -5.8864574,
                1.7881393432617188e-7,
                -3.6420888
            ],
            "rotation": [
                0.7071068,
                0.0,
                0.7071067,
                0.0
            ],
            "motion_type": "static"
        },
        {
            "template_name": "bea1b3b9578d9e11486a9728976f34474ef3e671",
            "translation": [
                -2.2557091,
                0.6603992,
                6.8112349
            ],
            "rotation": [
                0.7071068,
                0.0,
                -0.7071067,
                0.0
            ],
            "motion_type": "static"
        },
        {
            "template_name": "1f2e2502feadd989b0e9a03c5e7eda0aac253f0c",
            "translation": [
                -5.0690851,
                1.749999,
                11.0933866
            ],
            "rotation": [
                0.4999999,
                0.4999999,
                0.5,
                -0.5
            ],
            "motion_type": "static"
        },
        {
            "template_name": "8083346ccbdd2b001e8e6e1c6e5c2a37e4774792",
            "translation": [
                -4.7079319,
                4.172325134277344e-7,
                -6.5375623
            ],
            "motion_type": "static"
        },
        {
            "template_name": "8083346ccbdd2b001e8e6e1c6e5c2a37e4774792",
            "translation": [
                -8.6774654,
                4.172325134277344e-7,
                -6.9370217
            ],
            "rotation": [
                0.0,
                0.0,
                1.0,
                0.0
            ],
            "motion_type": "static"
        },
        {
            "template_name": "d6f74ac26ab18691b1c20529a58fec8e9fae7179",
            "translation": [
                -0.1166564,
                1.9478094,
                3.4665863
            ],
            "rotation": [
                0.7071068,
                0.7071067,
                0.0,
                0.0
            ],
            "motion_type": "static"
        },
        {
            "template_name": "e65b74cf5cbb7c4230ef5601f522fdfa12a657a9",
            "translation": [
                -5.8540058,
                -3.2782554626464846e-7,
                5.620882
            ],
            "motion_type": "static"
        },
        {
            "template_name": "9a76ce3409cc8e02440a7c6be594bb2448c4dbdb",
            "translation": [
                -4.5773925,
                0.8999993,
                3.7542154
            ],
            "rotation": [
                0.0,
                0.0,
                1.0,
                0.0
            ],
            "motion_type": "static"
        },
        {
            "template_name": "7d3bdbe0c532cf9be2a14e840bbf2b74223d125b",
            "translation": [
                -1.9441796,
                2.999999,
                10.636012
            ],
            "rotation": [
                0.7071068,
                0.0,
                -0.7071067,
                0.0
            ],
            "motion_type": "static",
            "non_uniform_scale": [
                0.9999998,
                0.9779266,
                0.9999998
            ]
        },
        {
            "template_name": "2e67550ebfbba75f09dc42129dbfee02648e56df",
            "translation": [
                -4.5720367,
                2.1831996,
                1.9370744
            ],
            "rotation": [
                0.7071068,
                0.7071067,
                0.0,
                0.0
            ],
            "motion_type": "static"
        },
        {
            "template_name": "788e63cec20d106f6660908b1bc0326225650564",
            "translation": [
                -6.6737732,
                -7.152557373046875e-7,
                11.7417545
            ],
            "motion_type": "static",
            "non_uniform_scale": [
                1.3425829,
                0.9999998,
                0.9999998
            ]
        },
        {
            "template_name": "4e74376ca5c86ab82bd86383f3551ab23f2d6c34",
            "translation": [
                -4.5431456,
                -1.4901161193847657e-7,
                2.2562544
            ],
            "motion_type": "static"
        },
        {
            "template_name": "08705ce22129b92cd98a3757e6cad950c2b15689",
            "translation": [
                -0.4038203,
                0.7499998,
                1.6832535
            ],
            "motion_type": "static"
        },
        {
            "template_name": "81222d2540321a5f3bab53c38a4605b0990b5800",
            "translation": [
                -5.258624,
                1.1920928955078126e-7,
                -2.2121367
            ],
            "motion_type": "static"
        },
        {
            "template_name": "39a8ddddb8540cb21cd969801404ba184d628d3e",
            "translation": [
                -5.5631275,
                2.384185791015625e-7,
                -4.7107276
            ],
            "motion_type": "static"
        },
        {
            "template_name": "777d1748a60d9b3ae52ad799aa0e215fd22715c6_part_13",
            "translation": [
                -1.0201411,
                -0.0000115,
                9.7256517
            ],
            "rotation": [
                0.7071068,
                0.0,
                -0.7071067,
                0.0
            ],
            "motion_type": "static"
        },
        {
            "template_name": "cf3140a9b17b1de888dc3670dd00799488566d19",
            "translation": [
                -6.5581793,
                0.0,
                -0.2680445
            ],
            "rotation": [
                0.0,
                0.0,
                1.0,
                0.0
            ],
            "motion_type": "static",
            "non_uniform_scale": [
                1.0,
                1.2500623,
                1.5146522
            ]
        },
        {
            "template_name": "a970452b24bb12f850799e2ccc1e4080f7965073",
            "translation": [
                -6.9435005,
                -8.940696716308594e-8,
                1.7464946
            ],
            "rotation": [
                0.7071068,
                0.0,
                -0.7071067,
                0.0
            ],
            "motion_type": "static"
        },
        {
            "template_name": "fe3175f522dfcfe3d206c6d9bcc80f60790360fd",
            "translation": [
                -7.6658372,
                -4.76837158203125e-7,
                8.3541355
            ],
            "rotation": [
                0.7071068,
                0.0,
                0.7071067,
                0.0
            ],
            "motion_type": "static"
        },
        {
            "template_name": "fe3175f522dfcfe3d206c6d9bcc80f60790360fd",
            "translation": [
                -5.6131653,
                -5.960464477539063e-7,
                10.7058238
            ],
            "rotation": [
                0.7071068,
                0.0,
                0.7071067,
                0.0
            ],
            "motion_type": "static"
        },
        {
            "template_name": "4c3cae6a9e8e4139436996a6211cfb2d0e069e4d",
            "translation": [
                -0.9783598,
                -3.2782554626464846e-7,
                5.2698488
            ],
            "rotation": [
                -0.5432357,
                0.0,
                0.8395801,
                0.0
            ],
            "motion_type": "static"
        },
        {
            "template_name": "27d661807e2557df6013a7c6af3810cc8d04a3ef",
            "translation": [
                -6.8037567,
                -5.662441253662109e-7,
                9.3714218
            ],
            "rotation": [
                0.4146932,
                0.0,
                0.9099612,
                0.0
            ],
            "motion_type": "static"
        },
        {
            "template_name": "4d0d1dede018e0f60ea2fa46b24ab0ab313c3cd9",
            "translation": [
                -0.800257,
                -3.348104655742645e-7,
                5.616672
            ],
            "rotation": [
                0.6983878,
                0.0,
                0.7157195,
                0.0
            ],
            "motion_type": "static"
        },
        {
            "template_name": "1855c313ca1e3d7ea862bfef2366a95a18e676d9",
            "translation": [
                -5.6450443,
                -3.3155083656311037e-7,
                5.5701904
            ],
            "rotation": [
                0.1118953,
                0.0,
                0.9937198,
                0.0
            ],
            "motion_type": "static"
        },
        {
            "template_name": "c736c169b54e8dc960ce50b9ad8bb4c77f7a316f",
            "translation": [
                0.7505663,
                -5.168840289115906e-7,
                8.6775083
            ],
            "rotation": [
                0.7071068,
                0.0,
                0.7071067,
                0.0
            ],
            "motion_type": "static"
        },
        {
            "template_name": "b603d314f93de8bf2a5aaf7821bdafbce1a2c8c1",
            "translation": [
                -2.2209057,
                -3.2782554626464846e-7,
                5.7151651
            ],
            "rotation": [
                0.7071068,
                0.0,
                -0.7071067,
                0.0
            ],
            "motion_type": "static",
            "non_uniform_scale": [
                1.4586527,
                0.9999998,
                0.9999998
            ]
        },
        {
            "template_name": "9fbbbfc58e5cafbc27a31069808cf168cf2d7a78",
            "translation": [
                -1.2725186,
                -2.384185791015625e-7,
                3.7919149
            ],
            "rotation": [
                0.0,
                0.0,
                1.0,
                0.0
            ],
            "motion_type": "static"
        },
        {
            "template_name": "f564f2a2e73741e74899b75e16df4d8555a0cae3",
            "translation": [
                -2.2910857,
                0.6603996,
                4.6697444
            ],
            "rotation": [
                0.7071068,
                0.0,
                0.7071067,
                0.0
            ],
            "motion_type": "static"
        },
        {
            "template_name": "243ac5fe74cc8d66973e785706f9dbd10eb917a7",
            "translation": [
                -1.8421454,
                1.5546095,
                5.3215909
            ],
            "rotation": [
                0.4999999,
                0.4999999,
                0.5,
                -0.5
            ],
            "motion_type": "static"
        },
        {
            "template_name": "26a76b60101ffe3fda929b39ab9969826b8b47ee",
            "translation": [
                -4.710504,
                1.7500001,
                -2.8091113
            ],
            "rotation": [
                0.4999999,
                0.4999999,
                0.5,
                -0.5
            ],
            "motion_type": "static"
        },
        {
            "template_name": "3539c2e8efccc5af37dae758e6fee50078e7c822",
            "translation": [
                -6.9153971,
                0.2999999,
                0.1436295
            ],
            "motion_type": "static"
        },
        {
            "template_name": "4297ba21cc4badbbf54b3386161fc2c7a12d0c71",
            "translation": [
                -8.137084,
                1.7416193,
                5.6779093
            ],
            "rotation": [
                0.4999999,
                0.4999999,
                0.5,
                -0.5
            ],
            "motion_type": "static"
        },
        {
            "template_name": "9874af0abd9049eaae384bb10215f8f45d2e71b8",
            "translation": [
                -7.3304338,
                -2.384185791015625e-7,
                3.8055531
            ],
            "rotation": [
                0.0,
                0.0,
                1.0,
                0.0
            ],
            "motion_type": "static"
        },
        {
            "template_name": "d19a110579145ade0ca988b02b7db98c48429c5a",
            "translation": [
                -1.9921456,
                1.5762794,
                6.0912909
            ],
            "rotation": [
                -0.5,
                -0.5,
                0.5,
                -0.4999999
            ],
            "motion_type": "static"
        },
        {
            "template_name": "6a514c0cc9c67fb22470df637dc9d16ff6637fd7",
            "translation": [
                -6.9683504,
                0.9099998,
                1.6445188
            ],
            "rotation": [
                0.7071068,
                0.0,
                0.7071067,
                0.0
            ],
            "motion_type": "static"
        },
        {
            "template_name": "1a7513d398bb2bc4816b947c7d0610d0082662d2",
            "translation": [
                -7.2813458,
                -3.2782554626464846e-7,
                5.5937762
            ],
            "rotation": [
                0.7071068,
                0.0,
                0.7071067,
                0.0
            ],
            "motion_type": "static"
        },
        {
            "template_name": "3754-18",
            "translation": [
                -10.3698568,
                1.5499999,
                -4.7925429
            ],
            "rotation": [
                0.7071068,
                0.0,
                -0.7071067,
                0.0
            ],
            "motion_type": "static",
            "non_uniform_scale": [
                -0.9999998,
                0.9999998,
                0.9999998
            ]
        },
        {
            "template_name": "201-2",
            "translation": [
                -3.3641064,
                1.1200002,
                -4.4683766
            ],
            "rotation": [
                0.7071068,
                0.0,
                -0.7071067,
                0.0
            ],
            "motion_type": "static",
            "non_uniform_scale": [
                -0.9999998,
                0.9999998,
                0.9999998
            ]
        },
        {
            "template_name": "3754-0",
            "translation": [
                -3.6211471,
                1.5499991,
                11.7111291
            ],
            "rotation": [
                0.0,
                0.0,
                1.0,
                0.0
            ],
            "motion_type": "static",
            "non_uniform_scale": [
                -1.0,
                0.9999998,
                0.9999998
            ]
        },
        {
            "template_name": "3754-0",
            "translation": [
                -2.5249862,
                1.5499991,
                11.7111291
            ],
            "rotation": [
                0.0,
                0.0,
                1.0,
                0.0
            ],
            "motion_type": "static",
            "non_uniform_scale": [
                -1.0,
                0.9999998,
                0.9999998
            ]
        },
        {
            "template_name": "3754-0",
            "translation": [
                -8.2121038,
                1.5499998,
                1.3644881
            ],
            "rotation": [
                0.7071068,
                0.0,
                -0.7071067,
                0.0
            ],
            "motion_type": "static",
            "non_uniform_scale": [
                -0.9999998,
                0.9999998,
                0.9999998
            ]
        },
        {
            "template_name": "3754-0",
            "translation": [
                -8.2121038,
                1.5499997,
                2.5485179
            ],
            "rotation": [
                0.7071068,
                0.0,
                -0.7071067,
                0.0
            ],
            "motion_type": "static",
            "non_uniform_scale": [
                -0.9999998,
                0.9999998,
                0.9999998
            ]
        },
        {
            "template_name": "208-18",
            "translation": [
                -6.0967283,
                1.3199994,
                7.2393364
            ],
            "rotation": [
                0.0,
                0.0,
                1.0,
                0.0
            ],
            "motion_type": "static",
            "non_uniform_scale": [
                -1.0,
                0.9999998,
                0.9999998
            ]
        },
        {
            "template_name": "5775-42",
            "translation": [
                -7.5508308,
                1.3199994,
                7.2393364
            ],
            "rotation": [
                0.0,
                0.0,
                1.0,
                0.0
            ],
            "motion_type": "static",
            "non_uniform_scale": [
                -1.0,
                0.9999998,
                0.9999998
            ]
        },
        {
            "template_name": "3754-0",
            "translation": [
                0.1883537,
                1.5499992,
                10.3212299
            ],
            "rotation": [
                0.0,
                0.0,
                1.0,
                0.0
            ],
            "motion_type": "static",
            "non_uniform_scale": [
                -1.0,
                0.9999998,
                0.9999998
            ]
        },
        {
            "template_name": "3754-0",
            "translation": [
                0.4103299,
                1.5499993,
                5.9037718
            ],
            "rotation": [
                0.7071067,
                0.0,
                0.7071067,
                0.0
            ],
            "motion_type": "static",
            "non_uniform_scale": [
                -0.9999998,
                0.9999998,
                0.9999998
            ]
        }
    ],
    "articulated_object_instances": [],
    "stage_instance": {
        "template_name": "stages/107734449_176000403",
        "motion_type": "static"
    },
    "pbr_shader_region_configs": {},
    "user_defined": {
        "scene_filter_file": "scene_filter_files/107734449_176000403.rec_filter.json"
    }
}