{"translation_origin": "asset_local", "default_lighting": "", "navmesh_instance": "", "semantic_scene_instance": "hssd_ssd_map", "default_pbr_shader_config": "./data/default.pbr_config.json", "object_instances": [{"template_name": "2c03c49eca6d2a781ab93c5f2ab899c9a35b7f32", "translation": [-15.4368591, -3.5762786865234375e-07, 6.0951447], "rotation": [0.7071068, 0.0, 0.7071067, 0.0], "motion_type": "static"}, {"template_name": "2c03c49eca6d2a781ab93c5f2ab899c9a35b7f32", "translation": [-14.5349864, -3.427267074584961e-07, 5.7601146], "rotation": [0.0, 0.0, 1.0, 0.0], "motion_type": "static"}, {"template_name": "2c03c49eca6d2a781ab93c5f2ab899c9a35b7f32", "translation": [-14.5349864, -4.470348358154297e-07, 7.4162216], "rotation": [0.7071068, 0.0, -0.7071067, 0.0], "motion_type": "static"}, {"template_name": "2c03c49eca6d2a781ab93c5f2ab899c9a35b7f32", "translation": [-19.1644363, -4.470348358154297e-07, 7.4162216], "rotation": [0.7071068, 0.0, -0.7071067, 0.0], "motion_type": "static"}, {"template_name": "2c03c49eca6d2a781ab93c5f2ab899c9a35b7f32", "translation": [-19.1644363, -4.172325134277344e-07, 7.0811915], "rotation": [0.7071068, 0.0, -0.7071067, 0.0], "motion_type": "static"}, {"template_name": "2c03c49eca6d2a781ab93c5f2ab899c9a35b7f32", "translation": [-19.1644363, -3.427267074584961e-07, 5.7601146], "rotation": [0.7071068, 0.0, -0.7071067, 0.0], "motion_type": "static"}, {"template_name": "3a39fbaa3a1f5408939395df2f31a92585de0612", "translation": [-23.6165256, 1.0274391, 10.8423423], "rotation": [0.0, 0.0, 0.7071068, -0.7071067], "motion_type": "static"}, {"template_name": "f1ccc58e979988553a1aadf6e4e497ae3b2652a4", "translation": [-8.763339, 2.0436096, 4.6052956], "rotation": [0.0, 0.0, 0.7071068, -0.7071067], "motion_type": "static"}, {"template_name": "526fc1c9d3afad57d1033753c6d74f892f8f2c2f", "translation": [-24.7662181, 1.0399992, 10.8426322], "rotation": [0.0, 0.0, 0.7071068, -0.7071067], "motion_type": "static"}, {"template_name": "8a042c83502854ccd12ff65ca73cc273f8a1c7e5_part_1", "translation": [-23.539215, -0.0002439, -2.8062763], "rotation": [0.0, 0.0, 1.0, 0.0], "motion_type": "static"}, {"template_name": "8a042c83502854ccd12ff65ca73cc273f8a1c7e5_part_1", "translation": [-22.9267864, -0.0002437, -3.3538961], "rotation": [0.7071067, 0.0, 0.7071068, 0.0], "motion_type": "static"}, {"template_name": "8a042c83502854ccd12ff65ca73cc273f8a1c7e5_part_1", "translation": [-22.1624126, -0.0002437, -3.3538959], "rotation": [0.7071067, 0.0, 0.7071068, 0.0], "motion_type": "static"}, {"template_name": "8a042c83502854ccd12ff65ca73cc273f8a1c7e5_part_1", "translation": [-21.5668716, -0.0002439, -2.8064453], "motion_type": "static"}, {"template_name": "8a042c83502854ccd12ff65ca73cc273f8a1c7e5_part_1", "translation": [-22.1622447, -0.0002439, -2.258825], "rotation": [0.7071068, 0.0, -0.7071065, 0.0], "motion_type": "static"}, {"template_name": "8a042c83502854ccd12ff65ca73cc273f8a1c7e5_part_1", "translation": [-22.9266185, -0.0002439, -2.258825], "rotation": [0.7071068, 0.0, -0.7071067, 0.0], "motion_type": "static"}, {"template_name": "8a042c83502854ccd12ff65ca73cc273f8a1c7e5_part_19", "translation": [-22.3411102, 0.699091, -3.1448907], "rotation": [0.0, 0.0, 1.0, 0.0], "motion_type": "static"}, {"template_name": "8a042c83502854ccd12ff65ca73cc273f8a1c7e5_part_19", "translation": [-23.1038265, 0.6990907, -3.1361892], "rotation": [0.0, 0.0, 1.0, 0.0], "motion_type": "static"}, {"template_name": "8a042c83502854ccd12ff65ca73cc273f8a1c7e5_part_19", "translation": [-23.3782157, 0.6990908, -2.5756673], "rotation": [-0.7071067, 0.0, 0.7071068, 0.0], "motion_type": "static"}, {"template_name": "8a042c83502854ccd12ff65ca73cc273f8a1c7e5_part_19", "translation": [-22.7507648, 0.6990908, -2.4698832], "motion_type": "static"}, {"template_name": "8a042c83502854ccd12ff65ca73cc273f8a1c7e5_part_19", "translation": [-21.9760513, 0.6990908, -2.4698832], "motion_type": "static"}, {"template_name": "8a042c83502854ccd12ff65ca73cc273f8a1c7e5_part_19", "translation": [-21.7243595, 0.699091, -3.0562887], "rotation": [0.7071067, 0.0, 0.7071067, 0.0], "motion_type": "static"}, {"template_name": "8a042c83502854ccd12ff65ca73cc273f8a1c7e5_part_37", "translation": [-22.5459861, 0.4566164, -2.806643], "rotation": [0.0, 0.0, 1.0, 0.0], "motion_type": "static"}, {"template_name": "8a042c83502854ccd12ff65ca73cc273f8a1c7e5_part_38", "translation": [-22.54607, 5.364418029785156e-07, -2.8059117], "rotation": [0.0, 0.0, 1.0, 0.0], "motion_type": "static"}, {"template_name": "8a042c83502854ccd12ff65ca73cc273f8a1c7e5_part_1", "translation": [-26.3609237, -0.0002439, -2.795149], "rotation": [0.0, 0.0, 1.0, 0.0], "motion_type": "static"}, {"template_name": "8a042c83502854ccd12ff65ca73cc273f8a1c7e5_part_1", "translation": [-25.7484951, -0.0002437, -3.3427689], "rotation": [0.7071067, 0.0, 0.7071068, 0.0], "motion_type": "static"}, {"template_name": "8a042c83502854ccd12ff65ca73cc273f8a1c7e5_part_1", "translation": [-24.9841213, -0.0002437, -3.3427686], "rotation": [0.7071067, 0.0, 0.7071068, 0.0], "motion_type": "static"}, {"template_name": "8a042c83502854ccd12ff65ca73cc273f8a1c7e5_part_1", "translation": [-24.3885803, -0.0002439, -2.7953181], "motion_type": "static"}, {"template_name": "8a042c83502854ccd12ff65ca73cc273f8a1c7e5_part_1", "translation": [-24.9839534, -0.0002439, -2.2476978], "rotation": [0.7071068, 0.0, -0.7071065, 0.0], "motion_type": "static"}, {"template_name": "8a042c83502854ccd12ff65ca73cc273f8a1c7e5_part_1", "translation": [-25.7483272, -0.0002439, -2.2476978], "rotation": [0.7071068, 0.0, -0.7071067, 0.0], "motion_type": "static"}, {"template_name": "8a042c83502854ccd12ff65ca73cc273f8a1c7e5_part_19", "translation": [-25.1628189, 0.699091, -3.1337635], "rotation": [0.0, 0.0, 1.0, 0.0], "motion_type": "static"}, {"template_name": "8a042c83502854ccd12ff65ca73cc273f8a1c7e5_part_19", "translation": [-25.9255352, 0.6990907, -3.1250619], "rotation": [0.0, 0.0, 1.0, 0.0], "motion_type": "static"}, {"template_name": "8a042c83502854ccd12ff65ca73cc273f8a1c7e5_part_19", "translation": [-26.1999244, 0.6990908, -2.5645401], "rotation": [-0.7071067, 0.0, 0.7071068, 0.0], "motion_type": "static"}, {"template_name": "8a042c83502854ccd12ff65ca73cc273f8a1c7e5_part_19", "translation": [-25.5724735, 0.6990908, -2.4587559], "motion_type": "static"}, {"template_name": "8a042c83502854ccd12ff65ca73cc273f8a1c7e5_part_19", "translation": [-24.79776, 0.6990908, -2.4587559], "motion_type": "static"}, {"template_name": "8a042c83502854ccd12ff65ca73cc273f8a1c7e5_part_19", "translation": [-24.5460681, 0.699091, -3.0451614], "rotation": [0.7071067, 0.0, 0.7071067, 0.0], "motion_type": "static"}, {"template_name": "8a042c83502854ccd12ff65ca73cc273f8a1c7e5_part_37", "translation": [-25.3676948, 0.4566164, -2.7955157], "rotation": [0.0, 0.0, 1.0, 0.0], "motion_type": "static"}, {"template_name": "8a042c83502854ccd12ff65ca73cc273f8a1c7e5_part_38", "translation": [-25.3677787, 5.364418029785156e-07, -2.7947845], "rotation": [0.0, 0.0, 1.0, 0.0], "motion_type": "static"}, {"template_name": "8a042c83502854ccd12ff65ca73cc273f8a1c7e5_part_1", "translation": [-28.961071, -0.0002439, -2.744457], "rotation": [0.0, 0.0, 1.0, 0.0], "motion_type": "static"}, {"template_name": "8a042c83502854ccd12ff65ca73cc273f8a1c7e5_part_1", "translation": [-28.3486423, -0.0002437, -3.2920768], "rotation": [0.7071067, 0.0, 0.7071068, 0.0], "motion_type": "static"}, {"template_name": "8a042c83502854ccd12ff65ca73cc273f8a1c7e5_part_1", "translation": [-27.5842685, -0.0002437, -3.2920765], "rotation": [0.7071067, 0.0, 0.7071068, 0.0], "motion_type": "static"}, {"template_name": "8a042c83502854ccd12ff65ca73cc273f8a1c7e5_part_1", "translation": [-26.9887275, -0.0002439, -2.744626], "motion_type": "static"}, {"template_name": "8a042c83502854ccd12ff65ca73cc273f8a1c7e5_part_1", "translation": [-27.5841007, -0.0002439, -2.1970057], "rotation": [0.7071068, 0.0, -0.7071065, 0.0], "motion_type": "static"}, {"template_name": "8a042c83502854ccd12ff65ca73cc273f8a1c7e5_part_1", "translation": [-28.3484745, -0.0002439, -2.1970057], "rotation": [0.7071068, 0.0, -0.7071067, 0.0], "motion_type": "static"}, {"template_name": "8a042c83502854ccd12ff65ca73cc273f8a1c7e5_part_19", "translation": [-27.7629661, 0.699091, -3.0830714], "rotation": [0.0, 0.0, 1.0, 0.0], "motion_type": "static"}, {"template_name": "8a042c83502854ccd12ff65ca73cc273f8a1c7e5_part_19", "translation": [-28.5256824, 0.6990907, -3.0743699], "rotation": [0.0, 0.0, 1.0, 0.0], "motion_type": "static"}, {"template_name": "8a042c83502854ccd12ff65ca73cc273f8a1c7e5_part_19", "translation": [-28.8000717, 0.6990908, -2.513848], "rotation": [-0.7071067, 0.0, 0.7071068, 0.0], "motion_type": "static"}, {"template_name": "8a042c83502854ccd12ff65ca73cc273f8a1c7e5_part_19", "translation": [-28.1726207, 0.6990908, -2.4080638], "motion_type": "static"}, {"template_name": "8a042c83502854ccd12ff65ca73cc273f8a1c7e5_part_19", "translation": [-27.3979072, 0.6990908, -2.4080638], "motion_type": "static"}, {"template_name": "8a042c83502854ccd12ff65ca73cc273f8a1c7e5_part_19", "translation": [-27.1462154, 0.699091, -2.9944694], "rotation": [0.7071067, 0.0, 0.7071067, 0.0], "motion_type": "static"}, {"template_name": "8a042c83502854ccd12ff65ca73cc273f8a1c7e5_part_37", "translation": [-27.9678421, 0.4566164, -2.7448236], "rotation": [0.0, 0.0, 1.0, 0.0], "motion_type": "static"}, {"template_name": "8a042c83502854ccd12ff65ca73cc273f8a1c7e5_part_38", "translation": [-27.967926, 5.364418029785156e-07, -2.7440924], "rotation": [0.0, 0.0, 1.0, 0.0], "motion_type": "static"}, {"template_name": "8a042c83502854ccd12ff65ca73cc273f8a1c7e5_part_1", "translation": [-30.1764259, -0.0002439, -1.4441293], "rotation": [0.7071068, 0.0, 0.7071067, 0.0], "motion_type": "static"}, {"template_name": "8a042c83502854ccd12ff65ca73cc273f8a1c7e5_part_1", "translation": [-29.628807, -0.0002439, -0.831701], "motion_type": "static"}, {"template_name": "8a042c83502854ccd12ff65ca73cc273f8a1c7e5_part_1", "translation": [-29.628807, -0.000244, -0.0673272], "motion_type": "static"}, {"template_name": "8a042c83502854ccd12ff65ca73cc273f8a1c7e5_part_1", "translation": [-30.176258, -0.000244, 0.5282143], "rotation": [-0.7071067, 0.0, 0.7071068, 0.0], "motion_type": "static"}, {"template_name": "8a042c83502854ccd12ff65ca73cc273f8a1c7e5_part_1", "translation": [-30.7238769, -0.000244, -0.0671584], "rotation": [0.0, 0.0, 1.0, 0.0], "motion_type": "static"}, {"template_name": "8a042c83502854ccd12ff65ca73cc273f8a1c7e5_part_1", "translation": [-30.7238769, -0.000244, -0.8315324], "rotation": [0.0, 0.0, 1.0, 0.0], "motion_type": "static"}, {"template_name": "8a042c83502854ccd12ff65ca73cc273f8a1c7e5_part_19", "translation": [-29.8378124, 0.6990907, -0.2460231], "rotation": [0.7071068, 0.0, 0.7071067, 0.0], "motion_type": "static"}, {"template_name": "8a042c83502854ccd12ff65ca73cc273f8a1c7e5_part_19", "translation": [-29.8465137, 0.6990906, -1.0087404], "rotation": [0.7071067, 0.0, 0.7071068, 0.0], "motion_type": "static"}, {"template_name": "8a042c83502854ccd12ff65ca73cc273f8a1c7e5_part_19", "translation": [-30.4070358, 0.6990907, -1.2831292], "rotation": [0.0, 0.0, 1.0, 0.0], "motion_type": "static"}, {"template_name": "8a042c83502854ccd12ff65ca73cc273f8a1c7e5_part_19", "translation": [-30.5128192, 0.6990907, -0.6556785], "rotation": [-0.7071065, 0.0, 0.7071068, 0.0], "motion_type": "static"}, {"template_name": "8a042c83502854ccd12ff65ca73cc273f8a1c7e5_part_19", "translation": [-30.5128192, 0.6990907, 0.1190342], "rotation": [0.7071068, 0.0, -0.7071067, 0.0], "motion_type": "static"}, {"template_name": "8a042c83502854ccd12ff65ca73cc273f8a1c7e5_part_19", "translation": [-29.9264144, 0.6990907, 0.3707264], "motion_type": "static"}, {"template_name": "8a042c83502854ccd12ff65ca73cc273f8a1c7e5_part_37", "translation": [-30.1760597, 0.4566163, -0.4509004], "rotation": [0.7071068, 0.0, 0.7071067, 0.0], "motion_type": "static"}, {"template_name": "8a042c83502854ccd12ff65ca73cc273f8a1c7e5_part_38", "translation": [-30.1767902, 4.172325134277344e-07, -0.4509842], "rotation": [0.7071068, 0.0, 0.7071067, 0.0], "motion_type": "static"}, {"template_name": "8a042c83502854ccd12ff65ca73cc273f8a1c7e5_part_1", "translation": [-27.4907226, -0.000244, -0.7524883], "rotation": [0.7071068, 0.0, 0.7071067, 0.0], "motion_type": "static"}, {"template_name": "8a042c83502854ccd12ff65ca73cc273f8a1c7e5_part_1", "translation": [-26.9431037, -0.000244, -0.1400602], "motion_type": "static"}, {"template_name": "8a042c83502854ccd12ff65ca73cc273f8a1c7e5_part_1", "translation": [-26.9431037, -0.000244, 0.6243137], "motion_type": "static"}, {"template_name": "8a042c83502854ccd12ff65ca73cc273f8a1c7e5_part_1", "translation": [-27.4905548, -0.000244, 1.2198554], "rotation": [-0.7071067, 0.0, 0.7071068, 0.0], "motion_type": "static"}, {"template_name": "8a042c83502854ccd12ff65ca73cc273f8a1c7e5_part_1", "translation": [-28.0381736, -0.000244, 0.6244823], "rotation": [0.0, 0.0, 1.0, 0.0], "motion_type": "static"}, {"template_name": "8a042c83502854ccd12ff65ca73cc273f8a1c7e5_part_1", "translation": [-28.0381736, -0.000244, -0.1398914], "rotation": [0.0, 0.0, 1.0, 0.0], "motion_type": "static"}, {"template_name": "8a042c83502854ccd12ff65ca73cc273f8a1c7e5_part_19", "translation": [-27.1521091, 0.6990907, 0.4456177], "rotation": [0.7071068, 0.0, 0.7071067, 0.0], "motion_type": "static"}, {"template_name": "8a042c83502854ccd12ff65ca73cc273f8a1c7e5_part_19", "translation": [-27.1608104, 0.6990906, -0.3170993], "rotation": [0.7071067, 0.0, 0.7071068, 0.0], "motion_type": "static"}, {"template_name": "8a042c83502854ccd12ff65ca73cc273f8a1c7e5_part_19", "translation": [-27.7213325, 0.6990907, -0.5914881], "rotation": [0.0, 0.0, 1.0, 0.0], "motion_type": "static"}, {"template_name": "8a042c83502854ccd12ff65ca73cc273f8a1c7e5_part_19", "translation": [-27.827116, 0.6990907, 0.0359622], "rotation": [-0.7071065, 0.0, 0.7071068, 0.0], "motion_type": "static"}, {"template_name": "8a042c83502854ccd12ff65ca73cc273f8a1c7e5_part_19", "translation": [-27.827116, 0.6990907, 0.8106752], "rotation": [0.7071068, 0.0, -0.7071067, 0.0], "motion_type": "static"}, {"template_name": "8a042c83502854ccd12ff65ca73cc273f8a1c7e5_part_19", "translation": [-27.2407112, 0.6990907, 1.0623674], "motion_type": "static"}, {"template_name": "8a042c83502854ccd12ff65ca73cc273f8a1c7e5_part_37", "translation": [-27.4903564, 0.4566163, 0.2407404], "rotation": [0.7071068, 0.0, 0.7071067, 0.0], "motion_type": "static"}, {"template_name": "8a042c83502854ccd12ff65ca73cc273f8a1c7e5_part_38", "translation": [-27.4910869, 3.5762786865234375e-07, 0.2406567], "rotation": [0.7071068, 0.0, 0.7071067, 0.0], "motion_type": "static"}, {"template_name": "8a042c83502854ccd12ff65ca73cc273f8a1c7e5_part_1", "translation": [-25.4252605, -0.000244, -0.7445753], "rotation": [0.7071068, 0.0, 0.7071067, 0.0], "motion_type": "static"}, {"template_name": "8a042c83502854ccd12ff65ca73cc273f8a1c7e5_part_1", "translation": [-24.8776416, -0.000244, -0.1321471], "motion_type": "static"}, {"template_name": "8a042c83502854ccd12ff65ca73cc273f8a1c7e5_part_1", "translation": [-24.8776416, -0.000244, 0.6322265], "motion_type": "static"}, {"template_name": "8a042c83502854ccd12ff65ca73cc273f8a1c7e5_part_1", "translation": [-25.4250926, -0.000244, 1.2277684], "rotation": [-0.7071067, 0.0, 0.7071068, 0.0], "motion_type": "static"}, {"template_name": "8a042c83502854ccd12ff65ca73cc273f8a1c7e5_part_1", "translation": [-25.9727115, -0.000244, 0.6323953], "rotation": [0.0, 0.0, 1.0, 0.0], "motion_type": "static"}, {"template_name": "8a042c83502854ccd12ff65ca73cc273f8a1c7e5_part_1", "translation": [-25.9727115, -0.000244, -0.1319783], "rotation": [0.0, 0.0, 1.0, 0.0], "motion_type": "static"}, {"template_name": "8a042c83502854ccd12ff65ca73cc273f8a1c7e5_part_19", "translation": [-25.086647, 0.6990907, 0.4535306], "rotation": [0.7071068, 0.0, 0.7071067, 0.0], "motion_type": "static"}, {"template_name": "8a042c83502854ccd12ff65ca73cc273f8a1c7e5_part_19", "translation": [-25.0953483, 0.6990906, -0.3091863], "rotation": [0.7071067, 0.0, 0.7071068, 0.0], "motion_type": "static"}, {"template_name": "8a042c83502854ccd12ff65ca73cc273f8a1c7e5_part_19", "translation": [-25.6558704, 0.6990907, -0.5835753], "rotation": [0.0, 0.0, 1.0, 0.0], "motion_type": "static"}, {"template_name": "8a042c83502854ccd12ff65ca73cc273f8a1c7e5_part_19", "translation": [-25.7616539, 0.6990907, 0.0438752], "rotation": [-0.7071065, 0.0, 0.7071068, 0.0], "motion_type": "static"}, {"template_name": "8a042c83502854ccd12ff65ca73cc273f8a1c7e5_part_19", "translation": [-25.7616539, 0.6990907, 0.8185881], "rotation": [0.7071068, 0.0, -0.7071067, 0.0], "motion_type": "static"}, {"template_name": "8a042c83502854ccd12ff65ca73cc273f8a1c7e5_part_19", "translation": [-25.175249, 0.6990907, 1.0702804], "motion_type": "static"}, {"template_name": "8a042c83502854ccd12ff65ca73cc273f8a1c7e5_part_37", "translation": [-25.4248943, 0.4566163, 0.2486532], "rotation": [0.7071068, 0.0, 0.7071067, 0.0], "motion_type": "static"}, {"template_name": "8a042c83502854ccd12ff65ca73cc273f8a1c7e5_part_38", "translation": [-25.4256248, 3.5762786865234375e-07, 0.2485695], "rotation": [0.7071068, 0.0, 0.7071067, 0.0], "motion_type": "static"}, {"template_name": "8a042c83502854ccd12ff65ca73cc273f8a1c7e5_part_1", "translation": [-23.4200687, -0.000244, -0.7413609], "rotation": [0.7071068, 0.0, 0.7071067, 0.0], "motion_type": "static"}, {"template_name": "8a042c83502854ccd12ff65ca73cc273f8a1c7e5_part_1", "translation": [-22.8724498, -0.000244, -0.1289328], "motion_type": "static"}, {"template_name": "8a042c83502854ccd12ff65ca73cc273f8a1c7e5_part_1", "translation": [-22.8724498, -0.000244, 0.635441], "motion_type": "static"}, {"template_name": "8a042c83502854ccd12ff65ca73cc273f8a1c7e5_part_1", "translation": [-23.4199008, -0.000244, 1.2309826], "rotation": [-0.7071067, 0.0, 0.7071068, 0.0], "motion_type": "static"}, {"template_name": "8a042c83502854ccd12ff65ca73cc273f8a1c7e5_part_1", "translation": [-23.9675197, -0.000244, 0.6356098], "rotation": [0.0, 0.0, 1.0, 0.0], "motion_type": "static"}, {"template_name": "8a042c83502854ccd12ff65ca73cc273f8a1c7e5_part_1", "translation": [-23.9675197, -0.000244, -0.128764], "rotation": [0.0, 0.0, 1.0, 0.0], "motion_type": "static"}, {"template_name": "8a042c83502854ccd12ff65ca73cc273f8a1c7e5_part_19", "translation": [-23.0814552, 0.6990907, 0.456745], "rotation": [0.7071068, 0.0, 0.7071067, 0.0], "motion_type": "static"}, {"template_name": "8a042c83502854ccd12ff65ca73cc273f8a1c7e5_part_19", "translation": [-23.0901565, 0.6990906, -0.305972], "rotation": [0.7071067, 0.0, 0.7071068, 0.0], "motion_type": "static"}, {"template_name": "8a042c83502854ccd12ff65ca73cc273f8a1c7e5_part_19", "translation": [-23.6506786, 0.6990907, -0.5803607], "rotation": [0.0, 0.0, 1.0, 0.0], "motion_type": "static"}, {"template_name": "8a042c83502854ccd12ff65ca73cc273f8a1c7e5_part_19", "translation": [-23.756462, 0.6990907, 0.0470896], "rotation": [-0.7071065, 0.0, 0.7071068, 0.0], "motion_type": "static"}, {"template_name": "8a042c83502854ccd12ff65ca73cc273f8a1c7e5_part_19", "translation": [-23.756462, 0.6990907, 0.8218026], "rotation": [0.7071068, 0.0, -0.7071067, 0.0], "motion_type": "static"}, {"template_name": "8a042c83502854ccd12ff65ca73cc273f8a1c7e5_part_19", "translation": [-23.1700572, 0.6990907, 1.0734946], "motion_type": "static"}, {"template_name": "8a042c83502854ccd12ff65ca73cc273f8a1c7e5_part_37", "translation": [-23.4197025, 0.4566163, 0.2518677], "rotation": [0.7071068, 0.0, 0.7071067, 0.0], "motion_type": "static"}, {"template_name": "8a042c83502854ccd12ff65ca73cc273f8a1c7e5_part_38", "translation": [-23.420433, 3.5762786865234375e-07, 0.2517839], "rotation": [0.7071068, 0.0, 0.7071067, 0.0], "motion_type": "static"}, {"template_name": "4375bb2914be29819938e8d7c6d5e5661b296bc3", "translation": [-30.4055862, -1.7881393432617188e-07, 2.7975912], "rotation": [0.0, 0.0, 1.0, 0.0], "motion_type": "static"}, {"template_name": "bdafc134880c09c2f9415807dbf2a680683a6d06", "translation": [-31.4086856, -1.1920928955078125e-07, 2.7979912], "rotation": [0.0, 0.0, 1.0, 0.0], "motion_type": "static"}, {"template_name": "ec824b94e685111c214bdede4fe25f45ef689a5a_part_1", "translation": [-22.1036319, 0.0499994, 9.8793935], "rotation": [0.7071068, 0.0, -0.7071067, 0.0], "motion_type": "static"}, {"template_name": "ec824b94e685111c214bdede4fe25f45ef689a5a_part_2", "translation": [-22.1044311, -2.682209014892578e-07, 10.575242], "rotation": [0.7071068, 0.0, -0.7071067, 0.0], "motion_type": "static"}, {"template_name": "ec824b94e685111c214bdede4fe25f45ef689a5a_part_2", "translation": [-22.1044311, -2.682209014892578e-07, 9.1895532], "rotation": [0.7071067, 0.0, 0.7071068, 0.0], "motion_type": "static"}, {"template_name": "ec824b94e685111c214bdede4fe25f45ef689a5a_part_3", "translation": [-21.5825691, -3.8743019104003906e-07, 9.8842544], "rotation": [0.7071068, 0.0, -0.7071067, 0.0], "motion_type": "static"}, {"template_name": "d3809d703b82875abc678b04e1142d590aca2f1f", "translation": [-25.282463, -5.960464477539062e-07, 10.4199914], "rotation": [0.2939414, 0.0, 0.9558234, 0.0], "motion_type": "static"}, {"template_name": "b1a388d0e7cfefee509ad5b8a34aa63aa610c50e", "translation": [-25.0408573, 2.0961995, 7.0579257], "rotation": [0.0, 0.0, 0.7071068, -0.7071067], "motion_type": "static"}, {"template_name": "a8b7d5b8711b510f744ea07a9fcc3063e98b11a2", "translation": [-30.1051445, 2.0449995, 3.0975914], "rotation": [0.0, 0.0, 0.7071068, -0.7071067], "motion_type": "static"}, {"template_name": "a8b7d5b8711b510f744ea07a9fcc3063e98b11a2", "translation": [-29.6145401, 2.3874998, 3.0975914], "rotation": [0.0, 0.0, 0.7071068, -0.7071067], "motion_type": "static"}, {"template_name": "dcd76354984278781aa927a2864fbc66156de83b", "translation": [-17.1104602, -6.258487701416016e-07, 10.447853], "motion_type": "static"}, {"template_name": "dcd76354984278781aa927a2864fbc66156de83b", "translation": [-17.1104602, -5.364418029785156e-07, 9.1838378], "motion_type": "static"}, {"template_name": "dcd76354984278781aa927a2864fbc66156de83b", "translation": [-18.1316814, -5.364418029785156e-07, 9.1694898], "motion_type": "static"}, {"template_name": "dcd76354984278781aa927a2864fbc66156de83b", "translation": [-19.8884239, -6.258487701416016e-07, 10.4620018], "motion_type": "static"}, {"template_name": "dcd76354984278781aa927a2864fbc66156de83b", "translation": [-20.9321823, -6.258487701416016e-07, 10.4476537], "motion_type": "static"}, {"template_name": "dcd76354984278781aa927a2864fbc66156de83b", "translation": [-18.6399917, -5.662441253662109e-07, 9.6777992], "rotation": [0.7071068, 0.0, 0.7071067, 0.0], "motion_type": "static"}, {"template_name": "dcd76354984278781aa927a2864fbc66156de83b", "translation": [-18.1388225, -6.258487701416016e-07, 10.4477872], "motion_type": "static"}, {"template_name": "dcd76354984278781aa927a2864fbc66156de83b", "translation": [-19.5099544, -6.556510925292969e-07, 10.970313], "rotation": [0.7071068, 0.0, -0.7071067, 0.0], "motion_type": "static"}, {"template_name": "dcd76354984278781aa927a2864fbc66156de83b", "translation": [-18.5102863, -6.556510925292969e-07, 10.9560966], "rotation": [0.7071068, 0.0, 0.7071067, 0.0], "motion_type": "static"}, {"template_name": "9f8bfcc77960334b6d26798f8f35e60c48f28461", "translation": [-5.5692853, 3.8743019104003906e-07, -6.5267701], "motion_type": "static", "non_uniform_scale": [3.1328091, 0.9999998, 0.9999998]}, {"template_name": "9f8bfcc77960334b6d26798f8f35e60c48f28461", "translation": [-5.5692853, 3.2782554626464844e-07, -5.6481585], "motion_type": "static", "non_uniform_scale": [3.1328091, 0.9999998, 0.9999998]}, {"template_name": "9f8bfcc77960334b6d26798f8f35e60c48f28461", "translation": [-5.5692853, 2.980232238769531e-07, -4.7779073], "motion_type": "static", "non_uniform_scale": [3.1328091, 0.9999998, 0.9999998]}, {"template_name": "9f8bfcc77960334b6d26798f8f35e60c48f28461", "translation": [-5.5692853, 2.384185791015625e-07, -3.9076559], "motion_type": "static", "non_uniform_scale": [3.1328091, 0.9999998, 0.9999998]}, {"template_name": "9f8bfcc77960334b6d26798f8f35e60c48f28461", "translation": [-5.5692853, 1.7881393432617188e-07, -3.0792047], "motion_type": "static", "non_uniform_scale": [3.1328091, 0.9999998, 0.9999998]}, {"template_name": "9f8bfcc77960334b6d26798f8f35e60c48f28461", "translation": [-5.5692853, 1.4901161193847656e-07, -2.3009142], "motion_type": "static", "non_uniform_scale": [3.1328091, 0.9999998, 0.9999998]}, {"template_name": "9f8bfcc77960334b6d26798f8f35e60c48f28461", "translation": [-5.5692853, 8.940696716308594e-08, -1.4808235], "motion_type": "static", "non_uniform_scale": [3.1328091, 0.9999998, 0.9999998]}, {"template_name": "9f8bfcc77960334b6d26798f8f35e60c48f28461", "translation": [-12.0884313, 3.8743019104003906e-07, -6.5267701], "motion_type": "static", "non_uniform_scale": [3.4685292, 0.9999998, 0.9999998]}, {"template_name": "9f8bfcc77960334b6d26798f8f35e60c48f28461", "translation": [-12.0884313, 2.980232238769531e-07, -4.8029875], "motion_type": "static", "non_uniform_scale": [3.4685292, 0.9999998, 0.9999998]}, {"template_name": "9f8bfcc77960334b6d26798f8f35e60c48f28461", "translation": [-12.0884313, 2.384185791015625e-07, -3.8992958], "motion_type": "static", "non_uniform_scale": [3.4685292, 0.9999998, 0.9999998]}, {"template_name": "9f8bfcc77960334b6d26798f8f35e60c48f28461", "translation": [-12.0884313, 1.4901161193847656e-07, -2.2841942], "motion_type": "static", "non_uniform_scale": [3.4685292, 0.9999998, 0.9999998]}, {"template_name": "9f8bfcc77960334b6d26798f8f35e60c48f28461", "translation": [-12.0884313, 8.940696716308594e-08, -1.4557433], "motion_type": "static", "non_uniform_scale": [3.4685292, 0.9999998, 0.9999998]}, {"template_name": "9f8bfcc77960334b6d26798f8f35e60c48f28461", "translation": [-12.0884313, 1.7881393432617188e-07, -3.0792047], "motion_type": "static", "non_uniform_scale": [3.4685292, 0.9999998, 0.9999998]}, {"template_name": "9f8bfcc77960334b6d26798f8f35e60c48f28461", "translation": [-5.5692853, 2.9802322387695312e-08, -0.6523724], "motion_type": "static", "non_uniform_scale": [3.1328091, 0.9999998, 0.9999998]}, {"template_name": "9f8bfcc77960334b6d26798f8f35e60c48f28461", "translation": [-5.5692853, 0.0, 0.2178788], "motion_type": "static", "non_uniform_scale": [3.1328091, 0.9999998, 0.9999998]}, {"template_name": "9f8bfcc77960334b6d26798f8f35e60c48f28461", "translation": [-12.0884313, 2.9802322387695312e-08, -0.6941729], "motion_type": "static", "non_uniform_scale": [3.4685292, 0.9999998, 0.9999998]}, {"template_name": "9f8bfcc77960334b6d26798f8f35e60c48f28461", "translation": [-12.0884313, -5.960464477539063e-08, 1.1550108], "motion_type": "static", "non_uniform_scale": [3.4685292, 0.9999998, 0.9999998]}, {"template_name": "9f8bfcc77960334b6d26798f8f35e60c48f28461", "translation": [-12.0884313, 3.2782554626464844e-07, -5.6565184], "motion_type": "static", "non_uniform_scale": [3.4685292, 0.9999998, 0.9999998]}, {"template_name": "9f8bfcc77960334b6d26798f8f35e60c48f28461", "translation": [-5.5692853, -5.960464477539063e-08, 1.1466506], "motion_type": "static", "non_uniform_scale": [3.1328091, 0.9999998, 0.9999998]}, {"template_name": "9f8bfcc77960334b6d26798f8f35e60c48f28461", "translation": [-7.6703095, 0.2199997, 4.3690547], "rotation": [0.0, 0.0, 1.0, 0.0], "motion_type": "static"}, {"template_name": "9f8bfcc77960334b6d26798f8f35e60c48f28461", "translation": [-9.9109725, 0.2199997, 4.3512454], "rotation": [0.0, 0.0, 1.0, 0.0], "motion_type": "static"}, {"template_name": "9f8bfcc77960334b6d26798f8f35e60c48f28461", "translation": [-12.0812902, 0.0, 0.1952368], "motion_type": "static", "non_uniform_scale": [3.4685292, 0.9999998, 0.9999998]}, {"template_name": "011089758bc34f947c4862a8e800c51ec221a2b6", "translation": [-16.5490703, -3.5762786865234375e-07, 5.880773], "rotation": [0.7071068, 0.0, 0.7071067, 0.0], "motion_type": "static"}, {"template_name": "011089758bc34f947c4862a8e800c51ec221a2b6", "translation": [-16.0205497, -4.76837158203125e-07, 8.2219648], "rotation": [0.0, 0.0, 1.0, 0.0], "motion_type": "static"}, {"template_name": "011089758bc34f947c4862a8e800c51ec221a2b6", "translation": [-17.5875606, -4.76837158203125e-07, 8.2219648], "rotation": [0.0, 0.0, 1.0, 0.0], "motion_type": "static"}, {"template_name": "011089758bc34f947c4862a8e800c51ec221a2b6", "translation": [-16.5490703, -4.470348358154297e-07, 7.2947325], "rotation": [0.7071068, 0.0, 0.7071067, 0.0], "motion_type": "static"}, {"template_name": "011089758bc34f947c4862a8e800c51ec221a2b6", "translation": [-17.05904, -4.470348358154297e-07, 7.2946662], "rotation": [0.7071068, 0.0, -0.7071067, 0.0], "motion_type": "static"}, {"template_name": "011089758bc34f947c4862a8e800c51ec221a2b6", "translation": [-17.05904, -3.5762786865234375e-07, 5.8807063], "rotation": [0.7071068, 0.0, -0.7071067, 0.0], "motion_type": "static"}, {"template_name": "0c4ab4d4ccdc801b4093f10a9aa9c0bfd08ab584", "translation": [-14.7842664, -3.5762786865234375e-07, 6.198575], "rotation": [0.7071068, 0.0, -0.7071067, 0.0], "motion_type": "static"}, {"template_name": "0c4ab4d4ccdc801b4093f10a9aa9c0bfd08ab584", "translation": [-14.7842664, -2.980232238769531e-07, 4.9527144], "rotation": [0.7071068, 0.0, -0.7071067, 0.0], "motion_type": "static"}, {"template_name": "0c4ab4d4ccdc801b4093f10a9aa9c0bfd08ab584", "translation": [-14.7842664, -4.76837158203125e-07, 8.206005], "rotation": [0.7071068, 0.0, -0.7071067, 0.0], "motion_type": "static"}, {"template_name": "0c4ab4d4ccdc801b4093f10a9aa9c0bfd08ab584", "translation": [-18.9151573, -4.76837158203125e-07, 8.206005], "rotation": [0.7071068, 0.0, 0.7071067, 0.0], "motion_type": "static"}, {"template_name": "0c4ab4d4ccdc801b4093f10a9aa9c0bfd08ab584", "translation": [-18.9151573, -3.5762786865234375e-07, 6.198575], "rotation": [0.7071068, 0.0, 0.7071067, 0.0], "motion_type": "static"}, {"template_name": "0c4ab4d4ccdc801b4093f10a9aa9c0bfd08ab584", "translation": [-18.9151573, -2.980232238769531e-07, 4.9527144], "rotation": [0.7071068, 0.0, 0.7071067, 0.0], "motion_type": "static"}, {"template_name": "3814b56b6dfaa31419b5c3120bb842a9aea3177e", "translation": [-21.315113, 2.3874993, 8.9054079], "rotation": [-0.5, -0.5, 0.5, -0.4999999], "motion_type": "static"}, {"template_name": "70da418e165e78eb5933d808fe6a2092162058ea", "translation": [-16.5025291, -3.8743019104003906e-07, 6.3077526], "rotation": [0.7071068, 0.0, 0.7071067, 0.0], "motion_type": "static"}, {"template_name": "70da418e165e78eb5933d808fe6a2092162058ea", "translation": [-17.1055793, -4.172325134277344e-07, 6.8676862], "rotation": [0.7071068, 0.0, -0.7071067, 0.0], "motion_type": "static"}, {"template_name": "70da418e165e78eb5933d808fe6a2092162058ea", "translation": [-17.1055793, -3.8743019104003906e-07, 6.3076863], "rotation": [0.7071068, 0.0, -0.7071067, 0.0], "motion_type": "static"}, {"template_name": "70da418e165e78eb5933d808fe6a2092162058ea", "translation": [-16.5025291, -4.172325134277344e-07, 6.867753], "rotation": [0.7071068, 0.0, 0.7071067, 0.0], "motion_type": "static"}, {"template_name": "70da418e165e78eb5933d808fe6a2092162058ea", "translation": [-16.4475288, -4.76837158203125e-07, 8.1754255], "rotation": [0.0, 0.0, 1.0, 0.0], "motion_type": "static"}, {"template_name": "70da418e165e78eb5933d808fe6a2092162058ea", "translation": [-17.1605796, -4.76837158203125e-07, 8.1754255], "rotation": [0.0, 0.0, 1.0, 0.0], "motion_type": "static"}, {"template_name": "5a4afe5e828b0725bf1afce657bab7c2d317e02c", "translation": [-25.5017375, 1.0399992, 10.8426322], "rotation": [0.0, 0.0, 0.7071068, -0.7071067], "motion_type": "static"}, {"template_name": "55cdd89c54340c91ae14f798ac91e0e17e12acec", "translation": [-16.7275295, 1.2987445, 5.4099459], "rotation": [0.4999999, 0.4999999, 0.5, -0.5], "motion_type": "static"}, {"template_name": "ed841aa434aac95fc352d09b4ff36f65f5f01966", "translation": [-21.6901741, -4.591420292854309e-07, 7.7039012], "motion_type": "static", "non_uniform_scale": [0.6250997, 0.9999998, 0.657234]}, {"template_name": "e9cfdff55695403cc4d9b5380d29073ec851c0ce", "translation": [-20.461975, 2.3870489, 12.3422317], "rotation": [0.0, 0.0, 0.7071068, -0.7071067], "motion_type": "static"}, {"template_name": "048843fa0d4d6d5d53639874af6194a0eaa44f27", "translation": [-23.4147529, 3.8199996, 0.2542383], "rotation": [0.0, 0.0, 1.0, 0.0], "motion_type": "static"}, {"template_name": "048843fa0d4d6d5d53639874af6194a0eaa44f27", "translation": [-25.4285907, 3.8199996, 0.2542383], "rotation": [0.7071068, 0.0, -0.7071067, 0.0], "motion_type": "static"}, {"template_name": "048843fa0d4d6d5d53639874af6194a0eaa44f27", "translation": [-22.524538, 3.8199999, -2.808073], "rotation": [0.0, 0.0, 1.0, 0.0], "motion_type": "static"}, {"template_name": "048843fa0d4d6d5d53639874af6194a0eaa44f27", "translation": [-25.3732013, 3.8199999, -2.792247], "motion_type": "static"}, {"template_name": "048843fa0d4d6d5d53639874af6194a0eaa44f27", "translation": [-27.968647, 3.8199999, -2.7368564], "rotation": [0.0, 0.0, 1.0, 0.0], "motion_type": "static"}, {"template_name": "048843fa0d4d6d5d53639874af6194a0eaa44f27", "translation": [-27.4938716, 3.8199996, 0.2225863], "rotation": [0.7071068, 0.0, -0.7071067, 0.0], "motion_type": "static"}, {"template_name": "048843fa0d4d6d5d53639874af6194a0eaa44f27", "translation": [-30.1684474, 3.8199996, -0.4500142], "rotation": [0.7071068, 0.0, 0.7071067, 0.0], "motion_type": "static"}, {"template_name": "048843fa0d4d6d5d53639874af6194a0eaa44f27", "translation": [-30.1394596, 3.8199996, 1.9854978], "rotation": [0.7071068, 0.0, 0.7071067, 0.0], "motion_type": "static"}, {"template_name": "64b387fcf0526f774765aa8cec34754e707dacc2", "translation": [-6.4532094, -2.682209014892578e-07, 4.4260454], "rotation": [0.0, 0.0, 1.0, 0.0], "motion_type": "static"}, {"template_name": "114d407f5ac7829551cda3ba0796f23b32d2fdc3", "translation": [-24.1132907, 1.8426996, 3.2506418], "rotation": [0.7071068, 0.7071067, 0.0, 0.0], "motion_type": "static"}, {"template_name": "e3d8c7485b594d0ddf81302c96585d585089df27", "translation": [-8.4042081, 0.2199998, 2.1797192], "rotation": [0.7071068, 0.0, 0.7071067, 0.0], "motion_type": "static"}, {"template_name": "e3d8c7485b594d0ddf81302c96585d585089df27", "translation": [-9.1081886, 0.2199998, 2.1857697], "rotation": [0.0, 0.0, 1.0, 0.0], "motion_type": "static"}, {"template_name": "f35e6809f0a6753ca965a30e6bbb5013d988b286", "translation": [-22.2311782, 1.1899993, 7.2109756], "rotation": [0.7071068, 0.7071067, 0.0, 0.0], "motion_type": "static"}, {"template_name": "1b37271d2d52124cf69fa91a2acb11a6dde262f2", "translation": [-18.9463424, 1.6574391, 12.3419427], "rotation": [0.0, 0.0, 0.7071068, -0.7071067], "motion_type": "static"}, {"template_name": "1b37271d2d52124cf69fa91a2acb11a6dde262f2", "translation": [-23.4661788, 1.1374393, 7.0576362], "rotation": [0.0, 0.0, 0.7071068, -0.7071067], "motion_type": "static"}, {"template_name": "c0b50a7f924f4738899cebd17412dc364bcfaf3e", "translation": [-18.9463424, -7.301568984985352e-07, 12.1390323], "rotation": [0.0, 0.0, 1.0, 0.0], "motion_type": "static"}, {"template_name": "c37e1c6105bc43c44c14b8fb371b0d3c843ec313", "translation": [-7.7066187, 3.2782554626464844e-07, -5.7121253], "rotation": [0.7071068, 0.0, 0.7071067, 0.0], "motion_type": "static"}, {"template_name": "c37e1c6105bc43c44c14b8fb371b0d3c843ec313", "translation": [-9.7291154, 3.5762786865234375e-07, -5.7620587], "rotation": [0.7071068, 0.0, 0.7071067, 0.0], "motion_type": "static"}, {"template_name": "c37e1c6105bc43c44c14b8fb371b0d3c843ec313", "translation": [-7.7066187, 2.384185791015625e-07, -4.0125784], "rotation": [0.7071068, 0.0, 0.7071067, 0.0], "motion_type": "static"}, {"template_name": "c37e1c6105bc43c44c14b8fb371b0d3c843ec313", "translation": [-9.7291154, 0.0010001, -4.0048356], "rotation": [0.7071068, 0.0, -0.7071067, 0.0], "motion_type": "static"}, {"template_name": "c37e1c6105bc43c44c14b8fb371b0d3c843ec313", "translation": [-7.7154188, 1.4901161193847656e-07, -2.4064543], "rotation": [0.7071068, 0.0, -0.7071067, 0.0], "motion_type": "static"}, {"template_name": "c37e1c6105bc43c44c14b8fb371b0d3c843ec313", "translation": [-9.7291154, 1.4901161193847656e-07, -2.3897342], "rotation": [0.7071068, 0.0, 0.7071067, 0.0], "motion_type": "static"}, {"template_name": "c37e1c6105bc43c44c14b8fb371b0d3c843ec313", "translation": [-7.7154188, 5.960464477539063e-08, -0.7579125], "rotation": [0.7071068, 0.0, -0.7071067, 0.0], "motion_type": "static"}, {"template_name": "c37e1c6105bc43c44c14b8fb371b0d3c843ec313", "translation": [-9.6845226, 5.960464477539063e-08, -0.7991492], "rotation": [0.7071068, 0.0, 0.7071067, 0.0], "motion_type": "static"}, {"template_name": "c37e1c6105bc43c44c14b8fb371b0d3c843ec313", "translation": [-7.7154188, -5.960464477539063e-08, 1.0411107], "rotation": [0.7071068, 0.0, -0.7071067, 0.0], "motion_type": "static"}, {"template_name": "c37e1c6105bc43c44c14b8fb371b0d3c843ec313", "translation": [-8.783143, 0.2199997, 4.4662547], "rotation": [0.0, 0.0, 1.0, 0.0], "motion_type": "static"}, {"template_name": "c37e1c6105bc43c44c14b8fb371b0d3c843ec313", "translation": [-9.7291154, 0.0009998, 1.0494709], "rotation": [0.7071068, 0.0, -0.7071067, 0.0], "motion_type": "static"}, {"template_name": "c37e1c6105bc43c44c14b8fb371b0d3c843ec313", "translation": [-17.0415191, 0.0009998, 0.9111542], "rotation": [0.7071068, 0.0, -0.7071067, 0.0], "motion_type": "static"}, {"template_name": "c37e1c6105bc43c44c14b8fb371b0d3c843ec313", "translation": [-20.6834735, -5.960464477539063e-08, 0.9111542], "rotation": [0.7071068, 0.0, -0.7071067, 0.0], "motion_type": "static"}, {"template_name": "d8814a0e0e3935fa2b36aa1af3e5f968d595a49b", "translation": [-29.4544277, -1.7881393432617188e-07, 2.7975912], "rotation": [0.0, 0.0, 1.0, 0.0], "motion_type": "static"}, {"template_name": "596587bff733290568c3aaaeb9711f1dd2512a0c", "translation": [-21.7342071, -4.172325134277344e-07, 6.6216053], "rotation": [-0.3731403, 0.0, 0.9277749, 0.0], "motion_type": "static"}, {"template_name": "a68ed12c6ad62a575cc8e4be225e14ab80ae7959", "translation": [-15.0116748, 1.2999993, 5.8511047], "rotation": [0.0, 0.0, 0.7071068, -0.7071067], "motion_type": "static"}, {"template_name": "80f0e989a1c8fdaa6947e02db86405574fc5404a", "translation": [-15.0188159, 1.2999993, 7.3252315], "rotation": [0.7071068, 0.7071067, 0.0, 0.0], "motion_type": "static"}, {"template_name": "e965778391dc6e1e46d7bc3bb48b58030e1e1c9a", "translation": [-14.9973926, 1.2999993, 7.1721816], "rotation": [0.0, 0.0, 0.7071068, -0.7071067], "motion_type": "static"}, {"template_name": "502531250c603e992364acdeb7ced91b9c82e3f4", "translation": [-25.1583786, -4.172325134277344e-07, 6.800126], "rotation": [0.0, 0.0, 1.0, 0.0], "motion_type": "static"}, {"template_name": "806bc35d1185d4d04dad67eaae62babc7e4fb26f", "translation": [-25.2339801, -2.384185791015625e-07, 3.5158114], "rotation": [0.7071068, 0.0, 0.7071067, 0.0], "motion_type": "static"}, {"template_name": "96599a8adea6b10fc9f075fc582e0cdda73a5a90", "translation": [-16.8810787, 1.2996493, 7.6997866], "rotation": [-0.5, -0.5, 0.5, -0.4999999], "motion_type": "static"}, {"template_name": "08c8a78fcddebf8538dc87a80e1784fc5982defd", "translation": [-16.8810787, 1.2996995, 5.4146809], "rotation": [-0.5, -0.5, 0.5, -0.4999999], "motion_type": "static"}, {"template_name": "80bfb59e9d68cc3b03a1b04e626640e5d4e4396d", "translation": [-20.933464, -5.364418029785156e-07, 9.0106754], "rotation": [0.7071068, 0.0, 0.7071067, 0.0], "motion_type": "static"}, {"template_name": "243d95c5e20176e0ee7d044a8b197bd95f337815", "translation": [-17.2742805, -7.152557373046875e-07, 12.0628318], "rotation": [0.0, 0.0, 1.0, 0.0], "motion_type": "static"}, {"template_name": "7f9a126716bf989df5ae42cd85cacc10c81b0841", "translation": [-18.6969108, 1.2999993, 5.8511047], "rotation": [0.0, 0.0, 0.7071068, -0.7071067], "motion_type": "static"}, {"template_name": "f21b19baeb780987ab7a450e89ffaa95f7c9ee96", "translation": [-18.6607036, 1.2999993, 7.325231], "rotation": [0.7071068, 0.7071067, 0.0, 0.0], "motion_type": "static"}, {"template_name": "2c4bc5b4afebaf03548b211cd5f637c262ae96d1", "translation": [-18.682125, 1.2999993, 7.1721816], "rotation": [0.0, 0.0, 0.7071068, -0.7071067], "motion_type": "static"}, {"template_name": "97c1e35ddbb0d2cdb89e96f689292a83b8fb4344", "translation": [-16.7275295, 1.2987443, 7.7236156], "rotation": [0.4999999, 0.4999999, 0.5, -0.5], "motion_type": "static"}, {"template_name": "2fa15bc31819eff32a29e592b6a71011266313a3", "translation": [-8.7561988, 0.2199997, 2.3535292], "rotation": [0.0, 0.0, 1.0, 0.0], "motion_type": "static"}, {"template_name": "248e4f2d063e2c64df65a340ac955d43059d1022", "translation": [-7.2997894, 0.2199998, 2.2428972], "rotation": [0.0, 0.0, 1.0, 0.0], "motion_type": "static"}, {"template_name": "248e4f2d063e2c64df65a340ac955d43059d1022", "translation": [-10.2814931, 0.2199998, 2.236449], "rotation": [0.0, 0.0, 1.0, 0.0], "motion_type": "static"}, {"template_name": "5747cd91706723281b0a7d34f8b97a48d4fee680", "translation": [-7.6950988, 3.8743019104003906e-07, -6.6392803], "rotation": [0.7071068, 0.0, -0.7071067, 0.0], "motion_type": "static"}, {"template_name": "5747cd91706723281b0a7d34f8b97a48d4fee680", "translation": [-7.6950988, 2.980232238769531e-07, -4.890417], "rotation": [0.7071068, 0.0, -0.7071067, 0.0], "motion_type": "static"}, {"template_name": "5747cd91706723281b0a7d34f8b97a48d4fee680", "translation": [-7.6950988, 1.7881393432617188e-07, -3.1917147], "rotation": [0.7071068, 0.0, -0.7071067, 0.0], "motion_type": "static"}, {"template_name": "5747cd91706723281b0a7d34f8b97a48d4fee680", "translation": [-9.7494354, 3.8743019104003906e-07, -6.63591], "rotation": [0.7071068, 0.0, 0.7071067, 0.0], "motion_type": "static"}, {"template_name": "5747cd91706723281b0a7d34f8b97a48d4fee680", "translation": [-9.7494354, 2.980232238769531e-07, -4.912127], "rotation": [0.7071068, 0.0, 0.7071067, 0.0], "motion_type": "static"}, {"template_name": "5747cd91706723281b0a7d34f8b97a48d4fee680", "translation": [-9.7747011, 1.7881393432617188e-07, -3.1715347], "rotation": [0.7071068, 0.0, -0.7071067, 0.0], "motion_type": "static"}, {"template_name": "5747cd91706723281b0a7d34f8b97a48d4fee680", "translation": [-7.6950988, 8.940696716308594e-08, -1.5933334], "rotation": [0.7071068, 0.0, -0.7071067, 0.0], "motion_type": "static"}, {"template_name": "5747cd91706723281b0a7d34f8b97a48d4fee680", "translation": [-9.7747011, 8.940696716308594e-08, -1.5745575], "rotation": [0.7071068, 0.0, -0.7071067, 0.0], "motion_type": "static"}, {"template_name": "5747cd91706723281b0a7d34f8b97a48d4fee680", "translation": [-7.7269392, 0.0, 0.096766], "rotation": [0.7071068, 0.0, 0.7071067, 0.0], "motion_type": "static"}, {"template_name": "5747cd91706723281b0a7d34f8b97a48d4fee680", "translation": [-8.4417896, 0.2199996, 4.4815645], "rotation": [0.7071068, 0.0, 0.7071067, 0.0], "motion_type": "static"}, {"template_name": "5747cd91706723281b0a7d34f8b97a48d4fee680", "translation": [-9.1394929, 0.2199996, 4.4781942], "rotation": [0.7071068, 0.0, -0.7071067, 0.0], "motion_type": "static"}, {"template_name": "5747cd91706723281b0a7d34f8b97a48d4fee680", "translation": [-9.7494354, 0.0, 0.1003786], "rotation": [0.7071068, 0.0, 0.7071067, 0.0], "motion_type": "static"}, {"template_name": "5747cd91706723281b0a7d34f8b97a48d4fee680", "translation": [-14.7314023, -1.4901161193847656e-07, 2.2822363], "rotation": [0.7071068, 0.0, 0.7071067, 0.0], "motion_type": "static"}, {"template_name": "5747cd91706723281b0a7d34f8b97a48d4fee680", "translation": [-18.7161216, -5.960464477539063e-08, 0.9075543], "rotation": [0.7071068, 0.0, 0.7071067, 0.0], "motion_type": "static"}, {"template_name": "62d12e87cb3d3047c4aa12a20297a3d1ed81f09d", "translation": [-8.7906408, -2.0116567611694336e-07, 3.366142], "motion_type": "static", "non_uniform_scale": [1.6717443, 0.9999998, 1.5711407]}, {"template_name": "62d12e87cb3d3047c4aa12a20297a3d1ed81f09d", "translation": [-10.7767105, -1.601874828338623e-07, 2.7127444], "motion_type": "static", "non_uniform_scale": [0.2197501, 0.3181816, 0.7543941]}, {"template_name": "62d12e87cb3d3047c4aa12a20297a3d1ed81f09d", "translation": [-6.8045716, -1.601874828338623e-07, 2.7127444], "motion_type": "static", "non_uniform_scale": [0.2197501, 0.3181816, 0.7543941]}, {"template_name": "99665804218804022bc87b9e8edf35221a0bb8ee", "translation": [-14.4456558, 1.2999993, 6.5774569], "rotation": [-0.5, -0.5, 0.5, -0.4999999], "motion_type": "static"}, {"template_name": "99665804218804022bc87b9e8edf35221a0bb8ee", "translation": [-14.4456558, 1.2999994, 5.3206481], "rotation": [-0.5, -0.5, 0.5, -0.4999999], "motion_type": "static"}, {"template_name": "99665804218804022bc87b9e8edf35221a0bb8ee", "translation": [-14.4456558, 1.2999993, 7.8342647], "rotation": [-0.5, -0.5, 0.5, -0.4999999], "motion_type": "static"}, {"template_name": "99665804218804022bc87b9e8edf35221a0bb8ee", "translation": [-19.253767, 1.2999993, 7.8127756], "rotation": [0.4999999, 0.4999999, 0.5, -0.5], "motion_type": "static"}, {"template_name": "99665804218804022bc87b9e8edf35221a0bb8ee", "translation": [-19.253767, 1.2999993, 6.5916051], "rotation": [0.4999999, 0.4999999, 0.5, -0.5], "motion_type": "static"}, {"template_name": "99665804218804022bc87b9e8edf35221a0bb8ee", "translation": [-19.253767, 1.2999994, 5.3587203], "rotation": [0.4999999, 0.4999999, 0.5, -0.5], "motion_type": "static"}, {"template_name": "9ff8e088c27cea8024049f43cc99ab0a5358bfde", "translation": [-16.8805789, 2.1312992, 11.0905399], "rotation": [-0.5, -0.5, 0.5, -0.4999999], "motion_type": "static"}, {"template_name": "9ff8e088c27cea8024049f43cc99ab0a5358bfde", "translation": [-16.8805789, 2.1312992, 9.5195302], "rotation": [-0.5, -0.5, 0.5, -0.4999999], "motion_type": "static"}, {"template_name": "9ff8e088c27cea8024049f43cc99ab0a5358bfde", "translation": [-21.1620635, 2.1312992, 9.8837184], "rotation": [0.4999999, 0.4999999, 0.5, -0.5], "motion_type": "static"}, {"template_name": "9ff8e088c27cea8024049f43cc99ab0a5358bfde", "translation": [-17.8609161, 2.131299, 12.3422317], "rotation": [0.0, 0.0, 0.7071068, -0.7071067], "motion_type": "static"}, {"template_name": "9ff8e088c27cea8024049f43cc99ab0a5358bfde", "translation": [-21.1620635, 2.131299, 11.9331712], "rotation": [0.4999999, 0.4999999, 0.5, -0.5], "motion_type": "static"}, {"template_name": "b6ec8f40a7e189e29dab623aeb9efac53de71809", "translation": [-11.3527717, -2.384185791015625e-07, 3.9149305], "rotation": [0.7071068, 0.0, -0.7071067, 0.0], "motion_type": "static"}, {"template_name": "fa3b094872420c4714ff74284f83f6dcdf8bc2ad", "translation": [-24.5948371, 1.1499993, 7.2109761], "rotation": [0.7071068, 0.7071067, 0.0, 0.0], "motion_type": "static"}, {"template_name": "b98286cc0fed6b814d3b5cf4afc825514ed51b54", "translation": [-24.7510604, -2.980232238769531e-07, 5.123816], "motion_type": "static"}, {"template_name": "b98286cc0fed6b814d3b5cf4afc825514ed51b54", "translation": [-23.9328098, -2.980232238769531e-07, 5.1270308], "motion_type": "static"}, {"template_name": "b98286cc0fed6b814d3b5cf4afc825514ed51b54", "translation": [-23.1272392, -2.980232238769531e-07, 5.1223316], "motion_type": "static"}, {"template_name": "b98286cc0fed6b814d3b5cf4afc825514ed51b54", "translation": [-22.3126163, -2.980232238769531e-07, 5.133459], "motion_type": "static"}, {"template_name": "b98286cc0fed6b814d3b5cf4afc825514ed51b54", "translation": [-25.5656795, -2.980232238769531e-07, 5.1126885], "motion_type": "static"}, {"template_name": "b98286cc0fed6b814d3b5cf4afc825514ed51b54", "translation": [-25.5656795, -2.384185791015625e-07, 4.174262], "motion_type": "static"}, {"template_name": "b98286cc0fed6b814d3b5cf4afc825514ed51b54", "translation": [-24.7510604, -2.384185791015625e-07, 4.1774764], "motion_type": "static"}, {"template_name": "b98286cc0fed6b814d3b5cf4afc825514ed51b54", "translation": [-23.9486351, -2.384185791015625e-07, 4.1727776], "motion_type": "static"}, {"template_name": "b98286cc0fed6b814d3b5cf4afc825514ed51b54", "translation": [-22.3126163, -2.384185791015625e-07, 4.1588063], "motion_type": "static"}, {"template_name": "b98286cc0fed6b814d3b5cf4afc825514ed51b54", "translation": [-25.254507, -3.8743019104003906e-07, 6.4420642], "motion_type": "static"}, {"template_name": "b98286cc0fed6b814d3b5cf4afc825514ed51b54", "translation": [-23.1272392, -2.384185791015625e-07, 4.0952463], "motion_type": "static"}, {"template_name": "8aa26e2781417fa9cb7d3a6ffeb82121a8de4e15", "translation": [-30.9107952, -5.960464477539063e-08, 1.2196178], "motion_type": "static"}, {"template_name": "8aa26e2781417fa9cb7d3a6ffeb82121a8de4e15", "translation": [-29.4150161, -5.960464477539063e-08, 1.2196178], "motion_type": "static"}, {"template_name": "6e74c32e636a3f784d5a1e21f4bd323a56064d3a", "translation": [-30.7500495, 2.0449995, 3.0975914], "rotation": [0.0, 0.0, 0.7071068, -0.7071067], "motion_type": "static", "non_uniform_scale": [1.0099358, 0.9999998, 0.9999998]}, {"template_name": "d1bb1e76ecd549767fd650aa211e3ce29be75ad6", "translation": [-27.8934478, -1.7881393432617188e-07, 2.7845213], "rotation": [0.0, 0.0, 1.0, 0.0], "motion_type": "static"}, {"template_name": "7f6d3535c00f581e667c60efb286f95bfab74962", "translation": [-14.492897, -3.8743019104003906e-07, 6.4413952], "motion_type": "static"}, {"template_name": "7f6d3535c00f581e667c60efb286f95bfab74962", "translation": [-14.492897, -3.129243850708008e-07, 5.1955347], "motion_type": "static"}, {"template_name": "7f6d3535c00f581e667c60efb286f95bfab74962", "translation": [-14.4924964, -4.76837158203125e-07, 7.9631853], "rotation": [0.0, 0.0, 1.0, 0.0], "motion_type": "static"}, {"template_name": "7f6d3535c00f581e667c60efb286f95bfab74962", "translation": [-19.2065277, -4.76837158203125e-07, 7.9631853], "rotation": [0.0, 0.0, 1.0, 0.0], "motion_type": "static"}, {"template_name": "7f6d3535c00f581e667c60efb286f95bfab74962", "translation": [-19.2046375, -3.8743019104003906e-07, 6.4594449], "rotation": [0.0, 0.0, 1.0, 0.0], "motion_type": "static"}, {"template_name": "7f6d3535c00f581e667c60efb286f95bfab74962", "translation": [-19.2046375, -3.129243850708008e-07, 5.2122783], "rotation": [0.0, 0.0, 1.0, 0.0], "motion_type": "static"}, {"template_name": "85c43579643af7546ed770383b31c5fae243aeb4", "translation": [-20.8904628, -7.152557373046875e-07, 12.0322313], "rotation": [0.0, 0.0, 1.0, 0.0], "motion_type": "static"}, {"template_name": "a1d2ffc0386df99067b0de233848ccd0c6041f35", "translation": [-8.7508201, 1.3923272490501404e-07, -2.3357703], "motion_type": "static", "non_uniform_scale": [1.1645685, 0.9999998, 4.1666665]}, {"template_name": "0c0c15db32f1374b50ca46bc9fb630b3f88889c3", "translation": [-21.1620635, 2.3878493, 10.9394283], "rotation": [0.4999999, 0.4999999, 0.5, -0.5], "motion_type": "static"}, {"template_name": "83e1b4b5b8a22fc76ba8caeb74b9c11fbcf190e6", "translation": [-22.5799293, 1.6349997, 3.2506415], "rotation": [0.7071068, 0.7071067, 0.0, 0.0], "motion_type": "static"}, {"template_name": "1e4e58bf53e51df27beeb774b5d70818de124068_part_1", "translation": [-25.4449195, 0.0002292, 8.0704193], "rotation": [0.0, 0.0, 1.0, 0.0], "motion_type": "static"}, {"template_name": "1e4e58bf53e51df27beeb774b5d70818de124068_part_2", "translation": [-25.4450187, -3.8743019104003906e-07, 7.771912], "rotation": [0.0, 0.0, 1.0, 0.0], "motion_type": "static"}, {"template_name": "1e4e58bf53e51df27beeb774b5d70818de124068_part_1", "translation": [-24.7987995, 0.0002292, 8.0704193], "rotation": [0.0, 0.0, 1.0, 0.0], "motion_type": "static"}, {"template_name": "1e4e58bf53e51df27beeb774b5d70818de124068_part_2", "translation": [-24.7988986, -3.8743019104003906e-07, 7.771912], "rotation": [0.0, 0.0, 1.0, 0.0], "motion_type": "static"}, {"template_name": "1e4e58bf53e51df27beeb774b5d70818de124068_part_1", "translation": [-24.1526775, 0.0002292, 8.0704193], "rotation": [0.0, 0.0, 1.0, 0.0], "motion_type": "static"}, {"template_name": "1e4e58bf53e51df27beeb774b5d70818de124068_part_2", "translation": [-24.1527767, -3.8743019104003906e-07, 7.771912], "rotation": [0.0, 0.0, 1.0, 0.0], "motion_type": "static"}, {"template_name": "1e4e58bf53e51df27beeb774b5d70818de124068_part_1", "translation": [-25.4449195, 0.0002292, 9.0488634], "rotation": [0.0, 0.0, 1.0, 0.0], "motion_type": "static"}, {"template_name": "1e4e58bf53e51df27beeb774b5d70818de124068_part_2", "translation": [-25.4450187, -4.470348358154297e-07, 8.7503566], "rotation": [0.0, 0.0, 1.0, 0.0], "motion_type": "static"}, {"template_name": "1e4e58bf53e51df27beeb774b5d70818de124068_part_1", "translation": [-24.7987995, 0.0002292, 9.0488634], "rotation": [0.0, 0.0, 1.0, 0.0], "motion_type": "static"}, {"template_name": "1e4e58bf53e51df27beeb774b5d70818de124068_part_2", "translation": [-24.7988986, -4.470348358154297e-07, 8.7503566], "rotation": [0.0, 0.0, 1.0, 0.0], "motion_type": "static"}, {"template_name": "1e4e58bf53e51df27beeb774b5d70818de124068_part_1", "translation": [-24.1526775, 0.0002292, 9.0488634], "rotation": [0.0, 0.0, 1.0, 0.0], "motion_type": "static"}, {"template_name": "1e4e58bf53e51df27beeb774b5d70818de124068_part_2", "translation": [-24.1527767, -4.470348358154297e-07, 8.7503566], "rotation": [0.0, 0.0, 1.0, 0.0], "motion_type": "static"}, {"template_name": "1e4e58bf53e51df27beeb774b5d70818de124068_part_1", "translation": [-23.5065574, 0.0002292, 8.0704193], "rotation": [0.0, 0.0, 1.0, 0.0], "motion_type": "static"}, {"template_name": "1e4e58bf53e51df27beeb774b5d70818de124068_part_2", "translation": [-23.5066566, -3.8743019104003906e-07, 7.771912], "rotation": [0.0, 0.0, 1.0, 0.0], "motion_type": "static"}, {"template_name": "5b62904bf4c0bb4ffdbe8b8df4b22c8b8a3ffa2c", "translation": [-27.384798, -1.7881393432617188e-07, 2.9147613], "rotation": [0.0, 0.0, 1.0, 0.0], "motion_type": "static"}, {"template_name": "f67be0e4422a8abda3ea8ef6c428484adc290223", "translation": [-16.7275295, 1.8538392, 6.5948162], "rotation": [0.4999999, 0.4999999, 0.5, -0.5], "motion_type": "static"}, {"template_name": "f67be0e4422a8abda3ea8ef6c428484adc290223", "translation": [-16.8805809, 1.8538392, 6.5947499], "rotation": [-0.5, -0.5, 0.5, -0.4999999], "motion_type": "static"}, {"template_name": "f67be0e4422a8abda3ea8ef6c428484adc290223", "translation": [-16.2984905, 1.8538391, 8.4004259], "rotation": [0.0, 0.0, 0.7071068, -0.7071067], "motion_type": "static"}, {"template_name": "f67be0e4422a8abda3ea8ef6c428484adc290223", "translation": [-17.3096199, 1.8538391, 8.4004259], "rotation": [0.0, 0.0, 0.7071068, -0.7071067], "motion_type": "static"}, {"template_name": "01d1b7a2c92f97d248ca72d85d828f930e472064", "translation": [-21.5493335, -2.384185791015625e-07, 3.6951413], "rotation": [0.7071068, 0.0, -0.7071067, 0.0], "motion_type": "static"}, {"template_name": "07ed148d60afdc1f9dd475c10f70920400bb910d", "translation": [-30.907587, -1.7881393432617188e-07, 2.7975912], "rotation": [0.0, 0.0, 1.0, 0.0], "motion_type": "static"}, {"template_name": "2c95bbd0e11baed1173e4a1c2f34a52f2c0f6dcc", "translation": [-28.8035049, -1.7881393432617188e-07, 2.7975912], "rotation": [0.0, 0.0, 1.0, 0.0], "motion_type": "static"}, {"template_name": "d4cda80842a9885beb1a8c87116a21b0e03f9d65", "translation": [-25.7679786, 2.3874995, 6.8066201], "rotation": [0.4999999, 0.4999999, 0.5, -0.5], "motion_type": "static"}, {"template_name": "d4cda80842a9885beb1a8c87116a21b0e03f9d65", "translation": [-25.7679786, 2.3874995, 4.9344658], "rotation": [0.4999999, 0.4999999, 0.5, -0.5], "motion_type": "static"}, {"template_name": "d4cda80842a9885beb1a8c87116a21b0e03f9d65", "translation": [-23.4740924, 2.3874995, 7.0579261], "rotation": [0.0, 0.0, 0.7071068, -0.7071067], "motion_type": "static"}, {"template_name": "d4cda80842a9885beb1a8c87116a21b0e03f9d65", "translation": [-21.3151111, 2.3874995, 6.9554262], "rotation": [-0.5, -0.5, 0.5, -0.4999999], "motion_type": "static"}, {"template_name": "d4cda80842a9885beb1a8c87116a21b0e03f9d65", "translation": [-21.3151111, 2.3874995, 4.4502358], "rotation": [-0.5, -0.5, 0.5, -0.4999999], "motion_type": "static"}, {"template_name": "d4cda80842a9885beb1a8c87116a21b0e03f9d65", "translation": [-23.4687042, 2.3874998, 3.2506415], "rotation": [0.7071068, 0.7071067, 0.0, 0.0], "motion_type": "static"}, {"template_name": "f22cf30d79e9972df3854055944f0217355d62b5", "translation": [-30.0045585, -1.7881393432617188e-07, 2.7975912], "rotation": [0.0, 0.0, 1.0, 0.0], "motion_type": "static"}, {"template_name": "f22cf30d79e9972df3854055944f0217355d62b5", "translation": [-28.4024772, -1.7881393432617188e-07, 2.7975912], "rotation": [0.0, 0.0, 1.0, 0.0], "motion_type": "static"}, {"template_name": "97e2497662dccaa2d8bb3445ea20cd9ebd8368a3", "translation": [-10.8535728, -2.384185791015625e-07, 3.9584345], "rotation": [0.7071068, 0.0, -0.7071067, 0.0], "motion_type": "static", "non_uniform_scale": [0.8449658, 0.9999998, 0.9999998]}, {"template_name": "bc7b1b52ef7c9d5e3687db8f85a9c859c2f6403c", "translation": [-21.315113, 2.3874993, 9.8908596], "rotation": [-0.5, -0.5, 0.5, -0.4999999], "motion_type": "static"}, {"template_name": "bc7b1b52ef7c9d5e3687db8f85a9c859c2f6403c", "translation": [-25.7679786, 2.3874993, 9.1910467], "rotation": [0.4999999, 0.4999999, 0.5, -0.5], "motion_type": "static"}, {"template_name": "bc7b1b52ef7c9d5e3687db8f85a9c859c2f6403c", "translation": [-25.1089839, 2.3874993, 10.8426322], "rotation": [0.0, 0.0, 0.7071068, -0.7071067], "motion_type": "static"}, {"template_name": "bc7b1b52ef7c9d5e3687db8f85a9c859c2f6403c", "translation": [-23.3951568, 2.3874995, 7.2109761], "rotation": [0.7071068, 0.7071067, 0.0, 0.0], "motion_type": "static"}, {"template_name": "bc7b1b52ef7c9d5e3687db8f85a9c859c2f6403c", "translation": [-23.6165256, 2.3874993, 10.8426322], "rotation": [0.0, 0.0, 0.7071068, -0.7071067], "motion_type": "static"}, {"template_name": "aea47d36a557e6ab61bcd8cf861c2a4393ed7de1", "translation": [-6.8306097, -2.682209014892578e-07, 4.4612455], "rotation": [0.0, 0.0, 1.0, 0.0], "motion_type": "static"}, {"template_name": "e1be5af5eeee3237cdb3ce589b80ccb86b6c150b", "translation": [-20.9541606, 1.9811993, 8.9847593], "rotation": [0.7071068, 0.0, -0.7071067, 0.0], "motion_type": "static"}, {"template_name": "3be598222ead1f8c2186660e3b0bda9a8a10a1c8", "translation": [-17.6933803, -5.662441253662109e-07, 9.64684], "motion_type": "static"}, {"template_name": "3be598222ead1f8c2186660e3b0bda9a8a10a1c8", "translation": [-17.6933803, -6.556510925292969e-07, 10.9608421], "motion_type": "static"}, {"template_name": "3be598222ead1f8c2186660e3b0bda9a8a10a1c8", "translation": [-20.3492622, -6.556510925292969e-07, 10.9679164], "motion_type": "static"}, {"template_name": "b613ec7524240ac679fecf7b3fdc124ced06e6f9", "translation": [-21.315113, 1.1412992, 10.5442323], "rotation": [-0.5, -0.5, 0.5, -0.4999999], "motion_type": "static"}, {"template_name": "d35907d5ba40cef9835aea3cbb808e9a92d9cbaa", "translation": [-25.158369, -3.2782554626464844e-07, 5.4610233], "motion_type": "static"}, {"template_name": "d35907d5ba40cef9835aea3cbb808e9a92d9cbaa", "translation": [-23.9391479, -3.2782554626464844e-07, 5.4610233], "motion_type": "static"}, {"template_name": "d35907d5ba40cef9835aea3cbb808e9a92d9cbaa", "translation": [-25.158369, -2.682209014892578e-07, 4.467206], "motion_type": "static"}, {"template_name": "d35907d5ba40cef9835aea3cbb808e9a92d9cbaa", "translation": [-23.9391479, -2.682209014892578e-07, 4.467206], "motion_type": "static"}, {"template_name": "d35907d5ba40cef9835aea3cbb808e9a92d9cbaa", "translation": [-22.7199287, -2.682209014892578e-07, 4.467206], "motion_type": "static"}, {"template_name": "d35907d5ba40cef9835aea3cbb808e9a92d9cbaa", "translation": [-22.7199287, -3.2782554626464844e-07, 5.4610233], "motion_type": "static"}, {"template_name": "3756-13", "translation": [-16.8040542, 1.8699989, 10.3050346], "rotation": [0.7071068, 0.0, -0.7071067, 0.0], "motion_type": "static", "non_uniform_scale": [-0.9999998, 0.9999998, 0.9999998]}, {"template_name": "3756-13", "translation": [-22.1169242, 1.8699989, 10.919157], "motion_type": "static", "non_uniform_scale": [-1.0, 0.9999998, 0.9999998]}, {"template_name": "3756-13", "translation": [-16.204214, 1.8699996, 0.6861693], "motion_type": "static", "non_uniform_scale": [-1.0, 0.9999998, 0.9999998]}, {"template_name": "3756-13", "translation": [-19.5390396, 1.8699996, 0.6861693], "motion_type": "static", "non_uniform_scale": [-1.0, 0.9999998, 0.9999998]}, {"template_name": "3756-13", "translation": [-17.8751983, 1.8699996, 0.6861693], "motion_type": "static", "non_uniform_scale": [-1.0, 0.9999998, 0.9999998]}, {"template_name": "3756-13", "translation": [-21.2385864, 1.8699996, -1.6132178], "rotation": [0.7071068, 0.0, -0.7071067, 0.0], "motion_type": "static", "non_uniform_scale": [-0.9999998, 0.9999998, 0.9999998]}, {"template_name": "3756-13", "translation": [-14.3674716, 1.8700001, -5.9549183], "rotation": [0.7071067, 0.0, 0.7071067, 0.0], "motion_type": "static", "non_uniform_scale": [-0.9999998, 0.9999998, 0.9999998]}, {"template_name": "3756-13", "translation": [-14.3674716, 1.8699998, -3.5626988], "rotation": [0.7071067, 0.0, 0.7071067, 0.0], "motion_type": "static", "non_uniform_scale": [-0.9999998, 0.9999998, 0.9999998]}, {"template_name": "3756-13", "translation": [-14.3674716, 1.8699996, -1.1419148], "rotation": [0.7071067, 0.0, 0.7071067, 0.0], "motion_type": "static", "non_uniform_scale": [-0.9999998, 0.9999998, 0.9999998]}, {"template_name": "4149-6", "translation": [-3.503427, 1.5499999, -3.5445539], "rotation": [0.7071068, 0.0, -0.7071067, 0.0], "motion_type": "static", "non_uniform_scale": [-0.9999998, 0.9999998, 0.9999998]}, {"template_name": "4149-6", "translation": [-3.503427, 1.55, -5.9460458], "rotation": [0.7071068, 0.0, -0.7071067, 0.0], "motion_type": "static", "non_uniform_scale": [-0.9999998, 0.9999998, 0.9999998]}, {"template_name": "4149-6", "translation": [-3.503427, 1.5499999, -1.1201288], "rotation": [0.7071068, 0.0, -0.7071067, 0.0], "motion_type": "static", "non_uniform_scale": [-0.9999998, 0.9999998, 0.9999998]}, {"template_name": "4149-6", "translation": [-3.503427, 1.5499998, 0.6940097], "rotation": [0.7071068, 0.0, -0.7071067, 0.0], "motion_type": "static", "non_uniform_scale": [-0.9999998, 0.9999998, 0.9999998]}, {"template_name": "4149-6", "translation": [-3.503427, 1.5499997, 2.5285358], "rotation": [0.7071068, 0.0, -0.7071067, 0.0], "motion_type": "static", "non_uniform_scale": [-0.9999998, 0.9999998, 0.9999998]}, {"template_name": "209-2", "translation": [-8.7489948, 1.1200002, -6.8572945], "motion_type": "static", "non_uniform_scale": [-1.0, 0.9999998, 0.9999998]}, {"template_name": "4149-6", "translation": [-12.0600881, 2.4100003, -6.8572945], "motion_type": "static", "non_uniform_scale": [-1.0, 0.9999998, 0.9999998]}, {"template_name": "4149-6", "translation": [-5.6646223, 2.4100003, -6.8572945], "motion_type": "static", "non_uniform_scale": [-1.0, 0.9999998, 0.9999998]}, {"template_name": "3756-13", "translation": [-23.2446174, 1.8699998, -3.8525826], "rotation": [0.0, 0.0, 1.0, 0.0], "motion_type": "static", "non_uniform_scale": [-1.0, 0.9999998, 0.9999998]}, {"template_name": "3756-13", "translation": [-29.5670623, 1.8699998, -3.8525826], "rotation": [0.0, 0.0, 1.0, 0.0], "motion_type": "static", "non_uniform_scale": [-1.0, 0.9999998, 0.9999998]}, {"template_name": "3756-13", "translation": [-26.3702316, 1.8699998, -3.8525826], "rotation": [0.0, 0.0, 1.0, 0.0], "motion_type": "static", "non_uniform_scale": [-1.0, 0.9999998, 0.9999998]}, {"template_name": "3756-13", "translation": [-25.8445053, 1.8699989, 10.2978935], "rotation": [0.7071068, 0.0, -0.7071067, 0.0], "motion_type": "static", "non_uniform_scale": [-0.9999998, 0.9999998, 0.9999998]}, {"template_name": "3756-13", "translation": [-25.8445053, 1.8699991, 8.0556344], "rotation": [0.7071068, 0.0, -0.7071067, 0.0], "motion_type": "static", "non_uniform_scale": [-0.9999998, 0.9999998, 0.9999998]}, {"template_name": "3756-13", "translation": [-31.7352123, 1.8699996, 1.4411807], "rotation": [0.7071068, 0.0, -0.7071067, 0.0], "motion_type": "static", "non_uniform_scale": [-0.9999998, 0.9999998, 0.9999998]}, {"template_name": "3756-13", "translation": [-31.7352123, 1.8699996, -1.2254834], "rotation": [0.7071068, 0.0, -0.7071067, 0.0], "motion_type": "static", "non_uniform_scale": [-0.9999998, 0.9999998, 0.9999998]}, {"template_name": "4076-2", "translation": [-31.7352123, 1.1200001, -3.2828505], "rotation": [0.7071068, 0.0, -0.7071067, 0.0], "motion_type": "static", "non_uniform_scale": [-0.9999998, 0.9999998, 0.9999998]}, {"template_name": "3756-13", "translation": [-25.8445053, 1.8699994, 4.3294072], "rotation": [0.7071067, 0.0, 0.7071067, 0.0], "motion_type": "static", "non_uniform_scale": [-0.9999998, 0.9999998, 0.9999998]}, {"template_name": "3756-13", "translation": [-25.8445053, 1.8699994, 5.5242629], "rotation": [0.7071067, 0.0, 0.7071067, 0.0], "motion_type": "static", "non_uniform_scale": [-0.9999998, 0.9999998, 0.9999998]}, {"template_name": "3756-13", "translation": [-28.8232479, 1.8699994, 3.1741166], "motion_type": "static", "non_uniform_scale": [-1.0, 0.9999998, 0.9999998]}, {"template_name": "3756-13", "translation": [-26.465187, 1.8699994, 3.1741166], "motion_type": "static", "non_uniform_scale": [-1.0, 0.9999998, 0.9999998]}], "articulated_object_instances": [], "stage_instance": {"template_name": "stages/108294846_176710506", "motion_type": "static"}, "pbr_shader_region_configs": {}, "user_defined": {"scene_filter_file": "scene_filter_files/108294846_176710506.rec_filter.json"}}