{
    "translation_origin": "asset_local",
    "default_lighting": "",
    "navmesh_instance": "",
    "semantic_scene_instance": "hssd_ssd_map",
    "default_pbr_shader_config": "./data/default.pbr_config.json",
    "object_instances": [
        {
            "template_name": "b43af01a2578f09af4017a27d285c642536acb99",
            "translation": [
                -8.0527744,
                0.8999999,
                -0.3393029
            ],
            "rotation": [
                0.0,
                0.0,
                1.0,
                0.0
            ],
            "motion_type": "static"
        },
        {
            "template_name": "b49c6f0f86bae4490cfd22c89f11257544cafa63",
            "translation": [
                -10.1699199,
                1.7712097,
                -2.2671515
            ],
            "rotation": [
                -0.5,
                -0.4999999,
                0.5,
                -0.4999999
            ],
            "motion_type": "static",
            "non_uniform_scale": [
                2.666666,
                0.9999998,
                2.9999995
            ]
        },
        {
            "template_name": "79c938b7bf5068bf69502b90725db337e426df3a",
            "translation": [
                -10.2772207,
                0.7439382,
                -3.0540895
            ],
            "rotation": [
                0.7071068,
                0.0,
                -0.7071067,
                0.0
            ],
            "motion_type": "static"
        },
        {
            "template_name": "52e54d4aedff229ec50eefe25bd168c60141c37f",
            "translation": [
                -7.6642298,
                0.9,
                -3.2029037
            ],
            "rotation": [
                0.0,
                0.0,
                1.0,
                0.0
            ],
            "motion_type": "static"
        },
        {
            "template_name": "bf7a2fdc9c345ac33db72429f5bad9b30852611f",
            "translation": [
                -7.2973113,
                0.7600003,
                -6.3145556
            ],
            "rotation": [
                0.0479781,
                0.0,
                0.9988483,
                0.0
            ],
            "motion_type": "static"
        },
        {
            "template_name": "78d1e48a7ae1f926dd123bd4afd5d313ee9041cc",
            "translation": [
                -10.6957426,
                1.7279961,
                -6.0240063
            ],
            "rotation": [
                0.7071068,
                0.7071067,
                0.0,
                0.0
            ],
            "motion_type": "static",
            "non_uniform_scale": [
                1.1994243,
                0.9999998,
                1.1148518
            ]
        },
        {
            "template_name": "435bc1cce1598bb8a7b0bc6ec0b25e439056fdd8",
            "translation": [
                -5.3709802,
                2.5331974029541018e-7,
                -4.2531628
            ],
            "rotation": [
                0.0,
                0.0,
                1.0,
                0.0
            ],
            "motion_type": "static"
        },
        {
            "template_name": "435bc1cce1598bb8a7b0bc6ec0b25e439056fdd8",
            "translation": [
                -13.3475551,
                1.4901161193847657e-8,
                -0.1671094
            ],
            "rotation": [
                0.0,
                0.0,
                1.0,
                0.0
            ],
            "motion_type": "static"
        },
        {
            "template_name": "435bc1cce1598bb8a7b0bc6ec0b25e439056fdd8",
            "translation": [
                -11.0754947,
                1.4901161193847657e-8,
                -0.1671094
            ],
            "rotation": [
                0.0,
                0.0,
                1.0,
                0.0
            ],
            "motion_type": "static"
        },
        {
            "template_name": "ca99c048f9d634d78e49645c24c6878d154873b1",
            "translation": [
                -10.4636201,
                5.364418029785156e-7,
                -8.8077344
            ],
            "rotation": [
                0.7071068,
                0.0,
                -0.7071067,
                0.0
            ],
            "motion_type": "static"
        },
        {
            "template_name": "356e59560b1913d160ce61a14b34fdfe4f89b51e",
            "translation": [
                -6.858407,
                1.1920928955078126e-7,
                -2.0151667
            ],
            "rotation": [
                0.7071068,
                0.0,
                -0.7071067,
                0.0
            ],
            "motion_type": "static",
            "non_uniform_scale": [
                0.9999998,
                0.9999998,
                1.2236016
            ]
        },
        {
            "template_name": "356e59560b1913d160ce61a14b34fdfe4f89b51e",
            "translation": [
                -6.858407,
                1.7881393432617188e-7,
                -2.8791286
            ],
            "rotation": [
                0.7071068,
                0.0,
                -0.7071067,
                0.0
            ],
            "motion_type": "static",
            "non_uniform_scale": [
                0.9999998,
                0.9999998,
                1.2236016
            ]
        },
        {
            "template_name": "454daed946130df517b76a1b0a95b873138092de",
            "translation": [
                -13.0437269,
                4.172325134277344e-7,
                -7.0702772
            ],
            "rotation": [
                0.7071068,
                0.0,
                -0.7071067,
                0.0
            ],
            "motion_type": "static",
            "non_uniform_scale": [
                1.1915377,
                0.9999998,
                0.9999998
            ]
        },
        {
            "template_name": "64710c62661a06f2bd68d49e5da3ffe9e81c6960",
            "translation": [
                -11.7198066,
                3.2782554626464846e-7,
                -5.6485719
            ],
            "motion_type": "static",
            "non_uniform_scale": [
                1.25,
                1.0624998,
                1.4781963
            ]
        },
        {
            "template_name": "40a4a40f8e33f115a9ae0e30518906f45d6d8d21",
            "translation": [
                -12.5445384,
                1.3016082,
                -6.025568
            ],
            "rotation": [
                0.7071068,
                0.7071067,
                0.0,
                0.0
            ],
            "motion_type": "static"
        },
        {
            "template_name": "310ef620ed545f1f30ac8223c0f5f9bd554b13de",
            "translation": [
                -12.3740673,
                2.980232238769531e-7,
                -5.0981292
            ],
            "rotation": [
                0.1767883,
                0.0,
                0.9842488,
                0.0
            ],
            "motion_type": "static"
        },
        {
            "template_name": "997cff30d7278e734d17f9b5fe8033782dbcaa76",
            "translation": [
                -8.8451251,
                2.9802322387695315e-8,
                -0.3804529
            ],
            "rotation": [
                0.0,
                0.0,
                1.0,
                0.0
            ],
            "motion_type": "static"
        },
        {
            "template_name": "997cff30d7278e734d17f9b5fe8033782dbcaa76",
            "translation": [
                -9.6189355,
                1.7881393432617188e-7,
                -3.1239025
            ],
            "rotation": [
                0.7071068,
                0.0,
                0.7071067,
                0.0
            ],
            "motion_type": "static"
        },
        {
            "template_name": "997cff30d7278e734d17f9b5fe8033782dbcaa76",
            "translation": [
                -9.6189355,
                5.960464477539063e-8,
                -1.1542629
            ],
            "rotation": [
                0.7071068,
                0.0,
                0.7071067,
                0.0
            ],
            "motion_type": "static"
        },
        {
            "template_name": "997cff30d7278e734d17f9b5fe8033782dbcaa76",
            "translation": [
                -8.2092885,
                1.7881393432617188e-7,
                -3.0141403
            ],
            "rotation": [
                0.7071068,
                0.0,
                -0.7071067,
                0.0
            ],
            "motion_type": "static",
            "non_uniform_scale": [
                0.976961,
                0.9999998,
                0.9999998
            ]
        },
        {
            "template_name": "997cff30d7278e734d17f9b5fe8033782dbcaa76",
            "translation": [
                -8.2092885,
                1.1920928955078126e-7,
                -1.818727
            ],
            "rotation": [
                0.7071068,
                0.0,
                -0.7071067,
                0.0
            ],
            "motion_type": "static",
            "non_uniform_scale": [
                0.9856005,
                0.9999998,
                0.9999998
            ]
        },
        {
            "template_name": "997cff30d7278e734d17f9b5fe8033782dbcaa76",
            "translation": [
                -7.5231389,
                1.1920928955078126e-7,
                -1.9182146
            ],
            "motion_type": "static",
            "non_uniform_scale": [
                1.0,
                0.9999998,
                1.6200683
            ]
        },
        {
            "template_name": "997cff30d7278e734d17f9b5fe8033782dbcaa76",
            "translation": [
                -7.5231389,
                1.7881393432617188e-7,
                -2.9084765
            ],
            "rotation": [
                0.0,
                0.0,
                1.0,
                0.0
            ],
            "motion_type": "static",
            "non_uniform_scale": [
                1.0,
                0.9999998,
                1.6144969
            ]
        },
        {
            "template_name": "997cff30d7278e734d17f9b5fe8033782dbcaa76",
            "translation": [
                -7.1858453,
                2.9802322387695315e-8,
                -0.3804529
            ],
            "rotation": [
                0.0,
                0.0,
                1.0,
                0.0
            ],
            "motion_type": "static"
        },
        {
            "template_name": "cc85c356e547d86975d71f5405415e1019706178",
            "translation": [
                -5.9914207,
                0.0,
                -0.3092409
            ],
            "rotation": [
                0.0,
                0.0,
                1.0,
                0.0
            ],
            "motion_type": "static",
            "non_uniform_scale": [
                1.0163873,
                1.1033798,
                1.2256128
            ]
        },
        {
            "template_name": "fddd230b40d4c0cba89985b2a5a60f33c0cd756e",
            "translation": [
                -9.6152057,
                2.0615599,
                -0.0761483
            ],
            "rotation": [
                0.0,
                0.0,
                0.7071068,
                -0.7071067
            ],
            "motion_type": "static"
        },
        {
            "template_name": "03e2bbe2660b454b1a45cd35ebee6d55ec8ac60d",
            "translation": [
                -1.7135602,
                0.0,
                -0.1202794
            ],
            "rotation": [
                0.0,
                0.0,
                1.0,
                0.0
            ],
            "motion_type": "static",
            "non_uniform_scale": [
                0.9999998,
                1.1183804,
                0.9999998
            ]
        },
        {
            "template_name": "1c33bd447d70d4d22116c434d912f1fae78e02b7",
            "translation": [
                -9.5805912,
                2.384185791015625e-7,
                -3.896625
            ],
            "rotation": [
                0.7071068,
                0.0,
                0.7071067,
                0.0
            ],
            "motion_type": "static",
            "non_uniform_scale": [
                1.3477087,
                1.1733152,
                0.9145061
            ]
        },
        {
            "template_name": "6ff450daad1f6bcf8eec8563a3e4f4494c70fc75",
            "translation": [
                -3.8832833,
                2.0059297,
                0.0636207
            ],
            "rotation": [
                0.0,
                0.0,
                0.7071068,
                -0.7071067
            ],
            "motion_type": "static",
            "non_uniform_scale": [
                6.0000004,
                6.690608,
                4.249999
            ]
        },
        {
            "template_name": "8e611b08a3668b99472a1bfd2413b3dcf0dca8e7",
            "translation": [
                -9.7455148,
                0.9,
                -3.3797328
            ],
            "rotation": [
                0.0,
                0.0,
                1.0,
                0.0
            ],
            "motion_type": "static"
        },
        {
            "template_name": "34170a3abede075d1e15942197394d95ee063bf7",
            "translation": [
                -1.6605601,
                1.1920928955078126e-7,
                -1.8175793
            ],
            "rotation": [
                0.7071068,
                0.0,
                0.7071067,
                0.0
            ],
            "motion_type": "static",
            "non_uniform_scale": [
                -0.9999998,
                0.9999998,
                0.9999998
            ]
        },
        {
            "template_name": "34170a3abede075d1e15942197394d95ee063bf7",
            "translation": [
                -2.38806,
                0.001,
                -0.1855794
            ],
            "rotation": [
                0.0,
                0.0,
                1.0,
                0.0
            ],
            "motion_type": "static"
        },
        {
            "template_name": "34170a3abede075d1e15942197394d95ee063bf7",
            "translation": [
                -14.3411226,
                2.835,
                -3.3608675
            ],
            "rotation": [
                0.7071068,
                0.0,
                -0.7071067,
                0.0
            ],
            "motion_type": "static",
            "non_uniform_scale": [
                -0.9999998,
                0.9999998,
                0.9999998
            ]
        },
        {
            "template_name": "c380ec071ae2c0e143051f0ac9ad87e97b1bfc2a",
            "translation": [
                -6.9321455,
                0.8999999,
                -0.1883029
            ],
            "rotation": [
                0.0,
                0.0,
                1.0,
                0.0
            ],
            "motion_type": "static"
        },
        {
            "template_name": "c5eac1bf1396fb363596d90f7f871f6386054930",
            "translation": [
                -9.0187397,
                0.6277222,
                -9.3167619
            ],
            "rotation": [
                0.7071068,
                0.0,
                -0.7071067,
                0.0
            ],
            "motion_type": "static",
            "non_uniform_scale": [
                0.5784591,
                0.9999998,
                0.6626172
            ]
        },
        {
            "template_name": "5fdbf4be188692d133ea1f516bc391599d4959b5",
            "translation": [
                -8.0737228,
                0.9,
                -1.7823829
            ],
            "rotation": [
                0.4673919,
                0.0,
                0.8840501,
                0.0
            ],
            "motion_type": "static"
        },
        {
            "template_name": "800f42a04a677e79c61400b604ccc278347d5737",
            "translation": [
                -10.5828065,
                5.960464477539063e-7,
                -9.7717618
            ],
            "motion_type": "static"
        },
        {
            "template_name": "e0f22c6d4674c6bd8c00969d7045171650003e13",
            "translation": [
                -13.3703184,
                4.172325134277344e-7,
                -6.9074587
            ],
            "rotation": [
                0.7071068,
                0.0,
                -0.7071067,
                0.0
            ],
            "motion_type": "static",
            "non_uniform_scale": [
                0.9999998,
                0.9999998,
                0.7788249
            ]
        },
        {
            "template_name": "3e6ccc40ee0f11bc3dadecfc6a0b9ae516f872c3",
            "translation": [
                -7.8918676,
                3.5762786865234377e-7,
                -5.9499459
            ],
            "rotation": [
                0.5177842,
                0.0,
                0.8555111,
                0.0
            ],
            "motion_type": "static"
        },
        {
            "template_name": "3e6ccc40ee0f11bc3dadecfc6a0b9ae516f872c3",
            "translation": [
                -6.9081158,
                3.2782554626464846e-7,
                -5.7215723
            ],
            "rotation": [
                -0.2388089,
                0.0,
                0.9710665,
                0.0
            ],
            "motion_type": "static"
        },
        {
            "template_name": "3e6ccc40ee0f11bc3dadecfc6a0b9ae516f872c3",
            "translation": [
                -7.663495,
                4.172325134277344e-7,
                -6.9336981
            ],
            "rotation": [
                0.9710665,
                0.0,
                0.2388089,
                0.0
            ],
            "motion_type": "static"
        },
        {
            "template_name": "3e6ccc40ee0f11bc3dadecfc6a0b9ae516f872c3",
            "translation": [
                -6.6797423,
                3.8743019104003908e-7,
                -6.7053246
            ],
            "rotation": [
                0.8555111,
                0.0,
                -0.5177843,
                0.0
            ],
            "motion_type": "static"
        },
        {
            "template_name": "a6863f643a872074c5c192519d46f1aa66d21362",
            "translation": [
                -12.8476619,
                2.8199999,
                -4.0867872
            ],
            "rotation": [
                0.0,
                0.0,
                1.0,
                0.0
            ],
            "motion_type": "static"
        },
        {
            "template_name": "f6dff1b372baf384b3356f72a2299ea32a2af3fa",
            "translation": [
                -2.0608201,
                1.7500001,
                -3.1338577
            ],
            "rotation": [
                -0.5,
                -0.5,
                0.5,
                -0.4999999
            ],
            "motion_type": "static"
        },
        {
            "template_name": "8b0722bd02e26bf71c7218d68a29d545d90e8746",
            "translation": [
                -7.7861118,
                2.9802322387695315e-8,
                -0.3804729
            ],
            "rotation": [
                0.0,
                0.0,
                1.0,
                0.0
            ],
            "motion_type": "static"
        },
        {
            "template_name": "682a761a9e4192d3f6fac31dcc4975d4928a5d0c",
            "translation": [
                -9.925085,
                2.0615298,
                -1.0620821
            ],
            "rotation": [
                0.4999999,
                0.4999999,
                0.5,
                -0.5
            ],
            "motion_type": "static",
            "non_uniform_scale": [
                1.0131576,
                0.9999998,
                0.9999998
            ]
        },
        {
            "template_name": "f401c614970ada44d00ce79eb53eb5f5522df350",
            "translation": [
                -8.2403049,
                2.9802322387695315e-8,
                -0.3802729
            ],
            "rotation": [
                0.0,
                0.0,
                1.0,
                0.0
            ],
            "motion_type": "static"
        },
        {
            "template_name": "f401c614970ada44d00ce79eb53eb5f5522df350",
            "translation": [
                -9.6191148,
                1.1920928955078126e-7,
                -1.7590827
            ],
            "rotation": [
                0.7071068,
                0.0,
                0.7071067,
                0.0
            ],
            "motion_type": "static"
        },
        {
            "template_name": "f401c614970ada44d00ce79eb53eb5f5522df350",
            "translation": [
                -8.2091093,
                1.4901161193847657e-7,
                -2.418075
            ],
            "rotation": [
                0.7071068,
                0.0,
                -0.7071067,
                0.0
            ],
            "motion_type": "static"
        },
        {
            "template_name": "409f25c7c976380bb3e7913d3e8e96b8b1eae06c",
            "translation": [
                -9.9202156,
                2.2628898,
                -3.9043054
            ],
            "rotation": [
                0.5,
                0.4999999,
                0.5,
                -0.5
            ],
            "motion_type": "static",
            "non_uniform_scale": [
                1.0574831,
                1.8933439,
                0.9999998
            ]
        },
        {
            "template_name": "392df3314e0d67f75a6d3187f7b4d03c7da28ee5",
            "translation": [
                -9.5751047,
                2.9802322387695315e-8,
                -0.4242829
            ],
            "rotation": [
                0.0,
                0.0,
                1.0,
                0.0
            ],
            "motion_type": "static"
        },
        {
            "template_name": "ddd93a5bcd4c806764adaf90e78e72de7eca4042",
            "translation": [
                -6.5358452,
                0.0,
                -0.3803229
            ],
            "rotation": [
                0.0,
                0.0,
                1.0,
                0.0
            ],
            "motion_type": "static",
            "non_uniform_scale": [
                1.0,
                1.1033847,
                0.9999998
            ]
        },
        {
            "template_name": "xxxx477a8f1fx819cx42d3x85d6x3c29f136d0e6",
            "translation": [
                -9.6307678,
                0.6205269,
                -4.5359573
            ],
            "rotation": [
                0.0,
                0.0,
                1.0,
                0.0
            ],
            "motion_type": "static"
        },
        {
            "template_name": "5ef3df1260100684539430af5516997bb8b6c240",
            "translation": [
                -13.6930017,
                2.8200001,
                -7.2572631
            ],
            "rotation": [
                0.1881171,
                0.0,
                0.9821466,
                0.0
            ],
            "motion_type": "static"
        },
        {
            "template_name": "869a49f22f68a2d39f548138aa5165743aaf790a_part_1",
            "translation": [
                -11.6730222,
                2.0571141,
                -5.9117546
            ],
            "rotation": [
                0.7071068,
                0.7071067,
                0.0,
                0.0
            ],
            "motion_type": "static",
            "non_uniform_scale": [
                1.5207945,
                0.9999998,
                1.1288691
            ]
        },
        {
            "template_name": "869a49f22f68a2d39f548138aa5165743aaf790a_part_3",
            "translation": [
                -12.1176891,
                2.0003948,
                -6.0255675
            ],
            "rotation": [
                0.7071068,
                0.7071067,
                0.0,
                0.0
            ],
            "motion_type": "static",
            "non_uniform_scale": [
                1.5207945,
                0.9999998,
                1.1288691
            ]
        },
        {
            "template_name": "869a49f22f68a2d39f548138aa5165743aaf790a_part_4",
            "translation": [
                -12.0882253,
                1.7907912,
                -6.0125279
            ],
            "rotation": [
                0.7071068,
                0.7071067,
                0.0,
                0.0
            ],
            "motion_type": "static",
            "non_uniform_scale": [
                1.5207945,
                0.9999998,
                1.1288691
            ]
        },
        {
            "template_name": "869a49f22f68a2d39f548138aa5165743aaf790a_part_6",
            "translation": [
                -12.4941635,
                1.976785,
                -5.971004
            ],
            "rotation": [
                0.7071068,
                0.7071067,
                0.0,
                0.0
            ],
            "motion_type": "static",
            "non_uniform_scale": [
                1.5207945,
                0.9999998,
                1.1288691
            ]
        },
        {
            "template_name": "9920700d47a347da126ec240fc8e32703a3a7429",
            "translation": [
                -11.8392152,
                2.8200001,
                -7.0013737
            ],
            "rotation": [
                -0.2261334,
                0.0,
                0.9740963,
                0.0
            ],
            "motion_type": "static"
        },
        {
            "template_name": "292f537bec7499b92d44eecbbff46c087a2c1d79",
            "translation": [
                -11.6535501,
                3.3140001,
                -8.5306282
            ],
            "motion_type": "static"
        },
        {
            "template_name": "6a20d01fdbb569c5d8143d9fdb3bc984f8ec97dd",
            "translation": [
                -12.5953865,
                2.8200004,
                -8.9515581
            ],
            "motion_type": "static",
            "non_uniform_scale": [
                -1.0,
                0.9999998,
                0.9999998
            ]
        },
        {
            "template_name": "e7af9fee904b6d58efdcd8208a2d01d1f481af60",
            "translation": [
                -7.0799531,
                5.662441253662109e-7,
                -9.6075639
            ],
            "rotation": [
                0.7071068,
                0.0,
                0.7071067,
                0.0
            ],
            "motion_type": "static",
            "non_uniform_scale": [
                0.8398047,
                0.9999998,
                0.9219987
            ]
        },
        {
            "template_name": "93d0b8c6013eb3c3bc342556bfd721d4111f3fbe",
            "translation": [
                -7.8564701,
                5.5,
                -1.8141018
            ],
            "rotation": [
                0.7071068,
                0.0,
                -0.7071067,
                0.0
            ],
            "motion_type": "static",
            "non_uniform_scale": [
                2.0145039,
                2.9923694,
                2.0145039
            ]
        },
        {
            "template_name": "93d0b8c6013eb3c3bc342556bfd721d4111f3fbe",
            "translation": [
                -7.8656897,
                5.5,
                -2.9428946
            ],
            "rotation": [
                0.7071068,
                0.0,
                -0.7071067,
                0.0
            ],
            "motion_type": "static",
            "non_uniform_scale": [
                2.0145039,
                2.9923694,
                2.0145039
            ]
        },
        {
            "template_name": "538d8ca43e8d9a8c516168cb75bc630f82c8d0e9",
            "translation": [
                -7.732686,
                5.960464477539063e-7,
                -9.3033962
            ],
            "rotation": [
                0.7071068,
                0.0,
                0.7071067,
                0.0
            ],
            "motion_type": "static",
            "non_uniform_scale": [
                0.6395521,
                0.9999998,
                0.5990218
            ]
        },
        {
            "template_name": "7eeffaeef1bc0f7b6e08691e30c7638787e5d372",
            "translation": [
                -9.9889497,
                2.8200001,
                -7.0133967
            ],
            "rotation": [
                0.7071068,
                0.0,
                -0.7071067,
                0.0
            ],
            "motion_type": "static"
        },
        {
            "template_name": "7eeffaeef1bc0f7b6e08691e30c7638787e5d372",
            "translation": [
                -9.9889497,
                2.8199999,
                -4.2290463
            ],
            "rotation": [
                0.7071068,
                0.0,
                -0.7071067,
                0.0
            ],
            "motion_type": "static",
            "non_uniform_scale": [
                0.8562334,
                0.9999998,
                0.9999998
            ]
        },
        {
            "template_name": "e930a512f453b73b79ed67d85027c60991e8fd23",
            "translation": [
                -11.409255,
                3.5762786865234377e-7,
                -6.4457964
            ],
            "rotation": [
                0.0,
                0.0,
                1.0,
                0.0
            ],
            "motion_type": "static"
        },
        {
            "template_name": "3f692c319f4d06a270aa586b95aebe8def82f6de",
            "translation": [
                -13.0454959,
                3.5762786865234377e-7,
                -6.3255667
            ],
            "rotation": [
                0.7071068,
                0.0,
                -0.7071067,
                0.0
            ],
            "motion_type": "static",
            "non_uniform_scale": [
                0.9999998,
                0.9999998,
                1.3868826
            ]
        },
        {
            "template_name": "482351496548bc89258838f6630d0c73afe3a158",
            "translation": [
                -10.689764,
                3.501772880554199e-7,
                -5.8705663
            ],
            "motion_type": "static",
            "non_uniform_scale": [
                0.9960574,
                0.9999998,
                0.9999998
            ]
        },
        {
            "template_name": "97ecfc292e18fec96827a874c5d09d95ed7c86c5",
            "translation": [
                -8.0634498,
                2.0542488,
                -0.0761483
            ],
            "rotation": [
                0.0,
                0.0,
                0.7071068,
                -0.7071067
            ],
            "motion_type": "static"
        },
        {
            "template_name": "82a6988d1378a3825e3a3d57aed71bcfec11f3d4",
            "translation": [
                -4.4038667,
                0.494,
                -1.7261562
            ],
            "rotation": [
                0.7071068,
                0.0,
                0.7071067,
                0.0
            ],
            "motion_type": "static"
        },
        {
            "template_name": "737193f25d002de5529cdf5f4e6fbdd7b75e397f",
            "translation": [
                -5.2807359,
                2.2328057,
                -9.955306
            ],
            "rotation": [
                0.6993398,
                0.6993398,
                -0.1045169,
                -0.1045171
            ],
            "motion_type": "static",
            "non_uniform_scale": [
                3.7999999,
                0.9999997,
                0.9999998
            ]
        },
        {
            "template_name": "92750cdfd136c4d8df3ce25248407a234b7ac9da",
            "translation": [
                -12.0739564,
                3.2782554626464846e-7,
                -5.6454567
            ],
            "motion_type": "static"
        },
        {
            "template_name": "0356ddbfa55a90611ee1f6ecbf851dd5b8d3cee9",
            "translation": [
                -9.6189851,
                1.4901161193847657e-7,
                -2.3639028
            ],
            "rotation": [
                0.7071068,
                0.0,
                0.7071067,
                0.0
            ],
            "motion_type": "static"
        },
        {
            "template_name": "e8547e73e4873b76eff0eb2b6488e815d7dbf41c",
            "translation": [
                -7.181292,
                2.0615298,
                -0.0743028
            ],
            "rotation": [
                0.0,
                0.0,
                0.7071068,
                -0.7071067
            ],
            "motion_type": "static"
        },
        {
            "template_name": "e8547e73e4873b76eff0eb2b6488e815d7dbf41c",
            "translation": [
                -8.9446039,
                2.0615298,
                -0.0743028
            ],
            "rotation": [
                0.0,
                0.0,
                0.7071068,
                -0.7071067
            ],
            "motion_type": "static"
        },
        {
            "template_name": "e8547e73e4873b76eff0eb2b6488e815d7dbf41c",
            "translation": [
                -9.925085,
                2.0615298,
                -3.2265112
            ],
            "rotation": [
                0.4999999,
                0.4999999,
                0.5,
                -0.5
            ],
            "motion_type": "static",
            "non_uniform_scale": [
                0.723684,
                0.9999998,
                0.9999998
            ]
        },
        {
            "template_name": "e8547e73e4873b76eff0eb2b6488e815d7dbf41c",
            "translation": [
                -9.9202156,
                2.0615298,
                -1.8149881
            ],
            "rotation": [
                0.4999999,
                0.4999999,
                0.5,
                -0.5
            ],
            "motion_type": "static"
        },
        {
            "template_name": "e8547e73e4873b76eff0eb2b6488e815d7dbf41c",
            "translation": [
                -9.9202156,
                2.0615298,
                -2.5767831
            ],
            "rotation": [
                0.4999999,
                0.4999999,
                0.5,
                -0.5
            ],
            "motion_type": "static"
        },
        {
            "template_name": "0950e2145e15b08eb9734376ed8b7b6f3d4b702c",
            "translation": [
                -0.6791502,
                5.364418029785156e-7,
                -9.4968023
            ],
            "rotation": [
                0.9590542,
                0.0,
                -0.2832223,
                0.0
            ],
            "motion_type": "static"
        },
        {
            "template_name": "30bc43e4cc623417e45da2701d7ffbea74ff7b2a",
            "translation": [
                -14.5040569,
                4.4952998,
                -6.1124086
            ],
            "rotation": [
                0.4999999,
                0.4999999,
                0.5,
                -0.5
            ],
            "motion_type": "static"
        },
        {
            "template_name": "e35c5a45f542139d2b045623fa6670d402a342a6",
            "translation": [
                -12.2421073,
                8.940696716308594e-8,
                -1.4303603
            ],
            "rotation": [
                0.0,
                0.0,
                1.0,
                0.0
            ],
            "motion_type": "static",
            "non_uniform_scale": [
                1.0,
                1.0,
                1.1590518
            ]
        },
        {
            "template_name": "3bc24e0ea79ade13d4703ca23ece1e4019f9b70b",
            "translation": [
                -13.1189966,
                4.76837158203125e-7,
                -8.8067312
            ],
            "rotation": [
                0.7071068,
                0.0,
                -0.7071067,
                0.0
            ],
            "motion_type": "static"
        },
        {
            "template_name": "3bc24e0ea79ade13d4703ca23ece1e4019f9b70b",
            "translation": [
                -12.3645162,
                2.8199996,
                -0.2213792
            ],
            "rotation": [
                0.0,
                0.0,
                1.0,
                0.0
            ],
            "motion_type": "static"
        },
        {
            "template_name": "3e02e844975990aa6f86ffefa25e68936e460d82",
            "translation": [
                -7.0820269,
                0.0600005,
                -9.1210966
            ],
            "rotation": [
                0.0,
                0.0,
                1.0,
                0.0
            ],
            "motion_type": "static",
            "non_uniform_scale": [
                0.78125,
                0.9999998,
                0.841544
            ]
        },
        {
            "template_name": "4b27564cb12bcbe98c94bb9b3646ebf5c30e230b",
            "translation": [
                -5.7016129,
                5.364418029785156e-7,
                -9.3601617
            ],
            "rotation": [
                0.7071068,
                0.0,
                -0.7071067,
                0.0
            ],
            "motion_type": "static"
        },
        {
            "template_name": "fa3b316d1bb3a0e38c138cd49431cdf665509239",
            "translation": [
                -9.7835617,
                0.9,
                -2.3584558
            ],
            "rotation": [
                0.7071068,
                0.0,
                0.7071067,
                0.0
            ],
            "motion_type": "static",
            "non_uniform_scale": [
                0.9999998,
                0.9999998,
                1.1801227
            ]
        },
        {
            "template_name": "58d7d10ed3872edfbdbbd4e3f715380e80943a30",
            "translation": [
                -5.4326386,
                5.960464477539063e-8,
                -0.7636378
            ],
            "rotation": [
                0.253851,
                0.0,
                0.9672433,
                0.0
            ],
            "motion_type": "static"
        },
        {
            "template_name": "5b0f0f419f6297e68449be99db83b1c268e95451",
            "translation": [
                -5.4063534,
                0.4500002,
                -4.2852454
            ],
            "rotation": [
                0.9503853,
                0.0,
                0.3110749,
                0.0
            ],
            "motion_type": "static"
        },
        {
            "template_name": "5b0f0f419f6297e68449be99db83b1c268e95451",
            "translation": [
                -11.040121,
                0.4499999,
                -0.1350271
            ],
            "rotation": [
                -0.3110749,
                0.0,
                0.9503853,
                0.0
            ],
            "motion_type": "static"
        },
        {
            "template_name": "5b0f0f419f6297e68449be99db83b1c268e95451",
            "translation": [
                -13.3826723,
                0.4499999,
                -0.1351566
            ],
            "rotation": [
                0.3141507,
                0.0,
                0.9493731,
                0.0
            ],
            "motion_type": "static"
        },
        {
            "template_name": "94717f0a8507b5cbd74a55be5db42f5235601ed9",
            "translation": [
                -12.2875719,
                2.7999999,
                -3.1346316
            ],
            "rotation": [
                0.0,
                0.0,
                1.0,
                0.0
            ],
            "motion_type": "static",
            "non_uniform_scale": [
                1.0,
                0.8014425,
                0.9999998
            ]
        },
        {
            "template_name": "f5f539757fefb13f032531561ca079adbe81b468",
            "translation": [
                -5.7832732,
                0.7750004,
                -9.946762
            ],
            "rotation": [
                0.7071068,
                0.7071067,
                0.0,
                0.0
            ],
            "motion_type": "static",
            "non_uniform_scale": [
                1.0,
                0.9999998,
                0.732791
            ]
        },
        {
            "template_name": "0e6441186f77c06d75ccfb9c93067e8e9a405ee1",
            "translation": [
                -12.5338668,
                5.5,
                -6.241466
            ],
            "rotation": [
                0.0,
                0.0,
                1.0,
                0.0
            ],
            "motion_type": "static",
            "non_uniform_scale": [
                1.0,
                0.517073,
                0.9999998
            ]
        },
        {
            "template_name": "222364e8fb6c086b9b08c15bcd8bbfa561665e9f",
            "translation": [
                -14.0366153,
                5.960464477539063e-7,
                -9.6180686
            ],
            "rotation": [
                0.9978323,
                0.0,
                0.065807,
                0.0
            ],
            "motion_type": "static",
            "non_uniform_scale": [
                1.0,
                1.2118273,
                0.9999998
            ]
        },
        {
            "template_name": "4b431407f01d649c473711ff5e63f120fbb42862",
            "translation": [
                -11.581623,
                1.3050001,
                -6.0255656
            ],
            "rotation": [
                0.7071068,
                0.7071067,
                0.0,
                0.0
            ],
            "motion_type": "static"
        },
        {
            "template_name": "a5d4b9f023a6a7686c5f973a53cb554e8d108d84",
            "translation": [
                -12.2115249,
                0.02,
                -1.0513793
            ],
            "motion_type": "static",
            "non_uniform_scale": [
                1.7866661,
                0.9999998,
                1.8356928
            ]
        },
        {
            "template_name": "d6e625531765561676efdaf7c8ac013cf59d7eb9",
            "translation": [
                -1.7111601,
                5.960464477539063e-8,
                -0.8892794
            ],
            "rotation": [
                0.7071068,
                0.0,
                0.7071067,
                0.0
            ],
            "motion_type": "static"
        },
        {
            "template_name": "988c8f3bedac15261ab3007ec6ffacb65573aa5a",
            "translation": [
                -12.0669994,
                1.3050001,
                -6.0255646
            ],
            "rotation": [
                0.7071068,
                0.7071067,
                0.0,
                0.0
            ],
            "motion_type": "static",
            "non_uniform_scale": [
                1.4761904,
                0.9999998,
                2.0731701
            ]
        },
        {
            "template_name": "7092826dbd4e79eb1468f5f1be75b558b87c2c82",
            "translation": [
                -4.2306532,
                2.980232238769531e-7,
                -4.9089703
            ],
            "rotation": [
                0.9674963,
                0.0,
                0.252885,
                0.0
            ],
            "motion_type": "static"
        },
        {
            "template_name": "6d0bfa2f41a366b0c2df559358641adf3094f76a",
            "translation": [
                -4.2263112,
                1.7136335372924806e-7,
                -2.9225623
            ],
            "rotation": [
                0.0,
                0.0,
                1.0,
                0.0
            ],
            "motion_type": "static",
            "non_uniform_scale": [
                1.4388009,
                0.517509,
                1.4762917
            ]
        },
        {
            "template_name": "2efebdcc1ba9514b0deb0dfb05951341432bd26a",
            "translation": [
                -11.8505945,
                0.7500602,
                -5.6531157
            ],
            "rotation": [
                0.991867,
                0.0,
                -0.1272783,
                0.0
            ],
            "motion_type": "static"
        },
        {
            "template_name": "ec5a7b51f7301d831b35da3e857ce1e189e34cce",
            "translation": [
                -4.4168114,
                0.2100001,
                -2.837171
            ],
            "rotation": [
                0.7071068,
                0.0,
                0.7071067,
                0.0
            ],
            "motion_type": "static",
            "non_uniform_scale": [
                0.8191683,
                0.4999927,
                0.5361929
            ]
        },
        {
            "template_name": "ec5a7b51f7301d831b35da3e857ce1e189e34cce",
            "translation": [
                -10.4201669,
                0.7400001,
                -1.5105686
            ],
            "rotation": [
                0.7071068,
                0.0,
                0.7071067,
                0.0
            ],
            "motion_type": "static",
            "non_uniform_scale": [
                0.8191683,
                0.4999927,
                0.5361929
            ]
        },
        {
            "template_name": "c26b16c8dfdba6600221a57542782292c15e983b",
            "translation": [
                -12.2303256,
                5.960464477539063e-7,
                -9.1466512
            ],
            "rotation": [
                0.7071068,
                0.0,
                0.7071067,
                0.0
            ],
            "motion_type": "static",
            "non_uniform_scale": [
                -0.9999998,
                0.9999998,
                0.9999998
            ]
        },
        {
            "template_name": "5780377a36497db36e4a59049d08f5434b730a69",
            "translation": [
                -12.8539237,
                2.8199999,
                -4.3724017
            ],
            "motion_type": "static"
        },
        {
            "template_name": "7fb3100902d859575057623870a2ee4159a9428e",
            "translation": [
                -10.2889041,
                0.0039382,
                -2.2650086
            ],
            "rotation": [
                0.7071068,
                0.0,
                -0.7071067,
                0.0
            ],
            "motion_type": "static"
        },
        {
            "template_name": "2612061a57b747118a3d04290d89cd1b398fb2fe",
            "translation": [
                -2.3251502,
                1.7881393432617188e-7,
                -3.1298456
            ],
            "rotation": [
                0.7071068,
                0.0,
                -0.7071067,
                0.0
            ],
            "motion_type": "static",
            "non_uniform_scale": [
                1.5398548,
                0.8900522,
                0.9999998
            ]
        },
        {
            "template_name": "15f855ce9a9dfddd0a5e1353cf18ee356c14a676",
            "translation": [
                -12.1784105,
                8.381903171539307e-8,
                -1.4120516
            ],
            "rotation": [
                0.0,
                0.0,
                1.0,
                0.0
            ],
            "motion_type": "static"
        },
        {
            "template_name": "018f52ea0b259b9134aaa3685171d7ffe624c3dc",
            "translation": [
                -3.1840198,
                3.5762786865234377e-7,
                -5.6840991
            ],
            "rotation": [
                0.5037739,
                0.0,
                0.8638355,
                0.0
            ],
            "motion_type": "static"
        },
        {
            "template_name": "4073061b184b5326a920a0187f218d064eee2a31",
            "translation": [
                -10.5829944,
                0.0,
                -0.337012
            ],
            "rotation": [
                0.0,
                0.0,
                1.0,
                0.0
            ],
            "motion_type": "static",
            "non_uniform_scale": [
                0.8069587,
                0.9999998,
                0.8902946
            ]
        },
        {
            "template_name": "2c6bdf4742ec3a3b909a7e3c701cfdf0042eb4d4",
            "translation": [
                -5.1307096,
                5.736947059631348e-7,
                -9.6106815
            ],
            "rotation": [
                0.7071068,
                0.0,
                0.7071067,
                0.0
            ],
            "motion_type": "static",
            "non_uniform_scale": [
                0.9999998,
                0.9999998,
                0.9370312
            ]
        },
        {
            "template_name": "651fc361885a72d4c83553e3c0e85bb24026b4af",
            "translation": [
                -4.4732465,
                5.811452865600586e-7,
                -9.696762
            ],
            "rotation": [
                0.7071068,
                0.0,
                -0.7071067,
                0.0
            ],
            "motion_type": "static",
            "non_uniform_scale": [
                0.567189,
                0.9999998,
                0.5775938
            ]
        },
        {
            "template_name": "cb2542f1a43bea622ab9ee5320f97da00dc28c7f",
            "translation": [
                -12.5439157,
                0.7500602,
                -5.8052363
            ],
            "rotation": [
                0.7071068,
                0.0,
                -0.7071067,
                0.0
            ],
            "motion_type": "static"
        },
        {
            "template_name": "28a5b1979348df7557515c05eab61d303bb4f460",
            "translation": [
                -8.2544708,
                0.9,
                -2.0161905
            ],
            "rotation": [
                0.0,
                0.0,
                1.0,
                0.0
            ],
            "motion_type": "static",
            "non_uniform_scale": [
                1.6666666,
                2.6350457,
                1.6708434
            ]
        },
        {
            "template_name": "ad40cf8a47d1a47cfdf29d0ac801f19bdf19ca88",
            "translation": [
                -12.8473911,
                4.7900495,
                -3.0325672
            ],
            "rotation": [
                0.0,
                0.0,
                0.7071068,
                -0.7071067
            ],
            "motion_type": "static",
            "non_uniform_scale": [
                1.764014,
                0.9999998,
                1.4270626
            ]
        },
        {
            "template_name": "da1cddb10d235eb771f138a5d173da551406c125",
            "translation": [
                -12.4278755,
                0.58,
                -2.039982
            ],
            "rotation": [
                0.0,
                0.0,
                1.0,
                0.0
            ],
            "motion_type": "static",
            "non_uniform_scale": [
                -1.0,
                1.0,
                0.9999998
            ]
        },
        {
            "template_name": "929d9cedf59c08362431e1ce80a363a4eb107e78",
            "translation": [
                -12.1559581,
                1.8449631,
                0.0636206
            ],
            "rotation": [
                0.0,
                0.0,
                0.7071068,
                -0.7071067
            ],
            "motion_type": "static",
            "non_uniform_scale": [
                2.4999997,
                0.9999998,
                2.4999992
            ]
        },
        {
            "template_name": "c3a37bd25b300803d89fbc845f7c88286cd3051a",
            "translation": [
                -1.9097602,
                1.8037716,
                -0.8746336
            ],
            "rotation": [
                0.4999999,
                0.4999999,
                0.5000001,
                -0.5
            ],
            "motion_type": "static",
            "non_uniform_scale": [
                1.8320177,
                0.9999998,
                1.8317594
            ]
        },
        {
            "template_name": "6f3b52694a7ab433792cebebd632c5e111101de8",
            "translation": [
                -4.9841237,
                1.4901161193847657e-7,
                -2.6172342
            ],
            "rotation": [
                0.7071068,
                0.0,
                0.7071067,
                0.0
            ],
            "motion_type": "static"
        },
        {
            "template_name": "d5a343c5e4eae2837bbb9398981536c250d3efd8",
            "translation": [
                -10.3699207,
                0.3839383,
                -2.3107583
            ],
            "rotation": [
                0.7071068,
                0.0,
                -0.7071067,
                0.0
            ],
            "motion_type": "static"
        },
        {
            "template_name": "76eb8317661751dd4897b39db29df5db517e2d5c",
            "translation": [
                -5.2099499,
                0.4600002,
                -4.2700242
            ],
            "rotation": [
                0.7071068,
                0.0,
                -0.7071067,
                0.0
            ],
            "motion_type": "static",
            "non_uniform_scale": [
                0.2302025,
                0.1495071,
                0.1875116
            ]
        },
        {
            "template_name": "5822ee956db8ac49663ae98abfa7a34c4f725c76",
            "translation": [
                -11.2944602,
                1.7500004,
                -9.946762
            ],
            "rotation": [
                0.7071068,
                0.7071067,
                0.0,
                0.0
            ],
            "motion_type": "static"
        },
        {
            "template_name": "529306eb57506f3b52134f9d866bd32d61f27628",
            "translation": [
                -8.379219,
                5.960464477539063e-7,
                -9.5681171
            ],
            "motion_type": "static",
            "non_uniform_scale": [
                0.8342648,
                0.9999998,
                1.2328082
            ]
        },
        {
            "template_name": "04ed449bae4986d2fcf17340168a9bdfeeac5084",
            "translation": [
                -0.2295588,
                0.0,
                -0.3692003
            ],
            "rotation": [
                0.7071068,
                0.0,
                -0.7071067,
                0.0
            ],
            "motion_type": "static",
            "non_uniform_scale": [
                0.7458313,
                1.0168035,
                0.8017736
            ]
        },
        {
            "template_name": "04ed449bae4986d2fcf17340168a9bdfeeac5084",
            "translation": [
                -0.2295588,
                5.960464477539063e-7,
                -9.5139408
            ],
            "rotation": [
                0.7071068,
                0.0,
                -0.7071067,
                0.0
            ],
            "motion_type": "static",
            "non_uniform_scale": [
                -0.7458313,
                1.0168035,
                0.8017736
            ]
        },
        {
            "template_name": "04ed449bae4986d2fcf17340168a9bdfeeac5084",
            "translation": [
                -14.3497009,
                0.0,
                -0.3692003
            ],
            "rotation": [
                0.7071068,
                0.0,
                0.7071067,
                0.0
            ],
            "motion_type": "static",
            "non_uniform_scale": [
                -0.7458313,
                1.0168035,
                0.8017736
            ]
        },
        {
            "template_name": "04ed449bae4986d2fcf17340168a9bdfeeac5084",
            "translation": [
                -14.3497009,
                5.960464477539063e-7,
                -9.5139408
            ],
            "rotation": [
                0.7071068,
                0.0,
                0.7071067,
                0.0
            ],
            "motion_type": "static",
            "non_uniform_scale": [
                0.7458313,
                1.0168035,
                0.8017736
            ]
        },
        {
            "template_name": "04ed449bae4986d2fcf17340168a9bdfeeac5084",
            "translation": [
                -14.3497009,
                3.5762786865234377e-7,
                -6.6083874
            ],
            "rotation": [
                0.7071068,
                0.0,
                0.7071067,
                0.0
            ],
            "motion_type": "static",
            "non_uniform_scale": [
                -0.7458313,
                1.0168035,
                0.8017736
            ]
        },
        {
            "template_name": "04ed449bae4986d2fcf17340168a9bdfeeac5084",
            "translation": [
                -14.3497009,
                3.5762786865234377e-7,
                -5.5927453
            ],
            "rotation": [
                0.7071068,
                0.0,
                0.7071067,
                0.0
            ],
            "motion_type": "static",
            "non_uniform_scale": [
                0.7458313,
                1.0168035,
                0.8017736
            ]
        },
        {
            "template_name": "b7c9f99127f947841bc68a9a3ad2b9488dbd0578",
            "translation": [
                -7.2858052,
                3.8743019104003908e-7,
                -6.3276357
            ],
            "rotation": [
                0.7071068,
                0.0,
                -0.7071067,
                0.0
            ],
            "motion_type": "static",
            "non_uniform_scale": [
                1.5555553,
                0.9999998,
                1.5581868
            ]
        },
        {
            "template_name": "89ba3ca85be9fdeec04468df9a4f75c17d91b01b",
            "translation": [
                -14.2757282,
                2.8200001,
                -6.0563201
            ],
            "rotation": [
                0.7071068,
                0.0,
                0.7071067,
                0.0
            ],
            "motion_type": "static"
        },
        {
            "template_name": "2af8f7c0fc1c416b2c24affc510fb8eacef76e23",
            "translation": [
                -13.8633232,
                2.8199999,
                -3.2248775
            ],
            "rotation": [
                0.0,
                0.0,
                1.0,
                0.0
            ],
            "motion_type": "static"
        },
        {
            "template_name": "2af8f7c0fc1c416b2c24affc510fb8eacef76e23",
            "translation": [
                -11.8285522,
                2.8199999,
                -3.2248775
            ],
            "rotation": [
                0.0,
                0.0,
                1.0,
                0.0
            ],
            "motion_type": "static"
        },
        {
            "template_name": "xxxx10596403xdc03x481dx842bxbf282eceb30d",
            "translation": [
                -4.2392768,
                1.9744038581848145e-7,
                -3.3101272
            ],
            "rotation": [
                0.7071068,
                0.0,
                -0.7071067,
                0.0
            ],
            "motion_type": "static"
        },
        {
            "template_name": "69635993790f6d8bde07450b03d84faa4393cbb1",
            "translation": [
                -0.0752413,
                2.5942413,
                -4.9417619
            ],
            "rotation": [
                -0.5,
                -0.5,
                0.5,
                -0.4999999
            ],
            "motion_type": "static",
            "non_uniform_scale": [
                6.6203694,
                0.9999998,
                0.9999998
            ]
        },
        {
            "template_name": "69635993790f6d8bde07450b03d84faa4393cbb1",
            "translation": [
                -14.5040178,
                2.5942411,
                -2.9813792
            ],
            "rotation": [
                0.4999999,
                0.4999999,
                0.5,
                -0.5
            ],
            "motion_type": "static",
            "non_uniform_scale": [
                4.0277767,
                0.9999998,
                0.9999998
            ]
        },
        {
            "template_name": "69635993790f6d8bde07450b03d84faa4393cbb1",
            "translation": [
                -14.5040178,
                2.5942413,
                -8.0605659
            ],
            "rotation": [
                0.4999999,
                0.4999999,
                0.5,
                -0.5
            ],
            "motion_type": "static",
            "non_uniform_scale": [
                2.4933857,
                0.9999998,
                0.9999998
            ]
        },
        {
            "template_name": "1200f6bf858e0f7e8d98f538dcfc895595547401",
            "translation": [
                -12.2115249,
                0.15,
                -1.0563793
            ],
            "motion_type": "static",
            "non_uniform_scale": [
                1.13125,
                1.8571425,
                1.1099998
            ]
        },
        {
            "template_name": "204-10",
            "translation": [
                -0.9668624,
                1.2699998,
                0.1386206
            ],
            "motion_type": "static"
        },
        {
            "template_name": "3760-1",
            "translation": [
                -14.5790576,
                1.8499999,
                -0.8265364
            ],
            "rotation": [
                0.7071067,
                0.0,
                0.7071067,
                0.0
            ],
            "motion_type": "static",
            "non_uniform_scale": [
                -0.9999999,
                0.9999998,
                0.9999999
            ]
        },
        {
            "template_name": "3760-1",
            "translation": [
                -14.5790576,
                1.85,
                -2.2337048
            ],
            "rotation": [
                0.7071067,
                0.0,
                0.7071067,
                0.0
            ],
            "motion_type": "static",
            "non_uniform_scale": [
                -0.9999999,
                0.9999998,
                0.9999999
            ]
        },
        {
            "template_name": "3760-1",
            "translation": [
                -14.5790576,
                1.8500002,
                -5.059844
            ],
            "rotation": [
                0.7071067,
                0.0,
                0.7071067,
                0.0
            ],
            "motion_type": "static",
            "non_uniform_scale": [
                -0.9999999,
                0.9999998,
                0.9999999
            ]
        },
        {
            "template_name": "3760-1",
            "translation": [
                -14.5790576,
                1.8500001,
                -3.6688818
            ],
            "rotation": [
                0.7071067,
                0.0,
                0.7071067,
                0.0
            ],
            "motion_type": "static",
            "non_uniform_scale": [
                -0.9999999,
                0.9999998,
                0.9999999
            ]
        },
        {
            "template_name": "3760-1",
            "translation": [
                -14.5790576,
                1.8500003,
                -8.0753469
            ],
            "rotation": [
                0.7071067,
                0.0,
                0.7071067,
                0.0
            ],
            "motion_type": "static",
            "non_uniform_scale": [
                -0.9999999,
                0.9999998,
                0.9999999
            ]
        },
        {
            "template_name": "3760-1",
            "translation": [
                -14.5790576,
                1.8500005,
                -9.2608089
            ],
            "rotation": [
                0.7071067,
                0.0,
                0.7071067,
                0.0
            ],
            "motion_type": "static",
            "non_uniform_scale": [
                -0.9999999,
                0.9999998,
                0.9999999
            ]
        },
        {
            "template_name": "3760-1",
            "translation": [
                -14.5790576,
                1.8500003,
                -6.8979415
            ],
            "rotation": [
                0.7071067,
                0.0,
                0.7071067,
                0.0
            ],
            "motion_type": "static",
            "non_uniform_scale": [
                -0.9999999,
                0.9999998,
                0.9999999
            ]
        },
        {
            "template_name": "3760-1",
            "translation": [
                -13.7542476,
                4.5500001,
                -10.0217618
            ],
            "rotation": [
                0.0,
                0.0,
                1.0,
                0.0
            ],
            "motion_type": "static",
            "non_uniform_scale": [
                -1.0,
                0.9999998,
                0.9999998
            ]
        },
        {
            "template_name": "3760-1",
            "translation": [
                -12.3839721,
                4.5500001,
                -10.0217618
            ],
            "rotation": [
                0.0,
                0.0,
                1.0,
                0.0
            ],
            "motion_type": "static",
            "non_uniform_scale": [
                -1.0,
                0.9999998,
                0.9999998
            ]
        },
        {
            "template_name": "3760-1",
            "translation": [
                -10.9508399,
                4.5500001,
                -10.0217618
            ],
            "rotation": [
                0.0,
                0.0,
                1.0,
                0.0
            ],
            "motion_type": "static",
            "non_uniform_scale": [
                -1.0,
                0.9999998,
                0.9999998
            ]
        },
        {
            "template_name": "3760-1",
            "translation": [
                -9.3912467,
                4.5500001,
                -10.0217618
            ],
            "motion_type": "static",
            "non_uniform_scale": [
                -1.0,
                0.9999998,
                0.9999998
            ]
        },
        {
            "template_name": "3760-1",
            "translation": [
                -8.0895595,
                4.1500005,
                -10.0217618
            ],
            "motion_type": "static",
            "non_uniform_scale": [
                -1.0,
                0.9999998,
                0.9999998
            ]
        },
        {
            "template_name": "3760-1",
            "translation": [
                -6.7712917,
                3.7500004,
                -10.0217618
            ],
            "motion_type": "static",
            "non_uniform_scale": [
                -1.0,
                0.9999998,
                0.9999998
            ]
        },
        {
            "template_name": "3760-1",
            "translation": [
                -5.453022,
                3.3500003,
                -10.0217618
            ],
            "motion_type": "static",
            "non_uniform_scale": [
                -1.0,
                0.9999998,
                0.9999998
            ]
        },
        {
            "template_name": "3760-1",
            "translation": [
                -4.1679167,
                2.9500002,
                -10.0217618
            ],
            "motion_type": "static",
            "non_uniform_scale": [
                -1.0,
                0.9999998,
                0.9999998
            ]
        },
        {
            "template_name": "3760-1",
            "translation": [
                -0.0002013,
                1.8500003,
                -8.744996
            ],
            "rotation": [
                0.7071068,
                0.0,
                -0.7071067,
                0.0
            ],
            "motion_type": "static",
            "non_uniform_scale": [
                -0.9999998,
                0.9999998,
                0.9999998
            ]
        },
        {
            "template_name": "3760-1",
            "translation": [
                -0.0002013,
                1.8500003,
                -7.1633105
            ],
            "rotation": [
                0.7071068,
                0.0,
                -0.7071067,
                0.0
            ],
            "motion_type": "static",
            "non_uniform_scale": [
                -0.9999998,
                0.9999998,
                0.9999998
            ]
        },
        {
            "template_name": "3760-1",
            "translation": [
                -0.0002013,
                1.8500002,
                -5.5806479
            ],
            "rotation": [
                0.7071068,
                0.0,
                -0.7071067,
                0.0
            ],
            "motion_type": "static",
            "non_uniform_scale": [
                -0.9999998,
                0.9999998,
                0.9999998
            ]
        },
        {
            "template_name": "3760-1",
            "translation": [
                -0.0002013,
                1.8500001,
                -3.9964854
            ],
            "rotation": [
                0.7071068,
                0.0,
                -0.7071067,
                0.0
            ],
            "motion_type": "static",
            "non_uniform_scale": [
                -0.9999998,
                0.9999998,
                0.9999998
            ]
        },
        {
            "template_name": "3760-1",
            "translation": [
                -0.0002013,
                1.85,
                -2.4131605
            ],
            "rotation": [
                0.7071068,
                0.0,
                -0.7071067,
                0.0
            ],
            "motion_type": "static",
            "non_uniform_scale": [
                -0.9999998,
                0.9999998,
                0.9999998
            ]
        },
        {
            "template_name": "3760-1",
            "translation": [
                -0.0002013,
                1.8499999,
                -0.8326185
            ],
            "rotation": [
                0.7071068,
                0.0,
                -0.7071067,
                0.0
            ],
            "motion_type": "static",
            "non_uniform_scale": [
                -0.9999998,
                0.9999998,
                0.9999998
            ]
        },
        {
            "template_name": "3760-1",
            "translation": [
                -2.8496482,
                2.5500001,
                -10.0217618
            ],
            "motion_type": "static",
            "non_uniform_scale": [
                -1.0,
                0.9999998,
                0.9999998
            ]
        },
        {
            "template_name": "3760-1",
            "translation": [
                -1.506506,
                2.15,
                -10.0217618
            ],
            "motion_type": "static",
            "non_uniform_scale": [
                -1.0,
                0.9999998,
                0.9999998
            ]
        }
    ],
    "articulated_object_instances": [],
    "stage_instance": {
        "template_name": "stages/108294939_176710668",
        "motion_type": "static"
    },
    "pbr_shader_region_configs": {}
}