{
    "translation_origin": "asset_local",
    "default_lighting": "",
    "navmesh_instance": "",
    "semantic_scene_instance": "hssd_ssd_map",
    "default_pbr_shader_config": "./data/default.pbr_config.json",
    "object_instances": [
        {
            "template_name": "891d92d36d8ce186ab73959ad164b5fa8d3b3227",
            "translation": [
                -5.2822356,
                1.7881393432617188e-7,
                -2.5735888
            ],
            "motion_type": "static"
        },
        {
            "template_name": "1c094fa03158472435f319ff499aef6f7b9ff883",
            "translation": [
                -6.9540476,
                0.0010004,
                -8.0489358
            ],
            "rotation": [
                0.0,
                0.0,
                1.0,
                0.0
            ],
            "motion_type": "static"
        },
        {
            "template_name": "d6624608fa15c1bfe4e424eba4c5dd455bc84050",
            "translation": [
                8.5878477,
                2.980232238769531e-7,
                -5.4249567
            ],
            "rotation": [
                0.7071068,
                0.0,
                -0.7071067,
                0.0
            ],
            "motion_type": "static"
        },
        {
            "template_name": "d6fb40dab042c5f7030eac9aba3b4634a80b2af2",
            "translation": [
                -0.6185492,
                1.75,
                -2.4702842
            ],
            "rotation": [
                0.4999999,
                0.4999999,
                0.5,
                -0.5
            ],
            "motion_type": "static"
        },
        {
            "template_name": "49793cec056d084592ad23345e466c9ba0077b55",
            "translation": [
                -6.0588059,
                1.7881393432617188e-7,
                -2.9955689
            ],
            "rotation": [
                0.0,
                0.0,
                1.0,
                0.0
            ],
            "motion_type": "static"
        },
        {
            "template_name": "347a45498dfdc2bd553a64da96e1771d5081efe1",
            "translation": [
                -0.9488769,
                -5.960464477539063e-8,
                0.9450237
            ],
            "rotation": [
                0.0,
                0.0,
                1.0,
                0.0
            ],
            "motion_type": "static"
        },
        {
            "template_name": "1d438cf2a0be5706ffdbd1489fbfb27f712589a0",
            "translation": [
                -7.1700987,
                1.8123048,
                -1.6230539
            ],
            "rotation": [
                -0.5,
                -0.5,
                0.5,
                -0.4999999
            ],
            "motion_type": "static"
        },
        {
            "template_name": "1d438cf2a0be5706ffdbd1489fbfb27f712589a0",
            "translation": [
                8.7860183,
                1.5789488,
                -5.9223823
            ],
            "rotation": [
                -0.5,
                -0.5,
                0.5,
                -0.4999999
            ],
            "motion_type": "static"
        },
        {
            "template_name": "5bfc73bbfb31954cb5734e588cbbedf238782f62",
            "translation": [
                6.4254784,
                1.3725966,
                -8.3883352
            ],
            "rotation": [
                0.7071068,
                0.7071067,
                0.0,
                0.0
            ],
            "motion_type": "static"
        },
        {
            "template_name": "311c7a3a98caa027550b26d6f25e5e30b5ec7502",
            "translation": [
                0.8370825,
                2.384185791015625e-7,
                -3.8974359
            ],
            "rotation": [
                0.0,
                0.0,
                1.0,
                0.0
            ],
            "motion_type": "static"
        },
        {
            "template_name": "f7cf096058a75114305e4e104cdae81a84f877bd",
            "translation": [
                -9.8618497,
                8.940696716308594e-8,
                -1.7715258
            ],
            "rotation": [
                0.7071068,
                0.0,
                0.7071067,
                0.0
            ],
            "motion_type": "static"
        },
        {
            "template_name": "d564a9dfddaed66661ac318ff1e3c7b62b99f0ee",
            "translation": [
                0.8241552,
                2.7999997,
                -3.8910856
            ],
            "motion_type": "static"
        },
        {
            "template_name": "fcddb0da814290f80b7796f72678dcb176e1046b",
            "translation": [
                1.4084277,
                -5.960464477539063e-8,
                1.198565
            ],
            "rotation": [
                0.7071068,
                0.0,
                -0.7071067,
                0.0
            ],
            "motion_type": "static"
        },
        {
            "template_name": "d3cd758b209f9b187fa3bc9d99c486ba0f3903bc",
            "translation": [
                -0.7305126,
                4.76837158203125e-7,
                -8.0880956
            ],
            "motion_type": "static"
        },
        {
            "template_name": "3b3764c8e5286fcf2d922e6af05057af8d3a71da",
            "translation": [
                -2.5274014,
                1.4901161193847657e-7,
                -2.2953486
            ],
            "rotation": [
                0.7071068,
                0.0,
                -0.7071067,
                0.0
            ],
            "motion_type": "static"
        },
        {
            "template_name": "efa204c72334904f6d4aba46f08d0d9437006397",
            "translation": [
                -3.3944554,
                4.76837158203125e-7,
                -7.2252521
            ],
            "rotation": [
                0.7071068,
                0.0,
                0.7071067,
                0.0
            ],
            "motion_type": "static"
        },
        {
            "template_name": "cc48920ec3355dff3e8d1a26a7328884e74028e7",
            "translation": [
                8.1614189,
                2.682209014892578e-7,
                -4.5268759
            ],
            "rotation": [
                0.7071068,
                0.0,
                0.7071067,
                0.0
            ],
            "motion_type": "static"
        },
        {
            "template_name": "6893844d6850d540455a20654147dc38853b1978",
            "translation": [
                -6.6723761,
                1.1920928955078126e-7,
                -1.6050043
            ],
            "motion_type": "static"
        },
        {
            "template_name": "c65ed8df95e4e7789495aa1b620c3f3be5d6061f",
            "translation": [
                -1.0005227,
                1.6051466,
                -5.5845046
            ],
            "rotation": [
                0.4999999,
                0.4999999,
                0.5,
                -0.5
            ],
            "motion_type": "static"
        },
        {
            "template_name": "dc8d0a4e26bdefb8b569e2a517274d113f261ef2",
            "translation": [
                3.4839177,
                1.7499996,
                0.0307611
            ],
            "rotation": [
                -0.5,
                -0.5,
                0.5,
                -0.4999999
            ],
            "motion_type": "static"
        },
        {
            "template_name": "3986517548ad9be742888c6ea632f1848a19ee9c",
            "translation": [
                -11.0175457,
                1.75,
                -1.4582184
            ],
            "rotation": [
                0.4999999,
                0.4999999,
                0.5,
                -0.5
            ],
            "motion_type": "static"
        },
        {
            "template_name": "21ac126f7ce13336fcdb8a685dec35bcfa48a76b",
            "translation": [
                -2.6961698,
                4.3353065848350527e-7,
                -7.2762737
            ],
            "motion_type": "static"
        },
        {
            "template_name": "0a8476cf260729fdb8806cf436754f842d4a96b7",
            "translation": [
                1.8243092,
                2.3368587,
                -8.3883352
            ],
            "rotation": [
                0.7071068,
                0.7071067,
                0.0,
                0.0
            ],
            "motion_type": "static"
        },
        {
            "template_name": "03ef3bc5dca1c31e308fac0da12f0ad8faa4a3f1",
            "translation": [
                -4.75287,
                1.3743735,
                -8.2383556
            ],
            "rotation": [
                0.0,
                0.0,
                0.7071068,
                -0.7071067
            ],
            "motion_type": "static"
        },
        {
            "template_name": "95603e700e54fdebbae7c3228ecd0f9a849424d3",
            "translation": [
                -6.6900062,
                0.7099999,
                -2.9485688
            ],
            "rotation": [
                0.0,
                0.0,
                1.0,
                0.0
            ],
            "motion_type": "static"
        },
        {
            "template_name": "7a99d4a6704a1c228550bc9c63b53ac39ee59f2c",
            "translation": [
                -1.0005227,
                1.5034501,
                -7.203401
            ],
            "rotation": [
                0.4999999,
                0.4999999,
                0.5,
                -0.5
            ],
            "motion_type": "static"
        },
        {
            "template_name": "545ba71af93927c59471a56c36677ce8d616da1d_part_3",
            "translation": [
                3.3305304,
                1.7440514,
                -5.0118036
            ],
            "rotation": [
                -0.5,
                -0.5,
                0.5,
                -0.4999999
            ],
            "motion_type": "static",
            "non_uniform_scale": [
                0.4495665,
                0.6159923,
                0.9999998
            ]
        },
        {
            "template_name": "545ba71af93927c59471a56c36677ce8d616da1d_part_2",
            "translation": [
                3.4611878,
                2.3202519,
                -5.0610451
            ],
            "rotation": [
                -0.5,
                -0.5,
                0.5,
                -0.4999999
            ],
            "motion_type": "static",
            "non_uniform_scale": [
                0.4495665,
                0.6159923,
                0.9999998
            ]
        },
        {
            "template_name": "545ba71af93927c59471a56c36677ce8d616da1d_part_7",
            "translation": [
                3.3958709,
                1.4168684,
                -5.4797925
            ],
            "rotation": [
                -0.5,
                -0.5,
                0.5,
                -0.4999999
            ],
            "motion_type": "static",
            "non_uniform_scale": [
                0.4495665,
                0.6159923,
                0.9999998
            ]
        },
        {
            "template_name": "545ba71af93927c59471a56c36677ce8d616da1d_part_8",
            "translation": [
                3.3646333,
                1.407551,
                -5.3102946
            ],
            "rotation": [
                -0.5,
                -0.5,
                0.5,
                -0.4999999
            ],
            "motion_type": "static",
            "non_uniform_scale": [
                0.4495665,
                0.6159923,
                0.9999998
            ]
        },
        {
            "template_name": "545ba71af93927c59471a56c36677ce8d616da1d_part_4",
            "translation": [
                3.408442,
                1.8413921,
                -5.4086937
            ],
            "rotation": [
                -0.5,
                -0.5,
                0.5,
                -0.4999999
            ],
            "motion_type": "static",
            "non_uniform_scale": [
                0.4495665,
                0.6159923,
                0.9999998
            ]
        },
        {
            "template_name": "545ba71af93927c59471a56c36677ce8d616da1d_part_10",
            "translation": [
                3.4805912,
                1.5832871,
                -5.2450876
            ],
            "rotation": [
                -0.5,
                -0.5,
                0.5,
                -0.4999999
            ],
            "motion_type": "static",
            "non_uniform_scale": [
                0.4495665,
                0.6159923,
                0.9999998
            ]
        },
        {
            "template_name": "3a8afefa6b4a735293520f5bd14f3ec9d456a004_part_1",
            "translation": [
                -8.2715587,
                0.8024944,
                -6.5450687
            ],
            "rotation": [
                0.7071068,
                0.0,
                0.7071067,
                0.0
            ],
            "motion_type": "static",
            "non_uniform_scale": [
                0.9890108,
                1.1167397,
                0.9999998
            ]
        },
        {
            "template_name": "3a8afefa6b4a735293520f5bd14f3ec9d456a004_part_45",
            "translation": [
                -8.0704383,
                1.1920928955078126e-7,
                -6.5683312
            ],
            "rotation": [
                0.7071068,
                0.0,
                0.7071067,
                0.0
            ],
            "motion_type": "static",
            "non_uniform_scale": [
                0.9890108,
                1.1167397,
                0.9999998
            ]
        },
        {
            "template_name": "2fc3a695672178bf0236ed4a10a8d9378017f85c",
            "translation": [
                -1.5519224,
                3.2782554626464846e-7,
                -5.3260035
            ],
            "rotation": [
                0.8626582,
                0.0,
                -0.5057873,
                0.0
            ],
            "motion_type": "static",
            "non_uniform_scale": [
                0.9623727,
                0.9999998,
                1.0043903
            ]
        },
        {
            "template_name": "0af9732417cdf12a734bd3133f493b18cfe03e91",
            "translation": [
                -1.2321933,
                1.75,
                -2.7185688
            ],
            "rotation": [
                0.7071068,
                0.7071067,
                0.0,
                0.0
            ],
            "motion_type": "static"
        },
        {
            "template_name": "2ffa44fc56c781dc03f76935cdca1704313699af",
            "translation": [
                5.2690029,
                1.7500002,
                -6.3874578
            ],
            "rotation": [
                0.4999999,
                0.4999999,
                0.5,
                -0.5
            ],
            "motion_type": "static"
        },
        {
            "template_name": "a988bc50b88f4e627a0860ff647e1c9f62ea66a2",
            "translation": [
                8.4561882,
                2.682209014892578e-7,
                -4.4517364
            ],
            "rotation": [
                0.7071068,
                0.0,
                -0.7071067,
                0.0
            ],
            "motion_type": "static"
        },
        {
            "template_name": "bb2ab948adfc90ea71a27efbbf04ef6ffbd65997",
            "translation": [
                6.3374633,
                3.5762786865234377e-7,
                -6.4754452
            ],
            "rotation": [
                0.7071068,
                0.0,
                0.7071067,
                0.0
            ],
            "motion_type": "static"
        },
        {
            "template_name": "9c736b82840fea07135e848469e80e60e0f10fdd",
            "translation": [
                3.1811575,
                3.2782554626464846e-7,
                -5.3307347
            ],
            "rotation": [
                0.7071068,
                0.0,
                -0.7071067,
                0.0
            ],
            "motion_type": "static"
        },
        {
            "template_name": "6913b51c6c46706058379b9f9b3de93c84c33d59",
            "translation": [
                3.1811575,
                4.470348358154297e-7,
                -7.4684448
            ],
            "rotation": [
                0.7071068,
                0.0,
                -0.7071067,
                0.0
            ],
            "motion_type": "static"
        },
        {
            "template_name": "6913b51c6c46706058379b9f9b3de93c84c33d59",
            "translation": [
                0.3043372,
                4.76837158203125e-7,
                -8.0906152
            ],
            "motion_type": "static"
        },
        {
            "template_name": "a2b84191ba83ccf6ba269ce696d89d84211b9971",
            "translation": [
                3.1789677,
                1.7500003,
                -8.3874664
            ],
            "rotation": [
                0.7071068,
                0.7071067,
                0.0,
                0.0
            ],
            "motion_type": "static"
        },
        {
            "template_name": "682a761a9e4192d3f6fac31dcc4975d4928a5d0c",
            "translation": [
                3.4839177,
                1.7500003,
                -7.3839764
            ],
            "rotation": [
                -0.5,
                -0.5,
                0.5,
                -0.4999999
            ],
            "motion_type": "static"
        },
        {
            "template_name": "965366f3b0f54c504b434fa829ceaec397a6f553",
            "translation": [
                5.5103034,
                2.980232238769531e-7,
                -5.1807746
            ],
            "rotation": [
                0.7071068,
                0.0,
                0.7071067,
                0.0
            ],
            "motion_type": "static"
        },
        {
            "template_name": "965366f3b0f54c504b434fa829ceaec397a6f553",
            "translation": [
                5.4818334,
                4.470348358154297e-7,
                -7.6719565
            ],
            "rotation": [
                0.7071068,
                0.0,
                0.7071067,
                0.0
            ],
            "motion_type": "static"
        },
        {
            "template_name": "837e3e20c4ad389dd54574235d59abb8907b336d",
            "translation": [
                0.3286446,
                1.7499996,
                1.4172239
            ],
            "rotation": [
                0.0,
                0.0,
                0.7071068,
                -0.7071067
            ],
            "motion_type": "static"
        },
        {
            "template_name": "f1877225cf5f605f5805218b62941853f14c9d41",
            "translation": [
                1.5220694,
                2.384185791015625e-7,
                -4.3662042
            ],
            "motion_type": "static"
        },
        {
            "template_name": "f1877225cf5f605f5805218b62941853f14c9d41",
            "translation": [
                0.8033009,
                2.384185791015625e-7,
                -4.3885169
            ],
            "motion_type": "static"
        },
        {
            "template_name": "f1877225cf5f605f5805218b62941853f14c9d41",
            "translation": [
                0.084532,
                2.384185791015625e-7,
                -4.3974356
            ],
            "motion_type": "static"
        },
        {
            "template_name": "f1877225cf5f605f5805218b62941853f14c9d41",
            "translation": [
                1.4774756,
                1.7881393432617188e-7,
                -3.406424
            ],
            "rotation": [
                0.0,
                0.0,
                1.0,
                0.0
            ],
            "motion_type": "static"
        },
        {
            "template_name": "f1877225cf5f605f5805218b62941853f14c9d41",
            "translation": [
                0.7899376,
                1.7881393432617188e-7,
                -3.4376852
            ],
            "rotation": [
                0.0,
                0.0,
                1.0,
                0.0
            ],
            "motion_type": "static"
        },
        {
            "template_name": "f1877225cf5f605f5805218b62941853f14c9d41",
            "translation": [
                0.0756132,
                1.7881393432617188e-7,
                -3.4287664
            ],
            "rotation": [
                0.0,
                0.0,
                1.0,
                0.0
            ],
            "motion_type": "static"
        },
        {
            "template_name": "03d3f46d0dc93e092f63774bedf3b5911c87ac70",
            "translation": [
                8.4763765,
                0.7713701,
                -4.0050272
            ],
            "motion_type": "static"
        },
        {
            "template_name": "43b7ea81b8b10840845f7d2551599c5a6d96e3d4",
            "translation": [
                3.1649878,
                4.172325134277344e-7,
                -6.9433746
            ],
            "rotation": [
                0.7071068,
                0.0,
                -0.7071067,
                0.0
            ],
            "motion_type": "static"
        },
        {
            "template_name": "c3e45e226f51e328829dcf0afc2b3baf5de0ac0c",
            "translation": [
                -2.1228578,
                1.1465487,
                -2.8851089
            ],
            "rotation": [
                0.0,
                0.0,
                0.7071068,
                -0.7071067
            ],
            "motion_type": "static"
        },
        {
            "template_name": "609530b858465d9795ac43ba435fdd5f12d95956",
            "translation": [
                -10.2589492,
                0.0,
                -0.2060038
            ],
            "rotation": [
                0.0,
                0.0,
                1.0,
                0.0
            ],
            "motion_type": "static"
        },
        {
            "template_name": "793b53d25a8b26dbe12430fe86e07f8cdeb3bb2f",
            "translation": [
                4.3640565,
                4.76837158203125e-7,
                -7.9645366
            ],
            "motion_type": "static",
            "non_uniform_scale": [
                0.9127879,
                0.9999998,
                0.9999998
            ]
        },
        {
            "template_name": "e9aa737db39d132275f3e6bb4453fd3ffc9ab1bc",
            "translation": [
                -1.9462305,
                4.76837158203125e-7,
                -7.8357958
            ],
            "rotation": [
                0.7071068,
                0.0,
                -0.7071067,
                0.0
            ],
            "motion_type": "static",
            "non_uniform_scale": [
                -0.9999998,
                0.9999998,
                0.9999998
            ]
        },
        {
            "template_name": "e9aa737db39d132275f3e6bb4453fd3ffc9ab1bc",
            "translation": [
                3.9146878,
                4.172325134277344e-7,
                -6.7948169
            ],
            "rotation": [
                0.7071068,
                0.0,
                0.7071067,
                0.0
            ],
            "motion_type": "static",
            "non_uniform_scale": [
                -0.9999998,
                0.9999998,
                0.9999998
            ]
        },
        {
            "template_name": "39443cc1873a0b4954ce7a2c357f296e98bf86a7",
            "translation": [
                0.8327745,
                3.5762786865234377e-7,
                -6.2494487
            ],
            "motion_type": "static"
        },
        {
            "template_name": "bf87bea088e8fa4b89eabcaa6b925094cfe910ab",
            "translation": [
                6.9444713,
                2.8000001,
                -5.2837991
            ],
            "rotation": [
                0.7071068,
                0.0,
                0.7071067,
                0.0
            ],
            "motion_type": "static"
        },
        {
            "template_name": "31e1f375aa66d6235fbce7b5f34f975bcbe15c90",
            "translation": [
                1.9060591,
                4.76837158203125e-7,
                -8.0349454
            ],
            "motion_type": "static"
        },
        {
            "template_name": "b30e6b7c1e7918d95f1fed23cd1947de83b768b3",
            "translation": [
                -6.6986875,
                2.980232238769531e-7,
                -4.4725408
            ],
            "rotation": [
                0.292432,
                0.0,
                0.956286,
                0.0
            ],
            "motion_type": "static"
        },
        {
            "template_name": "3d02e1df6b220a68d47ce4dd727c81a69ce16246",
            "translation": [
                -4.1983051,
                0.6100003,
                -7.9451918
            ],
            "rotation": [
                0.4886212,
                0.0,
                0.872496,
                0.0
            ],
            "motion_type": "static"
        },
        {
            "template_name": "a30a539c3f7a251cc7fae365a24ec4228df336a0",
            "translation": [
                -2.5137717,
                0.8,
                -2.333574
            ],
            "rotation": [
                0.7071068,
                0.0,
                -0.7071067,
                0.0
            ],
            "motion_type": "static",
            "non_uniform_scale": [
                1.2989747,
                0.9999998,
                1.166097
            ]
        },
        {
            "template_name": "213858d11444f0a04975137d195afe309e4ce291",
            "translation": [
                -5.5801167,
                1.043081283569336e-7,
                -1.7244031
            ],
            "rotation": [
                0.7071068,
                0.0,
                0.7071067,
                0.0
            ],
            "motion_type": "static"
        },
        {
            "template_name": "0c42ee5b635c8acdb6bf235ff9420d742a16fd30",
            "translation": [
                0.9091572,
                4.76837158203125e-7,
                -8.0905857
            ],
            "motion_type": "static"
        },
        {
            "template_name": "0ef1a02f7d1fb67e00273b14b2dcfea7b02498f2",
            "translation": [
                3.104829,
                4.76837158203125e-7,
                -8.0432443
            ],
            "motion_type": "static",
            "non_uniform_scale": [
                1.0831718,
                0.9999998,
                0.9999998
            ]
        },
        {
            "template_name": "c4daa11078978b8fd57cea9b4f8f5f1c102e574f",
            "translation": [
                -4.4493818,
                4.76837158203125e-7,
                -7.8514842
            ],
            "rotation": [
                -0.269719,
                0.0,
                0.962939,
                0.0
            ],
            "motion_type": "static"
        },
        {
            "template_name": "044ccac5e48c80f820c38ea8fa9b0192869b3a99",
            "translation": [
                -6.3764314,
                1.1920928955078126e-7,
                -2.184904
            ],
            "rotation": [
                0.869799,
                0.0,
                0.4934056,
                0.0
            ],
            "motion_type": "static"
        },
        {
            "template_name": "bc59d29d1dd89583b138da32dd3a25916c4dd684",
            "translation": [
                -0.7299447,
                1.7500002,
                -2.8685688
            ],
            "rotation": [
                0.0,
                0.0,
                0.7071068,
                -0.7071067
            ],
            "motion_type": "static"
        },
        {
            "template_name": "cf45d6d5a1ab37d5df44d93a9fccb1ff02ec211d",
            "translation": [
                0.5282285,
                1.75,
                -1.2612203
            ],
            "rotation": [
                0.0,
                0.0,
                0.7071068,
                -0.7071067
            ],
            "motion_type": "static"
        },
        {
            "template_name": "cf45d6d5a1ab37d5df44d93a9fccb1ff02ec211d",
            "translation": [
                0.9095817,
                1.75,
                -1.2612203
            ],
            "rotation": [
                0.0,
                0.0,
                0.7071068,
                -0.7071067
            ],
            "motion_type": "static"
        },
        {
            "template_name": "8d99807b186f30ef7a4af7b51cb20a82f42aa7f1",
            "translation": [
                3.4839177,
                1.75,
                -1.6931244
            ],
            "rotation": [
                -0.5,
                -0.5,
                0.5,
                -0.4999999
            ],
            "motion_type": "static"
        },
        {
            "template_name": "8d99807b186f30ef7a4af7b51cb20a82f42aa7f1",
            "translation": [
                3.4839177,
                1.75,
                -2.2961483
            ],
            "rotation": [
                -0.5,
                -0.5,
                0.5,
                -0.4999999
            ],
            "motion_type": "static"
        },
        {
            "template_name": "96842eee7c607086ce7a0dcd14f8db8863729ef0",
            "translation": [
                7.4314885,
                3.320164978504181e-7,
                -5.5691332
            ],
            "rotation": [
                0.7071068,
                0.0,
                0.7071067,
                0.0
            ],
            "motion_type": "static"
        },
        {
            "template_name": "ed5d8d7d8aa62c17a9028ad333a2c2c79ea6635d",
            "translation": [
                2.3333277,
                -1.1175870895385743e-8,
                0.1927921
            ],
            "rotation": [
                0.7071068,
                0.0,
                0.7071067,
                0.0
            ],
            "motion_type": "static"
        },
        {
            "template_name": "39eaa9acc4789339b6cca1e05021f44497b1d082",
            "translation": [
                -1.0005227,
                1.6008135,
                -6.610569
            ],
            "rotation": [
                0.4999999,
                0.4999999,
                0.5,
                -0.5
            ],
            "motion_type": "static"
        },
        {
            "template_name": "39eaa9acc4789339b6cca1e05021f44497b1d082",
            "translation": [
                -1.9409176,
                1.6008131,
                -5.8174839
            ],
            "rotation": [
                0.7071068,
                0.7071067,
                0.0,
                0.0
            ],
            "motion_type": "static"
        },
        {
            "template_name": "6656fab678d3142e423ef59ce75c30e1cf5895cf",
            "translation": [
                0.7529721,
                1.75,
                -1.1112202
            ],
            "rotation": [
                0.7071068,
                0.7071067,
                0.0,
                0.0
            ],
            "motion_type": "static"
        },
        {
            "template_name": "81fcc7b67ea879b2429c6f66a79c149e219a05a7",
            "translation": [
                -0.3161962,
                0.9475999,
                0.995768
            ],
            "rotation": [
                0.7071068,
                0.0,
                -0.7071067,
                0.0
            ],
            "motion_type": "static"
        },
        {
            "template_name": "d1ccd28ed1f245d4849edf2b0acec336d2141d6a",
            "translation": [
                -1.2355604,
                1.75,
                -1.2612203
            ],
            "rotation": [
                0.0,
                0.0,
                0.7071068,
                -0.7071067
            ],
            "motion_type": "static"
        },
        {
            "template_name": "d1ccd28ed1f245d4849edf2b0acec336d2141d6a",
            "translation": [
                -5.2886705,
                1.75,
                -2.7185688
            ],
            "rotation": [
                0.7071068,
                0.7071067,
                0.0,
                0.0
            ],
            "motion_type": "static"
        },
        {
            "template_name": "d1ccd28ed1f245d4849edf2b0acec336d2141d6a",
            "translation": [
                -6.2772345,
                1.75,
                -2.7185688
            ],
            "rotation": [
                0.7071068,
                0.7071067,
                0.0,
                0.0
            ],
            "motion_type": "static"
        },
        {
            "template_name": "d1ccd28ed1f245d4849edf2b0acec336d2141d6a",
            "translation": [
                -7.0200986,
                1.75,
                -1.9204939
            ],
            "rotation": [
                0.4999999,
                0.4999999,
                0.5,
                -0.5
            ],
            "motion_type": "static"
        },
        {
            "template_name": "806fa7097244cd9142f15f6f16e7d1f112378925",
            "translation": [
                -8.8178424,
                1.7499996,
                -2.7185688
            ],
            "rotation": [
                0.7071068,
                0.7071067,
                0.0,
                0.0
            ],
            "motion_type": "static"
        },
        {
            "template_name": "806fa7097244cd9142f15f6f16e7d1f112378925",
            "translation": [
                -10.0238904,
                1.7499996,
                -2.7185688
            ],
            "rotation": [
                0.7071068,
                0.7071067,
                0.0,
                0.0
            ],
            "motion_type": "static"
        },
        {
            "template_name": "806fa7097244cd9142f15f6f16e7d1f112378925",
            "translation": [
                -7.1700983,
                1.7499996,
                -2.4543185
            ],
            "rotation": [
                -0.5,
                -0.5,
                0.5,
                -0.4999999
            ],
            "motion_type": "static"
        },
        {
            "template_name": "806fa7097244cd9142f15f6f16e7d1f112378925",
            "translation": [
                -7.1700983,
                1.7499996,
                -0.8133028
            ],
            "rotation": [
                -0.5,
                -0.5,
                0.5,
                -0.4999999
            ],
            "motion_type": "static"
        },
        {
            "template_name": "54a80110f53de503a3f0c5899fc94463801013b4",
            "translation": [
                0.74944,
                1.1920928955078126e-7,
                -2.1786487
            ],
            "motion_type": "static"
        },
        {
            "template_name": "4051d3d54042a8a57c793dedbb80bd49ad77dddc",
            "translation": [
                -4.6920037,
                0.6100003,
                -7.6902499
            ],
            "rotation": [
                0.7071068,
                0.0,
                0.7071067,
                0.0
            ],
            "motion_type": "static"
        },
        {
            "template_name": "4614aad798d498626c9ba093c56a382e968d47b5",
            "translation": [
                -1.8907202,
                1.7500003,
                -8.3883361
            ],
            "rotation": [
                0.7071068,
                0.7071067,
                0.0,
                0.0
            ],
            "motion_type": "static"
        },
        {
            "template_name": "bc2c81b1eff6939d41575b0819b9c67e4caf46fa",
            "translation": [
                8.3716707,
                1.7881393432617188e-7,
                -3.0865688
            ],
            "rotation": [
                0.0,
                0.0,
                1.0,
                0.0
            ],
            "motion_type": "static"
        },
        {
            "template_name": "09b1df19e95ab47e50c8aac06137ef2f51144d34",
            "translation": [
                -1.5648535,
                1.7496,
                -2.9213087
            ],
            "rotation": [
                0.0,
                0.0,
                0.7071068,
                -0.7071067
            ],
            "motion_type": "static"
        },
        {
            "template_name": "09b1df19e95ab47e50c8aac06137ef2f51144d34",
            "translation": [
                -2.6853003,
                1.7496,
                -2.9213087
            ],
            "rotation": [
                0.0,
                0.0,
                0.7071068,
                -0.7071067
            ],
            "motion_type": "static"
        },
        {
            "template_name": "1892dfb58422fc848e842f96db90a5a8f0fd5451",
            "translation": [
                2.4926176,
                -5.960464477539063e-8,
                0.9620239
            ],
            "rotation": [
                0.7071068,
                0.0,
                -0.7071067,
                0.0
            ],
            "motion_type": "static"
        },
        {
            "template_name": "d71013980e2f77e88ede9ee9248ed9366185256d",
            "translation": [
                -5.8997955,
                3.7439167499542238e-7,
                -6.2814302
            ],
            "motion_type": "static"
        },
        {
            "template_name": "0ed1c890e79c646bb9b4332bd435bbed3d556e92",
            "translation": [
                5.1190032,
                1.7500002,
                -6.7249126
            ],
            "rotation": [
                -0.5,
                -0.5,
                0.5,
                -0.4999999
            ],
            "motion_type": "static"
        },
        {
            "template_name": "0ed1c890e79c646bb9b4332bd435bbed3d556e92",
            "translation": [
                5.1190032,
                1.7500002,
                -5.581686
            ],
            "rotation": [
                -0.5,
                -0.5,
                0.5,
                -0.4999999
            ],
            "motion_type": "static"
        },
        {
            "template_name": "0ed1c890e79c646bb9b4332bd435bbed3d556e92",
            "translation": [
                3.6339175,
                1.7500003,
                -7.4366784
            ],
            "rotation": [
                0.4999999,
                0.4999999,
                0.5,
                -0.5
            ],
            "motion_type": "static"
        },
        {
            "template_name": "0ed1c890e79c646bb9b4332bd435bbed3d556e92",
            "translation": [
                3.6339175,
                1.7500002,
                -6.0258917
            ],
            "rotation": [
                0.4999999,
                0.4999999,
                0.5,
                -0.5
            ],
            "motion_type": "static"
        },
        {
            "template_name": "0ed1c890e79c646bb9b4332bd435bbed3d556e92",
            "translation": [
                5.1190032,
                1.7500003,
                -8.0355339
            ],
            "rotation": [
                -0.5,
                -0.5,
                0.5,
                -0.4999999
            ],
            "motion_type": "static"
        },
        {
            "template_name": "f58547d44d70a9f219e86d1ede1c30df1976f45a",
            "translation": [
                -5.7793579,
                4.76837158203125e-7,
                -7.850326
            ],
            "motion_type": "static"
        },
        {
            "template_name": "bdbd859becd48373e37e3b755cf117bc9304c822",
            "translation": [
                5.3966331,
                0.7099999,
                -5.1662154
            ],
            "motion_type": "static"
        },
        {
            "template_name": "bdbd859becd48373e37e3b755cf117bc9304c822",
            "translation": [
                5.3966331,
                0.7100003,
                -7.669404
            ],
            "rotation": [
                0.0,
                0.0,
                1.0,
                0.0
            ],
            "motion_type": "static"
        },
        {
            "template_name": "b6ee2f38d1feebf5bcdcb5622cae1d2c5f333668",
            "translation": [
                0.3065986,
                3.4199995,
                0.0895885
            ],
            "motion_type": "static"
        },
        {
            "template_name": "b6ee2f38d1feebf5bcdcb5622cae1d2c5f333668",
            "translation": [
                1.9871566,
                3.4199995,
                0.0862898
            ],
            "rotation": [
                0.0,
                0.0,
                1.0,
                0.0
            ],
            "motion_type": "static"
        },
        {
            "template_name": "f08c543e483e80ca970c47b69511452310eeea69",
            "translation": [
                -6.1006283,
                3.725290298461914e-7,
                -6.0096225
            ],
            "rotation": [
                0.9521951,
                0.0,
                -0.3054901,
                0.0
            ],
            "motion_type": "static"
        },
        {
            "template_name": "688eb70a1afb2467d04303fe35f9a59ebc47acc1",
            "translation": [
                -1.9240198,
                3.2782554626464846e-7,
                -5.6475043
            ],
            "motion_type": "static"
        },
        {
            "template_name": "bf796005b2234568661e5c595ef556a1fe472907",
            "translation": [
                -0.1904927,
                4.76837158203125e-7,
                -8.0943861
            ],
            "motion_type": "static"
        },
        {
            "template_name": "2fcbcfe7e87c076203820c7d02cfcfc73bf13966",
            "translation": [
                2.6321382,
                1.7500003,
                -8.3883352
            ],
            "rotation": [
                0.7071068,
                0.7071067,
                0.0,
                0.0
            ],
            "motion_type": "static",
            "non_uniform_scale": [
                1.3554948,
                0.9999998,
                0.9999998
            ]
        },
        {
            "template_name": "2fcbcfe7e87c076203820c7d02cfcfc73bf13966",
            "translation": [
                3.4839174,
                1.7500003,
                -6.8072838
            ],
            "rotation": [
                -0.5,
                -0.5,
                0.5,
                -0.4999999
            ],
            "motion_type": "static",
            "non_uniform_scale": [
                1.0561305,
                0.9999998,
                0.9999998
            ]
        },
        {
            "template_name": "d10ff3f71a5e1a0534fc43132d54b5a083b8d17f",
            "translation": [
                1.4159356,
                3.2782554626464846e-7,
                -5.7248773
            ],
            "rotation": [
                0.0,
                0.0,
                1.0,
                0.0
            ],
            "motion_type": "static"
        },
        {
            "template_name": "d10ff3f71a5e1a0534fc43132d54b5a083b8d17f",
            "translation": [
                0.8617695,
                3.2782554626464846e-7,
                -5.6983003
            ],
            "rotation": [
                0.0,
                0.0,
                1.0,
                0.0
            ],
            "motion_type": "static"
        },
        {
            "template_name": "d10ff3f71a5e1a0534fc43132d54b5a083b8d17f",
            "translation": [
                0.2920325,
                3.2782554626464846e-7,
                -5.7037591
            ],
            "rotation": [
                0.0,
                0.0,
                1.0,
                0.0
            ],
            "motion_type": "static"
        },
        {
            "template_name": "b5f4e2203c2d21f6ae375436b72975d277125bed",
            "translation": [
                -1.6086225,
                4.76837158203125e-7,
                -6.4249844
            ],
            "rotation": [
                0.7071068,
                0.0,
                -0.7071067,
                0.0
            ],
            "motion_type": "static"
        },
        {
            "template_name": "5c1c57bff482cdd3028e317e8ce4d70e12d1cba1",
            "translation": [
                -1.3154628,
                4.172325134277344e-7,
                -7.0999727
            ],
            "rotation": [
                0.7071068,
                0.0,
                -0.7071067,
                0.0
            ],
            "motion_type": "static",
            "non_uniform_scale": [
                0.8345658,
                0.9999998,
                0.9999998
            ]
        },
        {
            "template_name": "18d33c5c5df8b177bab1b8d8673ff67e58de0bb8",
            "translation": [
                0.3817071,
                1.7500002,
                -2.8685688
            ],
            "rotation": [
                0.0,
                0.0,
                0.7071068,
                -0.7071067
            ],
            "motion_type": "static"
        },
        {
            "template_name": "94d7b58d9311cfb9bd38ee55a22905382f580f12",
            "translation": [
                -6.0575184,
                1.4973678,
                -2.8685688
            ],
            "rotation": [
                0.0,
                0.0,
                0.7071068,
                -0.7071067
            ],
            "motion_type": "static"
        },
        {
            "template_name": "18639a5758617511f14c82073dde0030a53c62f9",
            "translation": [
                5.1190032,
                1.7500003,
                -7.3599867
            ],
            "rotation": [
                -0.5,
                -0.5,
                0.5,
                -0.4999999
            ],
            "motion_type": "static"
        },
        {
            "template_name": "5bc2038b3f54025a87f9d3e3dd3d5185c0becaa2",
            "translation": [
                -10.7912101,
                0.8899999,
                -0.1948536
            ],
            "rotation": [
                0.7071068,
                0.0,
                0.7071067,
                0.0
            ],
            "motion_type": "static"
        },
        {
            "template_name": "d651b87abc8e23c36120e257916b466a06980a3c",
            "translation": [
                8.7860193,
                1.5844153,
                -4.4451251
            ],
            "rotation": [
                -0.5,
                -0.5,
                0.5,
                -0.4999999
            ],
            "motion_type": "static"
        },
        {
            "template_name": "f3997de7cc15e74685d604fbd63a9cefea73a829",
            "translation": [
                -5.0810723,
                1.7500002,
                -2.8685686
            ],
            "rotation": [
                0.0,
                0.0,
                0.7071068,
                -0.7071067
            ],
            "motion_type": "static"
        },
        {
            "template_name": "f3997de7cc15e74685d604fbd63a9cefea73a829",
            "translation": [
                -7.0511732,
                1.7500002,
                -2.8685686
            ],
            "rotation": [
                0.0,
                0.0,
                0.7071068,
                -0.7071067
            ],
            "motion_type": "static"
        },
        {
            "template_name": "f3997de7cc15e74685d604fbd63a9cefea73a829",
            "translation": [
                2.097207,
                1.7500002,
                -2.8685686
            ],
            "rotation": [
                0.0,
                0.0,
                0.7071068,
                -0.7071067
            ],
            "motion_type": "static"
        },
        {
            "template_name": "f3997de7cc15e74685d604fbd63a9cefea73a829",
            "translation": [
                -1.4389909,
                1.7500001,
                -4.7300019
            ],
            "rotation": [
                0.7071068,
                0.7071067,
                0.0,
                0.0
            ],
            "motion_type": "static"
        },
        {
            "template_name": "f3997de7cc15e74685d604fbd63a9cefea73a829",
            "translation": [
                -1.0005227,
                1.7500002,
                -6.1703634
            ],
            "rotation": [
                0.4999999,
                0.4999999,
                0.5,
                -0.5
            ],
            "motion_type": "static"
        },
        {
            "template_name": "67f02f662257f68b6e6a0d11663cee93b6a3878f",
            "translation": [
                1.0217001,
                2.8000001,
                -6.483808
            ],
            "rotation": [
                0.0,
                0.0,
                1.0,
                0.0
            ],
            "motion_type": "static"
        },
        {
            "template_name": "8dc88b0c496534df6764eda2fcf1e14ca78b05d6",
            "translation": [
                -0.0991704,
                0.7873998,
                -0.7836462
            ],
            "motion_type": "static"
        },
        {
            "template_name": "3be598222ead1f8c2186660e3b0bda9a8a10a1c8",
            "translation": [
                0.346141,
                2.9802322387695315e-8,
                -0.7302203
            ],
            "rotation": [
                0.0,
                0.0,
                1.0,
                0.0
            ],
            "motion_type": "static"
        },
        {
            "template_name": "561105c73bf76152a2b32e4f55f80db6a25ac0d4",
            "translation": [
                0.353143,
                -5.960464477539063e-8,
                1.0362236
            ],
            "rotation": [
                0.0,
                0.0,
                1.0,
                0.0
            ],
            "motion_type": "static"
        },
        {
            "template_name": "75e5835755f94fd5ea888168b12e5e8513a37644",
            "translation": [
                4.3889079,
                3.608874976634979e-7,
                -6.0515131
            ],
            "rotation": [
                0.7071068,
                0.0,
                -0.7071067,
                0.0
            ],
            "motion_type": "static",
            "non_uniform_scale": [
                0.8249998,
                0.9999998,
                0.5846151
            ]
        },
        {
            "template_name": "ef25a47c50541dda6a93126ebc1f46a2ab48228b",
            "translation": [
                4.8837532,
                3.5762786865234377e-7,
                -6.091351
            ],
            "rotation": [
                0.7071068,
                0.0,
                -0.7071067,
                0.0
            ],
            "motion_type": "static"
        },
        {
            "template_name": "3d646131d74a5197c4ed035b0ae3b877b6f8e941",
            "translation": [
                4.6210222,
                2.086162567138672e-7,
                -3.5160939
            ],
            "rotation": [
                -0.297578,
                0.0,
                0.9546973,
                0.0
            ],
            "motion_type": "static"
        },
        {
            "template_name": "560443a642c173e4d2c753085d108981e1f2e9a8",
            "translation": [
                4.0310025,
                0.7099999,
                -3.0838892
            ],
            "rotation": [
                0.0,
                0.0,
                1.0,
                0.0
            ],
            "motion_type": "static"
        },
        {
            "template_name": "8bd96b5b891ae44992d4e6dc3528f3737795e2f3",
            "translation": [
                4.437098,
                2.8999998,
                -4.14397
            ],
            "rotation": [
                -0.2965416,
                0.0,
                0.9550197,
                0.0
            ],
            "motion_type": "static"
        },
        {
            "template_name": "8bd96b5b891ae44992d4e6dc3528f3737795e2f3",
            "translation": [
                -2.5131926,
                2.9,
                -5.3502845
            ],
            "motion_type": "static"
        },
        {
            "template_name": "89e3eb54ca72796b27e84dc3654822a70dd6c26a",
            "translation": [
                -4.3268656,
                3.5762786865234377e-7,
                -6.2144927
            ],
            "rotation": [
                0.7071068,
                0.0,
                -0.7071067,
                0.0
            ],
            "motion_type": "static"
        },
        {
            "template_name": "3a48ae6d5886879be81acaec677cbd8cdbd3f2db",
            "translation": [
                6.5841035,
                2.384185791015625e-7,
                -3.1662688
            ],
            "rotation": [
                0.0,
                0.0,
                1.0,
                0.0
            ],
            "motion_type": "static"
        },
        {
            "template_name": "cb53d7dc4a7ac71cd26c4ac7938d9e990bf404a0",
            "translation": [
                -0.8735926,
                4.172325134277344e-7,
                -7.1922907
            ],
            "rotation": [
                0.7071068,
                0.0,
                0.7071067,
                0.0
            ],
            "motion_type": "static"
        },
        {
            "template_name": "9fbbbfc58e5cafbc27a31069808cf168cf2d7a78",
            "translation": [
                3.1556677,
                3.5762786865234377e-7,
                -6.1514248
            ],
            "rotation": [
                0.7071068,
                0.0,
                -0.7071067,
                0.0
            ],
            "motion_type": "static"
        },
        {
            "template_name": "d96b2b9537c7c721d5a79b375aefbfacecd04f65",
            "translation": [
                6.4479932,
                4.76837158203125e-7,
                -8.1507959
            ],
            "motion_type": "static"
        },
        {
            "template_name": "ec088effb528763544f8201107af6a5337af0141",
            "translation": [
                -4.1263141,
                8.940696716308594e-8,
                -1.4862202
            ],
            "rotation": [
                0.0,
                0.0,
                1.0,
                0.0
            ],
            "motion_type": "static"
        },
        {
            "template_name": "aa9f2c686d690912a117f12ca4928f759bbcccf3",
            "translation": [
                4.0234122,
                1.7881393432617188e-7,
                -3.0360085
            ],
            "rotation": [
                0.0,
                0.0,
                1.0,
                0.0
            ],
            "motion_type": "static",
            "non_uniform_scale": [
                1.0988686,
                0.9999998,
                0.9999998
            ]
        },
        {
            "template_name": "9a7911e5accdc8ade2d4b12e9954d2b74a1fe231",
            "translation": [
                1.369335,
                4.76837158203125e-7,
                -8.0903472
            ],
            "rotation": [
                0.9999986,
                0.0,
                -0.0016637,
                0.0
            ],
            "motion_type": "static",
            "non_uniform_scale": [
                0.3611316,
                1.0,
                0.9999998
            ]
        },
        {
            "template_name": "9a7911e5accdc8ade2d4b12e9954d2b74a1fe231",
            "translation": [
                2.5509378,
                4.76837158203125e-7,
                -8.0904808
            ],
            "rotation": [
                0.9999994,
                0.0,
                0.0010657,
                0.0
            ],
            "motion_type": "static",
            "non_uniform_scale": [
                0.758642,
                1.0,
                0.9999998
            ]
        },
        {
            "template_name": "498ad9602ffa2854cc2e31a54988dbecc0e9d2a9",
            "translation": [
                1.453179,
                1.7500002,
                -2.8685688
            ],
            "rotation": [
                0.0,
                0.0,
                0.7071068,
                -0.7071067
            ],
            "motion_type": "static"
        },
        {
            "template_name": "68c028d006d31e75f8d80317f28ab150572ced82",
            "translation": [
                -3.7888555,
                1.7243366,
                -6.255608
            ],
            "rotation": [
                -0.5,
                -0.5,
                0.5,
                -0.4999999
            ],
            "motion_type": "static"
        },
        {
            "template_name": "eeac8f67026d5c6a8cccf81a9db10b6623a28fca",
            "translation": [
                -7.2153882,
                0.7231109,
                -1.6011592
            ],
            "rotation": [
                0.4999999,
                0.4999999,
                0.5,
                -0.5
            ],
            "motion_type": "static"
        },
        {
            "template_name": "a4d5f40495323c3bd9def72797e5079c68483fe2",
            "translation": [
                -1.0382349,
                0.0,
                -0.9192205
            ],
            "motion_type": "static"
        },
        {
            "template_name": "a4d5f40495323c3bd9def72797e5079c68483fe2",
            "translation": [
                1.6930596,
                0.0,
                -0.9192205
            ],
            "motion_type": "static"
        },
        {
            "template_name": "6e7809d676a1fc6fc90252f450dc4db6d3569751",
            "translation": [
                -0.0088884,
                1.75,
                -1.1112202
            ],
            "rotation": [
                0.7071068,
                0.7071067,
                0.0,
                0.0
            ],
            "motion_type": "static"
        },
        {
            "template_name": "81a63ea34a9e8e0fe800995454f9a0c2cdb05a5a",
            "translation": [
                -0.3837715,
                2.384185791015625e-7,
                -3.9331414
            ],
            "rotation": [
                0.7071068,
                0.0,
                0.7071067,
                0.0
            ],
            "motion_type": "static"
        },
        {
            "template_name": "81a63ea34a9e8e0fe800995454f9a0c2cdb05a5a",
            "translation": [
                2.1029257,
                2.384185791015625e-7,
                -3.8572556
            ],
            "rotation": [
                0.7071068,
                0.0,
                -0.7071067,
                0.0
            ],
            "motion_type": "static"
        },
        {
            "template_name": "89483e1a550ee39bbdc5220c11dcd0766a17ea13",
            "translation": [
                0.4029693,
                2.9802322387695315e-8,
                -0.3981913
            ],
            "rotation": [
                0.0,
                0.0,
                1.0,
                0.0
            ],
            "motion_type": "static"
        },
        {
            "template_name": "47dd3db37fc96997316d22cdba7675fb5f4c1b5a",
            "translation": [
                -8.5252609,
                1.0384246706962586e-7,
                -1.7406661
            ],
            "rotation": [
                0.7071068,
                0.0,
                -0.7071067,
                0.0
            ],
            "motion_type": "static"
        },
        {
            "template_name": "201-69",
            "translation": [
                -8.3966093,
                1.1200001,
                -3.8768842
            ],
            "rotation": [
                0.7071068,
                0.0,
                -0.7071067,
                0.0
            ],
            "motion_type": "static",
            "non_uniform_scale": [
                -0.9999998,
                0.9999998,
                0.9999998
            ]
        },
        {
            "template_name": "219-4",
            "translation": [
                -6.5310907,
                1.7500003,
                -8.4633359
            ],
            "motion_type": "static",
            "non_uniform_scale": [
                -1.0,
                0.9999998,
                0.9999998
            ]
        },
        {
            "template_name": "219-4",
            "translation": [
                -2.8118567,
                1.4500005,
                -8.4633359
            ],
            "motion_type": "static",
            "non_uniform_scale": [
                -1.0,
                0.9999998,
                0.9999998
            ]
        },
        {
            "template_name": "219-4",
            "translation": [
                0.7170552,
                1.7500003,
                -8.4633359
            ],
            "motion_type": "static",
            "non_uniform_scale": [
                -1.0,
                0.9999998,
                0.9999998
            ]
        },
        {
            "template_name": "3752-0",
            "translation": [
                4.3975543,
                1.7500003,
                -8.4633359
            ],
            "rotation": [
                0.0,
                0.0,
                1.0,
                0.0
            ],
            "motion_type": "static",
            "non_uniform_scale": [
                -1.0,
                0.9999998,
                0.9999998
            ]
        },
        {
            "template_name": "208-1",
            "translation": [
                8.2121858,
                1.1200002,
                -7.6619772
            ],
            "rotation": [
                0.4378708,
                0.0,
                0.8990377,
                0.0
            ],
            "motion_type": "static",
            "non_uniform_scale": [
                -0.9999998,
                0.9999998,
                0.9999998
            ]
        },
        {
            "template_name": "208-19",
            "translation": [
                -1.6895935,
                1.1199996,
                0.0866224
            ],
            "rotation": [
                0.7071068,
                0.0,
                -0.7071067,
                0.0
            ],
            "motion_type": "static",
            "non_uniform_scale": [
                -0.9999998,
                0.9999998,
                0.9999998
            ]
        },
        {
            "template_name": "3262-3",
            "translation": [
                -2.2917246,
                1.12,
                -0.7709577
            ],
            "motion_type": "static"
        },
        {
            "template_name": "219-4",
            "translation": [
                -8.928379,
                1.4499999,
                0.1078862
            ],
            "motion_type": "static",
            "non_uniform_scale": [
                -1.0,
                0.9999998,
                0.9999998
            ]
        },
        {
            "template_name": "220-79",
            "translation": [
                -4.9978666,
                1.45,
                -1.1862205
            ],
            "motion_type": "static",
            "non_uniform_scale": [
                -1.0,
                0.9999998,
                0.9999998
            ]
        }
    ],
    "articulated_object_instances": [],
    "stage_instance": {
        "template_name": "stages/108294870_176710551",
        "motion_type": "static"
    },
    "pbr_shader_region_configs": {},
    "user_defined": {
        "scene_filter_file": "scene_filter_files/108294870_176710551.rec_filter.json"
    }
}