{
    "translation_origin": "asset_local",
    "default_lighting": "",
    "navmesh_instance": "",
    "semantic_scene_instance": "hssd_ssd_map",
    "default_pbr_shader_config": "./data/default.pbr_config.json",
    "object_instances": [
        {
            "template_name": "997ce68fa0cfdb85d563ae16162ae96ccd99b29f",
            "translation": [
                -1.604938,
                0.6100002,
                -7.3007745
            ],
            "rotation": [
                0.9117618,
                0.0,
                0.4107187,
                0.0
            ],
            "motion_type": "static"
        },
        {
            "template_name": "9468fd5397281258bd0f87c9a646f74181b96131",
            "translation": [
                0.0303661,
                3.5762786865234377e-7,
                -5.8092923
            ],
            "motion_type": "static"
        },
        {
            "template_name": "b785b0fada85f3b40bf8bb126dce2b03c82d86cf",
            "translation": [
                0.435492,
                0.0200005,
                -13.3748846
            ],
            "rotation": [
                0.9117618,
                0.0,
                0.4107187,
                0.0
            ],
            "motion_type": "static"
        },
        {
            "template_name": "0eaeb0a2cb5c912b76c0bb825a67dc80c27781b4",
            "translation": [
                -2.8487324,
                0.6000006,
                -11.6067543
            ],
            "rotation": [
                0.9117618,
                0.0,
                0.4107187,
                0.0
            ],
            "motion_type": "static"
        },
        {
            "template_name": "dbaf471314440f77d069d09e56fd02d3ed70a99e",
            "translation": [
                0.22322,
                0.0200008,
                -13.4871673
            ],
            "rotation": [
                0.3542911,
                0.0,
                0.9351351,
                0.0
            ],
            "motion_type": "static"
        },
        {
            "template_name": "73cae0c00c31e895cbf8c6ac2bcc3ce718d03b21",
            "translation": [
                -7.6808772,
                0.7600004,
                -7.4557943
            ],
            "rotation": [
                0.0,
                0.0,
                1.0,
                0.0
            ],
            "motion_type": "static"
        },
        {
            "template_name": "2393bc5c1b9ddd75a72da7d814b521946459a0c6",
            "translation": [
                -5.0518598,
                0.5626722,
                -5.3907647
            ],
            "rotation": [
                0.9205048,
                0.0,
                -0.390731,
                0.0
            ],
            "motion_type": "static"
        },
        {
            "template_name": "2393bc5c1b9ddd75a72da7d814b521946459a0c6",
            "translation": [
                -2.7696447,
                0.8889997,
                4.6319332
            ],
            "rotation": [
                0.0,
                0.0,
                1.0,
                0.0
            ],
            "motion_type": "static"
        },
        {
            "template_name": "a1fb09d44c5303fe450f75238d5a299e426af38e",
            "translation": [
                -0.8228119,
                0.7499995,
                7.9829497
            ],
            "rotation": [
                0.7071068,
                0.0,
                0.7071067,
                0.0
            ],
            "motion_type": "static",
            "non_uniform_scale": [
                1.542978,
                1.6840944,
                0.7552257
            ]
        },
        {
            "template_name": "1d438cf2a0be5706ffdbd1489fbfb27f712589a0",
            "translation": [
                -6.859765,
                1.75,
                -2.5644993
            ],
            "rotation": [
                0.3562219,
                0.3562219,
                0.6108239,
                -0.6108238
            ],
            "motion_type": "static"
        },
        {
            "template_name": "6f57e5076e491f54896631bfe4e9cfcaa08899e2",
            "translation": [
                0.8665015,
                6.854534149169922e-7,
                -11.6011734
            ],
            "rotation": [
                0.7071068,
                0.0,
                -0.7071067,
                0.0
            ],
            "motion_type": "static",
            "non_uniform_scale": [
                1.1023222,
                0.9999998,
                1.2153228
            ]
        },
        {
            "template_name": "b728cc955a2446b78b59de9f4ca49a986dc6528f",
            "translation": [
                -7.2462019,
                1.83,
                -8.0499982
            ],
            "rotation": [
                0.7071068,
                0.7071067,
                0.0,
                0.0
            ],
            "motion_type": "static",
            "non_uniform_scale": [
                1.2666665,
                0.9999998,
                1.3999997
            ]
        },
        {
            "template_name": "86096212a8fafef090057d3edab3dd96c6e4aa57",
            "translation": [
                -1.8060826,
                7.078051567077637e-7,
                -11.8714294
            ],
            "rotation": [
                0.3542053,
                0.0,
                0.9351676,
                0.0
            ],
            "motion_type": "static"
        },
        {
            "template_name": "86096212a8fafef090057d3edab3dd96c6e4aa57",
            "translation": [
                -3.4678435,
                -3.9301812648773196e-7,
                6.5908432
            ],
            "rotation": [
                0.7080879,
                0.0,
                -0.7061241,
                0.0
            ],
            "motion_type": "static",
            "non_uniform_scale": [
                1.6973444,
                0.9999998,
                1.6641761
            ]
        },
        {
            "template_name": "cc75c57d650ebbdbe15542f83666b417d24f9ae4",
            "translation": [
                0.8614115,
                3.8743019104003908e-7,
                -6.4446063
            ],
            "rotation": [
                0.7071068,
                0.0,
                -0.7071067,
                0.0
            ],
            "motion_type": "static"
        },
        {
            "template_name": "0f9f01ac8eed6f1f5bfe08188228eb0e601b38b4",
            "translation": [
                -3.329389,
                1.4265805,
                -11.7555561
            ],
            "rotation": [
                -0.5,
                -0.5,
                0.5,
                -0.4999999
            ],
            "motion_type": "static"
        },
        {
            "template_name": "0f9f01ac8eed6f1f5bfe08188228eb0e601b38b4",
            "translation": [
                0.0597154,
                1.31658,
                -6.0092916
            ],
            "rotation": [
                0.7071068,
                0.7071067,
                0.0,
                0.0
            ],
            "motion_type": "static"
        },
        {
            "template_name": "0f9f01ac8eed6f1f5bfe08188228eb0e601b38b4",
            "translation": [
                -0.9999997,
                1.3165793,
                7.0770187
            ],
            "rotation": [
                -0.5,
                -0.5,
                0.5,
                -0.4999999
            ],
            "motion_type": "static"
        },
        {
            "template_name": "9dbe8e156b1e1a0bbd87edfff26ac48f1a65c787",
            "translation": [
                -3.5478372,
                -4.76837158203125e-7,
                7.8067202
            ],
            "rotation": [
                0.0,
                0.0,
                1.0,
                0.0
            ],
            "motion_type": "static"
        },
        {
            "template_name": "c498d4ff8a6506991025a1a036943ad3f82c62ac",
            "translation": [
                -3.5925488,
                7.152557373046875e-7,
                -11.756114
            ],
            "rotation": [
                0.7071068,
                0.0,
                -0.7071067,
                0.0
            ],
            "motion_type": "static"
        },
        {
            "template_name": "a88ed421b2865aaabf6eedd612aabf3a7ecdd55b",
            "translation": [
                -6.4138054,
                2.980232238769531e-7,
                -4.7643346
            ],
            "rotation": [
                0.9570081,
                0.0,
                0.2900609,
                0.0
            ],
            "motion_type": "static",
            "non_uniform_scale": [
                1.0,
                1.0023944,
                0.9999998
            ]
        },
        {
            "template_name": "a88ed421b2865aaabf6eedd612aabf3a7ecdd55b",
            "translation": [
                -4.5465431,
                1.1920928955078126e-7,
                -2.0239772
            ],
            "rotation": [
                -0.2727397,
                0.0,
                0.9620878,
                0.0
            ],
            "motion_type": "static",
            "non_uniform_scale": [
                1.0,
                1.0023944,
                0.9999998
            ]
        },
        {
            "template_name": "791f9ab9f51e6d5152dbed22ff3e421b3510e221",
            "translation": [
                -7.2273807,
                5.960464477539063e-7,
                -10.0618534
            ],
            "rotation": [
                0.2703736,
                0.0,
                0.9627553,
                0.0
            ],
            "motion_type": "static"
        },
        {
            "template_name": "141c067d6967761f866b216586186a1c1f5b70f4",
            "translation": [
                -5.4565734,
                6.940681487321854e-7,
                -11.6461486
            ],
            "rotation": [
                0.7071068,
                0.0,
                0.7071067,
                0.0
            ],
            "motion_type": "static"
        },
        {
            "template_name": "e30598bb70b1aa6472016340ba788b07b6aced9d",
            "translation": [
                0.8806989,
                0.8000006,
                -10.9487657
            ],
            "rotation": [
                0.0,
                0.0,
                1.0,
                0.0
            ],
            "motion_type": "static"
        },
        {
            "template_name": "0b1a4b307cda6395d06d5aa9da58c7969287ea3f",
            "translation": [
                -0.9999998,
                1.6299997,
                -3.3549997
            ],
            "rotation": [
                -0.5,
                -0.5,
                0.5,
                -0.4999999
            ],
            "motion_type": "static",
            "non_uniform_scale": [
                1.1643488,
                0.9999998,
                1.2351396
            ]
        },
        {
            "template_name": "3a30a28972253be16cf15f50c3e59440a2aba520",
            "translation": [
                -4.5762491,
                0.7599998,
                1.7641644
            ],
            "rotation": [
                0.7071068,
                0.0,
                -0.7071067,
                0.0
            ],
            "motion_type": "static"
        },
        {
            "template_name": "431965c6c19be61f2eca3ad05b85000be9abfd5c",
            "translation": [
                0.6559221,
                0.0200006,
                -12.9828033
            ],
            "rotation": [
                0.5409743,
                0.0,
                0.841039,
                0.0
            ],
            "motion_type": "static"
        },
        {
            "template_name": "14d3159664ea16859019f306ef64b59c18a65f6e",
            "translation": [
                -0.6,
                -4.76837158203125e-7,
                8.46737
            ],
            "rotation": [
                0.7071068,
                0.0,
                0.7071067,
                0.0
            ],
            "motion_type": "static"
        },
        {
            "template_name": "14d3159664ea16859019f306ef64b59c18a65f6e",
            "translation": [
                -0.6,
                -4.172325134277344e-7,
                7.46737
            ],
            "rotation": [
                0.7071068,
                0.0,
                0.7071067,
                0.0
            ],
            "motion_type": "static"
        },
        {
            "template_name": "557137f015f353bc1f1ef115db670273d700e6e3",
            "translation": [
                -0.4489479,
                7.897615432739258e-7,
                -13.1361742
            ],
            "rotation": [
                0.5409743,
                0.0,
                0.841039,
                0.0
            ],
            "motion_type": "static"
        },
        {
            "template_name": "d2a166e8ce6c464c51da9da9f0aeb45423ec210e",
            "translation": [
                -6.4761528,
                0.7100007,
                -13.2973051
            ],
            "rotation": [
                0.3542911,
                0.0,
                0.9351351,
                0.0
            ],
            "motion_type": "static"
        },
        {
            "template_name": "2643407f181713e695a03a5c64d975aad44fd1bf",
            "translation": [
                -7.75,
                1.1656166,
                -12.2078208
            ],
            "rotation": [
                0.4999999,
                0.4999999,
                0.5,
                -0.5
            ],
            "motion_type": "static"
        },
        {
            "template_name": "40336eb96234276636358281389c15b6a8ccc9b2",
            "translation": [
                -5.3767743,
                -3.2782554626464846e-7,
                5.34239
            ],
            "rotation": [
                0.8529132,
                0.0,
                0.5220527,
                0.0
            ],
            "motion_type": "static"
        },
        {
            "template_name": "800f42a04a677e79c61400b604ccc278347d5737",
            "translation": [
                0.9711716,
                4.172325134277344e-7,
                -7.2237148
            ],
            "rotation": [
                0.7071068,
                0.0,
                -0.7071067,
                0.0
            ],
            "motion_type": "static"
        },
        {
            "template_name": "800f42a04a677e79c61400b604ccc278347d5737",
            "translation": [
                0.9711716,
                -4.172325134277344e-7,
                6.9450097
            ],
            "rotation": [
                0.7071068,
                0.0,
                -0.7071067,
                0.0
            ],
            "motion_type": "static"
        },
        {
            "template_name": "b693bfe86169b1509b62bcb8b9a85f922bdb752c",
            "translation": [
                0.9810522,
                0.7995206,
                -11.2073783
            ],
            "rotation": [
                0.9229927,
                0.0,
                0.3848173,
                0.0
            ],
            "motion_type": "static"
        },
        {
            "template_name": "4933d7d355153c9cc352298e859a0fef652d3962",
            "translation": [
                -3.9206995,
                1.7495005,
                -9.4231863
            ],
            "rotation": [
                0.7071068,
                0.7071067,
                0.0,
                0.0
            ],
            "motion_type": "static"
        },
        {
            "template_name": "d04a9639ef6144f44945d0f4e783cac521d8e3cc",
            "translation": [
                -3.5807273,
                -2.980232238769531e-7,
                4.8157219
            ],
            "motion_type": "static",
            "non_uniform_scale": [
                1.2793622,
                0.9999998,
                1.3109754
            ]
        },
        {
            "template_name": "55f7663dcde93b62d064098d394b5e40df16386c",
            "translation": [
                -2.3538725,
                3.427267074584961e-7,
                -5.7218694
            ],
            "rotation": [
                0.9205048,
                0.0,
                -0.390731,
                0.0
            ],
            "motion_type": "static"
        },
        {
            "template_name": "495fdee3d67dfac2f0bfa8280194fd11d264410c",
            "translation": [
                -0.7411599,
                1.9371509552001954e-7,
                -3.2393167
            ],
            "rotation": [
                0.7071068,
                0.0,
                0.7071067,
                0.0
            ],
            "motion_type": "static"
        },
        {
            "template_name": "837fd4e7406e4671f615a8bcf3a940c2c8fa76a1",
            "translation": [
                -4.2670488,
                0.7100005,
                -13.3755884
            ],
            "rotation": [
                0.0,
                0.0,
                1.0,
                0.0
            ],
            "motion_type": "static",
            "non_uniform_scale": [
                1.4241776,
                0.9999998,
                1.380925
            ]
        },
        {
            "template_name": "a5ea5df5ba2e5235b43d9e17858a328146668a58_part_4",
            "translation": [
                -0.8315169,
                0.9196106,
                -8.1332216
            ],
            "rotation": [
                0.4999999,
                0.4999999,
                0.5,
                -0.5
            ],
            "motion_type": "static"
        },
        {
            "template_name": "a5ea5df5ba2e5235b43d9e17858a328146668a58_part_2",
            "translation": [
                -0.8258538,
                1.1252175,
                -8.1326799
            ],
            "rotation": [
                0.4999999,
                0.4999999,
                0.5,
                -0.5
            ],
            "motion_type": "static"
        },
        {
            "template_name": "a5ea5df5ba2e5235b43d9e17858a328146668a58_part_1",
            "translation": [
                -0.8315171,
                1.1626321,
                -8.1333885
            ],
            "rotation": [
                0.4999999,
                0.4999999,
                0.5,
                -0.5
            ],
            "motion_type": "static"
        },
        {
            "template_name": "a5ea5df5ba2e5235b43d9e17858a328146668a58_part_5",
            "translation": [
                -0.8295419,
                0.8858603,
                -8.1333217
            ],
            "rotation": [
                0.4999999,
                0.4999999,
                0.5,
                -0.5
            ],
            "motion_type": "static"
        },
        {
            "template_name": "a5ea5df5ba2e5235b43d9e17858a328146668a58_part_3",
            "translation": [
                -0.8225815,
                1.0917005,
                -8.1331415
            ],
            "rotation": [
                0.4999999,
                0.4999999,
                0.5,
                -0.5
            ],
            "motion_type": "static"
        },
        {
            "template_name": "a5ea5df5ba2e5235b43d9e17858a328146668a58_part_3",
            "translation": [
                -0.8225814,
                0.8482034,
                -8.1331415
            ],
            "rotation": [
                0.4999952,
                0.5,
                0.5000243,
                -0.49998
            ],
            "motion_type": "static"
        },
        {
            "template_name": "a5ea5df5ba2e5235b43d9e17858a328146668a58_part_14",
            "translation": [
                -0.8493657,
                1.4342124,
                -8.1358947
            ],
            "rotation": [
                0.4999999,
                0.4999999,
                0.5,
                -0.5
            ],
            "motion_type": "static"
        },
        {
            "template_name": "121e9635e3ae299ec711f2a710c57065fbd1e741",
            "translation": [
                -4.6655588,
                5.261972546577454e-7,
                -8.8297929
            ],
            "rotation": [
                0.7071068,
                0.0,
                -0.7071067,
                0.0
            ],
            "motion_type": "static"
        },
        {
            "template_name": "58ccc56c2e26a35c17e374cbbc076a093259a97a",
            "translation": [
                -0.5816537,
                6.30505383014679e-7,
                -10.5799722
            ],
            "rotation": [
                0.7071068,
                0.0,
                -0.7071067,
                0.0
            ],
            "motion_type": "static"
        },
        {
            "template_name": "35ec6e4874de30dbba4afa28e67fd9e8ce4b67b7",
            "translation": [
                0.184199,
                7.37607479095459e-7,
                -12.3718547
            ],
            "rotation": [
                0.0,
                0.0,
                1.0,
                0.0
            ],
            "motion_type": "static"
        },
        {
            "template_name": "49b7ece681efd7ebe1cfc2bdfb80173663358adc",
            "translation": [
                -6.6683254,
                1.4901161193847657e-7,
                -2.6750984
            ],
            "rotation": [
                0.499554,
                0.0,
                0.8662827,
                0.0
            ],
            "motion_type": "static"
        },
        {
            "template_name": "e44ed1eac2b86fac8f401347a3f253edb0c87254",
            "translation": [
                0.6392595,
                5.960464477539063e-7,
                -10.0365314
            ],
            "rotation": [
                -0.3162344,
                0.0,
                0.9486808,
                0.0
            ],
            "motion_type": "static"
        },
        {
            "template_name": "a928c94ecbeba7ac86c431aab4f056b09cbb4496",
            "translation": [
                -5.1679592,
                3.2782554626464846e-7,
                -5.5576806
            ],
            "rotation": [
                0.9729778,
                0.0,
                -0.2308983,
                0.0
            ],
            "motion_type": "static"
        },
        {
            "template_name": "a928c94ecbeba7ac86c431aab4f056b09cbb4496",
            "translation": [
                -3.4131057,
                1.7881393432617188e-7,
                -2.7796566
            ],
            "rotation": [
                0.2308983,
                0.0,
                0.9729778,
                0.0
            ],
            "motion_type": "static"
        },
        {
            "template_name": "7baec79414bc85c8b7f452fd24e24fddeffd8592",
            "translation": [
                -5.6367383,
                1.9371509552001954e-7,
                -3.3084707
            ],
            "rotation": [
                0.7071068,
                0.0,
                0.7071067,
                0.0
            ],
            "motion_type": "static",
            "non_uniform_scale": [
                1.1571201,
                0.9999998,
                1.2174793
            ]
        },
        {
            "template_name": "7085b4004190c7be381525d7341f0390b20add51",
            "translation": [
                0.8079882,
                7.748603820800781e-7,
                -13.3647336
            ],
            "rotation": [
                0.9238795,
                0.0,
                -0.3826833,
                0.0
            ],
            "motion_type": "static",
            "non_uniform_scale": [
                1.2101016,
                1.1288577,
                0.5972896
            ]
        },
        {
            "template_name": "133e19927d9933bf13ce6115a1e242c6dd80fbf5",
            "translation": [
                -7.718769,
                0.7600004,
                -7.5900845
            ],
            "rotation": [
                0.7071068,
                0.0,
                0.7071067,
                0.0
            ],
            "motion_type": "static"
        },
        {
            "template_name": "17be602f57432ee4d40ae84bcb577584681e9479",
            "translation": [
                0.7807216,
                -4.76837158203125e-7,
                8.1687994
            ],
            "rotation": [
                0.7071068,
                0.0,
                -0.7071067,
                0.0
            ],
            "motion_type": "static"
        },
        {
            "template_name": "1c19a987e1bd8c206353d18066b117cc0b21e841",
            "translation": [
                0.8697422,
                -2.9802322387695315e-8,
                0.3038482
            ],
            "rotation": [
                0.7071068,
                0.0,
                -0.7071067,
                0.0
            ],
            "motion_type": "static",
            "non_uniform_scale": [
                1.211539,
                1.2935055,
                1.0542687
            ]
        },
        {
            "template_name": "c3e45e226f51e328829dcf0afc2b3baf5de0ac0c",
            "translation": [
                0.7545951,
                1.7495254,
                -9.5897264
            ],
            "rotation": [
                0.0,
                0.0,
                0.7071068,
                -0.7071067
            ],
            "motion_type": "static"
        },
        {
            "template_name": "8f5cbeb8680367edb1b2755c39c8030d218e17b1",
            "translation": [
                -0.5627518,
                5.960464477539063e-7,
                -9.8297233
            ],
            "rotation": [
                0.0,
                0.0,
                1.0,
                0.0
            ],
            "motion_type": "static"
        },
        {
            "template_name": "036e2aeca7ff5df258839e40b8de7517f2cc891a",
            "translation": [
                -0.675,
                1.4901161193847657e-7,
                -2.2930862
            ],
            "rotation": [
                0.7071068,
                0.0,
                0.7071067,
                0.0
            ],
            "motion_type": "static"
        },
        {
            "template_name": "bb6e4a43fd9cbea632fc99b05cfae0f95601718f",
            "translation": [
                -3.5783729,
                0.8889995,
                4.7056298
            ],
            "rotation": [
                0.0,
                0.0,
                1.0,
                0.0
            ],
            "motion_type": "static",
            "non_uniform_scale": [
                1.3695249,
                0.9999998,
                1.3630427
            ]
        },
        {
            "template_name": "55c813d9a522cc5e52176d01e75ea53d260c9003",
            "translation": [
                -7.5443058,
                0.7600002,
                -6.2698645
            ],
            "rotation": [
                -0.1693705,
                0.0,
                0.9855523,
                0.0
            ],
            "motion_type": "static"
        },
        {
            "template_name": "35c085a39314ba06e9e098aa1ea68e494c7c075b",
            "translation": [
                -7.4282994,
                0.0010007,
                -13.2681875
            ],
            "rotation": [
                0.9104526,
                0.0,
                0.4136132,
                0.0
            ],
            "motion_type": "static",
            "non_uniform_scale": [
                0.9999998,
                1.1849191,
                0.9999998
            ]
        },
        {
            "template_name": "ed4fbbb8cc877cea34ff946b05c9da8b3690ee74",
            "translation": [
                -1.0030992,
                1.75,
                -0.8499997
            ],
            "rotation": [
                0.7071068,
                0.7071067,
                0.0,
                0.0
            ],
            "motion_type": "static"
        },
        {
            "template_name": "587440399e20487296e26481cd5ad3f3767405e3",
            "translation": [
                -7.5132002,
                7.152557373046875e-7,
                -11.6922492
            ],
            "rotation": [
                0.7071068,
                0.0,
                0.7071067,
                0.0
            ],
            "motion_type": "static"
        },
        {
            "template_name": "b95f47e16d8ad6b2f06ae879c1f34087f539bc81",
            "translation": [
                0.9147269,
                0.8000004,
                -12.2933864
            ],
            "rotation": [
                0.7071068,
                0.0,
                0.7071067,
                0.0
            ],
            "motion_type": "static"
        },
        {
            "template_name": "b95f47e16d8ad6b2f06ae879c1f34087f539bc81",
            "translation": [
                -3.0157802,
                0.8889997,
                4.6513333
            ],
            "rotation": [
                0.7071068,
                0.0,
                0.7071067,
                0.0
            ],
            "motion_type": "static"
        },
        {
            "template_name": "c1db590d05d06c53b47cd5d795f712f55557a5dd",
            "translation": [
                -2.9400553,
                0.6000006,
                -11.2949914
            ],
            "rotation": [
                0.5736969,
                0.0,
                0.8190674,
                0.0
            ],
            "motion_type": "static"
        },
        {
            "template_name": "cb40ac8eeef13613222677455fec827b139ac010",
            "translation": [
                -6.9961228,
                1.7500003,
                -9.5731859
            ],
            "rotation": [
                0.0,
                0.0,
                0.7071068,
                -0.7071067
            ],
            "motion_type": "static"
        },
        {
            "template_name": "e9aa737db39d132275f3e6bb4453fd3ffc9ab1bc",
            "translation": [
                0.3796037,
                2.384185791015625e-7,
                -3.6942298
            ],
            "motion_type": "static"
        },
        {
            "template_name": "39443cc1873a0b4954ce7a2c357f296e98bf86a7",
            "translation": [
                -1.4169218,
                -1.1920928955078126e-7,
                1.8319139
            ],
            "rotation": [
                0.7071068,
                0.0,
                -0.7071067,
                0.0
            ],
            "motion_type": "static",
            "non_uniform_scale": [
                1.1785879,
                0.9999998,
                1.2707413
            ]
        },
        {
            "template_name": "5368e6e4bb682ba841fb69dc471f5c048a33fa48",
            "translation": [
                -0.4022,
                -2.980232238769531e-7,
                4.7967233
            ],
            "rotation": [
                0.7071068,
                0.0,
                0.7071067,
                0.0
            ],
            "motion_type": "static"
        },
        {
            "template_name": "1e6bc2701cdd6471d97f02b1dc374209a710d5cd_part_2",
            "translation": [
                -4.0022945,
                -0.0000438,
                1.4710514
            ],
            "rotation": [
                0.7071068,
                0.0,
                0.7071067,
                0.0
            ],
            "motion_type": "static",
            "non_uniform_scale": [
                1.3591804,
                0.9999998,
                1.3197884
            ]
        },
        {
            "template_name": "1e6bc2701cdd6471d97f02b1dc374209a710d5cd_part_2",
            "translation": [
                -4.0022945,
                -0.0000438,
                2.2001142
            ],
            "rotation": [
                0.7071068,
                0.0,
                0.7071067,
                0.0
            ],
            "motion_type": "static",
            "non_uniform_scale": [
                1.3591804,
                0.9999998,
                1.3197884
            ]
        },
        {
            "template_name": "1e6bc2701cdd6471d97f02b1dc374209a710d5cd_part_2",
            "translation": [
                -5.2573542,
                -0.0000438,
                2.2001137
            ],
            "rotation": [
                0.7071073,
                0.0,
                -0.7071061,
                0.0
            ],
            "motion_type": "static",
            "non_uniform_scale": [
                1.3591804,
                0.9999998,
                1.3197884
            ]
        },
        {
            "template_name": "1e6bc2701cdd6471d97f02b1dc374209a710d5cd_part_2",
            "translation": [
                -5.2573542,
                -0.0000438,
                1.4710513
            ],
            "rotation": [
                -0.7071067,
                0.0,
                0.7071068,
                0.0
            ],
            "motion_type": "static",
            "non_uniform_scale": [
                1.3591804,
                0.9999998,
                1.3197884
            ]
        },
        {
            "template_name": "1e6bc2701cdd6471d97f02b1dc374209a710d5cd_part_2",
            "translation": [
                -4.6274805,
                -0.0000438,
                2.8951106
            ],
            "motion_type": "static",
            "non_uniform_scale": [
                1.3197884,
                0.9999998,
                1.3591804
            ]
        },
        {
            "template_name": "1e6bc2701cdd6471d97f02b1dc374209a710d5cd_part_2",
            "translation": [
                -4.62748,
                -0.0000438,
                0.775729
            ],
            "rotation": [
                0.0,
                0.0,
                1.0,
                0.0000064
            ],
            "motion_type": "static",
            "non_uniform_scale": [
                1.3197884,
                0.9999998,
                1.3591804
            ]
        },
        {
            "template_name": "1e6bc2701cdd6471d97f02b1dc374209a710d5cd_part_7",
            "translation": [
                -4.6280612,
                -1.1920928955078126e-7,
                1.8354233
            ],
            "rotation": [
                0.7071068,
                0.0,
                0.7071067,
                0.0
            ],
            "motion_type": "static",
            "non_uniform_scale": [
                1.3591804,
                0.9999998,
                1.3197884
            ]
        },
        {
            "template_name": "e5a65a86337ab025e3fbae520946c2eecf80e8ba",
            "translation": [
                -3.7072265,
                7.748603820800781e-7,
                -13.3533668
            ],
            "rotation": [
                0.7071068,
                0.0,
                0.7071067,
                0.0
            ],
            "motion_type": "static"
        },
        {
            "template_name": "e5a65a86337ab025e3fbae520946c2eecf80e8ba",
            "translation": [
                -0.6853091,
                7.748603820800781e-7,
                -13.3533668
            ],
            "rotation": [
                0.7071068,
                0.0,
                0.7071067,
                0.0
            ],
            "motion_type": "static"
        },
        {
            "template_name": "e5a65a86337ab025e3fbae520946c2eecf80e8ba",
            "translation": [
                -1.35588,
                -5.364418029785156e-7,
                8.6178197
            ],
            "rotation": [
                0.7071068,
                0.0,
                -0.7071067,
                0.0
            ],
            "motion_type": "static"
        },
        {
            "template_name": "c339ce2c5238151c747159b815e0e77a857f4029",
            "translation": [
                -1.5980452,
                4.470348358154297e-7,
                -7.3459677
            ],
            "motion_type": "static"
        },
        {
            "template_name": "cfff5e4dbe561eb58ff2f87dbb3e82eff2aa1eea",
            "translation": [
                -6.5386662,
                3.2300007,
                -13.373187
            ],
            "motion_type": "static"
        },
        {
            "template_name": "cfff5e4dbe561eb58ff2f87dbb3e82eff2aa1eea",
            "translation": [
                -4.3297367,
                3.2300007,
                -13.373187
            ],
            "motion_type": "static"
        },
        {
            "template_name": "d48d3a58153e25d8f0fc1b5c65453f3475851a24",
            "translation": [
                -4.0393171,
                6.258487701416016e-7,
                -10.2941646
            ],
            "rotation": [
                -0.4510802,
                0.0,
                0.8924831,
                0.0
            ],
            "motion_type": "static"
        },
        {
            "template_name": "1c0e97f21538bbb91fe87e8415432a2696706f2b",
            "translation": [
                -3.6436347,
                2.384185791015625e-7,
                -4.6271686
            ],
            "rotation": [
                0.8488193,
                0.0,
                -0.5286828,
                0.0
            ],
            "motion_type": "static",
            "non_uniform_scale": [
                1.15076,
                0.9999997,
                1.1402826
            ]
        },
        {
            "template_name": "b1b3d0674a74eacaddf0beea66e5679eba96e9d3",
            "translation": [
                -6.7381892,
                4.172325134277344e-7,
                -7.0355157
            ],
            "rotation": [
                -0.7060297,
                0.0,
                0.7081819,
                0.0
            ],
            "motion_type": "static"
        },
        {
            "template_name": "cd1b52c5ef8ed6a07592b9810e79c153939c0260",
            "translation": [
                -5.5678915,
                0.4200001,
                -3.3620088
            ],
            "rotation": [
                0.0,
                0.0,
                1.0,
                0.0
            ],
            "motion_type": "static",
            "non_uniform_scale": [
                1.1572177,
                0.9999998,
                1.2043813
            ]
        },
        {
            "template_name": "aa14d1167d776efc3e1433a6ae5a7fe6d3c7f368",
            "translation": [
                -3.5856397,
                0.9100006,
                -12.2483854
            ],
            "rotation": [
                0.9671034,
                0.0,
                -0.2543829,
                0.0
            ],
            "motion_type": "static",
            "non_uniform_scale": [
                1.0,
                0.9999998,
                0.8450093
            ]
        },
        {
            "template_name": "5747cd91706723281b0a7d34f8b97a48d4fee680",
            "translation": [
                -0.8452175,
                0.0010007,
                -12.9857578
            ],
            "rotation": [
                0.9117618,
                0.0,
                0.4107187,
                0.0
            ],
            "motion_type": "static"
        },
        {
            "template_name": "f2fde7a5cc2b4fd4f5d3415bb9a505df58c1cb67",
            "translation": [
                -1.4184055,
                0.0190004,
                -6.6622314
            ],
            "rotation": [
                0.7071068,
                0.0,
                -0.7071067,
                0.0
            ],
            "motion_type": "static",
            "non_uniform_scale": [
                1.1553151,
                0.9999998,
                1.2187396
            ]
        },
        {
            "template_name": "f2fde7a5cc2b4fd4f5d3415bb9a505df58c1cb67",
            "translation": [
                -2.3492476,
                0.0190004,
                -7.626594
            ],
            "rotation": [
                0.9722824,
                0.0,
                -0.2338093,
                0.0
            ],
            "motion_type": "static",
            "non_uniform_scale": [
                1.2222752,
                0.9999998,
                1.2650058
            ]
        },
        {
            "template_name": "d0aea1daeed26a22b41d634e7f06952209667a6d",
            "translation": [
                0.0469206,
                -5.364418029785156e-7,
                8.8322162
            ],
            "rotation": [
                -0.0014745,
                0.0,
                0.9999989,
                0.0
            ],
            "motion_type": "static",
            "non_uniform_scale": [
                1.0,
                0.9999998,
                0.4860793
            ]
        },
        {
            "template_name": "31c4493e2e46fc38f7ceae44f6d163c8bc44bb4a",
            "translation": [
                -5.2244567,
                0.6199994,
                8.7696399
            ],
            "motion_type": "static"
        },
        {
            "template_name": "31c4493e2e46fc38f7ceae44f6d163c8bc44bb4a",
            "translation": [
                -1.8712178,
                0.6199994,
                8.7696399
            ],
            "rotation": [
                0.0,
                0.0,
                1.0,
                0.0
            ],
            "motion_type": "static"
        },
        {
            "template_name": "48dac005e9b0b17022ea2ae1d6828d7069eefed7",
            "translation": [
                0.1000586,
                0.0200005,
                -13.2620143
            ],
            "rotation": [
                0.977231,
                0.0,
                0.2121776,
                0.0
            ],
            "motion_type": "static"
        },
        {
            "template_name": "bcfc424147f18ff87c8930c95e6bc27ba9cee550",
            "translation": [
                -2.4830119,
                -2.980232238769531e-7,
                4.7668709
            ],
            "rotation": [
                -0.3447389,
                0.0,
                0.9386984,
                0.0
            ],
            "motion_type": "static"
        },
        {
            "template_name": "77b11fae08914113405adbdb2d988c901223bb85",
            "translation": [
                1.0426615,
                0.8999996,
                4.2287836
            ],
            "rotation": [
                0.7071068,
                0.0,
                -0.7071067,
                0.0
            ],
            "motion_type": "static"
        },
        {
            "template_name": "77b11fae08914113405adbdb2d988c901223bb85",
            "translation": [
                -7.5844602,
                0.7600004,
                -7.8807616
            ],
            "rotation": [
                0.9271838,
                0.0,
                0.3746064,
                0.0
            ],
            "motion_type": "static"
        },
        {
            "template_name": "5954c670b64d2ac9a6dcb73295bcb88a212a64f5",
            "translation": [
                0.7694717,
                0.0,
                -0.4815686
            ],
            "rotation": [
                0.7071068,
                0.0,
                -0.7071067,
                0.0
            ],
            "motion_type": "static",
            "non_uniform_scale": [
                1.2643486,
                0.9999998,
                0.9999998
            ]
        },
        {
            "template_name": "09b1df19e95ab47e50c8aac06137ef2f51144d34",
            "translation": [
                -1.5564266,
                1.7496004,
                -9.625926
            ],
            "rotation": [
                0.0,
                0.0,
                0.7071068,
                -0.7071067
            ],
            "motion_type": "static"
        },
        {
            "template_name": "a7a0d68a04ca83618e899c167b20d007ab00cb11",
            "translation": [
                0.1992917,
                1.7484203,
                -9.6009664
            ],
            "rotation": [
                0.0,
                0.0,
                0.7071068,
                -0.7071067
            ],
            "motion_type": "static"
        },
        {
            "template_name": "0e3f31820718c4195b9884dbdf9015035f66dae0",
            "translation": [
                -1.1301598,
                -2.682209014892578e-7,
                4.7468333
            ],
            "rotation": [
                0.7071068,
                0.0,
                -0.7071067,
                0.0
            ],
            "motion_type": "static"
        },
        {
            "template_name": "534242df83554b57b7de065ffc39c355a0fa7d51",
            "translation": [
                -0.9968634,
                3.5762786865234377e-7,
                -5.8287086
            ],
            "rotation": [
                0.9271838,
                0.0,
                0.3746064,
                0.0
            ],
            "motion_type": "static"
        },
        {
            "template_name": "e7841aefc77c8cdefc35e1bcdd02e06988126377",
            "translation": [
                -0.2811276,
                7.748603820800781e-7,
                -13.1155805
            ],
            "rotation": [
                0.5409743,
                0.0,
                0.841039,
                0.0
            ],
            "motion_type": "static"
        },
        {
            "template_name": "d8c33846cd05fc87c20b3d76cd0012566591b10f",
            "translation": [
                -4.0924654,
                1.7500003,
                -9.5731859
            ],
            "rotation": [
                0.0,
                0.0,
                0.7071068,
                -0.7071067
            ],
            "motion_type": "static"
        },
        {
            "template_name": "155c182834f40ebb1d5666d3a72ee828e097097a",
            "translation": [
                -5.0746169,
                -5.066394805908203e-7,
                8.693408
            ],
            "rotation": [
                0.0,
                0.0,
                1.0,
                0.0
            ],
            "motion_type": "static",
            "non_uniform_scale": [
                1.1195373,
                0.9999998,
                1.0738935
            ]
        },
        {
            "template_name": "155c182834f40ebb1d5666d3a72ee828e097097a",
            "translation": [
                -2.0210576,
                -5.066394805908203e-7,
                8.693408
            ],
            "rotation": [
                0.0,
                0.0,
                1.0,
                0.0
            ],
            "motion_type": "static",
            "non_uniform_scale": [
                1.1195373,
                0.9999998,
                1.0738935
            ]
        },
        {
            "template_name": "2efebdcc1ba9514b0deb0dfb05951341432bd26a",
            "translation": [
                -7.518557,
                0.76,
                -7.0510644
            ],
            "rotation": [
                0.7071068,
                0.0,
                0.7071067,
                0.0
            ],
            "motion_type": "static"
        },
        {
            "template_name": "c26b16c8dfdba6600221a57542782292c15e983b",
            "translation": [
                0.6925016,
                -3.5762786865234377e-7,
                5.3161435
            ],
            "rotation": [
                0.7071068,
                0.0,
                -0.7071067,
                0.0
            ],
            "motion_type": "static"
        },
        {
            "template_name": "009f9df21592e289bc08c4562f21dce15fced6fb",
            "translation": [
                -0.6547355,
                1.1920928955078126e-7,
                -1.7706824
            ],
            "rotation": [
                0.7678725,
                0.0,
                0.6406024,
                0.0
            ],
            "motion_type": "static"
        },
        {
            "template_name": "00e70f08eeeac664c4322cc4de87bfe09aef0201",
            "translation": [
                0.9017716,
                1.1920928955078126e-7,
                -2.0659997
            ],
            "rotation": [
                0.7071068,
                0.0,
                -0.7071067,
                0.0
            ],
            "motion_type": "static"
        },
        {
            "template_name": "612bd96482db881c089aa26e4a5a3c34ed702955",
            "translation": [
                -2.0828616,
                -5.960464477539063e-8,
                1.0084029
            ],
            "rotation": [
                0.7071068,
                0.0,
                -0.7071067,
                0.0
            ],
            "motion_type": "static",
            "non_uniform_scale": [
                1.1979831,
                0.9999998,
                1.1719763
            ]
        },
        {
            "template_name": "612bd96482db881c089aa26e4a5a3c34ed702955",
            "translation": [
                -2.0828616,
                -8.940696716308594e-8,
                1.4238635
            ],
            "rotation": [
                0.7071068,
                0.0,
                -0.7071067,
                0.0
            ],
            "motion_type": "static",
            "non_uniform_scale": [
                1.1979831,
                0.9999998,
                1.1719763
            ]
        },
        {
            "template_name": "612bd96482db881c089aa26e4a5a3c34ed702955",
            "translation": [
                -2.0828616,
                -1.1920928955078126e-7,
                1.8393242
            ],
            "rotation": [
                0.7071068,
                0.0,
                -0.7071067,
                0.0
            ],
            "motion_type": "static",
            "non_uniform_scale": [
                1.1979831,
                0.9999998,
                1.1719763
            ]
        },
        {
            "template_name": "612bd96482db881c089aa26e4a5a3c34ed702955",
            "translation": [
                -2.0828616,
                -1.4901161193847657e-7,
                2.2547848
            ],
            "rotation": [
                0.7071068,
                0.0,
                -0.7071067,
                0.0
            ],
            "motion_type": "static",
            "non_uniform_scale": [
                1.1979831,
                0.9999998,
                1.1719763
            ]
        },
        {
            "template_name": "612bd96482db881c089aa26e4a5a3c34ed702955",
            "translation": [
                -2.0828616,
                -1.4901161193847657e-7,
                2.6702454
            ],
            "rotation": [
                0.7071068,
                0.0,
                -0.7071067,
                0.0
            ],
            "motion_type": "static",
            "non_uniform_scale": [
                1.1979831,
                0.9999998,
                1.1719763
            ]
        },
        {
            "template_name": "a77b9e8e880ddfe7c9123140d4e88e0bf001d1f2",
            "translation": [
                -2.213243,
                4.0512531995773318e-7,
                -6.7987732
            ],
            "rotation": [
                0.9205048,
                0.0,
                -0.390731,
                0.0
            ],
            "motion_type": "static"
        },
        {
            "template_name": "23b2e59406a7ecbc76b96b9a9f97714da850d646",
            "translation": [
                -7.2701892,
                4.172325134277344e-7,
                -7.0607061
            ],
            "rotation": [
                0.7061005,
                0.0,
                0.7081115,
                0.0
            ],
            "motion_type": "static"
        },
        {
            "template_name": "14b3e1dc9d205d870aa611f8871153007527749e",
            "translation": [
                -2.110289,
                7.748603820800781e-7,
                -12.7589178
            ],
            "rotation": [
                0.7071068,
                0.0,
                0.7071067,
                0.0
            ],
            "motion_type": "static"
        },
        {
            "template_name": "8831ab5392afa18493b57c956ea4c3e23ac623af",
            "translation": [
                -5.4726467,
                7.748603820800781e-7,
                -12.6576776
            ],
            "motion_type": "static"
        },
        {
            "template_name": "780c072398eeedc1f9a10e243bbb436fb31b252a",
            "translation": [
                -5.7716174,
                -4.76837158203125e-7,
                7.2253804
            ],
            "rotation": [
                -0.6052978,
                0.0,
                0.7959991,
                0.0
            ],
            "motion_type": "static",
            "non_uniform_scale": [
                0.9999998,
                1.1878452,
                0.9999998
            ]
        },
        {
            "template_name": "278a6f9b1a3b71ed1fbeac83bbaf677b09a93fc3",
            "translation": [
                0.9599493,
                7.450580596923828e-7,
                -12.7086868
            ],
            "rotation": [
                0.7071068,
                0.0,
                -0.7071067,
                0.0
            ],
            "motion_type": "static",
            "non_uniform_scale": [
                2.1308975,
                3.7071771,
                1.5936864
            ]
        },
        {
            "template_name": "304edd646d2e708ae3199935df875f749754ed37",
            "translation": [
                -0.1774244,
                0.0200008,
                -13.3355112
            ],
            "rotation": [
                0.977231,
                0.0,
                0.2121776,
                0.0
            ],
            "motion_type": "static"
        },
        {
            "template_name": "242033fa7adb4568efd076be17a58e09538863fc",
            "translation": [
                -6.9725422,
                1.7500003,
                -9.4231863
            ],
            "rotation": [
                0.7071068,
                0.7071067,
                0.0,
                0.0
            ],
            "motion_type": "static"
        },
        {
            "template_name": "126a934a9207ec34961275f468fa0993fb2a2e3a",
            "translation": [
                -0.9962652,
                0.7700005,
                -9.7676839
            ],
            "rotation": [
                0.2694748,
                0.0,
                0.9630072,
                0.0
            ],
            "motion_type": "static"
        },
        {
            "template_name": "69930e5f83e7d839142b15ca089f2a2ea90f6e1f",
            "translation": [
                -0.1307618,
                0.7700003,
                -9.7436828
            ],
            "rotation": [
                0.7071068,
                0.0,
                -0.7071067,
                0.0
            ],
            "motion_type": "static"
        },
        {
            "template_name": "69930e5f83e7d839142b15ca089f2a2ea90f6e1f",
            "translation": [
                -5.3756179,
                0.6000001,
                -5.8026041
            ],
            "rotation": [
                0.390731,
                0.0,
                0.9205048,
                0.0
            ],
            "motion_type": "static"
        },
        {
            "template_name": "c59d292da3e13710b163afb8324ab7141a6cfb61",
            "translation": [
                0.8134766,
                -1.1920928955078126e-7,
                2.5189058
            ],
            "rotation": [
                0.7071068,
                0.0,
                -0.7071067,
                0.0
            ],
            "motion_type": "static",
            "non_uniform_scale": [
                1.267065,
                0.9999998,
                1.0752904
            ]
        },
        {
            "template_name": "cba8f0a243f059b07e393e14b7ad81fa0ac053f5",
            "translation": [
                -3.0674867,
                0.6000006,
                -11.5092144
            ],
            "rotation": [
                0.3542911,
                0.0,
                0.9351351,
                0.0
            ],
            "motion_type": "static"
        },
        {
            "template_name": "d869cd12e539239280c22b82c7a0d0136c0f80c1",
            "translation": [
                -1.3309396,
                -4.172325134277344e-7,
                7.082601
            ],
            "rotation": [
                0.7071068,
                0.0,
                -0.7071067,
                0.0
            ],
            "motion_type": "static"
        },
        {
            "template_name": "0ed0c762ec81d3af3069af781aa04abdfca7b914",
            "translation": [
                -0.5658192,
                2.384185791015625e-7,
                -3.6505239
            ],
            "rotation": [
                0.9924166,
                0.0,
                0.122918,
                0.0
            ],
            "motion_type": "static"
        },
        {
            "template_name": "370dda5c72f0240b30fc9b15377f2192c3bb2d8f",
            "translation": [
                -0.5892778,
                4.76837158203125e-7,
                -7.0782923
            ],
            "rotation": [
                0.7076538,
                0.0,
                0.7065591,
                0.0
            ],
            "motion_type": "static"
        },
        {
            "template_name": "74c48e1d686c342798a9277975731d178194b288",
            "translation": [
                -2.9036538,
                6.854534149169922e-7,
                -11.4495344
            ],
            "rotation": [
                0.7071068,
                0.0,
                0.7071067,
                0.0
            ],
            "motion_type": "static",
            "non_uniform_scale": [
                1.1784665,
                0.9999998,
                1.363473
            ]
        },
        {
            "template_name": "df3fb250b2b43074ac6f90f8d570bf9bbcfd201f",
            "translation": [
                1.0651977,
                0.8000006,
                -11.6450443
            ],
            "rotation": [
                0.7071068,
                0.0,
                -0.7071067,
                0.0
            ],
            "motion_type": "static",
            "non_uniform_scale": [
                1.1728874,
                0.9999998,
                1.2248375
            ]
        },
        {
            "template_name": "8987a2ae133fb8daa9656a4300009f37fb104aab",
            "translation": [
                1.0584534,
                0.8000004,
                -11.329401
            ],
            "rotation": [
                0.3542911,
                0.0,
                0.9351351,
                0.0
            ],
            "motion_type": "static"
        },
        {
            "template_name": "d7858473398d5771c9d546df543fcc25052a6de1",
            "translation": [
                -5.3420848,
                2.1420419216156007e-7,
                -3.5985052
            ],
            "rotation": [
                -0.2566665,
                0.0,
                0.9664999,
                0.0
            ],
            "motion_type": "static",
            "non_uniform_scale": [
                2.0356605,
                0.9999998,
                1.8429112
            ]
        },
        {
            "template_name": "f40c65a2d8eda8a2d4a496ccef36fc7a80e7ba04",
            "translation": [
                -4.3681864,
                8.046627044677734e-7,
                -13.4397573
            ],
            "motion_type": "static"
        },
        {
            "template_name": "f40c65a2d8eda8a2d4a496ccef36fc7a80e7ba04",
            "translation": [
                -6.5771164,
                8.046627044677734e-7,
                -13.4397573
            ],
            "motion_type": "static"
        },
        {
            "template_name": "2546c3d0bf28d9ef88197e0d35f9b82f0363670c",
            "translation": [
                -1.21324,
                1.9371509552001954e-7,
                -3.3694226
            ],
            "rotation": [
                0.7071068,
                0.0,
                -0.7071067,
                0.0
            ],
            "motion_type": "static",
            "non_uniform_scale": [
                0.9203006,
                0.9999998,
                0.9999998
            ]
        },
        {
            "template_name": "bf15ef2635550d8724a3e977a4f650a244f3a1c2",
            "translation": [
                -0.596198,
                0.0200006,
                -12.9326143
            ],
            "rotation": [
                0.9351351,
                0.0,
                -0.3542909,
                0.0
            ],
            "motion_type": "static"
        },
        {
            "template_name": "201-2",
            "translation": [
                1.2211716,
                1.1200002,
                -4.8457174
            ],
            "rotation": [
                0.7071067,
                0.0,
                0.7071068,
                0.0
            ],
            "motion_type": "static",
            "non_uniform_scale": [
                -0.9999998,
                0.9999998,
                0.9999998
            ]
        },
        {
            "template_name": "224-138",
            "translation": [
                -6.4513578,
                1.393288,
                -1.6903134
            ],
            "rotation": [
                0.5037872,
                0.0,
                0.8638275,
                0.0
            ],
            "motion_type": "static",
            "non_uniform_scale": [
                -0.9999998,
                0.9999998,
                0.9999998
            ]
        },
        {
            "template_name": "224-139",
            "translation": [
                -7.2984356,
                1.3932881,
                -3.1876263
            ],
            "rotation": [
                0.5037872,
                0.0,
                0.8638275,
                0.0
            ],
            "motion_type": "static",
            "non_uniform_scale": [
                -0.9999998,
                0.9999998,
                0.9999998
            ]
        },
        {
            "template_name": "224-140",
            "translation": [
                1.2211716,
                1.3932887,
                -13.083723
            ],
            "rotation": [
                0.7071068,
                0.0,
                -0.7071067,
                0.0
            ],
            "motion_type": "static",
            "non_uniform_scale": [
                -0.9999998,
                0.9999998,
                0.9999998
            ]
        },
        {
            "template_name": "224-140",
            "translation": [
                1.2211716,
                1.3932882,
                -10.1955537
            ],
            "rotation": [
                0.7071068,
                0.0,
                -0.7071067,
                0.0
            ],
            "motion_type": "static",
            "non_uniform_scale": [
                -0.9999998,
                0.9999998,
                0.9999998
            ]
        },
        {
            "template_name": "224-141",
            "translation": [
                0.0290961,
                1.3932887,
                -13.7779178
            ],
            "motion_type": "static",
            "non_uniform_scale": [
                -1.0,
                0.9999998,
                0.9999998
            ]
        },
        {
            "template_name": "224-139",
            "translation": [
                -7.8249998,
                1.3932882,
                -5.2399773
            ],
            "rotation": [
                0.7071067,
                0.0,
                0.7071067,
                0.0
            ],
            "motion_type": "static",
            "non_uniform_scale": [
                -0.9999998,
                0.9999998,
                0.9999998
            ]
        },
        {
            "template_name": "224-139",
            "translation": [
                -7.8249998,
                1.3932882,
                -7.1018991
            ],
            "rotation": [
                0.7071067,
                0.0,
                0.7071067,
                0.0
            ],
            "motion_type": "static",
            "non_uniform_scale": [
                -0.9999998,
                0.9999998,
                0.9999998
            ]
        },
        {
            "template_name": "224-142",
            "translation": [
                -4.2533798,
                1.3932887,
                -13.7779178
            ],
            "rotation": [
                0.0,
                0.0,
                1.0,
                0.0
            ],
            "motion_type": "static",
            "non_uniform_scale": [
                -1.0,
                0.9999998,
                0.9999998
            ]
        },
        {
            "template_name": "224-142",
            "translation": [
                -6.7455997,
                1.3932887,
                -13.7779178
            ],
            "rotation": [
                0.0,
                0.0,
                1.0,
                0.0
            ],
            "motion_type": "static",
            "non_uniform_scale": [
                -1.0,
                0.9999998,
                0.9999998
            ]
        },
        {
            "template_name": "224-140",
            "translation": [
                -7.8249998,
                1.3932882,
                -8.8120641
            ],
            "rotation": [
                0.7071067,
                0.0,
                0.7071067,
                0.0
            ],
            "motion_type": "static",
            "non_uniform_scale": [
                -0.9999998,
                0.9999998,
                0.9999998
            ]
        },
        {
            "template_name": "224-140",
            "translation": [
                -7.8249998,
                1.3932882,
                -10.1939916
            ],
            "rotation": [
                0.7071068,
                0.0,
                -0.7071067,
                0.0
            ],
            "motion_type": "static",
            "non_uniform_scale": [
                -0.9999998,
                0.9999998,
                0.9999998
            ]
        },
        {
            "template_name": "224-142",
            "translation": [
                -7.8249998,
                1.3932887,
                -13.1467027
            ],
            "rotation": [
                0.7071068,
                0.0,
                -0.7071067,
                0.0
            ],
            "motion_type": "static",
            "non_uniform_scale": [
                -0.9999998,
                0.9999998,
                0.9999998
            ]
        },
        {
            "template_name": "224-139",
            "translation": [
                -6.1167268,
                1.3932876,
                2.7460708
            ],
            "rotation": [
                0.7071067,
                0.0,
                0.7071067,
                0.0
            ],
            "motion_type": "static",
            "non_uniform_scale": [
                -0.9999998,
                0.9999998,
                0.9999998
            ]
        },
        {
            "template_name": "224-139",
            "translation": [
                -6.1167268,
                1.3932876,
                0.8837593
            ],
            "rotation": [
                0.7071067,
                0.0,
                0.7071067,
                0.0
            ],
            "motion_type": "static",
            "non_uniform_scale": [
                -0.9999998,
                0.9999998,
                0.9999998
            ]
        },
        {
            "template_name": "224-143",
            "translation": [
                -6.1167268,
                1.3932875,
                6.7403059
            ],
            "rotation": [
                0.7071068,
                0.0,
                -0.7071067,
                0.0
            ],
            "motion_type": "static",
            "non_uniform_scale": [
                -0.9999998,
                0.9999998,
                0.9999998
            ]
        }
    ],
    "articulated_object_instances": [],
    "stage_instance": {
        "template_name": "stages/108736872_177263607",
        "motion_type": "static"
    },
    "pbr_shader_region_configs": {},
    "user_defined": {
        "scene_filter_file": "scene_filter_files/108736872_177263607.rec_filter.json"
    }
}