{
    "translation_origin": "asset_local",
    "default_lighting": "",
    "navmesh_instance": "",
    "semantic_scene_instance": "hssd_ssd_map",
    "default_pbr_shader_config": "./data/default.pbr_config.json",
    "object_instances": [
        {
            "template_name": "b91041976035024ad035d553c41b0ef9f5ccb41a",
            "translation": [
                -21.1857681,
                2.980232238769531e-7,
                -5.0303735
            ],
            "rotation": [
                0.9367297,
                0.0,
                0.350053,
                0.0
            ],
            "motion_type": "static"
        },
        {
            "template_name": "b91041976035024ad035d553c41b0ef9f5ccb41a",
            "translation": [
                4.4391889,
                2.086162567138672e-7,
                -3.4106101
            ],
            "motion_type": "static"
        },
        {
            "template_name": "221bfe2bb7f6c70688314df7d495359baeb237e4",
            "translation": [
                13.9644241,
                3.8743019104003908e-7,
                -6.4396295
            ],
            "rotation": [
                0.0,
                0.0,
                1.0,
                0.0
            ],
            "motion_type": "static"
        },
        {
            "template_name": "66f9623be165c339763d833a7666c34e94744f33",
            "translation": [
                15.1857986,
                1.2195204,
                -8.6151332
            ],
            "rotation": [
                0.3301231,
                0.0,
                0.9439377,
                0.0
            ],
            "motion_type": "static"
        },
        {
            "template_name": "3a4c77cbc442936a4963c5353064a2627c5e9712",
            "translation": [
                -3.9193258,
                5.960464477539063e-7,
                -9.4052686
            ],
            "motion_type": "static",
            "non_uniform_scale": [
                1.2559936,
                0.9999998,
                1.135182
            ]
        },
        {
            "template_name": "3a6bc80da4ddec21fe1fd9bd76999fd5049b26cc",
            "translation": [
                15.154808,
                3.5762786865234377e-7,
                -6.5289077
            ],
            "rotation": [
                -0.1161969,
                0.0,
                0.9932261,
                0.0
            ],
            "motion_type": "static",
            "non_uniform_scale": [
                0.9999998,
                1.2991646,
                0.9999998
            ]
        },
        {
            "template_name": "25c0eb64223e5410bb74e9102292d7b2dd85e5b0",
            "translation": [
                10.4524946,
                2.086162567138672e-7,
                -3.5693397
            ],
            "rotation": [
                0.9753342,
                0.0,
                -0.2207325,
                0.0
            ],
            "motion_type": "static"
        },
        {
            "template_name": "d983d1c179f32bdb1edb214c941f8b33079fa410",
            "translation": [
                3.5129971,
                -1.4901161193847657e-7,
                2.4680056
            ],
            "rotation": [
                0.7071068,
                0.0,
                0.7071067,
                0.0
            ],
            "motion_type": "static"
        },
        {
            "template_name": "ff698a0cb15de8749c925c8aae3e8cdb8e88aa8f",
            "translation": [
                -18.880022,
                -2.086162567138672e-7,
                3.2737681
            ],
            "rotation": [
                0.0,
                0.0,
                1.0,
                0.0
            ],
            "motion_type": "static",
            "non_uniform_scale": [
                1.1068228,
                0.9999998,
                1.3052922
            ]
        },
        {
            "template_name": "ff698a0cb15de8749c925c8aae3e8cdb8e88aa8f",
            "translation": [
                -18.900484,
                -5.960464477539063e-8,
                1.1282365
            ],
            "rotation": [
                0.7071068,
                0.0,
                0.7071067,
                0.0
            ],
            "motion_type": "static",
            "non_uniform_scale": [
                1.2657778,
                0.9999998,
                1.0600105
            ]
        },
        {
            "template_name": "daf22e426300f5b1676128b22affd6a5cb40a285",
            "translation": [
                6.2143397,
                1.1920928955078126e-7,
                -1.5272792
            ],
            "rotation": [
                0.0,
                0.0,
                1.0,
                0.0
            ],
            "motion_type": "static",
            "non_uniform_scale": [
                1.3538397,
                0.9999998,
                1.2698292
            ]
        },
        {
            "template_name": "74463d608aaebeac19efc6c0609ea64599368a56",
            "translation": [
                8.6578216,
                0.8799998,
                -1.3747388
            ],
            "rotation": [
                0.1936852,
                0.0,
                0.9810637,
                0.0
            ],
            "motion_type": "static"
        },
        {
            "template_name": "d056ee24b9d3aeab32653dd3bab0f248293056d8",
            "translation": [
                7.9094519,
                -5.960464477539063e-8,
                1.0226533
            ],
            "rotation": [
                0.7071068,
                0.0,
                0.7071067,
                0.0
            ],
            "motion_type": "static"
        },
        {
            "template_name": "37e59e768eb7f42a0019713374063cb63419a44c",
            "translation": [
                -17.910984,
                -5.960464477539063e-8,
                0.9815419
            ],
            "motion_type": "static",
            "non_uniform_scale": [
                1.3530715,
                0.9999998,
                1.2979588
            ]
        },
        {
            "template_name": "37e59e768eb7f42a0019713374063cb63419a44c",
            "translation": [
                -17.2356014,
                -2.086162567138672e-7,
                3.4364149
            ],
            "rotation": [
                0.0,
                0.0,
                1.0,
                0.0
            ],
            "motion_type": "static",
            "non_uniform_scale": [
                1.3530715,
                0.9999998,
                1.2979588
            ]
        },
        {
            "template_name": "37e59e768eb7f42a0019713374063cb63419a44c",
            "translation": [
                -17.2358303,
                -5.960464477539063e-8,
                0.9815419
            ],
            "motion_type": "static",
            "non_uniform_scale": [
                1.3530715,
                0.9999998,
                1.2979588
            ]
        },
        {
            "template_name": "37e59e768eb7f42a0019713374063cb63419a44c",
            "translation": [
                9.4679727,
                5.364418029785156e-7,
                -8.6182203
            ],
            "motion_type": "static",
            "non_uniform_scale": [
                1.3530715,
                1.39048,
                1.2979588
            ]
        },
        {
            "template_name": "37e59e768eb7f42a0019713374063cb63419a44c",
            "translation": [
                10.550579,
                5.364418029785156e-7,
                -8.6182203
            ],
            "motion_type": "static",
            "non_uniform_scale": [
                1.3530715,
                1.39048,
                1.2979588
            ]
        },
        {
            "template_name": "37e59e768eb7f42a0019713374063cb63419a44c",
            "translation": [
                13.6877908,
                5.364418029785156e-7,
                -8.6182203
            ],
            "motion_type": "static",
            "non_uniform_scale": [
                1.3530715,
                1.39048,
                1.2979588
            ]
        },
        {
            "template_name": "37e59e768eb7f42a0019713374063cb63419a44c",
            "translation": [
                14.7703971,
                5.364418029785156e-7,
                -8.6182203
            ],
            "motion_type": "static",
            "non_uniform_scale": [
                1.3530715,
                1.39048,
                1.2979588
            ]
        },
        {
            "template_name": "37e59e768eb7f42a0019713374063cb63419a44c",
            "translation": [
                15.0189332,
                5.364418029785156e-7,
                -8.6182203
            ],
            "motion_type": "static",
            "non_uniform_scale": [
                1.3530715,
                1.39048,
                1.2979588
            ]
        },
        {
            "template_name": "37e59e768eb7f42a0019713374063cb63419a44c",
            "translation": [
                12.6051845,
                5.364418029785156e-7,
                -8.6182203
            ],
            "motion_type": "static",
            "non_uniform_scale": [
                1.3530715,
                1.39048,
                1.2979588
            ]
        },
        {
            "template_name": "914a08282b8f53b88fd09b97bf300f4882aee13e",
            "translation": [
                8.2881832,
                -1.1920928955078126e-7,
                1.9024957
            ],
            "rotation": [
                0.7071068,
                0.0,
                0.7071067,
                0.0
            ],
            "motion_type": "static",
            "non_uniform_scale": [
                1.6965862,
                0.9999998,
                1.5887708
            ]
        },
        {
            "template_name": "b00f7a0bea75c3a7834d0c4397945c2bbe6e6381",
            "translation": [
                10.6328392,
                -2.086162567138672e-7,
                3.5724234
            ],
            "rotation": [
                0.7071068,
                0.0,
                0.7071067,
                0.0
            ],
            "motion_type": "static",
            "non_uniform_scale": [
                1.156295,
                0.9999998,
                1.0657582
            ]
        },
        {
            "template_name": "68ff1097f76976c669353c9e85003ebaed75f7b0",
            "translation": [
                -2.4468474,
                0.0,
                0.3236446
            ],
            "rotation": [
                0.0,
                0.0,
                1.0,
                0.0
            ],
            "motion_type": "static"
        },
        {
            "template_name": "252ea1f9106ada162cf68bb61c71efd4a62d4c87_part_9",
            "translation": [
                -17.3066082,
                0.4102982,
                0.1806519
            ],
            "rotation": [
                0.0,
                0.0,
                1.0,
                0.0
            ],
            "motion_type": "static"
        },
        {
            "template_name": "252ea1f9106ada162cf68bb61c71efd4a62d4c87_part_7",
            "translation": [
                -17.3073921,
                0.3973464,
                0.1676913
            ],
            "rotation": [
                0.0,
                0.0,
                1.0,
                0.0
            ],
            "motion_type": "static"
        },
        {
            "template_name": "252ea1f9106ada162cf68bb61c71efd4a62d4c87_part_1",
            "translation": [
                -18.2142028,
                0.5801727,
                0.1689282
            ],
            "rotation": [
                0.0,
                0.0,
                1.0,
                0.0
            ],
            "motion_type": "static"
        },
        {
            "template_name": "252ea1f9106ada162cf68bb61c71efd4a62d4c87_part_1",
            "translation": [
                -17.5224304,
                0.9484789,
                0.1689281
            ],
            "rotation": [
                0.0,
                0.0,
                1.0,
                0.0
            ],
            "motion_type": "static"
        },
        {
            "template_name": "252ea1f9106ada162cf68bb61c71efd4a62d4c87_part_1",
            "translation": [
                -18.5922222,
                1.1322735,
                0.1689282
            ],
            "rotation": [
                0.0,
                0.0,
                1.0,
                0.0
            ],
            "motion_type": "static"
        },
        {
            "template_name": "252ea1f9106ada162cf68bb61c71efd4a62d4c87_part_1",
            "translation": [
                -18.0094528,
                0.3973464,
                0.1689281
            ],
            "rotation": [
                0.0,
                0.0,
                1.0,
                0.0
            ],
            "motion_type": "static"
        },
        {
            "template_name": "252ea1f9106ada162cf68bb61c71efd4a62d4c87_part_1",
            "translation": [
                -18.0243148,
                1.1322735,
                0.1689282
            ],
            "rotation": [
                0.0,
                0.0,
                1.0,
                0.0
            ],
            "motion_type": "static"
        },
        {
            "template_name": "252ea1f9106ada162cf68bb61c71efd4a62d4c87_part_1",
            "translation": [
                -17.6558322,
                1.3170056,
                0.1689282
            ],
            "rotation": [
                0.0,
                0.0,
                1.0,
                0.0
            ],
            "motion_type": "static"
        },
        {
            "template_name": "252ea1f9106ada162cf68bb61c71efd4a62d4c87_part_1",
            "translation": [
                -17.3202629,
                1.1322735,
                0.1689281
            ],
            "rotation": [
                0.0,
                0.0,
                1.0,
                0.0
            ],
            "motion_type": "static"
        },
        {
            "template_name": "252ea1f9106ada162cf68bb61c71efd4a62d4c87_part_3",
            "translation": [
                -17.9333629,
                0.2099999,
                0.1628724
            ],
            "rotation": [
                0.0,
                0.0,
                1.0,
                0.0
            ],
            "motion_type": "static"
        },
        {
            "template_name": "8d570e4746cab90d99c809792e8b74dbcecb9ebe",
            "translation": [
                3.4251172,
                -1.5366822481155396e-7,
                2.5758628
            ],
            "motion_type": "static",
            "non_uniform_scale": [
                1.2950236,
                0.9999998,
                1.1784106
            ]
        },
        {
            "template_name": "21e5c6f17658193719fec68a1548f93798cde2f0",
            "translation": [
                8.1970348,
                -2.384185791015625e-7,
                3.2344467
            ],
            "rotation": [
                0.7071068,
                0.0,
                0.7071067,
                0.0
            ],
            "motion_type": "static",
            "non_uniform_scale": [
                1.6571521,
                0.9999998,
                1.9733047
            ]
        },
        {
            "template_name": "cc75c57d650ebbdbe15542f83666b417d24f9ae4",
            "translation": [
                4.8288474,
                5.066394805908203e-7,
                -8.7228479
            ],
            "motion_type": "static",
            "non_uniform_scale": [
                1.3077396,
                0.9999998,
                0.9999998
            ]
        },
        {
            "template_name": "cc75c57d650ebbdbe15542f83666b417d24f9ae4",
            "translation": [
                10.5379972,
                -2.384185791015625e-7,
                4.1578521
            ],
            "rotation": [
                0.7071068,
                0.0,
                -0.7071067,
                0.0
            ],
            "motion_type": "static",
            "non_uniform_scale": [
                1.3077392,
                0.9999998,
                0.9999998
            ]
        },
        {
            "template_name": "cc75c57d650ebbdbe15542f83666b417d24f9ae4",
            "translation": [
                -21.5572128,
                -8.940696716308594e-8,
                1.6798337
            ],
            "rotation": [
                0.7071068,
                0.0,
                0.7071067,
                0.0
            ],
            "motion_type": "static"
        },
        {
            "template_name": "5daef17352f94d2a0b201842ddd53b43a72930c4",
            "translation": [
                1.4565701,
                1.7881393432617188e-7,
                -2.8180313
            ],
            "rotation": [
                0.7071068,
                0.0,
                0.7071067,
                0.0
            ],
            "motion_type": "static"
        },
        {
            "template_name": "efb6c3459f50063f68e22e251177dd585ab22026",
            "translation": [
                13.2993574,
                -2.086162567138672e-7,
                3.7394967
            ],
            "rotation": [
                0.0,
                0.0,
                1.0,
                0.0
            ],
            "motion_type": "static"
        },
        {
            "template_name": "44a0b421b8c930785289e381ef05b7324006f148",
            "translation": [
                2.164767,
                -1.7881393432617188e-7,
                2.5781168
            ],
            "rotation": [
                0.7071068,
                0.0,
                0.7071067,
                0.0
            ],
            "motion_type": "static"
        },
        {
            "template_name": "63a0f2e85e277a54d62aa9483d176d42b0e3add1",
            "translation": [
                -20.7499446,
                1.1920928955078126e-7,
                -2.4495491
            ],
            "rotation": [
                0.7071068,
                0.0,
                0.7071067,
                0.0
            ],
            "motion_type": "static"
        },
        {
            "template_name": "8fc336b703074e5e521a305e77df4ee62bb63d60",
            "translation": [
                -4.0557084,
                4.2282044887542727e-7,
                -7.0903472
            ],
            "motion_type": "static"
        },
        {
            "template_name": "d7bf906170448b6e046016b574324470ba0a15d9",
            "translation": [
                4.4960064,
                2.1792948246002198e-7,
                -3.6592369
            ],
            "motion_type": "static"
        },
        {
            "template_name": "53ff9d0f6c6ed5837f471ced4c913598905376e8",
            "translation": [
                10.0908117,
                1.2439043,
                -8.9264879
            ],
            "motion_type": "static"
        },
        {
            "template_name": "10cc9ede7a8c16ab266732622fad3af97fd76e63",
            "translation": [
                -3.860188,
                4.3213367462158205e-7,
                -7.2460794
            ],
            "motion_type": "static",
            "non_uniform_scale": [
                1.9063644,
                0.9999998,
                1.8115799
            ]
        },
        {
            "template_name": "55334e9b4834d5bdebda88364bf5260677904136",
            "translation": [
                7.873352,
                -1.1920928955078126e-7,
                1.6942533
            ],
            "rotation": [
                0.7071068,
                0.0,
                0.7071067,
                0.0
            ],
            "motion_type": "static"
        },
        {
            "template_name": "370cf6c285c7095ca0cbdc2d14bec8ba53a49d2e",
            "translation": [
                7.0653681,
                4.76837158203125e-7,
                -8.6089715
            ],
            "motion_type": "static",
            "non_uniform_scale": [
                1.3673181,
                0.9999998,
                1.7666119
            ]
        },
        {
            "template_name": "0b1a4b307cda6395d06d5aa9da58c7969287ea3f",
            "translation": [
                7.1231794,
                1.7557122,
                -3.0127317
            ],
            "rotation": [
                0.4956175,
                0.4956175,
                0.5043442,
                -0.5043442
            ],
            "motion_type": "static"
        },
        {
            "template_name": "8cd14e13fd60ee9ffa1577f9edb15c0f9947da99",
            "translation": [
                6.5367274,
                -2.384185791015625e-7,
                3.515115
            ],
            "rotation": [
                -0.5190491,
                0.0,
                0.8547443,
                0.0
            ],
            "motion_type": "static",
            "non_uniform_scale": [
                1.0979944,
                1.3293571,
                1.2100572
            ]
        },
        {
            "template_name": "d96755bbcc3c92e1cc4a9a796ae485dc9c05a6fc",
            "translation": [
                -7.7254176,
                4.172325134277344e-7,
                -7.083045
            ],
            "rotation": [
                0.7071068,
                0.0,
                0.7071067,
                0.0
            ],
            "motion_type": "static",
            "non_uniform_scale": [
                1.9374537,
                0.9999998,
                1.7101155
            ]
        },
        {
            "template_name": "d96755bbcc3c92e1cc4a9a796ae485dc9c05a6fc",
            "translation": [
                -0.3474726,
                4.172325134277344e-7,
                -7.0702924
            ],
            "rotation": [
                0.7071068,
                0.0,
                -0.7071067,
                0.0
            ],
            "motion_type": "static",
            "non_uniform_scale": [
                1.9374537,
                0.9999998,
                1.7101155
            ]
        },
        {
            "template_name": "ea744702deade69dacce92f975eceaa9f6aefbe2",
            "translation": [
                4.4873518,
                2.384185791015625e-7,
                -4.8792848
            ],
            "motion_type": "static",
            "non_uniform_scale": [
                1.0939601,
                0.9999998,
                1.0854506
            ]
        },
        {
            "template_name": "99e2a3e301a597ed93bf3dc57b36fec3b37b8846",
            "translation": [
                13.3206062,
                -2.086162567138672e-7,
                3.3045251
            ],
            "motion_type": "static"
        },
        {
            "template_name": "280d9f458f11b99e075c23943cbfbfd6509ba4cf",
            "translation": [
                -16.9244136,
                0.8513357,
                3.6358027
            ],
            "rotation": [
                0.0,
                0.0,
                1.0,
                0.0
            ],
            "motion_type": "static"
        },
        {
            "template_name": "335fc5d250b5f7e424fcb25a26bf001f738ca364",
            "translation": [
                -15.2347288,
                0.8999996,
                3.6012551
            ],
            "rotation": [
                0.1347202,
                0.0,
                0.9908835,
                0.0
            ],
            "motion_type": "static"
        },
        {
            "template_name": "3c08da82e505a0221eb5036cf2237657bc1eff80",
            "translation": [
                2.1578757,
                2.682209014892578e-7,
                -4.417077
            ],
            "rotation": [
                0.9734302,
                0.0,
                -0.2289831,
                0.0
            ],
            "motion_type": "static"
        },
        {
            "template_name": "48f600fa99cd5eb41a636c23cfab5b26adcea928",
            "translation": [
                -13.0499544,
                0.8999997,
                3.6251974
            ],
            "rotation": [
                0.8240941,
                0.0,
                0.5664526,
                0.0
            ],
            "motion_type": "static"
        },
        {
            "template_name": "0939dd554b37ffc7b61d1907df24ee5589bbafe4",
            "translation": [
                -12.6163091,
                0.8999996,
                3.7408027
            ],
            "rotation": [
                0.0,
                0.0,
                1.0,
                0.0
            ],
            "motion_type": "static"
        },
        {
            "template_name": "1aaa92f4c3f79ecef8fd7e61f1f8f509d08c78fd",
            "translation": [
                12.9518775,
                1.2439043,
                -8.6159248
            ],
            "rotation": [
                0.9810621,
                0.0,
                -0.1936926,
                0.0
            ],
            "motion_type": "static",
            "non_uniform_scale": [
                1.2863708,
                1.0194171,
                1.0964033
            ]
        },
        {
            "template_name": "2643407f181713e695a03a5c64d975aad44fd1bf",
            "translation": [
                8.9267845,
                1.7557127,
                -7.6338381
            ],
            "rotation": [
                0.4999999,
                0.4999999,
                0.5,
                -0.5
            ],
            "motion_type": "static"
        },
        {
            "template_name": "800f42a04a677e79c61400b604ccc278347d5737",
            "translation": [
                4.5775966,
                3.5762786865234377e-7,
                -6.4092874
            ],
            "rotation": [
                0.0,
                0.0,
                1.0,
                0.0
            ],
            "motion_type": "static",
            "non_uniform_scale": [
                1.1271263,
                0.9999998,
                1.1123299
            ]
        },
        {
            "template_name": "800f42a04a677e79c61400b604ccc278347d5737",
            "translation": [
                -21.6842823,
                -5.960464477539063e-8,
                0.9257438
            ],
            "rotation": [
                0.7071068,
                0.0,
                0.7071067,
                0.0
            ],
            "motion_type": "static",
            "non_uniform_scale": [
                1.065028,
                0.9999998,
                0.9010877
            ]
        },
        {
            "template_name": "6b8560c24eae9f95482246d6b85d02df689b00ce",
            "translation": [
                -19.4217472,
                2.9802322387695315e-8,
                -0.237507
            ],
            "rotation": [
                0.4364016,
                0.0,
                0.8997519,
                0.0
            ],
            "motion_type": "static"
        },
        {
            "template_name": "c85cb53d51c50dedb4d0063ce0f4a168890352b3",
            "translation": [
                -16.4169902,
                -5.960464477539063e-8,
                0.9760245
            ],
            "motion_type": "static",
            "non_uniform_scale": [
                1.2153793,
                0.9999998,
                1.2795671
            ]
        },
        {
            "template_name": "495fdee3d67dfac2f0bfa8280194fd11d264410c",
            "translation": [
                5.2681803,
                3.7997961044311526e-7,
                -6.3234691
            ],
            "rotation": [
                0.0,
                0.0,
                1.0,
                0.0
            ],
            "motion_type": "static"
        },
        {
            "template_name": "13094c4e584db0bb64269a76fd58e4ad21dc95fc",
            "translation": [
                2.1637206,
                1.4901161193847657e-7,
                -2.5453701
            ],
            "rotation": [
                0.6589874,
                0.0,
                0.7521538,
                0.0
            ],
            "motion_type": "static"
        },
        {
            "template_name": "131579ce2c78648852c069f2b46eb3223b785bda",
            "translation": [
                13.3603458,
                -1.3690441846847535e-7,
                2.3023495
            ],
            "rotation": [
                0.7071068,
                0.0,
                0.7071067,
                0.0
            ],
            "motion_type": "static",
            "non_uniform_scale": [
                1.6736638,
                0.9999998,
                1.5825326
            ]
        },
        {
            "template_name": "107ddd6b933e25132eb9f31c7dd260e1019242d9_part_1",
            "translation": [
                -11.4823207,
                1.4901161193847657e-7,
                -2.668946
            ],
            "motion_type": "static",
            "non_uniform_scale": [
                1.1444629,
                0.9999998,
                1.1290286
            ]
        },
        {
            "template_name": "107ddd6b933e25132eb9f31c7dd260e1019242d9_part_1",
            "translation": [
                -12.2003879,
                1.4901161193847657e-7,
                -3.2963933
            ],
            "rotation": [
                0.7071068,
                0.0,
                0.7071067,
                0.0
            ],
            "motion_type": "static",
            "non_uniform_scale": [
                1.1290286,
                0.9999998,
                1.1444629
            ]
        },
        {
            "template_name": "107ddd6b933e25132eb9f31c7dd260e1019242d9_part_1",
            "translation": [
                -12.8840579,
                1.4901161193847657e-7,
                -3.2963933
            ],
            "rotation": [
                0.7071068,
                0.0,
                0.7071067,
                0.0
            ],
            "motion_type": "static",
            "non_uniform_scale": [
                1.1290286,
                0.9999998,
                1.1444629
            ]
        },
        {
            "template_name": "107ddd6b933e25132eb9f31c7dd260e1019242d9_part_1",
            "translation": [
                -13.5657062,
                1.4901161193847657e-7,
                -3.2963933
            ],
            "rotation": [
                0.7071068,
                0.0,
                0.7071067,
                0.0
            ],
            "motion_type": "static",
            "non_uniform_scale": [
                1.1290286,
                0.9999998,
                1.1444629
            ]
        },
        {
            "template_name": "107ddd6b933e25132eb9f31c7dd260e1019242d9_part_1",
            "translation": [
                -14.283163,
                1.4901161193847657e-7,
                -2.6688425
            ],
            "rotation": [
                0.000003,
                0.0,
                1.0,
                0.0
            ],
            "motion_type": "static",
            "non_uniform_scale": [
                1.1444629,
                0.9999998,
                1.1290286
            ]
        },
        {
            "template_name": "107ddd6b933e25132eb9f31c7dd260e1019242d9_part_1",
            "translation": [
                -13.5662755,
                1.4901161193847657e-7,
                -2.0428006
            ],
            "rotation": [
                0.7071067,
                0.0,
                -0.7071067,
                0.0
            ],
            "motion_type": "static",
            "non_uniform_scale": [
                1.1290286,
                0.9999998,
                1.1444629
            ]
        },
        {
            "template_name": "107ddd6b933e25132eb9f31c7dd260e1019242d9_part_1",
            "translation": [
                -12.8826055,
                1.4901161193847657e-7,
                -2.0428009
            ],
            "rotation": [
                0.7071067,
                0.0,
                -0.7071067,
                0.0
            ],
            "motion_type": "static",
            "non_uniform_scale": [
                1.1290286,
                0.9999998,
                1.1444629
            ]
        },
        {
            "template_name": "107ddd6b933e25132eb9f31c7dd260e1019242d9_part_1",
            "translation": [
                -12.2009572,
                1.4901161193847657e-7,
                -2.0428009
            ],
            "rotation": [
                0.7071067,
                0.0,
                -0.7071067,
                0.0
            ],
            "motion_type": "static",
            "non_uniform_scale": [
                1.1290286,
                0.9999998,
                1.1444629
            ]
        },
        {
            "template_name": "107ddd6b933e25132eb9f31c7dd260e1019242d9_part_9",
            "translation": [
                -12.8840579,
                3.5762786865234377e-7,
                -2.667926
            ],
            "motion_type": "static",
            "non_uniform_scale": [
                1.1444629,
                0.9999998,
                1.1290286
            ]
        },
        {
            "template_name": "ae1286a6a9927d2641b0dc02d30082cc35ac7b3c",
            "translation": [
                -12.0245199,
                -2.9802322387695315e-8,
                0.5702908
            ],
            "motion_type": "static"
        },
        {
            "template_name": "ae1286a6a9927d2641b0dc02d30082cc35ac7b3c",
            "translation": [
                -12.5525856,
                -2.9802322387695315e-8,
                0.5490216
            ],
            "motion_type": "static"
        },
        {
            "template_name": "ae1286a6a9927d2641b0dc02d30082cc35ac7b3c",
            "translation": [
                -13.1266536,
                -2.9802322387695315e-8,
                0.5802173
            ],
            "motion_type": "static"
        },
        {
            "template_name": "ae1286a6a9927d2641b0dc02d30082cc35ac7b3c",
            "translation": [
                -13.7215957,
                -2.9802322387695315e-8,
                0.5444307
            ],
            "motion_type": "static"
        },
        {
            "template_name": "8d017fc7709614540587256fc11b809c9d7dc570",
            "translation": [
                9.9203014,
                1.2439043,
                -8.9249582
            ],
            "motion_type": "static"
        },
        {
            "template_name": "a928c94ecbeba7ac86c431aab4f056b09cbb4496",
            "translation": [
                -0.4428757,
                2.980232238769531e-7,
                -4.7969713
            ],
            "rotation": [
                -0.2261883,
                0.0,
                0.9740836,
                0.0
            ],
            "motion_type": "static"
        },
        {
            "template_name": "a928c94ecbeba7ac86c431aab4f056b09cbb4496",
            "translation": [
                -7.7064709,
                2.980232238769531e-7,
                -4.8190956
            ],
            "rotation": [
                0.9656139,
                0.0,
                0.2599801,
                0.0
            ],
            "motion_type": "static"
        },
        {
            "template_name": "7085b4004190c7be381525d7341f0390b20add51",
            "translation": [
                10.4235305,
                1.1920928955078126e-7,
                -1.643828
            ],
            "rotation": [
                -0.2285421,
                0.0,
                0.9735339,
                0.0
            ],
            "motion_type": "static"
        },
        {
            "template_name": "1c19a987e1bd8c206353d18066b117cc0b21e841",
            "translation": [
                11.5779972,
                5.364418029785156e-7,
                -8.6081933
            ],
            "motion_type": "static",
            "non_uniform_scale": [
                1.623245,
                1.6668887,
                1.5233205
            ]
        },
        {
            "template_name": "01cfe774e804fd02e24fdc259b8c84bb8105d1c2",
            "translation": [
                5.6281738,
                0.0009996,
                3.9805109
            ],
            "rotation": [
                -0.0498137,
                0.0,
                0.9987583,
                0.0
            ],
            "motion_type": "static"
        },
        {
            "template_name": "194d75d153262a00f318ea5359aacf00a6edab98",
            "translation": [
                -1.1305751,
                0.0,
                0.04173
            ],
            "rotation": [
                -0.2284069,
                0.0,
                0.9735655,
                0.0
            ],
            "motion_type": "static"
        },
        {
            "template_name": "90fb388959832dd71fdcad95215f28b077fe4a3d",
            "translation": [
                -15.8618078,
                0.0,
                0.9913823
            ],
            "motion_type": "static",
            "non_uniform_scale": [
                1.0,
                0.9999998,
                1.3427106
            ]
        },
        {
            "template_name": "55c813d9a522cc5e52176d01e75ea53d260c9003",
            "translation": [
                9.3144426,
                0.8799998,
                -1.4125036
            ],
            "rotation": [
                -0.5299192,
                0.0,
                0.8480479,
                0.0
            ],
            "motion_type": "static"
        },
        {
            "template_name": "62d5b81040a4546e5fda73df2e6a9648eb6ceb52",
            "translation": [
                -19.395462,
                0.0,
                0.0601124
            ],
            "rotation": [
                0.0,
                0.0,
                1.0,
                0.0
            ],
            "motion_type": "static"
        },
        {
            "template_name": "8ea1b6b2e278493d262074ecfed9c8588079ddb1",
            "translation": [
                2.3809032,
                0.4199999,
                -1.7706915
            ],
            "rotation": [
                0.3326004,
                0.0,
                0.9430677,
                0.0
            ],
            "motion_type": "static"
        },
        {
            "template_name": "39443cc1873a0b4954ce7a2c357f296e98bf86a7",
            "translation": [
                -12.886404,
                -5.960464477539063e-8,
                1.2094397
            ],
            "rotation": [
                0.0,
                0.0,
                1.0,
                0.0
            ],
            "motion_type": "static",
            "non_uniform_scale": [
                1.18094,
                0.9999998,
                1.1642986
            ]
        },
        {
            "template_name": "6fca7a83e4c397830a0db5b86f0beab46ab2f33a",
            "translation": [
                2.7597801,
                3.8743019104003908e-7,
                -6.70685
            ],
            "motion_type": "static"
        },
        {
            "template_name": "61da788a7fd67fe1a1bf270e16f458caadb0225e",
            "translation": [
                11.203967,
                2.384185791015625e-7,
                -4.1850767
            ],
            "rotation": [
                0.7071068,
                0.0,
                0.7071067,
                0.0
            ],
            "motion_type": "static"
        },
        {
            "template_name": "6806bec5437b9907f85780174ad6b8db96650ab1",
            "translation": [
                2.6866738,
                3.2782554626464846e-7,
                -5.7393321
            ],
            "motion_type": "static",
            "non_uniform_scale": [
                1.7729264,
                0.9999998,
                1.4595824
            ]
        },
        {
            "template_name": "6806bec5437b9907f85780174ad6b8db96650ab1",
            "translation": [
                8.9421176,
                3.5762786865234377e-7,
                -5.8174433
            ],
            "motion_type": "static",
            "non_uniform_scale": [
                1.3197264,
                0.9999998,
                1.1091051
            ]
        },
        {
            "template_name": "6806bec5437b9907f85780174ad6b8db96650ab1",
            "translation": [
                1.342853,
                -2.384185791015625e-7,
                4.0049467
            ],
            "rotation": [
                0.7071068,
                0.0,
                0.7071067,
                0.0
            ],
            "motion_type": "static",
            "non_uniform_scale": [
                1.1861566,
                0.9999998,
                1.1091048
            ]
        },
        {
            "template_name": "6806bec5437b9907f85780174ad6b8db96650ab1",
            "translation": [
                1.342853,
                -5.960464477539063e-8,
                1.1115136
            ],
            "rotation": [
                0.7071068,
                0.0,
                0.7071067,
                0.0
            ],
            "motion_type": "static",
            "non_uniform_scale": [
                1.3197263,
                0.9999998,
                1.1091048
            ]
        },
        {
            "template_name": "6806bec5437b9907f85780174ad6b8db96650ab1",
            "translation": [
                -21.5947875,
                5.960464477539063e-8,
                -0.9409775
            ],
            "rotation": [
                0.7071068,
                0.0,
                0.7071067,
                0.0
            ],
            "motion_type": "static",
            "non_uniform_scale": [
                1.3197263,
                0.9999998,
                1.1091048
            ]
        },
        {
            "template_name": "6806bec5437b9907f85780174ad6b8db96650ab1",
            "translation": [
                -21.5947875,
                2.384185791015625e-7,
                -3.9216294
            ],
            "rotation": [
                0.7071068,
                0.0,
                0.7071067,
                0.0
            ],
            "motion_type": "static",
            "non_uniform_scale": [
                1.3197263,
                0.9999998,
                1.1091048
            ]
        },
        {
            "template_name": "587858f44757e08437b1edf26b55b85ec01e61cc",
            "translation": [
                14.0061445,
                2.086162567138672e-7,
                -3.6619625
            ],
            "rotation": [
                0.7071068,
                0.0,
                -0.7071067,
                0.0
            ],
            "motion_type": "static",
            "non_uniform_scale": [
                1.4345395,
                0.9999998,
                1.179789
            ]
        },
        {
            "template_name": "fc3a8896e25e5cc58df58d8e24a75c935ca161ba",
            "translation": [
                2.4736037,
                0.7200003,
                -5.887556
            ],
            "rotation": [
                0.9881749,
                0.0,
                0.1533309,
                0.0
            ],
            "motion_type": "static",
            "non_uniform_scale": [
                0.8796901,
                0.9999998,
                0.8498325
            ]
        },
        {
            "template_name": "ea233d6e83ef6d189dc92600b820430307b58cea",
            "translation": [
                -19.2517433,
                0.8999996,
                3.0973215
            ],
            "rotation": [
                0.0,
                0.0,
                1.0,
                0.0
            ],
            "motion_type": "static"
        },
        {
            "template_name": "ea233d6e83ef6d189dc92600b820430307b58cea",
            "translation": [
                10.2692708,
                1.2439043,
                -8.9098081
            ],
            "motion_type": "static"
        },
        {
            "template_name": "71fbe13a411797e3dc3acdee86179aaa8b05d657",
            "translation": [
                -5.2631292,
                2.682209014892578e-7,
                -4.5491724
            ],
            "rotation": [
                0.0,
                0.0,
                1.0,
                0.0
            ],
            "motion_type": "static",
            "non_uniform_scale": [
                1.5800461,
                0.9999998,
                1.4100867
            ]
        },
        {
            "template_name": "71fbe13a411797e3dc3acdee86179aaa8b05d657",
            "translation": [
                -2.7876992,
                2.682209014892578e-7,
                -4.5917711
            ],
            "rotation": [
                0.0,
                0.0,
                1.0,
                0.0
            ],
            "motion_type": "static",
            "non_uniform_scale": [
                1.5800461,
                0.9999998,
                1.4100867
            ]
        },
        {
            "template_name": "a6d4ca2a63e1bd0bff603d1fd57e3e321d16587f",
            "translation": [
                9.2778263,
                8.940696716308594e-8,
                -1.4630453
            ],
            "rotation": [
                0.0,
                0.0,
                1.0,
                0.0
            ],
            "motion_type": "static"
        },
        {
            "template_name": "b15fac0004781e1257261e5a7cefa01036a149a9",
            "translation": [
                12.5364456,
                1.7557128,
                -9.0076084
            ],
            "rotation": [
                0.7071068,
                0.7071067,
                0.0,
                0.0
            ],
            "motion_type": "static"
        },
        {
            "template_name": "9f4ddfa2353e1db1588938fbc3dc0a66cb898da7",
            "translation": [
                -18.100811,
                -2.086162567138672e-7,
                3.4033186
            ],
            "rotation": [
                0.0,
                0.0,
                1.0,
                0.0
            ],
            "motion_type": "static",
            "non_uniform_scale": [
                1.0927767,
                0.9999998,
                1.2577667
            ]
        },
        {
            "template_name": "2927c8cac046ff495be915b34040d4dcf018abc8",
            "translation": [
                2.1592595,
                2.980232238769531e-7,
                -5.0329194
            ],
            "rotation": [
                -0.5299192,
                0.0,
                0.8480479,
                0.0
            ],
            "motion_type": "static",
            "non_uniform_scale": [
                0.7135226,
                0.5188816,
                0.69586
            ]
        },
        {
            "template_name": "2ec4a55fa4aee515b1326a711c08db3a9a3b1226",
            "translation": [
                9.0017623,
                0.88,
                -1.3819229
            ],
            "rotation": [
                -0.5299192,
                0.0,
                0.8480479,
                0.0
            ],
            "motion_type": "static"
        },
        {
            "template_name": "bcfc424147f18ff87c8930c95e6bc27ba9cee550",
            "translation": [
                -2.8440706,
                5.364418029785156e-7,
                -9.0844554
            ],
            "rotation": [
                0.4819247,
                0.0,
                0.8762124,
                0.0
            ],
            "motion_type": "static"
        },
        {
            "template_name": "70fc641f3857cafcb4b1f21baba933afaab7b2a9",
            "translation": [
                9.1753892,
                1.2439043,
                -8.7763357
            ],
            "rotation": [
                0.8695465,
                0.0,
                0.4938507,
                0.0
            ],
            "motion_type": "static"
        },
        {
            "template_name": "5954c670b64d2ac9a6dcb73295bcb88a212a64f5",
            "translation": [
                -16.137228,
                -2.384185791015625e-7,
                3.3950355
            ],
            "rotation": [
                0.0,
                0.0,
                1.0,
                0.0
            ],
            "motion_type": "static",
            "non_uniform_scale": [
                1.8030864,
                1.2403619,
                1.1435276
            ]
        },
        {
            "template_name": "8dba9407027549abcb29c7f36195af20bb9e764b",
            "translation": [
                -19.9692134,
                -8.940696716308594e-8,
                1.4418842
            ],
            "rotation": [
                0.7071068,
                0.0,
                -0.7071067,
                0.0
            ],
            "motion_type": "static"
        },
        {
            "template_name": "0e3f31820718c4195b9884dbdf9015035f66dae0",
            "translation": [
                13.2592639,
                3.8743019104003908e-7,
                -6.4338293
            ],
            "rotation": [
                0.7071068,
                0.0,
                -0.7071067,
                0.0
            ],
            "motion_type": "static"
        },
        {
            "template_name": "bc8fd7557986650b63827d1ae0038a261532eb82",
            "translation": [
                10.1020069,
                2.980232238769531e-7,
                -5.0113296
            ],
            "motion_type": "static"
        },
        {
            "template_name": "1c2055a112b230de466d650d481bbbd458fffbb2",
            "translation": [
                9.601406,
                1.5366822481155396e-7,
                -2.5720167
            ],
            "rotation": [
                0.974547,
                0.0,
                -0.2241829,
                0.0
            ],
            "motion_type": "static"
        },
        {
            "template_name": "24180fb3c6a10e89d17744eabd9c034f08a4d850",
            "translation": [
                15.5603532,
                1.7557127,
                -7.774477
            ],
            "rotation": [
                -0.5,
                -0.5,
                0.5,
                -0.4999999
            ],
            "motion_type": "static"
        },
        {
            "template_name": "ac114540d559a727d248ae6c7f252c1daf9d2223",
            "translation": [
                8.9267845,
                1.7557127,
                -6.977704
            ],
            "rotation": [
                0.4999999,
                0.4999999,
                0.5,
                -0.5
            ],
            "motion_type": "static"
        },
        {
            "template_name": "2e29310bdf8a7d8b3f0e90e0d7aa18c929a5006b",
            "translation": [
                2.7036743,
                4.76837158203125e-7,
                -8.3327655
            ],
            "motion_type": "static",
            "non_uniform_scale": [
                1.085355,
                0.9999998,
                0.9610942
            ]
        },
        {
            "template_name": "c26b16c8dfdba6600221a57542782292c15e983b",
            "translation": [
                10.2365837,
                -1.1920928955078126e-7,
                1.5953918
            ],
            "rotation": [
                0.7071068,
                0.0,
                -0.7071067,
                0.0
            ],
            "motion_type": "static",
            "non_uniform_scale": [
                1.1536128,
                0.9999998,
                1.2057064
            ]
        },
        {
            "template_name": "c26b16c8dfdba6600221a57542782292c15e983b",
            "translation": [
                -19.9657306,
                -2.384185791015625e-7,
                3.0839416
            ],
            "rotation": [
                0.7071068,
                0.0,
                -0.7071067,
                0.0
            ],
            "motion_type": "static",
            "non_uniform_scale": [
                0.9271984,
                0.9999998,
                1.0292655
            ]
        },
        {
            "template_name": "96b45aaaa0eda36505a39bf6679406ce2303f564",
            "translation": [
                4.9443211,
                -2.384185791015625e-7,
                4.1235575
            ],
            "rotation": [
                -0.326519,
                0.0,
                0.9451906,
                0.0
            ],
            "motion_type": "static"
        },
        {
            "template_name": "d2f7d40d8e1a56ede42103027842e000d9cacd3e",
            "translation": [
                3.6852884,
                5.960464477539063e-8,
                -1.4023454
            ],
            "rotation": [
                0.0,
                0.0,
                1.0,
                0.0
            ],
            "motion_type": "static"
        },
        {
            "template_name": "eaec5282f4c09e8d460bb6ae9fbb1e70f79d5970",
            "translation": [
                7.0951776,
                1.7557125,
                -4.3284792
            ],
            "rotation": [
                0.4956175,
                0.4956175,
                0.5043442,
                -0.5043442
            ],
            "motion_type": "static"
        },
        {
            "template_name": "eaec5282f4c09e8d460bb6ae9fbb1e70f79d5970",
            "translation": [
                6.9352078,
                1.6000001,
                -4.6319847
            ],
            "rotation": [
                0.5043442,
                0.5043442,
                -0.4956175,
                0.4956175
            ],
            "motion_type": "static",
            "non_uniform_scale": [
                1.9127471,
                0.9999998,
                1.6353379
            ]
        },
        {
            "template_name": "1672e0bc1abcdde2fd45c13b85d7bcf74f2f8236",
            "translation": [
                14.6521968,
                -8.940696716308594e-8,
                1.5704987
            ],
            "rotation": [
                0.9437075,
                0.0,
                -0.3307808,
                0.0
            ],
            "motion_type": "static",
            "non_uniform_scale": [
                1.7210271,
                0.9999998,
                1.346542
            ]
        },
        {
            "template_name": "1672e0bc1abcdde2fd45c13b85d7bcf74f2f8236",
            "translation": [
                12.1500682,
                -8.940696716308594e-8,
                1.5480579
            ],
            "rotation": [
                0.9441601,
                0.0,
                0.3294869,
                0.0
            ],
            "motion_type": "static",
            "non_uniform_scale": [
                1.7210272,
                0.9999998,
                1.3465417
            ]
        },
        {
            "template_name": "0d80935e747bfb33104804061a51fddcc02d884f",
            "translation": [
                2.9084818,
                0.7200003,
                -5.8060889
            ],
            "motion_type": "static"
        },
        {
            "template_name": "95018213f74395cc11e155577e94a32755eb1302",
            "translation": [
                8.9472293,
                0.7200003,
                -5.9243655
            ],
            "rotation": [
                0.0,
                0.0,
                1.0,
                0.0
            ],
            "motion_type": "static"
        },
        {
            "template_name": "278a6f9b1a3b71ed1fbeac83bbaf677b09a93fc3",
            "translation": [
                9.7167911,
                2.086162567138672e-7,
                -3.7312307
            ],
            "motion_type": "static",
            "non_uniform_scale": [
                2.5535323,
                4.0198307,
                1.8695678
            ]
        },
        {
            "template_name": "2e52570bc94dbd4720e59b6c7cd503396e40b6c5",
            "translation": [
                -19.0145778,
                -1.1920928955078126e-7,
                2.2012536
            ],
            "rotation": [
                0.7071068,
                0.0,
                0.7071067,
                0.0
            ],
            "motion_type": "static",
            "non_uniform_scale": [
                1.0847169,
                1.0777776,
                1.1140185
            ]
        },
        {
            "template_name": "4924fe8041d31c8b3204384dd4c1b6b911a68564",
            "translation": [
                1.8618382,
                2.384185791015625e-7,
                -3.5055661
            ],
            "rotation": [
                0.7071068,
                0.0,
                0.7071067,
                0.0
            ],
            "motion_type": "static",
            "non_uniform_scale": [
                1.3929997,
                2.8303048,
                1.130256
            ]
        },
        {
            "template_name": "57de98de92fd9ff02aad6995f3d6a6804693ed4a",
            "translation": [
                -17.4214973,
                1.7557121,
                0.5921545
            ],
            "rotation": [
                0.7071068,
                0.7071067,
                0.0,
                0.0
            ],
            "motion_type": "static",
            "non_uniform_scale": [
                2.132982,
                4.4768009,
                0.9999998
            ]
        },
        {
            "template_name": "644494768bb8a108f01e475e9bb0122105c833d2",
            "translation": [
                -21.1772804,
                0.7482882,
                -4.9995174
            ],
            "rotation": [
                0.9365258,
                0.0,
                0.3505981,
                0.0
            ],
            "motion_type": "static"
        },
        {
            "template_name": "c59d292da3e13710b163afb8324ab7141a6cfb61",
            "translation": [
                -12.9200248,
                -2.384185791015625e-7,
                3.4314701
            ],
            "rotation": [
                0.0,
                0.0,
                1.0,
                0.0
            ],
            "motion_type": "static",
            "non_uniform_scale": [
                1.751317,
                0.9999998,
                1.2745062
            ]
        },
        {
            "template_name": "9e7429ebb297535c7784d7154358629d32c8e1b0_part_13",
            "translation": [
                7.2638206,
                -0.0029221,
                1.871561
            ],
            "rotation": [
                0.7071068,
                0.0,
                -0.7071067,
                0.0
            ],
            "motion_type": "static",
            "non_uniform_scale": [
                1.1461888,
                1.0,
                1.3241472
            ]
        },
        {
            "template_name": "9e7429ebb297535c7784d7154358629d32c8e1b0_part_13",
            "translation": [
                -15.9428386,
                -0.0029219,
                -2.726571
            ],
            "rotation": [
                0.7071068,
                0.0,
                -0.7071067,
                0.0
            ],
            "motion_type": "static",
            "non_uniform_scale": [
                1.1461888,
                1.0,
                1.3241472
            ]
        },
        {
            "template_name": "c563959687e9e7cc78d81c07e1765f9091f517ae",
            "translation": [
                10.0636568,
                4.172325134277344e-7,
                -6.6031165
            ],
            "rotation": [
                0.0,
                0.0,
                1.0,
                0.0
            ],
            "motion_type": "static",
            "non_uniform_scale": [
                1.1497824,
                1.14432,
                1.0798496
            ]
        },
        {
            "template_name": "79e9cc908dc9849e841aab094993849f50b468b9",
            "translation": [
                11.0077571,
                0.7090001,
                -4.2225284
            ],
            "rotation": [
                0.7071068,
                0.0,
                0.7071067,
                0.0
            ],
            "motion_type": "static"
        },
        {
            "template_name": "62b08fe4e989f15d9672478194419f44749f5b19",
            "translation": [
                -10.5475931,
                0.8999997,
                3.7104816
            ],
            "rotation": [
                -0.1458657,
                0.0,
                0.9893043,
                0.0
            ],
            "motion_type": "static",
            "non_uniform_scale": [
                1.484477,
                0.9999998,
                1.7404475
            ]
        },
        {
            "template_name": "9467d14752048597c85b56027d7714ec9808e3b3",
            "translation": [
                3.1895983,
                9.685754776000977e-8,
                -1.6715353
            ],
            "rotation": [
                0.7071068,
                0.0,
                -0.7071067,
                0.0
            ],
            "motion_type": "static"
        },
        {
            "template_name": "370dda5c72f0240b30fc9b15377f2192c3bb2d8f",
            "translation": [
                -21.5826721,
                -1.1920928955078126e-7,
                2.9072024
            ],
            "rotation": [
                0.7071068,
                0.0,
                0.7071067,
                0.0
            ],
            "motion_type": "static"
        },
        {
            "template_name": "c25bfb8dc147411a4e56c502d40c87c138b80518",
            "translation": [
                -16.6252555,
                2.980232238769531e-7,
                -4.7768301
            ],
            "rotation": [
                0.9713987,
                0.0,
                -0.2374535,
                0.0
            ],
            "motion_type": "static",
            "non_uniform_scale": [
                1.453075,
                0.9999998,
                1.2200815
            ]
        },
        {
            "template_name": "c25bfb8dc147411a4e56c502d40c87c138b80518",
            "translation": [
                -19.2628536,
                1.4901161193847657e-7,
                -2.4997174
            ],
            "rotation": [
                0.7071068,
                0.0,
                0.7071067,
                0.0
            ],
            "motion_type": "static",
            "non_uniform_scale": [
                1.3135293,
                0.9999998,
                1.1508721
            ]
        },
        {
            "template_name": "d7858473398d5771c9d546df543fcc25052a6de1",
            "translation": [
                -7.6004734,
                4.190951585769653e-8,
                -0.703054
            ],
            "rotation": [
                0.7071068,
                0.0,
                -0.7071067,
                0.0
            ],
            "motion_type": "static",
            "non_uniform_scale": [
                1.426761,
                0.9999998,
                1.6231317
            ]
        },
        {
            "template_name": "28a42afbf637250648a77cdcdf85ee43ec65430e",
            "translation": [
                6.9704222,
                1.5305839,
                -2.9448232
            ],
            "rotation": [
                0.5043442,
                0.5043442,
                -0.4956175,
                0.4956175
            ],
            "motion_type": "static",
            "non_uniform_scale": [
                1.6683505,
                0.9999998,
                1.5270669
            ]
        },
        {
            "template_name": "dd7a0e11ff03bed9fb8e392d55b27335efa364b7",
            "translation": [
                1.3597631,
                0.7199999,
                1.3956692
            ],
            "rotation": [
                0.9366722,
                0.0,
                0.3502072,
                0.0
            ],
            "motion_type": "static"
        },
        {
            "template_name": "37fe9dd335464555c11ba560a08515dd129c2257",
            "translation": [
                -7.5612311,
                0.0,
                -0.0169923
            ],
            "rotation": [
                0.0,
                0.0,
                1.0,
                0.0
            ],
            "motion_type": "static",
            "non_uniform_scale": [
                1.5737239,
                0.9999998,
                1.620205
            ]
        },
        {
            "template_name": "5d9d99d5281840568022132ae37ac8bb3420fff8",
            "translation": [
                3.1268546,
                1.7557175,
                -1.2273452
            ],
            "rotation": [
                0.0,
                0.0,
                0.7071068,
                -0.7071067
            ],
            "motion_type": "static",
            "non_uniform_scale": [
                1.2848459,
                4.4868321,
                0.9999998
            ]
        },
        {
            "template_name": "14d6cc6f2d9591f4012fa648aa0c592e6e2f5fce",
            "translation": [
                6.5245323,
                1.3073278,
                -1.5320607
            ],
            "rotation": [
                -0.2245544,
                0.0,
                0.9744613,
                0.0
            ],
            "motion_type": "static"
        },
        {
            "template_name": "3ed090ee4541d854eaf3aa4aa4124babe88225ac",
            "translation": [
                15.5603532,
                1.7557127,
                -7.1473755
            ],
            "rotation": [
                -0.5,
                -0.5,
                0.5,
                -0.4999999
            ],
            "motion_type": "static"
        },
        {
            "template_name": "f559458e3821903732eabf9d77d297d4ea22e67a",
            "translation": [
                10.8227577,
                1.465,
                -3.2110443
            ],
            "rotation": [
                -0.5,
                -0.4999999,
                0.5000001,
                -0.4999999
            ],
            "motion_type": "static",
            "non_uniform_scale": [
                2.6399996,
                0.9999998,
                3.3399991
            ]
        },
        {
            "template_name": "5ffe18745d6137c24fa7a1595e5dc279f36f20b0",
            "translation": [
                -6.4578437,
                2.9802322387695315e-8,
                -0.3307718
            ],
            "rotation": [
                0.7071068,
                0.0,
                -0.7071067,
                0.0
            ],
            "motion_type": "static"
        },
        {
            "template_name": "5ffe18745d6137c24fa7a1595e5dc279f36f20b0",
            "translation": [
                -8.742855,
                2.9802322387695315e-8,
                -0.3284719
            ],
            "rotation": [
                0.0,
                0.0,
                1.0,
                0.0
            ],
            "motion_type": "static"
        },
        {
            "template_name": "78e18313eb433e5e14df1455e9ee6f05fe084a5d",
            "translation": [
                8.1021709,
                2.6333145797252657e-7,
                -4.4180483
            ],
            "rotation": [
                0.0,
                0.0,
                1.0,
                0.0
            ],
            "motion_type": "static",
            "non_uniform_scale": [
                0.5835347,
                0.9999998,
                0.8746901
            ]
        },
        {
            "template_name": "78e18313eb433e5e14df1455e9ee6f05fe084a5d",
            "translation": [
                13.2799654,
                2.230517566204071e-7,
                -3.7436614
            ],
            "rotation": [
                0.0,
                0.0,
                1.0,
                0.0
            ],
            "motion_type": "static",
            "non_uniform_scale": [
                1.0119974,
                0.9999998,
                1.1763974
            ]
        },
        {
            "template_name": "220-4",
            "translation": [
                13.2642955,
                1.4499995,
                4.4746408
            ],
            "motion_type": "static",
            "non_uniform_scale": [
                -1.0,
                0.9999998,
                0.9999998
            ]
        },
        {
            "template_name": "219-4",
            "translation": [
                9.4671487,
                1.4499995,
                4.4746408
            ],
            "rotation": [
                0.0,
                0.0,
                1.0,
                0.0
            ],
            "motion_type": "static",
            "non_uniform_scale": [
                -1.0,
                0.9999998,
                0.9999998
            ]
        },
        {
            "template_name": "218-23",
            "translation": [
                -10.2847738,
                1.4499998,
                2.0713899
            ],
            "rotation": [
                0.7071067,
                0.0,
                0.7071067,
                0.0
            ],
            "motion_type": "static",
            "non_uniform_scale": [
                -0.9999998,
                0.9999998,
                0.9999998
            ]
        },
        {
            "template_name": "219-4",
            "translation": [
                -1.2643301,
                1.4499999,
                0.5973746
            ],
            "rotation": [
                0.0,
                0.0,
                1.0,
                0.0
            ],
            "motion_type": "static",
            "non_uniform_scale": [
                -1.0,
                0.9999998,
                0.9999998
            ]
        },
        {
            "template_name": "219-4",
            "translation": [
                -7.6442918,
                1.4499999,
                0.5973746
            ],
            "rotation": [
                0.0,
                0.0,
                1.0,
                0.0
            ],
            "motion_type": "static",
            "non_uniform_scale": [
                -1.0,
                0.9999998,
                0.9999998
            ]
        },
        {
            "template_name": "4380-0",
            "translation": [
                -3.9559528,
                1.1199997,
                0.5973746
            ],
            "rotation": [
                0.0,
                0.0,
                1.0,
                0.0
            ],
            "motion_type": "static",
            "non_uniform_scale": [
                -1.0,
                0.9999998,
                0.9999998
            ]
        },
        {
            "template_name": "220-4",
            "translation": [
                15.635353,
                1.4499998,
                2.3719599
            ],
            "rotation": [
                0.7071067,
                0.0,
                0.7071067,
                0.0
            ],
            "motion_type": "static",
            "non_uniform_scale": [
                -0.9999998,
                0.9999998,
                0.9999998
            ]
        },
        {
            "template_name": "220-4",
            "translation": [
                15.635353,
                1.45,
                -0.6285169
            ],
            "rotation": [
                0.7071067,
                0.0,
                0.7071067,
                0.0
            ],
            "motion_type": "static",
            "non_uniform_scale": [
                -0.9999998,
                0.9999998,
                0.9999998
            ]
        },
        {
            "template_name": "220-4",
            "translation": [
                15.635353,
                1.45,
                -3.6921622
            ],
            "rotation": [
                0.7071067,
                0.0,
                0.7071067,
                0.0
            ],
            "motion_type": "static",
            "non_uniform_scale": [
                -0.9999998,
                0.9999998,
                0.9999998
            ]
        },
        {
            "template_name": "220-4",
            "translation": [
                4.7407217,
                1.4500005,
                -9.0826082
            ],
            "motion_type": "static",
            "non_uniform_scale": [
                -1.0,
                0.9999998,
                0.9999998
            ]
        },
        {
            "template_name": "220-4",
            "translation": [
                -10.2847738,
                1.4500004,
                -8.0269088
            ],
            "rotation": [
                0.7071067,
                0.0,
                0.7071067,
                0.0
            ],
            "motion_type": "static",
            "non_uniform_scale": [
                -0.9999998,
                0.9999998,
                0.9999998
            ]
        },
        {
            "template_name": "220-4",
            "translation": [
                -0.6030063,
                1.4500005,
                -9.9343414
            ],
            "motion_type": "static",
            "non_uniform_scale": [
                -1.0,
                0.9999998,
                0.9999998
            ]
        },
        {
            "template_name": "220-4",
            "translation": [
                -7.2988071,
                1.4500005,
                -9.9343414
            ],
            "motion_type": "static",
            "non_uniform_scale": [
                -1.0,
                0.9999998,
                0.9999998
            ]
        },
        {
            "template_name": "208-1",
            "translation": [
                -12.9730281,
                1.1200002,
                -5.7279019
            ],
            "motion_type": "static"
        },
        {
            "template_name": "211-7",
            "translation": [
                -11.1702222,
                1.1200002,
                -5.7229018
            ],
            "rotation": [
                0.0,
                0.0,
                1.0,
                0.0
            ],
            "motion_type": "static",
            "non_uniform_scale": [
                -1.0,
                0.9999998,
                0.9999998
            ]
        },
        {
            "template_name": "211-7",
            "translation": [
                -14.7404098,
                1.1200002,
                -5.7229018
            ],
            "rotation": [
                0.0,
                0.0,
                1.0,
                0.0
            ],
            "motion_type": "static",
            "non_uniform_scale": [
                -1.0,
                0.9999998,
                0.9999998
            ]
        },
        {
            "template_name": "218-23",
            "translation": [
                -13.2625265,
                1.4499995,
                3.9008026
            ],
            "motion_type": "static",
            "non_uniform_scale": [
                -1.0,
                0.9999998,
                0.9999998
            ]
        },
        {
            "template_name": "208-1",
            "translation": [
                -19.0311012,
                1.1200002,
                -5.7279019
            ],
            "motion_type": "static",
            "non_uniform_scale": [
                -1.0,
                0.9999998,
                0.9999998
            ]
        },
        {
            "template_name": "211-7",
            "translation": [
                -17.2528476,
                1.1200002,
                -5.732902
            ],
            "motion_type": "static",
            "non_uniform_scale": [
                -1.0,
                0.9999998,
                0.9999998
            ]
        },
        {
            "template_name": "211-7",
            "translation": [
                -20.7989139,
                1.1200002,
                -5.732902
            ],
            "motion_type": "static",
            "non_uniform_scale": [
                -1.0,
                0.9999998,
                0.9999998
            ]
        },
        {
            "template_name": "218-23",
            "translation": [
                -17.9369544,
                1.4499995,
                3.9008026
            ],
            "rotation": [
                0.0,
                0.0,
                1.0,
                0.0
            ],
            "motion_type": "static",
            "non_uniform_scale": [
                -1.0,
                0.9999998,
                0.9999998
            ]
        },
        {
            "template_name": "218-23",
            "translation": [
                -21.9169731,
                1.45,
                -0.8185917
            ],
            "rotation": [
                0.7071067,
                0.0,
                0.7071067,
                0.0
            ],
            "motion_type": "static",
            "non_uniform_scale": [
                -0.9999998,
                0.9999998,
                0.9999998
            ]
        },
        {
            "template_name": "218-23",
            "translation": [
                -21.9169731,
                1.45,
                -4.0678691
            ],
            "rotation": [
                0.7071067,
                0.0,
                0.7071067,
                0.0
            ],
            "motion_type": "static",
            "non_uniform_scale": [
                -0.9999998,
                0.9999998,
                0.9999998
            ]
        },
        {
            "template_name": "220-4",
            "translation": [
                1.0206669,
                1.4499998,
                2.5932269
            ],
            "rotation": [
                0.7071067,
                0.0,
                0.7071067,
                0.0
            ],
            "motion_type": "static",
            "non_uniform_scale": [
                -0.9999998,
                0.9999998,
                0.9999998
            ]
        },
        {
            "template_name": "220-4",
            "translation": [
                4.4523677,
                1.4499995,
                4.4746408
            ],
            "rotation": [
                0.0,
                0.0,
                1.0,
                0.0
            ],
            "motion_type": "static",
            "non_uniform_scale": [
                -1.0,
                0.9999998,
                0.9999998
            ]
        }
    ],
    "articulated_object_instances": [],
    "stage_instance": {
        "template_name": "stages/108736851_177263586",
        "motion_type": "static"
    },
    "pbr_shader_region_configs": {},
    "user_defined": {
        "scene_filter_file": "scene_filter_files/108736851_177263586.rec_filter.json"
    }
}