{
    "translation_origin": "asset_local",
    "default_lighting": "",
    "navmesh_instance": "",
    "semantic_scene_instance": "hssd_ssd_map",
    "default_pbr_shader_config": "./data/default.pbr_config.json",
    "object_instances": [
        {
            "template_name": "1e02ccacd49650831c151c5b4bfe5ab3928c5323",
            "translation": [
                -7.1499996,
                1.7612494,
                -0.7667706
            ],
            "rotation": [
                -0.5,
                -0.5,
                0.5,
                -0.4999999
            ],
            "motion_type": "static",
            "non_uniform_scale": [
                1.5299997,
                0.9999998,
                1.7999993
            ]
        },
        {
            "template_name": "aa951162cead11237af31bef20d7b2239c121f56",
            "translation": [
                -6.1991796,
                5.364418029785156e-7,
                -9.223278
            ],
            "rotation": [
                0.7071068,
                0.0,
                0.7071067,
                0.0
            ],
            "motion_type": "static"
        },
        {
            "template_name": "9e6c6b60a5cf944dec9a25affb6c129e8f9eb226",
            "translation": [
                -3.3125772,
                1.4901161193847657e-7,
                -2.4666497
            ],
            "rotation": [
                0.7071068,
                0.0,
                0.7071067,
                0.0
            ],
            "motion_type": "static",
            "non_uniform_scale": [
                0.9999998,
                1.2304445,
                0.9999998
            ]
        },
        {
            "template_name": "b84c239ee6edb0bda2e3057fc352518368083c7b",
            "translation": [
                -7.7632794,
                1.7500002,
                -4.9999995
            ],
            "rotation": [
                0.7071068,
                0.7071067,
                0.0,
                0.0
            ],
            "motion_type": "static"
        },
        {
            "template_name": "b84c239ee6edb0bda2e3057fc352518368083c7b",
            "translation": [
                4.6185383,
                1.7500002,
                -6.484663
            ],
            "rotation": [
                0.7071068,
                0.7071067,
                0.0,
                0.0
            ],
            "motion_type": "static"
        },
        {
            "template_name": "d8a65a864e42dd091cc08f25992f51a11533fd6c",
            "translation": [
                1.7106379,
                4.172325134277344e-7,
                -6.9993057
            ],
            "rotation": [
                -0.2105145,
                0.0,
                0.9775906,
                0.0
            ],
            "motion_type": "static",
            "non_uniform_scale": [
                1.3961192,
                1.0292636,
                1.352097
            ]
        },
        {
            "template_name": "1d438cf2a0be5706ffdbd1489fbfb27f712589a0",
            "translation": [
                -0.152452,
                1.4485099,
                -2.4275577
            ],
            "rotation": [
                -0.5,
                -0.5,
                0.5,
                -0.4999999
            ],
            "motion_type": "static"
        },
        {
            "template_name": "1d438cf2a0be5706ffdbd1489fbfb27f712589a0",
            "translation": [
                -0.002452,
                1.44851,
                -3.5470895
            ],
            "rotation": [
                0.4999999,
                0.4999999,
                0.5,
                -0.5
            ],
            "motion_type": "static"
        },
        {
            "template_name": "b695338d64fbf943ad64f49d510d8399245708d0",
            "translation": [
                -1.5,
                2.7999999,
                -3.0000698
            ],
            "rotation": [
                0.0,
                0.0,
                1.0,
                0.0
            ],
            "motion_type": "static"
        },
        {
            "template_name": "b695338d64fbf943ad64f49d510d8399245708d0",
            "translation": [
                -6.5,
                2.7999999,
                -3.0000698
            ],
            "rotation": [
                0.0,
                0.0,
                1.0,
                0.0
            ],
            "motion_type": "static"
        },
        {
            "template_name": "5e387d4901ed77146f50f220ebdf7b30ad36b631",
            "translation": [
                3.1286501,
                5.662441253662109e-7,
                -9.7276134
            ],
            "motion_type": "static"
        },
        {
            "template_name": "641605b7969986b87e12fe2361ddd0d28ddfebb5",
            "translation": [
                4.8218078,
                4.76837158203125e-7,
                -8.9427623
            ],
            "rotation": [
                0.7071068,
                0.0,
                -0.7071067,
                0.0
            ],
            "motion_type": "static",
            "non_uniform_scale": [
                1.180166,
                0.9999998,
                1.3257919
            ]
        },
        {
            "template_name": "74463d608aaebeac19efc6c0609ea64599368a56",
            "translation": [
                0.143818,
                0.8,
                -2.9031744
            ],
            "rotation": [
                0.560975,
                0.0,
                0.8278325,
                0.0
            ],
            "motion_type": "static"
        },
        {
            "template_name": "b728cc955a2446b78b59de9f4ca49a986dc6528f",
            "translation": [
                -7.0,
                1.7500001,
                -4.1923837
            ],
            "rotation": [
                0.4999999,
                0.4999999,
                0.5,
                -0.5
            ],
            "motion_type": "static"
        },
        {
            "template_name": "e6bace6588db68dd8747016affba6563c1f54ed4",
            "translation": [
                1.5247329,
                -2.9802322387695315e-8,
                0.6827672
            ],
            "rotation": [
                0.7071068,
                0.0,
                -0.7071067,
                0.0
            ],
            "motion_type": "static"
        },
        {
            "template_name": "86096212a8fafef090057d3edab3dd96c6e4aa57",
            "translation": [
                2.7010684,
                2.207234501838684e-7,
                -3.7056617
            ],
            "rotation": [
                0.0,
                0.0,
                1.0,
                0.0
            ],
            "motion_type": "static",
            "non_uniform_scale": [
                1.6993379,
                0.9999998,
                1.6025849
            ]
        },
        {
            "template_name": "8d570e4746cab90d99c809792e8b74dbcecb9ebe",
            "translation": [
                -8.8925848,
                5.00120222568512e-7,
                -8.3829784
            ],
            "motion_type": "static",
            "non_uniform_scale": [
                1.4906121,
                0.9999998,
                1.2916866
            ]
        },
        {
            "template_name": "0b1a4b307cda6395d06d5aa9da58c7969287ea3f",
            "translation": [
                -1.5759557,
                1.4249999,
                -4.999999
            ],
            "rotation": [
                0.7071068,
                0.7071067,
                0.0,
                0.0
            ],
            "motion_type": "static",
            "non_uniform_scale": [
                1.0664197,
                0.9999998,
                1.0730272
            ]
        },
        {
            "template_name": "4a8cb0dd106792b60dc7ae879985930550e51ffc",
            "translation": [
                -2.0700416,
                2.9802322387695315e-8,
                -0.5178402
            ],
            "rotation": [
                0.0,
                0.0,
                1.0,
                0.0
            ],
            "motion_type": "static"
        },
        {
            "template_name": "04549c868bea0d44eb0081b626419440e99a1e68",
            "translation": [
                1.7626687,
                1.7015242,
                -10.132863
            ],
            "rotation": [
                0.7071068,
                0.7071067,
                0.0,
                0.0
            ],
            "motion_type": "static",
            "non_uniform_scale": [
                1.9987465,
                0.9999998,
                2.2025556
            ]
        },
        {
            "template_name": "274a32947f73286797cc993a26f25d1cb8d3fe4f",
            "translation": [
                -3.6134994,
                1.7500003,
                -7.8640527
            ],
            "rotation": [
                0.4999999,
                0.4999999,
                0.5,
                -0.5
            ],
            "motion_type": "static"
        },
        {
            "template_name": "48f600fa99cd5eb41a636c23cfab5b26adcea928",
            "translation": [
                -11.1731557,
                0.8999999,
                1.113998
            ],
            "rotation": [
                0.9184991,
                0.0,
                0.3954226,
                0.0
            ],
            "motion_type": "static"
        },
        {
            "template_name": "335fc5d250b5f7e424fcb25a26bf001f738ca364",
            "translation": [
                -11.1731033,
                0.8999996,
                0.5960028
            ],
            "rotation": [
                0.7071068,
                0.0,
                0.7071067,
                0.0
            ],
            "motion_type": "static"
        },
        {
            "template_name": "ca299a4043f2e747175f75db672324997a75b81b",
            "translation": [
                2.1290402,
                1.7500003,
                -7.4899868
            ],
            "rotation": [
                -0.5,
                -0.5,
                0.5,
                -0.4999999
            ],
            "motion_type": "static"
        },
        {
            "template_name": "d4eb192f94e20f4142c8d8ac3d4e0a4cef899bd4",
            "translation": [
                -9.3383579,
                1.7500002,
                -4.9999995
            ],
            "rotation": [
                0.7071068,
                0.7071067,
                0.0,
                0.0
            ],
            "motion_type": "static"
        },
        {
            "template_name": "d4eb192f94e20f4142c8d8ac3d4e0a4cef899bd4",
            "translation": [
                2.971975,
                1.7500002,
                -6.484663
            ],
            "rotation": [
                0.7071068,
                0.7071067,
                0.0,
                0.0
            ],
            "motion_type": "static"
        },
        {
            "template_name": "7974da33f5823fa7dd5ecca7b87a74824563510f",
            "translation": [
                -9.643897,
                1.749196,
                -6.6346626
            ],
            "rotation": [
                0.0,
                0.0,
                0.7071068,
                -0.7071067
            ],
            "motion_type": "static",
            "non_uniform_scale": [
                1.6611,
                0.9999998,
                1.6638127
            ]
        },
        {
            "template_name": "ca8c1111a38843f3d2d1818f2e04217a11e97884",
            "translation": [
                -10.2008275,
                0.0,
                0.0186206
            ],
            "rotation": [
                0.7071068,
                0.0,
                0.7071067,
                0.0
            ],
            "motion_type": "static",
            "non_uniform_scale": [
                1.1447683,
                0.9999998,
                1.2154941
            ]
        },
        {
            "template_name": "d04a9639ef6144f44945d0f4e783cac521d8e3cc",
            "translation": [
                0.6474381,
                0.0150004,
                -6.8778219
            ],
            "rotation": [
                -0.0000161,
                0.0,
                1.0,
                0.0
            ],
            "motion_type": "static",
            "non_uniform_scale": [
                1.0255997,
                0.9999998,
                1.063791
            ]
        },
        {
            "template_name": "dec28234dd4886042b5b1a3563cbb942471692cd",
            "translation": [
                0.9876679,
                5.960464477539063e-8,
                -1.4171032
            ],
            "rotation": [
                0.0,
                0.0,
                1.0,
                0.0
            ],
            "motion_type": "static"
        },
        {
            "template_name": "3165a0ed3e1ae91398fe3ab8274da7b6a5bbf0f6",
            "translation": [
                -0.5430818,
                2.9802322387695315e-8,
                -0.6717339
            ],
            "rotation": [
                0.7071068,
                0.0,
                -0.7071067,
                0.0
            ],
            "motion_type": "static",
            "non_uniform_scale": [
                1.9398206,
                1.418498,
                1.8440337
            ]
        },
        {
            "template_name": "3165a0ed3e1ae91398fe3ab8274da7b6a5bbf0f6",
            "translation": [
                -6.0031843,
                2.9802322387695315e-8,
                -0.4434823
            ],
            "rotation": [
                0.7071068,
                0.0,
                -0.7071067,
                0.0
            ],
            "motion_type": "static",
            "non_uniform_scale": [
                1.5141427,
                0.9999998,
                1.5289907
            ]
        },
        {
            "template_name": "2643407f181713e695a03a5c64d975aad44fd1bf",
            "translation": [
                -6.7146296,
                1.7500003,
                -8.7852182
            ],
            "rotation": [
                -0.5,
                -0.5,
                0.5,
                -0.4999999
            ],
            "motion_type": "static"
        },
        {
            "template_name": "800f42a04a677e79c61400b604ccc278347d5737",
            "translation": [
                -5.2535138,
                5.960464477539063e-7,
                -9.9120912
            ],
            "motion_type": "static",
            "non_uniform_scale": [
                1.1388826,
                0.8329337,
                1.2615528
            ]
        },
        {
            "template_name": "800f42a04a677e79c61400b604ccc278347d5737",
            "translation": [
                0.1378431,
                0.0,
                -0.1979877
            ],
            "rotation": [
                0.7071068,
                0.0,
                -0.7071067,
                0.0
            ],
            "motion_type": "static",
            "non_uniform_scale": [
                0.8708564,
                0.9999998,
                0.9999998
            ]
        },
        {
            "template_name": "58ccc56c2e26a35c17e374cbbc076a093259a97a",
            "translation": [
                -9.3094196,
                2.1606683731079102e-7,
                -3.5234191
            ],
            "rotation": [
                0.7071068,
                0.0,
                0.7071067,
                0.0
            ],
            "motion_type": "static",
            "non_uniform_scale": [
                1.1276067,
                0.9999998,
                1.1141438
            ]
        },
        {
            "template_name": "35ec6e4874de30dbba4afa28e67fd9e8ce4b67b7",
            "translation": [
                -1.7408299,
                1.4994293451309205e-7,
                -2.5222911
            ],
            "motion_type": "static",
            "non_uniform_scale": [
                1.1987737,
                0.9999998,
                1.211405
            ]
        },
        {
            "template_name": "6b8560c24eae9f95482246d6b85d02df689b00ce",
            "translation": [
                2.2462885,
                3.427267074584961e-7,
                -5.8262825
            ],
            "rotation": [
                0.0,
                0.0,
                1.0,
                0.0
            ],
            "motion_type": "static"
        },
        {
            "template_name": "b2a3170effd0ed0a47d335793daaf91d0599c295",
            "translation": [
                2.6399102,
                4.172325134277344e-7,
                -6.9733729
            ],
            "rotation": [
                0.0,
                0.0,
                1.0,
                0.0
            ],
            "motion_type": "static"
        },
        {
            "template_name": "49b7ece681efd7ebe1cfc2bdfb80173663358adc",
            "translation": [
                0.2411582,
                2.086162567138672e-7,
                -3.5628495
            ],
            "rotation": [
                0.7071068,
                0.0,
                0.7071067,
                0.0
            ],
            "motion_type": "static",
            "non_uniform_scale": [
                0.9999998,
                0.9999998,
                1.0624543
            ]
        },
        {
            "template_name": "1e720be88c897af140f59ac0e7f63c12db70f144",
            "translation": [
                -10.9251632,
                2.682209014892578e-7,
                -4.4771108
            ],
            "rotation": [
                0.8621878,
                0.0,
                0.5065885,
                0.0
            ],
            "motion_type": "static"
        },
        {
            "template_name": "474663aec910e240c7de975590e59bcf819c7489",
            "translation": [
                -1.4078581,
                0.6200004,
                -10.0034236
            ],
            "rotation": [
                0.6658815,
                0.0,
                0.7460572,
                0.0
            ],
            "motion_type": "static"
        },
        {
            "template_name": "cd2e333e291c64ac4acec135ff84956ecabd875d",
            "translation": [
                -11.1253433,
                4.470348358154297e-7,
                -7.3448925
            ],
            "rotation": [
                0.7071068,
                0.0,
                0.7071067,
                0.0
            ],
            "motion_type": "static"
        },
        {
            "template_name": "28f1e0bae95e70346996067a45e4e32c2e1b7d75_part_1",
            "translation": [
                -8.9899492,
                -0.0020233,
                -3.0234422
            ],
            "motion_type": "static"
        },
        {
            "template_name": "28f1e0bae95e70346996067a45e4e32c2e1b7d75_part_1",
            "translation": [
                -9.6568489,
                -0.0020233,
                -3.0234422
            ],
            "motion_type": "static"
        },
        {
            "template_name": "28f1e0bae95e70346996067a45e4e32c2e1b7d75_part_1",
            "translation": [
                -10.1682729,
                -0.0020225,
                -3.562083
            ],
            "rotation": [
                0.707107,
                0.0,
                -0.7071064,
                0.0
            ],
            "motion_type": "static"
        },
        {
            "template_name": "28f1e0bae95e70346996067a45e4e32c2e1b7d75_part_1",
            "translation": [
                -9.6578855,
                -0.0020233,
                -3.9964616
            ],
            "rotation": [
                0.0,
                0.0,
                1.0,
                0.0
            ],
            "motion_type": "static"
        },
        {
            "template_name": "28f1e0bae95e70346996067a45e4e32c2e1b7d75_part_1",
            "translation": [
                -8.9909858,
                -0.0020233,
                -3.9964616
            ],
            "rotation": [
                0.0,
                0.0,
                1.0,
                0.0
            ],
            "motion_type": "static"
        },
        {
            "template_name": "28f1e0bae95e70346996067a45e4e32c2e1b7d75_part_1",
            "translation": [
                -8.4679059,
                -0.0020233,
                -3.5620827
            ],
            "rotation": [
                0.7071067,
                0.0,
                0.7071068,
                0.0
            ],
            "motion_type": "static"
        },
        {
            "template_name": "28f1e0bae95e70346996067a45e4e32c2e1b7d75_part_7",
            "translation": [
                -9.3180894,
                0.0002233,
                -3.5615754
            ],
            "motion_type": "static"
        },
        {
            "template_name": "2b7fa3d8eb3b49b530a0f3145d781e6614eb5df8",
            "translation": [
                -3.1289048,
                4.172325134277344e-7,
                -7.19388
            ],
            "rotation": [
                0.5279201,
                0.0,
                0.8492938,
                0.0
            ],
            "motion_type": "static",
            "non_uniform_scale": [
                0.9999998,
                1.0210889,
                0.9999997
            ]
        },
        {
            "template_name": "ba60f17733d17eb9265eca211da6aa742f6ebc81",
            "translation": [
                0.498138,
                1.341104507446289e-7,
                -2.1651031
            ],
            "rotation": [
                0.7071068,
                0.0,
                0.7071067,
                0.0
            ],
            "motion_type": "static"
        },
        {
            "template_name": "7baec79414bc85c8b7f452fd24e24fddeffd8592",
            "translation": [
                -1.290217,
                1.4901161193847657e-7,
                -2.4455864
            ],
            "rotation": [
                0.7071068,
                0.0,
                0.7071067,
                0.0
            ],
            "motion_type": "static"
        },
        {
            "template_name": "fd4d24d3442b2cd0f52dc63b62ee44244e7ccb0e",
            "translation": [
                -3.6134994,
                1.7500003,
                -9.4440898
            ],
            "rotation": [
                0.4999999,
                0.4999999,
                0.5,
                -0.5
            ],
            "motion_type": "static"
        },
        {
            "template_name": "f8841b14029099df9c23089d844c979084514c38",
            "translation": [
                -10.8291616,
                1.7500002,
                -4.9999995
            ],
            "rotation": [
                0.7071068,
                0.7071067,
                0.0,
                0.0
            ],
            "motion_type": "static"
        },
        {
            "template_name": "f8841b14029099df9c23089d844c979084514c38",
            "translation": [
                1.2778598,
                1.7500002,
                -6.484663
            ],
            "rotation": [
                0.7071068,
                0.7071067,
                0.0,
                0.0
            ],
            "motion_type": "static"
        },
        {
            "template_name": "692b5d420c361ba05670a94f2f1e68a182f10432",
            "translation": [
                -6.8592491,
                0.6400004,
                -7.3350229
            ],
            "rotation": [
                0.7071068,
                0.0,
                -0.7071067,
                0.0
            ],
            "motion_type": "static"
        },
        {
            "template_name": "692b5d420c361ba05670a94f2f1e68a182f10432",
            "translation": [
                -6.8592491,
                0.6400005,
                -9.4639825
            ],
            "rotation": [
                0.7071068,
                0.0,
                -0.7071067,
                0.0
            ],
            "motion_type": "static"
        },
        {
            "template_name": "14bdc1398760aef6d8757e2dd6a1c674d7851e66",
            "translation": [
                0.1897477,
                0.8,
                -3.2174017
            ],
            "rotation": [
                0.0,
                0.0,
                1.0,
                0.0
            ],
            "motion_type": "static"
        },
        {
            "template_name": "79f0334612464454afa0641ff2ea15573bb67b3e",
            "translation": [
                1.2185888,
                0.0,
                -0.7939931
            ],
            "motion_type": "static"
        },
        {
            "template_name": "c3e45e226f51e328829dcf0afc2b3baf5de0ac0c",
            "translation": [
                2.1125001,
                1.7495254,
                -9.5657854
            ],
            "rotation": [
                -0.5,
                -0.5,
                0.5,
                -0.4999999
            ],
            "motion_type": "static"
        },
        {
            "template_name": "6d0a8700e168806df1234300f20a8969b23d0528",
            "translation": [
                -0.3976719,
                1.4901161193847657e-7,
                -2.4501886
            ],
            "rotation": [
                0.7071068,
                0.0,
                -0.7071067,
                0.0
            ],
            "motion_type": "static"
        },
        {
            "template_name": "d31ee1dad266ed4ef07fc074e8ddd28663a91767",
            "translation": [
                2.438965,
                2.086162567138672e-7,
                -3.628179
            ],
            "rotation": [
                0.7071068,
                0.0,
                -0.7071067,
                0.0
            ],
            "motion_type": "static"
        },
        {
            "template_name": "8f5cbeb8680367edb1b2755c39c8030d218e17b1",
            "translation": [
                0.804781,
                5.960464477539063e-7,
                -9.9075336
            ],
            "motion_type": "static"
        },
        {
            "template_name": "005b673d5ded782d54be17969159917dfc9ae0f2",
            "translation": [
                0.795086,
                5.662441253662109e-7,
                -9.6447486
            ],
            "rotation": [
                0.0014292,
                0.0,
                0.9999989,
                0.0
            ],
            "motion_type": "static"
        },
        {
            "template_name": "e9aa737db39d132275f3e6bb4453fd3ffc9ab1bc",
            "translation": [
                -4.044269,
                4.172325134277344e-7,
                -7.1335725
            ],
            "rotation": [
                0.7071068,
                0.0,
                -0.7071067,
                0.0
            ],
            "motion_type": "static"
        },
        {
            "template_name": "39443cc1873a0b4954ce7a2c357f296e98bf86a7",
            "translation": [
                -8.2287492,
                5.960464477539063e-8,
                -1.0084326
            ],
            "rotation": [
                -0.0013342,
                0.0,
                0.9999991,
                0.0
            ],
            "motion_type": "static",
            "non_uniform_scale": [
                1.0,
                0.9999998,
                1.1891299
            ]
        },
        {
            "template_name": "4d46ffe6a7d88704ba605d7dd6f41c1114d88631",
            "translation": [
                -0.4551517,
                2.980232238769531e-7,
                -4.6790995
            ],
            "rotation": [
                0.7071068,
                0.0,
                -0.7071067,
                0.0
            ],
            "motion_type": "static"
        },
        {
            "template_name": "9b47bed7a70bfc498622105cef0b64f760be2670",
            "translation": [
                -3.6134994,
                1.7500003,
                -8.5558099
            ],
            "rotation": [
                0.4999999,
                0.4999999,
                0.5,
                -0.5
            ],
            "motion_type": "static"
        },
        {
            "template_name": "9b59a7e47a2a942240a993c70d6e4e65d0d0c5d5",
            "translation": [
                4.9525651,
                0.6200001,
                -5.2791314
            ],
            "rotation": [
                0.7071068,
                0.0,
                -0.7071067,
                0.0
            ],
            "motion_type": "static"
        },
        {
            "template_name": "8f476ba6eedd10ee2dd754ad9a32f4664499716b",
            "translation": [
                -10.0892686,
                1.7500002,
                -4.9999995
            ],
            "rotation": [
                0.7071068,
                0.7071067,
                0.0,
                0.0
            ],
            "motion_type": "static"
        },
        {
            "template_name": "8f476ba6eedd10ee2dd754ad9a32f4664499716b",
            "translation": [
                2.1311631,
                1.7500002,
                -6.484663
            ],
            "rotation": [
                0.7071068,
                0.7071067,
                0.0,
                0.0
            ],
            "motion_type": "static"
        },
        {
            "template_name": "1c19a987e1bd8c206353d18066b117cc0b21e841",
            "translation": [
                -8.5848808,
                -5.960464477539063e-8,
                0.9644552
            ],
            "rotation": [
                0.0,
                0.0,
                1.0,
                0.0
            ],
            "motion_type": "static",
            "non_uniform_scale": [
                1.7368067,
                1.2935055,
                1.7221583
            ]
        },
        {
            "template_name": "5f4966127a47ae7ad2e7d51794c3bf3d04ae06a9",
            "translation": [
                -8.9448099,
                2.8000001,
                -8.2169809
            ],
            "rotation": [
                0.7071068,
                0.0,
                -0.7071067,
                0.0
            ],
            "motion_type": "static"
        },
        {
            "template_name": "ca2e3f978e57f15629649965fe52e0ea962998cf",
            "translation": [
                -6.9301996,
                4.470348358154297e-7,
                -7.3129463
            ],
            "rotation": [
                0.7071068,
                0.0,
                -0.7071067,
                0.0
            ],
            "motion_type": "static"
        },
        {
            "template_name": "ca2e3f978e57f15629649965fe52e0ea962998cf",
            "translation": [
                -6.9301996,
                5.662441253662109e-7,
                -9.4581174
            ],
            "rotation": [
                0.7071068,
                0.0,
                -0.7071067,
                0.0
            ],
            "motion_type": "static"
        },
        {
            "template_name": "eb7ef4f730c517a7b8d18e78f0ab1e0e062b74f1",
            "translation": [
                -2.5748991,
                5.364418029785156e-7,
                -9.0654134
            ],
            "motion_type": "static"
        },
        {
            "template_name": "6d24b2fdb2fd4ba5a34bb077ce32d05270fb8ad2",
            "translation": [
                -6.5159201,
                2.384185791015625e-7,
                -4.0093994
            ],
            "rotation": [
                0.7071068,
                0.0,
                0.7071067,
                0.0
            ],
            "motion_type": "static"
        },
        {
            "template_name": "e5a65a86337ab025e3fbae520946c2eecf80e8ba",
            "translation": [
                0.353428,
                2.980232238769531e-7,
                -4.7518792
            ],
            "rotation": [
                0.7071068,
                0.0,
                0.7071067,
                0.0
            ],
            "motion_type": "static"
        },
        {
            "template_name": "cfff5e4dbe561eb58ff2f87dbb3e82eff2aa1eea",
            "translation": [
                -0.4901818,
                3.3299996,
                -0.44314
            ],
            "motion_type": "static"
        },
        {
            "template_name": "2f1deba3c2effa3cd3bea8a00182584ba7b80260",
            "translation": [
                -7.795309,
                4.76837158203125e-7,
                -8.3995018
            ],
            "rotation": [
                0.7071068,
                0.0,
                -0.7071067,
                0.0
            ],
            "motion_type": "static"
        },
        {
            "template_name": "2e3b5cb88080b617f6bc4416361c966be69dc564",
            "translation": [
                -3.6134994,
                1.7500003,
                -7.3059301
            ],
            "rotation": [
                0.4999999,
                0.4999999,
                0.5,
                -0.5
            ],
            "motion_type": "static"
        },
        {
            "template_name": "681a9a93b5b67acadabbc7e342fcd4a2fabfe3a7",
            "translation": [
                -1.4491993,
                1.7500003,
                -10.132863
            ],
            "rotation": [
                0.7071068,
                0.7071067,
                0.0,
                0.0
            ],
            "motion_type": "static"
        },
        {
            "template_name": "77bfd8ddbcd731b9bc392cbcaa72af43496c024e",
            "translation": [
                -10.1494941,
                1.7500002,
                -6.6346626
            ],
            "rotation": [
                0.0,
                0.0,
                0.7071068,
                -0.7071067
            ],
            "motion_type": "static"
        },
        {
            "template_name": "5954c670b64d2ac9a6dcb73295bcb88a212a64f5",
            "translation": [
                -7.5991172,
                -5.960464477539063e-8,
                0.9208418
            ],
            "rotation": [
                0.0,
                0.0,
                1.0,
                0.0
            ],
            "motion_type": "static",
            "non_uniform_scale": [
                1.5412414,
                0.9999998,
                1.3144768
            ]
        },
        {
            "template_name": "95d1ff40679d32465cce3c1c1bb2ac92d2b9d987",
            "translation": [
                -10.7328844,
                0.8999996,
                1.2209084
            ],
            "motion_type": "static"
        },
        {
            "template_name": "1720b30ec70192981ee46cd391df2ae8ca6d8421",
            "translation": [
                -2.2742996,
                1.7500003,
                -10.132863
            ],
            "rotation": [
                0.7071068,
                0.7071067,
                0.0,
                0.0
            ],
            "motion_type": "static"
        },
        {
            "template_name": "bcfc424147f18ff87c8930c95e6bc27ba9cee550",
            "translation": [
                -0.2937937,
                4.172325134277344e-7,
                -6.8068275
            ],
            "rotation": [
                0.9832549,
                0.0,
                -0.1822354,
                0.0
            ],
            "motion_type": "static"
        },
        {
            "template_name": "ca6176eeba1cae0107bd8cce4905b5422f808b92",
            "translation": [
                0.0490235,
                0.9040004,
                -6.7684841
            ],
            "rotation": [
                0.1822354,
                0.0,
                0.9832549,
                0.0
            ],
            "motion_type": "static"
        },
        {
            "template_name": "7a6bf55db9bbb608b77dfced49ce1a2cbb09685c",
            "translation": [
                4.6598935,
                0.6200001,
                -5.0834741
            ],
            "rotation": [
                0.0,
                0.0,
                1.0,
                0.0
            ],
            "motion_type": "static"
        },
        {
            "template_name": "a7a0d68a04ca83618e899c167b20d007ab00cb11",
            "translation": [
                -0.4577578,
                1.7484202,
                -6.6624422
            ],
            "rotation": [
                0.0,
                0.0,
                0.7071068,
                -0.7071067
            ],
            "motion_type": "static"
        },
        {
            "template_name": "d919f8b1bdf5976ed57aef04d87ffb21234e32c0",
            "translation": [
                -10.6750497,
                1.7500002,
                -6.6346626
            ],
            "rotation": [
                0.0,
                0.0,
                0.7071068,
                -0.7071067
            ],
            "motion_type": "static"
        },
        {
            "template_name": "eaec5282f4c09e8d460bb6ae9fbb1e70f79d5970",
            "translation": [
                -0.002452,
                1.75,
                -2.1904203
            ],
            "rotation": [
                0.4999999,
                0.4999999,
                0.5,
                -0.5
            ],
            "motion_type": "static"
        },
        {
            "template_name": "0f26b905fee27370294875f1868203002d90f8f3",
            "translation": [
                -11.0876636,
                0.9700004,
                -7.5665783
            ],
            "rotation": [
                0.0,
                0.0,
                1.0,
                0.0
            ],
            "motion_type": "static"
        },
        {
            "template_name": "0f26b905fee27370294875f1868203002d90f8f3",
            "translation": [
                4.9023933,
                0.6200001,
                -4.9591317
            ],
            "rotation": [
                0.7071068,
                0.0,
                -0.7071067,
                0.0
            ],
            "motion_type": "static"
        },
        {
            "template_name": "612bd96482db881c089aa26e4a5a3c34ed702955",
            "translation": [
                -7.4984579,
                8.940696716308594e-8,
                -1.5972135
            ],
            "rotation": [
                0.0,
                0.0,
                1.0,
                0.0
            ],
            "motion_type": "static",
            "non_uniform_scale": [
                1.1879632,
                0.9999998,
                1.2500884
            ]
        },
        {
            "template_name": "612bd96482db881c089aa26e4a5a3c34ed702955",
            "translation": [
                -7.9604444,
                8.940696716308594e-8,
                -1.5972135
            ],
            "rotation": [
                0.0,
                0.0,
                1.0,
                0.0
            ],
            "motion_type": "static",
            "non_uniform_scale": [
                1.1879632,
                0.9999998,
                1.2500884
            ]
        },
        {
            "template_name": "612bd96482db881c089aa26e4a5a3c34ed702955",
            "translation": [
                -8.9158267,
                8.940696716308594e-8,
                -1.5954041
            ],
            "rotation": [
                0.0,
                0.0,
                1.0,
                0.0
            ],
            "motion_type": "static",
            "non_uniform_scale": [
                1.1879632,
                0.9999998,
                1.2500884
            ]
        },
        {
            "template_name": "612bd96482db881c089aa26e4a5a3c34ed702955",
            "translation": [
                -8.4538412,
                8.940696716308594e-8,
                -1.5954041
            ],
            "rotation": [
                0.0,
                0.0,
                1.0,
                0.0
            ],
            "motion_type": "static",
            "non_uniform_scale": [
                1.1879632,
                0.9999998,
                1.2500884
            ]
        },
        {
            "template_name": "f93767512d04a4fcdbb274ad1e1072e17a5fc23d",
            "translation": [
                4.9286651,
                0.62,
                -2.0267264
            ],
            "motion_type": "static"
        },
        {
            "template_name": "17a04e30401165d49c85421b1997650d943ac75b",
            "translation": [
                -6.0024628,
                2.384185791015625e-7,
                -3.9727711
            ],
            "rotation": [
                0.7071068,
                0.0,
                -0.7071067,
                0.0
            ],
            "motion_type": "static"
        },
        {
            "template_name": "279dccf23d1a1cc7755ab432f6c096e40024e667",
            "translation": [
                2.9388718,
                2.9036319,
                -3.5678467
            ],
            "rotation": [
                0.0,
                0.0,
                1.0,
                0.0
            ],
            "motion_type": "static"
        },
        {
            "template_name": "1c2055a112b230de466d650d481bbbd458fffbb2",
            "translation": [
                0.8865727,
                4.5821070671081545e-7,
                -7.6808748
            ],
            "rotation": [
                0.8249595,
                0.0,
                0.5651916,
                0.0
            ],
            "motion_type": "static",
            "non_uniform_scale": [
                0.8798788,
                0.9999998,
                0.9272003
            ]
        },
        {
            "template_name": "faa35802676b44e0c0e67bd56ed78ada0309b22c",
            "translation": [
                -2.111207,
                4.936009645462036e-7,
                -8.2824029
            ],
            "rotation": [
                0.4848096,
                0.0,
                0.8746197,
                0.0
            ],
            "motion_type": "static"
        },
        {
            "template_name": "534242df83554b57b7de065ffc39c355a0fa7d51",
            "translation": [
                -4.5694379,
                0.0,
                -0.3311201
            ],
            "rotation": [
                0.0,
                0.0,
                1.0,
                0.0
            ],
            "motion_type": "static"
        },
        {
            "template_name": "fed637fce780c5fde489ecc3036339de343778ec",
            "translation": [
                -6.299509,
                4.76837158203125e-7,
                -7.4500427
            ],
            "rotation": [
                0.7071068,
                0.0,
                0.7071067,
                0.0
            ],
            "motion_type": "static"
        },
        {
            "template_name": "9ea1a714899a28c475a0a4fe509a7e4c27b13b10",
            "translation": [
                -6.7146296,
                1.7500003,
                -8.0078048
            ],
            "rotation": [
                -0.5,
                -0.5,
                0.5,
                -0.4999999
            ],
            "motion_type": "static"
        },
        {
            "template_name": "352b584a8d014f0456d027be679a193a330242f3",
            "translation": [
                3.9853649,
                2.384185791015625e-7,
                -3.6473345
            ],
            "rotation": [
                0.7071068,
                0.0,
                -0.7071067,
                0.0
            ],
            "motion_type": "static"
        },
        {
            "template_name": "155c182834f40ebb1d5666d3a72ee828e097097a",
            "translation": [
                -1.2272963,
                5.960464477539063e-7,
                -9.8764133
            ],
            "rotation": [
                0.9999976,
                0.0,
                -0.0021639,
                0.0
            ],
            "motion_type": "static"
        },
        {
            "template_name": "155c182834f40ebb1d5666d3a72ee828e097097a",
            "translation": [
                4.8104901,
                1.1920928955078126e-7,
                -2.2171163
            ],
            "rotation": [
                0.7071068,
                0.0,
                -0.7071067,
                0.0
            ],
            "motion_type": "static",
            "non_uniform_scale": [
                1.1134064,
                0.9999998,
                1.1350975
            ]
        },
        {
            "template_name": "155c182834f40ebb1d5666d3a72ee828e097097a",
            "translation": [
                4.8104901,
                2.980232238769531e-7,
                -5.0775532
            ],
            "rotation": [
                0.7071068,
                0.0,
                -0.7071067,
                0.0
            ],
            "motion_type": "static",
            "non_uniform_scale": [
                1.1134064,
                0.9999998,
                1.1350975
            ]
        },
        {
            "template_name": "2efebdcc1ba9514b0deb0dfb05951341432bd26a",
            "translation": [
                -6.5788459,
                0.7699999,
                -4.0201406
            ],
            "rotation": [
                0.7071068,
                0.0,
                0.7071067,
                0.0
            ],
            "motion_type": "static"
        },
        {
            "template_name": "2e29310bdf8a7d8b3f0e90e0d7aa18c929a5006b",
            "translation": [
                4.3979048,
                4.76837158203125e-7,
                -7.4346628
            ],
            "rotation": [
                0.7071068,
                0.0,
                -0.7071067,
                0.0
            ],
            "motion_type": "static"
        },
        {
            "template_name": "c26b16c8dfdba6600221a57542782292c15e983b",
            "translation": [
                4.6463947,
                0.0,
                -0.2195833
            ],
            "rotation": [
                0.7071068,
                0.0,
                -0.7071067,
                0.0
            ],
            "motion_type": "static"
        },
        {
            "template_name": "c26b16c8dfdba6600221a57542782292c15e983b",
            "translation": [
                -4.2171692,
                5.960464477539063e-7,
                -9.3327531
            ],
            "rotation": [
                0.7071068,
                0.0,
                -0.7071067,
                0.0
            ],
            "motion_type": "static"
        },
        {
            "template_name": "f9bf8f78c76d99ddee527a0921a29087c76baa03",
            "translation": [
                4.826168,
                -5.960464477539063e-8,
                1.1387354
            ],
            "rotation": [
                0.7071068,
                0.0,
                -0.7071067,
                0.0
            ],
            "motion_type": "static"
        },
        {
            "template_name": "1d61b187e6264d5010ce83d371c4c46c9fadfa45",
            "translation": [
                -0.3546245,
                5.960464477539063e-7,
                -9.8778629
            ],
            "motion_type": "static"
        },
        {
            "template_name": "46c98ef1342702022042ee1dc44bdde19624e265",
            "translation": [
                4.6816654,
                1.1920928955078126e-7,
                -1.5869932
            ],
            "motion_type": "static"
        },
        {
            "template_name": "0e7b79d9e3d0bc9cabce45d76d1faf4ca7a86e71",
            "translation": [
                -10.7512807,
                5.364418029785156e-7,
                -9.0924005
            ],
            "rotation": [
                0.7672954,
                0.0,
                0.6412938,
                0.0
            ],
            "motion_type": "static",
            "non_uniform_scale": [
                1.293828,
                1.0697915,
                1.1993699
            ]
        },
        {
            "template_name": "278a6f9b1a3b71ed1fbeac83bbaf677b09a93fc3",
            "translation": [
                1.7831062,
                5.960464477539063e-7,
                -9.834465
            ],
            "rotation": [
                0.9775109,
                0.0,
                -0.2108844,
                0.0
            ],
            "motion_type": "static",
            "non_uniform_scale": [
                2.2153902,
                3.3945236,
                1.6756205
            ]
        },
        {
            "template_name": "99d6de9f50f4b1eec8a3ef0e22d42a7e1a0abf75",
            "translation": [
                -6.6555995,
                2.9802322387695315e-8,
                -0.5120213
            ],
            "rotation": [
                0.2393036,
                0.0,
                0.9709447,
                0.0
            ],
            "motion_type": "static"
        },
        {
            "template_name": "99d6de9f50f4b1eec8a3ef0e22d42a7e1a0abf75",
            "translation": [
                -5.3089218,
                2.9802322387695315e-8,
                -0.5339124
            ],
            "rotation": [
                -0.2391939,
                0.0,
                0.9709718,
                0.0
            ],
            "motion_type": "static"
        },
        {
            "template_name": "bc2efa5088d5b25f7aacaaf18ff555f187f3056a",
            "translation": [
                -2.8197748,
                1.710648,
                -6.6346626
            ],
            "rotation": [
                0.0,
                0.0,
                0.7071068,
                -0.7071067
            ],
            "motion_type": "static",
            "non_uniform_scale": [
                1.2821581,
                0.9999998,
                1.3606555
            ]
        },
        {
            "template_name": "7ec8e9feb1d56ad9e0f6a7647d249c652b987031",
            "translation": [
                -3.9974429,
                1.4901161193847657e-7,
                -2.4893469
            ],
            "rotation": [
                0.7071068,
                0.0,
                -0.7071067,
                0.0
            ],
            "motion_type": "static",
            "non_uniform_scale": [
                0.9999998,
                1.3875869,
                1.052826
            ]
        },
        {
            "template_name": "e1a752e5ef276782f79dc6054d4bca6dd22aef40",
            "translation": [
                -11.1233034,
                0.9700003,
                -6.8821296
            ],
            "rotation": [
                0.5652682,
                0.0,
                0.8249071,
                0.0
            ],
            "motion_type": "static",
            "non_uniform_scale": [
                0.6958596,
                0.9999998,
                0.6751766
            ]
        },
        {
            "template_name": "d869cd12e539239280c22b82c7a0d0136c0f80c1",
            "translation": [
                2.2310881,
                3.5762786865234377e-7,
                -6.1537227
            ],
            "motion_type": "static"
        },
        {
            "template_name": "6f544ed1bce6d79063d2de20550373d6edccb462",
            "translation": [
                -3.9632334,
                0.7421919,
                -1.8664697
            ],
            "rotation": [
                -0.5023179,
                0.0,
                0.8646829,
                0.0
            ],
            "motion_type": "static"
        },
        {
            "template_name": "d46961f14aaeedea60f9d8a57fb06fa034210b66",
            "translation": [
                -8.5357275,
                1.7500002,
                -4.9999995
            ],
            "rotation": [
                0.7071068,
                0.7071067,
                0.0,
                0.0
            ],
            "motion_type": "static"
        },
        {
            "template_name": "d46961f14aaeedea60f9d8a57fb06fa034210b66",
            "translation": [
                3.7996551,
                1.7500002,
                -6.484663
            ],
            "rotation": [
                0.7071068,
                0.7071067,
                0.0,
                0.0
            ],
            "motion_type": "static"
        },
        {
            "template_name": "62b08fe4e989f15d9672478194419f44749f5b19",
            "translation": [
                -11.328783,
                0.8999999,
                -0.4649716
            ],
            "rotation": [
                0.7071068,
                0.0,
                -0.7071067,
                0.0
            ],
            "motion_type": "static"
        },
        {
            "template_name": "ad40cf8a47d1a47cfdf29d0ac801f19bdf19ca88",
            "translation": [
                -7.1499996,
                1.6699999,
                -3.8105661
            ],
            "rotation": [
                -0.5,
                -0.5,
                0.5,
                -0.4999999
            ],
            "motion_type": "static",
            "non_uniform_scale": [
                1.2429188,
                1.4638942,
                1.484145
            ]
        },
        {
            "template_name": "e7813f051747532da5871685105b47d735bbe6b6",
            "translation": [
                -3.0835111,
                1.7500003,
                -10.132863
            ],
            "rotation": [
                0.7071068,
                0.7071067,
                0.0,
                0.0
            ],
            "motion_type": "static"
        },
        {
            "template_name": "e9d4710af951e1175449b01451a6a49cb6231949",
            "translation": [
                0.4539431,
                1.7500002,
                -6.484663
            ],
            "rotation": [
                0.7071068,
                0.7071067,
                0.0,
                0.0
            ],
            "motion_type": "static"
        },
        {
            "template_name": "e1be5af5eeee3237cdb3ce589b80ccb86b6c150b",
            "translation": [
                -6.6490559,
                0.7700002,
                -4.7920994
            ],
            "rotation": [
                0.0,
                0.0,
                1.0,
                0.0
            ],
            "motion_type": "static"
        },
        {
            "template_name": "952c411334e4431ed23f69873605b702dc6b1c62",
            "translation": [
                4.4764595,
                3.5762786865234377e-7,
                -5.9116754
            ],
            "rotation": [
                0.8233612,
                0.0,
                -0.5675175,
                0.0
            ],
            "motion_type": "static"
        },
        {
            "template_name": "95b8150d24f5b594a700fa80fa7ced0c21dadc51",
            "translation": [
                3.2001302,
                -5.960464477539063e-8,
                1.1458628
            ],
            "rotation": [
                0.0942118,
                0.0,
                0.9955521,
                0.0
            ],
            "motion_type": "static"
        },
        {
            "template_name": "edd34596d5125eee65145548657413120b6c94cf",
            "translation": [
                -7.4067378,
                1.6667902,
                -6.6346626
            ],
            "rotation": [
                0.0,
                0.0,
                0.7071068,
                -0.7071067
            ],
            "motion_type": "static"
        },
        {
            "template_name": "791fbe49cce3b098c308a88c1d7fc9bbd1ffdf34",
            "translation": [
                -6.0055341,
                4.842877388000488e-8,
                -0.8107199
            ],
            "rotation": [
                0.9999994,
                0.0,
                -0.0010707,
                0.0
            ],
            "motion_type": "static"
        },
        {
            "template_name": "f9067d98d9b74bdcf5d6bf31edb72c685cc4dab4",
            "translation": [
                -0.2390809,
                5.238689482212067e-7,
                -8.7878198
            ],
            "rotation": [
                0.9984101,
                0.0,
                0.0563662,
                0.0
            ],
            "motion_type": "static"
        },
        {
            "template_name": "220-4",
            "translation": [
                -11.4425325,
                1.45,
                -3.5429067
            ],
            "rotation": [
                0.7071068,
                0.0,
                -0.7071067,
                0.0
            ],
            "motion_type": "static",
            "non_uniform_scale": [
                -0.9999998,
                0.9999998,
                0.9999998
            ]
        },
        {
            "template_name": "219-4",
            "translation": [
                -9.773921,
                1.4499999,
                1.4910055
            ],
            "motion_type": "static",
            "non_uniform_scale": [
                -1.0,
                0.9999998,
                0.9999998
            ]
        },
        {
            "template_name": "219-4",
            "translation": [
                -11.4425325,
                1.45,
                -5.7652444
            ],
            "rotation": [
                0.7071067,
                0.0,
                0.7071067,
                0.0
            ],
            "motion_type": "static",
            "non_uniform_scale": [
                -0.9999998,
                0.9999998,
                0.9999998
            ]
        },
        {
            "template_name": "219-4",
            "translation": [
                -11.4425325,
                1.4500004,
                -7.4705443
            ],
            "rotation": [
                0.7071068,
                0.0,
                -0.7071067,
                0.0
            ],
            "motion_type": "static",
            "non_uniform_scale": [
                -0.9999998,
                0.9999998,
                0.9999998
            ]
        },
        {
            "template_name": "219-4",
            "translation": [
                -11.4425325,
                1.4500005,
                -9.2691888
            ],
            "rotation": [
                0.7071068,
                0.0,
                -0.7071067,
                0.0
            ],
            "motion_type": "static",
            "non_uniform_scale": [
                -0.9999998,
                0.9999998,
                0.9999998
            ]
        },
        {
            "template_name": "220-4",
            "translation": [
                -9.0408058,
                1.4500005,
                -10.2078628
            ],
            "rotation": [
                0.0,
                0.0,
                1.0,
                0.0
            ],
            "motion_type": "static",
            "non_uniform_scale": [
                -1.0,
                0.9999998,
                0.9999998
            ]
        },
        {
            "template_name": "218-23",
            "translation": [
                -5.2501201,
                1.4500005,
                -10.2078628
            ],
            "motion_type": "static",
            "non_uniform_scale": [
                -1.0,
                0.9999998,
                0.9999998
            ]
        },
        {
            "template_name": "219-4",
            "translation": [
                -0.3886469,
                1.4500005,
                -10.2078628
            ],
            "rotation": [
                0.0,
                0.0,
                1.0,
                0.0
            ],
            "motion_type": "static",
            "non_uniform_scale": [
                -1.0,
                0.9999998,
                0.9999998
            ]
        },
        {
            "template_name": "219-4",
            "translation": [
                3.7964458,
                1.4500005,
                -10.2078628
            ],
            "motion_type": "static",
            "non_uniform_scale": [
                -1.0,
                0.9999998,
                0.9999998
            ]
        },
        {
            "template_name": "219-4",
            "translation": [
                5.1750655,
                1.45,
                -5.2860884
            ],
            "rotation": [
                0.7071068,
                0.0,
                -0.7071067,
                0.0
            ],
            "motion_type": "static",
            "non_uniform_scale": [
                -0.9999998,
                0.9999998,
                0.9999998
            ]
        },
        {
            "template_name": "219-4",
            "translation": [
                5.1750655,
                1.45,
                -1.9997235
            ],
            "rotation": [
                0.7071068,
                0.0,
                -0.7071067,
                0.0
            ],
            "motion_type": "static",
            "non_uniform_scale": [
                -0.9999998,
                0.9999998,
                0.9999998
            ]
        },
        {
            "template_name": "220-4",
            "translation": [
                2.9416038,
                1.4499999,
                1.4910055
            ],
            "motion_type": "static",
            "non_uniform_scale": [
                -1.0,
                0.9999998,
                0.9999998
            ]
        },
        {
            "template_name": "201-2",
            "translation": [
                -3.7426464,
                1.1199996,
                -0.0384102
            ],
            "rotation": [
                0.0,
                0.0,
                1.0,
                0.0
            ],
            "motion_type": "static",
            "non_uniform_scale": [
                -1.0,
                0.9999998,
                0.9999998
            ]
        },
        {
            "template_name": "219-4",
            "translation": [
                -1.8603873,
                1.4499999,
                -0.0384102
            ],
            "rotation": [
                0.0,
                0.0,
                1.0,
                0.0
            ],
            "motion_type": "static",
            "non_uniform_scale": [
                -1.0,
                0.9999998,
                0.9999998
            ]
        },
        {
            "template_name": "219-4",
            "translation": [
                -5.6499662,
                1.4499999,
                -0.0384102
            ],
            "rotation": [
                0.0,
                0.0,
                1.0,
                0.0
            ],
            "motion_type": "static",
            "non_uniform_scale": [
                -1.0,
                0.9999998,
                0.9999998
            ]
        }
    ],
    "articulated_object_instances": [],
    "stage_instance": {
        "template_name": "stages/108736824_177263559",
        "motion_type": "static"
    },
    "pbr_shader_region_configs": {},
    "user_defined": {
        "scene_filter_file": "scene_filter_files/108736824_177263559.rec_filter.json"
    }
}