{
    "translation_origin": "asset_local",
    "default_lighting": "",
    "navmesh_instance": "",
    "object_instances": [
        {
            "template_name": "4972701aa5dd6a43a45791d9246dc46e66f24aa8",
            "translation": [
                -7.0373239,
                3.5762786865234375e-07,
                -6.1938424
            ],
            "rotation": [
                0.7071068,
                0.0,
                0.7071067,
                0.0
            ],
            "motion_type": "static"
        },
        {
            "template_name": "4972701aa5dd6a43a45791d9246dc46e66f24aa8",
            "translation": [
                3.0552299,
                1.1920928955078125e-07,
                -2.1176545
            ],
            "motion_type": "static"
        },
        {
            "template_name": "8c6c2542f3fc80d98cd324c58496eafd3ecdd5c5",
            "translation": [
                5.1723914,
                1.7499996,
                1.0026806
            ],
            "rotation": [
                0.0,
                0.0,
                0.7071068,
                -0.7071067
            ],
            "motion_type": "static"
        },
        {
            "template_name": "a88edd11e8996c7e09faa02c72afd5a613006a18",
            "translation": [
                -2.7219796,
                0.8999997,
                2.1844348
            ],
            "rotation": [
                -0.179368,
                0.0,
                0.9837818,
                0.0
            ],
            "motion_type": "static"
        },
        {
            "template_name": "31ce9e9df83a6deb8d40ab8bba2df1dfd874e36c",
            "translation": [
                2.2810959,
                -8.940696716308594e-08,
                1.7446897
            ],
            "rotation": [
                0.0,
                0.0,
                1.0,
                0.0
            ],
            "motion_type": "static"
        },
        {
            "template_name": "6cbd8fe56e15217f3f89893590f12563608587d5_part_1",
            "translation": [
                6.9385375,
                1.7500001,
                -5.1841506
            ],
            "rotation": [
                0.0,
                0.0,
                0.7071068,
                -0.7071067
            ],
            "motion_type": "static"
        },
        {
            "template_name": "d7c529f704cf707af8e0e51d0f19af4e568c54fe",
            "translation": [
                -6.8767242,
                0.8400002,
                -6.8104748
            ],
            "rotation": [
                0.8032435,
                0.0,
                -0.5956506,
                0.0
            ],
            "motion_type": "static"
        },
        {
            "template_name": "843558e67124f37f2666de50b9727e6fa4494232",
            "translation": [
                5.4388422,
                4.917383193969727e-07,
                -8.2643451
            ],
            "motion_type": "static"
        },
        {
            "template_name": "8dcb92f5a0d538eb7505923f968a642b137f8368_part_0",
            "translation": [
                5.864293,
                2.014203,
                -6.9239716
            ],
            "rotation": [
                0.7071068,
                0.7071067,
                0.0,
                0.0
            ],
            "motion_type": "static"
        },
        {
            "template_name": "8dcb92f5a0d538eb7505923f968a642b137f8368_part_22",
            "translation": [
                5.8640766,
                2.0347177,
                -7.0362114
            ],
            "rotation": [
                0.7071068,
                0.7071067,
                0.0,
                0.0
            ],
            "motion_type": "static"
        },
        {
            "template_name": "8dcb92f5a0d538eb7505923f968a642b137f8368_part_23",
            "translation": [
                5.773736,
                2.0355777,
                -7.0362114
            ],
            "rotation": [
                0.7071068,
                0.7071067,
                0.0,
                0.0
            ],
            "motion_type": "static"
        },
        {
            "template_name": "8dcb92f5a0d538eb7505923f968a642b137f8368_part_23",
            "translation": [
                5.6939463,
                2.0354769,
                -7.0362114
            ],
            "rotation": [
                0.7071068,
                0.7071067,
                0.0,
                0.0
            ],
            "motion_type": "static"
        },
        {
            "template_name": "8dcb92f5a0d538eb7505923f968a642b137f8368_part_23",
            "translation": [
                5.6008753,
                2.0344939,
                -7.0362114
            ],
            "rotation": [
                0.7071068,
                0.7071067,
                0.0,
                0.0
            ],
            "motion_type": "static"
        },
        {
            "template_name": "8dcb92f5a0d538eb7505923f968a642b137f8368_part_23",
            "translation": [
                5.4962525,
                2.0346598,
                -7.0362114
            ],
            "rotation": [
                0.7071068,
                0.7071067,
                6.3e-06,
                -6.3e-06
            ],
            "motion_type": "static"
        },
        {
            "template_name": "8dcb92f5a0d538eb7505923f968a642b137f8368_part_2",
            "translation": [
                6.2994599,
                1.9773999,
                -7.0986428
            ],
            "rotation": [
                0.7071068,
                0.7071067,
                0.0,
                0.0
            ],
            "motion_type": "static"
        },
        {
            "template_name": "8dcb92f5a0d538eb7505923f968a642b137f8368_part_2",
            "translation": [
                6.1420197,
                1.9774222,
                -7.0993571
            ],
            "rotation": [
                0.7071068,
                0.7071064,
                -1.4e-05,
                1.27e-05
            ],
            "motion_type": "static"
        },
        {
            "template_name": "8dcb92f5a0d538eb7505923f968a642b137f8368_part_2",
            "translation": [
                6.0243234,
                1.9761753,
                -7.0989685
            ],
            "rotation": [
                0.7071068,
                0.7071064,
                0.0,
                0.0
            ],
            "motion_type": "static"
        },
        {
            "template_name": "8dcb92f5a0d538eb7505923f968a642b137f8368_part_2",
            "translation": [
                5.3765959,
                1.9788992,
                -7.1000308
            ],
            "rotation": [
                0.7071049,
                0.7071086,
                0.0,
                0.0
            ],
            "motion_type": "static"
        },
        {
            "template_name": "8dcb92f5a0d538eb7505923f968a642b137f8368_part_2",
            "translation": [
                5.2044191,
                1.9789197,
                -7.1007452
            ],
            "rotation": [
                0.7071068,
                0.7071064,
                0.0,
                0.0
            ],
            "motion_type": "static"
        },
        {
            "template_name": "8dcb92f5a0d538eb7505923f968a642b137f8368_part_2",
            "translation": [
                5.0730338,
                1.9776736,
                -7.1003561
            ],
            "rotation": [
                0.7071068,
                0.7071064,
                -1.4e-05,
                1.27e-05
            ],
            "motion_type": "static"
        },
        {
            "template_name": "8dcb92f5a0d538eb7505923f968a642b137f8368_part_5",
            "translation": [
                5.6770939,
                2.1179063,
                -7.2397389
            ],
            "rotation": [
                0.7071068,
                0.7071067,
                0.0,
                0.0
            ],
            "motion_type": "static"
        },
        {
            "template_name": "bc6c8a3e519467676740e364525104805f91be7a_part_2",
            "translation": [
                1.4635883,
                1.5853213,
                -6.9623627
            ],
            "rotation": [
                0.4999999,
                0.4999999,
                0.5,
                -0.5
            ],
            "motion_type": "static"
        },
        {
            "template_name": "bc6c8a3e519467676740e364525104805f91be7a_part_3",
            "translation": [
                1.7055685,
                1.6840702,
                -7.2763843
            ],
            "rotation": [
                0.4999999,
                0.4999999,
                0.5,
                -0.5
            ],
            "motion_type": "static"
        },
        {
            "template_name": "c70ef2f552fd561ae25806cfe63d5d7e07ac6f76",
            "translation": [
                10.0265226,
                1.1920928955078125e-07,
                -1.8013377
            ],
            "rotation": [
                0.0,
                0.0,
                1.0,
                0.0
            ],
            "motion_type": "static"
        },
        {
            "template_name": "d7dd3b4cdb736ec88bd7aed6fe7b7fc8aa4d2524",
            "translation": [
                -4.6262211,
                1.6200003,
                -4.7765626
            ],
            "rotation": [
                0.7071068,
                0.0,
                0.7071067,
                0.0
            ],
            "motion_type": "static"
        },
        {
            "template_name": "a1e89e6a2afc0456aaf48ab69bfce08e3461f1b2",
            "translation": [
                6.0879187,
                -5.960464477539063e-08,
                0.5451806
            ],
            "rotation": [
                0.7071068,
                0.0,
                -0.7071067,
                0.0
            ],
            "motion_type": "static"
        },
        {
            "template_name": "223acc6157d76226d2a4f0a8cb52d4a8e6873c2d",
            "translation": [
                7.9384331,
                1.7519998,
                -2.3244884
            ],
            "rotation": [
                0.4999999,
                0.4999999,
                0.5,
                -0.5
            ],
            "motion_type": "static"
        },
        {
            "template_name": "7002b31b6c8246acf1387c3a7ddfeef0c888d914",
            "translation": [
                6.2396697,
                1.7500002,
                -4.9579453
            ],
            "rotation": [
                0.0,
                0.0,
                0.7071068,
                -0.7071067
            ],
            "motion_type": "static"
        },
        {
            "template_name": "7002b31b6c8246acf1387c3a7ddfeef0c888d914",
            "translation": [
                -4.7919769,
                1.7500002,
                -6.0060982
            ],
            "rotation": [
                0.4999999,
                0.4999999,
                0.5,
                -0.5
            ],
            "motion_type": "static"
        },
        {
            "template_name": "a3b325ff5e4d15c184fdc8494e17f5414849fa8d",
            "translation": [
                -6.183156,
                1.7500002,
                -5.9662923
            ],
            "rotation": [
                0.0,
                0.0,
                0.7071068,
                -0.7071067
            ],
            "motion_type": "static"
        },
        {
            "template_name": "0c4ab4d4ccdc801b4093f10a9aa9c0bfd08ab584",
            "translation": [
                -5.2822461,
                2.682209014892578e-07,
                -5.3875555
            ],
            "rotation": [
                0.7071068,
                0.0,
                -0.7071067,
                0.0
            ],
            "motion_type": "static"
        },
        {
            "template_name": "0c4ab4d4ccdc801b4093f10a9aa9c0bfd08ab584",
            "translation": [
                4.4707002,
                8.940696716308594e-08,
                -1.6329125
            ],
            "rotation": [
                0.7071068,
                0.0,
                0.7071067,
                0.0
            ],
            "motion_type": "static"
        },
        {
            "template_name": "1aaa92f4c3f79ecef8fd7e61f1f8f509d08c78fd",
            "translation": [
                -6.2364397,
                4.470348358154297e-07,
                -7.4056458
            ],
            "rotation": [
                -0.5569748,
                0.0,
                0.8305292,
                0.0
            ],
            "motion_type": "static"
        },
        {
            "template_name": "44a3ee33a175f1fdc6fb1cfab6d8c71588e7f24b",
            "translation": [
                3.6281301,
                -5.960464477539063e-08,
                0.7083895
            ],
            "rotation": [
                0.7071068,
                0.0,
                -0.7071067,
                0.0
            ],
            "motion_type": "static"
        },
        {
            "template_name": "8e611b08a3668b99472a1bfd2413b3dcf0dca8e7",
            "translation": [
                -2.7337079,
                0.8999998,
                0.0146607
            ],
            "rotation": [
                0.0166423,
                0.0,
                0.9998614,
                0.0
            ],
            "motion_type": "static"
        },
        {
            "template_name": "325dcc499225fa8565cc8204bd18127cdbb1b727",
            "translation": [
                7.9585852,
                1.9677999,
                0.6168978
            ],
            "rotation": [
                -0.5,
                -0.5,
                0.5,
                -0.4999999
            ],
            "motion_type": "static"
        },
        {
            "template_name": "c4dde9b2280f0318ce9b59e388883bcb101d6654",
            "translation": [
                2.5783972,
                5.066394805908203e-07,
                -8.3320016
            ],
            "motion_type": "static"
        },
        {
            "template_name": "c4dde9b2280f0318ce9b59e388883bcb101d6654",
            "translation": [
                3.7520987,
                5.066394805908203e-07,
                -8.3320016
            ],
            "motion_type": "static"
        },
        {
            "template_name": "3a08b42318c54a51a0ea28547a12d919ea4f46ca_part_2",
            "translation": [
                4.7714848,
                1.5806094,
                -6.7138586
            ],
            "rotation": [
                -0.5,
                -0.5,
                0.5,
                -0.4999999
            ],
            "motion_type": "static"
        },
        {
            "template_name": "3a08b42318c54a51a0ea28547a12d919ea4f46ca_part_3",
            "translation": [
                4.5302829,
                1.6715506,
                -6.8533539
            ],
            "rotation": [
                -0.5,
                -0.5,
                0.5,
                -0.4999999
            ],
            "motion_type": "static"
        },
        {
            "template_name": "fc34254f2aac6da46964ede7efc727a33a755919",
            "translation": [
                2.9011044,
                1.7499597,
                2.0636198
            ],
            "rotation": [
                0.0,
                0.0,
                0.7071068,
                -0.7071067
            ],
            "motion_type": "static"
        },
        {
            "template_name": "5dbd3d6e061ae2af0c81af2025304d6cf6dcba58",
            "translation": [
                1.0805958,
                -1.1920928955078125e-07,
                1.7636195
            ],
            "rotation": [
                0.0,
                0.0,
                1.0,
                0.0
            ],
            "motion_type": "static"
        },
        {
            "template_name": "5dbd3d6e061ae2af0c81af2025304d6cf6dcba58",
            "translation": [
                -2.7980256,
                -5.960464477539063e-08,
                0.7990105
            ],
            "rotation": [
                0.7071068,
                0.0,
                0.7071067,
                0.0
            ],
            "motion_type": "static"
        },
        {
            "template_name": "a5ea5df5ba2e5235b43d9e17858a328146668a58_part_4",
            "translation": [
                6.9155106,
                1.2353984,
                0.9841979
            ],
            "rotation": [
                0.0,
                0.0,
                0.7071068,
                -0.7071067
            ],
            "motion_type": "static"
        },
        {
            "template_name": "a5ea5df5ba2e5235b43d9e17858a328146668a58_part_2",
            "translation": [
                6.9160523,
                1.4410051,
                0.9785348
            ],
            "rotation": [
                0.0,
                0.0,
                0.7071068,
                -0.7071067
            ],
            "motion_type": "static"
        },
        {
            "template_name": "a5ea5df5ba2e5235b43d9e17858a328146668a58_part_1",
            "translation": [
                6.9153437,
                1.4784195,
                0.9841979
            ],
            "rotation": [
                0.0,
                0.0,
                0.7071068,
                -0.7071067
            ],
            "motion_type": "static"
        },
        {
            "template_name": "a5ea5df5ba2e5235b43d9e17858a328146668a58_part_5",
            "translation": [
                6.91541,
                1.2016477,
                0.9822229
            ],
            "rotation": [
                0.0,
                0.0,
                0.7071068,
                -0.7071067
            ],
            "motion_type": "static"
        },
        {
            "template_name": "a5ea5df5ba2e5235b43d9e17858a328146668a58_part_3",
            "translation": [
                6.9155902,
                1.4074877,
                0.9752625
            ],
            "rotation": [
                0.0,
                0.0,
                0.7071068,
                -0.7071067
            ],
            "motion_type": "static"
        },
        {
            "template_name": "a5ea5df5ba2e5235b43d9e17858a328146668a58_part_3",
            "translation": [
                6.9155912,
                1.1639908,
                0.9752624
            ],
            "rotation": [
                -2.06e-05,
                1.4e-05,
                0.7071207,
                -0.7070927
            ],
            "motion_type": "static"
        },
        {
            "template_name": "a5ea5df5ba2e5235b43d9e17858a328146668a58_part_14",
            "translation": [
                6.912837,
                1.7499996,
                1.0020467
            ],
            "rotation": [
                0.0,
                0.0,
                0.7071068,
                -0.7071067
            ],
            "motion_type": "static"
        },
        {
            "template_name": "04f493a8a0fa48c516b148b9cf7af5ebe99a0e88",
            "translation": [
                -1.7157261,
                4.647299647331238e-07,
                -7.8017568
            ],
            "rotation": [
                0.7071068,
                0.0,
                -0.7071067,
                0.0
            ],
            "motion_type": "static"
        },
        {
            "template_name": "fb5398a981d8c151a1186a5558d3cf8a6f7df68f",
            "translation": [
                -3.7768766,
                0.85,
                -0.5540549
            ],
            "motion_type": "static"
        },
        {
            "template_name": "b19a38b2b4b21abff5e0c41d247c79779bf02333",
            "translation": [
                4.6657729,
                1.75,
                -2.3132934
            ],
            "rotation": [
                0.7071068,
                0.7071067,
                0.0,
                0.0
            ],
            "motion_type": "static"
        },
        {
            "template_name": "c624e2fa4f1d962515c51ffbb2e1d20c7b5cc560",
            "translation": [
                -4.9686679,
                1.7499996,
                -0.357115
            ],
            "rotation": [
                0.0,
                0.0,
                0.7071068,
                -0.7071067
            ],
            "motion_type": "static"
        },
        {
            "template_name": "c624e2fa4f1d962515c51ffbb2e1d20c7b5cc560",
            "translation": [
                -4.5319504,
                1.7499996,
                -0.357115
            ],
            "rotation": [
                0.0,
                0.0,
                0.7071068,
                -0.7071067
            ],
            "motion_type": "static"
        },
        {
            "template_name": "c624e2fa4f1d962515c51ffbb2e1d20c7b5cc560",
            "translation": [
                -5.399363,
                1.7499996,
                -0.357115
            ],
            "rotation": [
                0.0,
                0.0,
                0.7071068,
                -0.7071067
            ],
            "motion_type": "static"
        },
        {
            "template_name": "6ece1a15f0f508aab2371808d58eefa8420cf725",
            "translation": [
                -5.4012584,
                0.5600003,
                -6.1799921
            ],
            "rotation": [
                0.7071068,
                0.0,
                -0.7071067,
                0.0
            ],
            "motion_type": "static"
        },
        {
            "template_name": "cc916aa81e794cea2f80fd42864aa66b285334c4",
            "translation": [
                -6.646974,
                4.76837158203125e-07,
                -8.0946292
            ],
            "rotation": [
                0.0,
                0.0,
                1.0,
                0.0
            ],
            "motion_type": "static"
        },
        {
            "template_name": "c14b82593cc0c2d54a85f0216e92d4ae40df790e",
            "translation": [
                -6.9092736,
                5.960464477539063e-08,
                -0.738071
            ],
            "rotation": [
                0.0,
                0.0,
                1.0,
                0.0
            ],
            "motion_type": "static"
        },
        {
            "template_name": "2112e4a0502a9acbcfa25601e5ea04fd3b064c1b",
            "translation": [
                1.59772,
                5.960464477539063e-08,
                -0.9793341
            ],
            "motion_type": "static"
        },
        {
            "template_name": "2112e4a0502a9acbcfa25601e5ea04fd3b064c1b",
            "translation": [
                1.10552,
                5.960464477539063e-08,
                -0.9793341
            ],
            "motion_type": "static"
        },
        {
            "template_name": "2112e4a0502a9acbcfa25601e5ea04fd3b064c1b",
            "translation": [
                2.1246471,
                0.0,
                -0.9728723
            ],
            "rotation": [
                0.999845,
                0.0,
                -0.0175972,
                0.0
            ],
            "motion_type": "static"
        },
        {
            "template_name": "ed4fbbb8cc877cea34ff946b05c9da8b3690ee74",
            "translation": [
                -1.7616299,
                1.7499996,
                2.2992606
            ],
            "rotation": [
                0.0,
                0.0,
                0.7071068,
                -0.7071067
            ],
            "motion_type": "static"
        },
        {
            "template_name": "faa2023c38e489e802acf9a180d8e1c1ca48c123_part_1",
            "translation": [
                3.81185,
                1.1920928955078125e-07,
                -2.6669738
            ],
            "rotation": [
                0.0,
                0.0,
                1.0,
                0.0
            ],
            "motion_type": "static"
        },
        {
            "template_name": "9adc11afde6b82707a265cbfa3556675b99c6698",
            "translation": [
                4.27564,
                1.7500002,
                -5.1841454
            ],
            "rotation": [
                0.0,
                0.0,
                0.7071068,
                -0.7071067
            ],
            "motion_type": "static"
        },
        {
            "template_name": "718d4c7844ea2efd9247139bb145228d6841b425",
            "translation": [
                -4.7919759,
                1.7500001,
                -3.7657766
            ],
            "rotation": [
                0.4999999,
                0.4999999,
                0.5,
                -0.5
            ],
            "motion_type": "static"
        },
        {
            "template_name": "7e44a747d45a65f2226519d69905367ec3ae193d",
            "translation": [
                10.3860492,
                2.980232238769531e-07,
                -5.2988362
            ],
            "motion_type": "static"
        },
        {
            "template_name": "749dce3dad5380ba9773896ccd9a50337428a18a",
            "translation": [
                1.257794,
                0.8999999,
                -0.2003549
            ],
            "rotation": [
                0.7071068,
                0.0,
                0.7071067,
                0.0
            ],
            "motion_type": "static"
        },
        {
            "template_name": "844be43b1c34647e153e9b1c4054bd59a8bb64ed",
            "translation": [
                -0.4707077,
                0.8999996,
                1.6131391
            ],
            "rotation": [
                0.7107806,
                0.0,
                0.7034136,
                0.0
            ],
            "motion_type": "static"
        },
        {
            "template_name": "a8af696279072e1de8f93d3afad7a975936a7829",
            "translation": [
                0.5677083,
                1.7500003,
                -10.7694196
            ],
            "rotation": [
                0.6797146,
                0.6797146,
                -0.1949048,
                0.1949048
            ],
            "motion_type": "static"
        },
        {
            "template_name": "a8af696279072e1de8f93d3afad7a975936a7829",
            "translation": [
                9.9643173,
                1.75,
                -1.5648076
            ],
            "rotation": [
                0.0,
                0.0,
                0.7071068,
                -0.7071067
            ],
            "motion_type": "static"
        },
        {
            "template_name": "a12f2ff787933be2e58fc5f9de19705a427ca717",
            "translation": [
                -4.1960959,
                6.556510925292969e-07,
                -10.6416759
            ],
            "rotation": [
                0.9222009,
                0.0,
                0.3867109,
                0.0
            ],
            "motion_type": "static"
        },
        {
            "template_name": "ac699faed7efa37f5b22c3dde720756e71dbf3b1",
            "translation": [
                -6.1561937,
                4.470348358154297e-08,
                -0.6521564
            ],
            "motion_type": "static"
        },
        {
            "template_name": "2c5892e60358d9bef5c2ba41d42b264924f68fbd",
            "translation": [
                -6.8143877,
                9.406358003616333e-08,
                -1.5779788
            ],
            "rotation": [
                0.7071068,
                0.0,
                0.7071067,
                0.0
            ],
            "motion_type": "static"
        },
        {
            "template_name": "2cd921f6f8ac6a8b80eedd3bd8c1bd3cce11d974",
            "translation": [
                5.6290922,
                4.842877388000488e-07,
                -8.1590948
            ],
            "motion_type": "static"
        },
        {
            "template_name": "b44c06472d2fe3d331c58b085367272add4170c8",
            "translation": [
                6.1206288,
                0.0,
                -0.0694191
            ],
            "rotation": [
                0.0,
                0.0,
                1.0,
                0.0
            ],
            "motion_type": "static"
        },
        {
            "template_name": "d913cb3dbe11f1cb3af5b23ba7c75a610d5c851a",
            "translation": [
                -1.8586925,
                4.76837158203125e-07,
                -7.1118021
            ],
            "rotation": [
                -0.0025549,
                0.0,
                0.9999967,
                0.0
            ],
            "motion_type": "static"
        },
        {
            "template_name": "aa2229b31ff42c69cfdd3b70cd70da9c140ba1c6",
            "translation": [
                -0.6576843,
                5.066394805908203e-07,
                -8.7276535
            ],
            "rotation": [
                0.7071068,
                0.0,
                0.7071067,
                0.0
            ],
            "motion_type": "static"
        },
        {
            "template_name": "9ffac3243f57a60cc08fd960e5a2824fcf9a101f",
            "translation": [
                7.6334333,
                1.043081283569336e-07,
                -1.6290527
            ],
            "motion_type": "static"
        },
        {
            "template_name": "9ffac3243f57a60cc08fd960e5a2824fcf9a101f",
            "translation": [
                3.8254303,
                0.0,
                0.1031597
            ],
            "motion_type": "static"
        },
        {
            "template_name": "a8d5c2a789290c41ec2d7f939d616ecdd685c367",
            "translation": [
                1.5499649,
                3.6499991,
                -0.2477186
            ],
            "rotation": [
                0.7071068,
                0.0,
                -0.7071067,
                0.0
            ],
            "motion_type": "static"
        },
        {
            "template_name": "a8d5c2a789290c41ec2d7f939d616ecdd685c367",
            "translation": [
                -1.550204,
                3.5999994,
                -8.0018787
            ],
            "rotation": [
                0.7071068,
                0.0,
                -0.7071067,
                0.0
            ],
            "motion_type": "static"
        },
        {
            "template_name": "a8d5c2a789290c41ec2d7f939d616ecdd685c367",
            "translation": [
                6.0800743,
                3.6499991,
                -0.9118291
            ],
            "rotation": [
                0.7071068,
                0.0,
                -0.7071067,
                0.0
            ],
            "motion_type": "static"
        },
        {
            "template_name": "a8d5c2a789290c41ec2d7f939d616ecdd685c367",
            "translation": [
                10.471569,
                3.749999,
                -4.1651368
            ],
            "rotation": [
                0.7071068,
                0.0,
                -0.7071067,
                0.0
            ],
            "motion_type": "static"
        },
        {
            "template_name": "a8d5c2a789290c41ec2d7f939d616ecdd685c367",
            "translation": [
                6.3486089,
                3.8499994,
                -6.2655444
            ],
            "rotation": [
                0.7071068,
                0.0,
                -0.7071067,
                0.0
            ],
            "motion_type": "static"
        },
        {
            "template_name": "a8d5c2a789290c41ec2d7f939d616ecdd685c367",
            "translation": [
                3.1803753,
                3.7499995,
                -6.6390461
            ],
            "rotation": [
                0.7071068,
                0.0,
                -0.7071067,
                0.0
            ],
            "motion_type": "static"
        },
        {
            "template_name": "a8d5c2a789290c41ec2d7f939d616ecdd685c367",
            "translation": [
                3.9916079,
                3.4499993,
                -3.8395271
            ],
            "rotation": [
                0.7071068,
                0.0,
                -0.7071067,
                0.0
            ],
            "motion_type": "static"
        },
        {
            "template_name": "a8d5c2a789290c41ec2d7f939d616ecdd685c367",
            "translation": [
                -3.4042823,
                3.749999,
                -2.6212613
            ],
            "rotation": [
                0.7071068,
                0.0,
                -0.7071067,
                0.0
            ],
            "motion_type": "static"
        },
        {
            "template_name": "a8d5c2a789290c41ec2d7f939d616ecdd685c367",
            "translation": [
                -1.7132245,
                3.5999989,
                1.0319521
            ],
            "rotation": [
                0.7071068,
                0.0,
                -0.7071067,
                0.0
            ],
            "motion_type": "static"
        },
        {
            "template_name": "a8d5c2a789290c41ec2d7f939d616ecdd685c367",
            "translation": [
                -6.031588,
                2.8000001,
                -7.074728
            ],
            "rotation": [
                0.7071068,
                0.0,
                -0.7071067,
                0.0
            ],
            "motion_type": "static"
        },
        {
            "template_name": "a8d5c2a789290c41ec2d7f939d616ecdd685c367",
            "translation": [
                -5.9997181,
                3.749999,
                -4.4523353
            ],
            "rotation": [
                0.7071068,
                0.0,
                -0.7071067,
                0.0
            ],
            "motion_type": "static"
        },
        {
            "template_name": "bedc4571ad5ec553c8938ca27da50b1bdcce2d93",
            "translation": [
                1.5999979,
                1.816079020500183e-08,
                -0.3031345
            ],
            "rotation": [
                0.0,
                0.0,
                1.0,
                0.0
            ],
            "motion_type": "static"
        },
        {
            "template_name": "c4ecfbcaaf89dae847ab4bc4d126c010b82a5dc3",
            "translation": [
                -0.9482764,
                -1.4901161193847656e-07,
                2.0777919
            ],
            "rotation": [
                0.0166535,
                0.0,
                0.9998614,
                0.0
            ],
            "motion_type": "static"
        },
        {
            "template_name": "bfc23df4aa1360ece274e4450d01ebd28cb84c43_part_1",
            "translation": [
                -4.6027159,
                1.2977013,
                -4.7742037
            ],
            "rotation": [
                0.7071068,
                0.0,
                0.7071067,
                0.0
            ],
            "motion_type": "static"
        },
        {
            "template_name": "bfc23df4aa1360ece274e4450d01ebd28cb84c43_part_2",
            "translation": [
                -4.6027159,
                0.4077637,
                -4.927812
            ],
            "rotation": [
                0.7071068,
                0.0,
                0.7071067,
                0.0
            ],
            "motion_type": "static"
        },
        {
            "template_name": "bfc23df4aa1360ece274e4450d01ebd28cb84c43_part_22",
            "translation": [
                -4.6027159,
                2.980232238769531e-07,
                -4.7742037
            ],
            "rotation": [
                0.7071068,
                0.0,
                0.7071067,
                0.0
            ],
            "motion_type": "static"
        },
        {
            "template_name": "56729469c301c24738e425e052d52fa17a98099a",
            "translation": [
                1.6808458,
                -1.1920928955078125e-07,
                1.7633694
            ],
            "rotation": [
                0.7071068,
                0.0,
                0.7071067,
                0.0
            ],
            "motion_type": "static"
        },
        {
            "template_name": "56729469c301c24738e425e052d52fa17a98099a",
            "translation": [
                2.8813457,
                -1.1920928955078125e-07,
                1.7633694
            ],
            "rotation": [
                0.7071068,
                0.0,
                0.7071067,
                0.0
            ],
            "motion_type": "static"
        },
        {
            "template_name": "56729469c301c24738e425e052d52fa17a98099a",
            "translation": [
                0.5696805,
                -1.1920928955078125e-07,
                1.7636195
            ],
            "rotation": [
                0.0,
                0.0,
                1.0,
                0.0
            ],
            "motion_type": "static"
        },
        {
            "template_name": "56729469c301c24738e425e052d52fa17a98099a",
            "translation": [
                -2.7977755,
                -1.1920928955078125e-07,
                1.9992605
            ],
            "rotation": [
                0.0,
                0.0,
                1.0,
                0.0
            ],
            "motion_type": "static"
        },
        {
            "template_name": "56729469c301c24738e425e052d52fa17a98099a",
            "translation": [
                -2.7977755,
                0.0,
                0.1527864
            ],
            "rotation": [
                0.0,
                0.0,
                1.0,
                0.0
            ],
            "motion_type": "static",
            "non_uniform_scale": [
                1.0,
                0.9999998,
                1.1532472
            ]
        },
        {
            "template_name": "56729469c301c24738e425e052d52fa17a98099a",
            "translation": [
                -2.7977755,
                -8.940696716308594e-08,
                1.3992606
            ],
            "rotation": [
                0.0,
                0.0,
                1.0,
                0.0
            ],
            "motion_type": "static"
        },
        {
            "template_name": "2cc02e49ce20336818af4a432db1b0252fce10aa",
            "translation": [
                3.5304303,
                -8.940696716308594e-08,
                1.6136194
            ],
            "rotation": [
                0.7071068,
                0.0,
                -0.7071067,
                0.0
            ],
            "motion_type": "static"
        },
        {
            "template_name": "2cc02e49ce20336818af4a432db1b0252fce10aa",
            "translation": [
                -0.1805693,
                -8.940696716308594e-08,
                1.6136194
            ],
            "rotation": [
                0.0,
                0.0,
                1.0,
                0.0
            ],
            "motion_type": "static"
        },
        {
            "template_name": "3701987e2d86d31acbb6346e791331439822a2dc",
            "translation": [
                -1.5946408,
                2.3748725652694702e-07,
                -3.5855586
            ],
            "rotation": [
                0.9999988,
                0.0,
                0.0015244,
                0.0
            ],
            "motion_type": "static"
        },
        {
            "template_name": "fcd398b303ce33d4fc51caba1a897ad92c50e1c8",
            "translation": [
                1.5897815,
                2.9802322387695312e-08,
                -0.2679969
            ],
            "rotation": [
                -0.0021041,
                0.0,
                0.9999976,
                0.0
            ],
            "motion_type": "static"
        },
        {
            "template_name": "0fabdc71189a458edf4c16a6e595f7fe8685d447",
            "translation": [
                4.921813,
                1.7500002,
                -6.0238356
            ],
            "rotation": [
                0.4999999,
                0.4999999,
                0.5,
                -0.5
            ],
            "motion_type": "static"
        },
        {
            "template_name": "cc15f4f67e55963a009abe0f4fe10148cb632f2f",
            "translation": [
                -5.3870587,
                3.5762786865234375e-07,
                -6.1609926
            ],
            "rotation": [
                0.7071068,
                0.0,
                -0.7071067,
                0.0
            ],
            "motion_type": "static"
        },
        {
            "template_name": "33bb6e1bd2bb7e79f12baacb61793e419442a1d6",
            "translation": [
                5.0478444,
                0.0,
                -0.0898061
            ],
            "rotation": [
                0.7071068,
                0.0,
                0.7071067,
                0.0
            ],
            "motion_type": "static"
        },
        {
            "template_name": "33bb6e1bd2bb7e79f12baacb61793e419442a1d6",
            "translation": [
                -6.5368137,
                2.7101486921310425e-07,
                -4.5467004
            ],
            "rotation": [
                0.7071068,
                0.0,
                0.7071067,
                0.0
            ],
            "motion_type": "static"
        },
        {
            "template_name": "bb730ede5c3c6ccaae4f652308fea653d91eeadb",
            "translation": [
                11.9133491,
                1.1920928955078125e-07,
                -2.1880941
            ],
            "rotation": [
                -0.3705573,
                0.0,
                0.9288095,
                0.0
            ],
            "motion_type": "static"
        },
        {
            "template_name": "265e819d1f027cde8dac05468a70455f62cbf069",
            "translation": [
                11.7371702,
                3.5762786865234375e-07,
                -6.1929831
            ],
            "motion_type": "static"
        },
        {
            "template_name": "265e819d1f027cde8dac05468a70455f62cbf069",
            "translation": [
                9.007369,
                3.5762786865234375e-07,
                -6.1929831
            ],
            "rotation": [
                0.9999945,
                0.0,
                -0.003247,
                0.0
            ],
            "motion_type": "static"
        },
        {
            "template_name": "009f9df21592e289bc08c4562f21dce15fced6fb",
            "translation": [
                7.0146794,
                -2.9802322387695312e-08,
                0.6645716
            ],
            "rotation": [
                -0.0068738,
                0.0,
                0.9999763,
                0.0
            ],
            "motion_type": "static"
        },
        {
            "template_name": "669d3231540c04efe602b1b4402e618c6eebe5ce",
            "translation": [
                4.5304303,
                0.0,
                -0.0818779
            ],
            "rotation": [
                0.7071068,
                0.0,
                0.7071067,
                0.0
            ],
            "motion_type": "static"
        },
        {
            "template_name": "b0a69f0c93a7ce4e17c90f88a75f8db51a178692",
            "translation": [
                11.7585506,
                1.4901161193847656e-07,
                -2.4614086
            ],
            "rotation": [
                -0.3705573,
                0.0,
                0.9288095,
                0.0
            ],
            "motion_type": "static"
        },
        {
            "template_name": "2efebdcc1ba9514b0deb0dfb05951341432bd26a",
            "translation": [
                3.1428344,
                0.8100004,
                -8.3820409
            ],
            "motion_type": "static"
        },
        {
            "template_name": "54c6f4aab4634b8d40f2255fa6aab01918256d02",
            "translation": [
                3.1317956,
                5.066394805908203e-07,
                -7.6005358
            ],
            "rotation": [
                0.0465732,
                0.0,
                0.9989147,
                0.0
            ],
            "motion_type": "static"
        },
        {
            "template_name": "6cd2dc2611c27f758c972b4874efad8c8cbd5d29",
            "translation": [
                -6.8848342,
                4.470348358154297e-07,
                -7.3447256
            ],
            "rotation": [
                0.7071068,
                0.0,
                0.7071067,
                0.0
            ],
            "motion_type": "static"
        },
        {
            "template_name": "b606a93dbcd018b15152202d0c33e593fc6b9ee8",
            "translation": [
                1.3135389,
                1.7493504,
                -7.7984814
            ],
            "rotation": [
                -0.5,
                -0.5,
                0.5,
                -0.4999999
            ],
            "motion_type": "static"
        },
        {
            "template_name": "7c90e9ded88bd556907058e3a4b7045914af4a8b",
            "translation": [
                -5.2888951,
                2.384185791015625e-07,
                -4.8936624
            ],
            "rotation": [
                0.1580643,
                0.0,
                0.9874287,
                0.0
            ],
            "motion_type": "static"
        },
        {
            "template_name": "7c90e9ded88bd556907058e3a4b7045914af4a8b",
            "translation": [
                4.6443409,
                8.940696716308594e-08,
                -1.2890211
            ],
            "rotation": [
                0.1580643,
                0.0,
                0.9874287,
                0.0
            ],
            "motion_type": "static"
        },
        {
            "template_name": "bfd5389c019c5ccb519a989e9266a9b4f77b616f",
            "translation": [
                7.6883549,
                0.0,
                -0.6020333
            ],
            "rotation": [
                0.7071068,
                0.0,
                -0.7071067,
                0.0
            ],
            "motion_type": "static"
        },
        {
            "template_name": "bfd5389c019c5ccb519a989e9266a9b4f77b616f",
            "translation": [
                -6.9217438,
                2.384185791015625e-07,
                -4.5383291
            ],
            "rotation": [
                0.7071068,
                0.0,
                0.7071067,
                0.0
            ],
            "motion_type": "static"
        },
        {
            "template_name": "33699eda2d1cf8f3d2dec775637a6c86d795a507",
            "translation": [
                -3.4205894,
                2.9802322387695312e-08,
                -0.5819851
            ],
            "rotation": [
                0.0,
                0.0,
                1.0,
                0.0
            ],
            "motion_type": "static"
        },
        {
            "template_name": "ef109fb2b790aff1ef35dbd0cfa485af31d53c9a",
            "translation": [
                0.450387,
                6.258487701416016e-07,
                -10.5751752
            ],
            "rotation": [
                0.9612615,
                0.0,
                -0.2756372,
                0.0
            ],
            "motion_type": "static"
        },
        {
            "template_name": "95b8150d24f5b594a700fa80fa7ced0c21dadc51",
            "translation": [
                5.2227501,
                4.76837158203125e-07,
                -5.4598116
            ],
            "rotation": [
                0.020795,
                0.0,
                0.9997844,
                0.0
            ],
            "motion_type": "static"
        },
        {
            "template_name": "16c33cffd5b62d0d5df5ed6dd607f690ce2ee7c7",
            "translation": [
                -6.8869938,
                3.8743019104003906e-07,
                -6.7469654
            ],
            "rotation": [
                0.7071068,
                0.0,
                0.7071067,
                0.0
            ],
            "motion_type": "static"
        },
        {
            "template_name": "32e3e9be6990efce191891627c7a34660ae1aef7",
            "translation": [
                -2.3384811,
                2.682209014892578e-07,
                -4.0317606
            ],
            "rotation": [
                0.7023909,
                0.0,
                0.7117912,
                0.0
            ],
            "motion_type": "static"
        },
        {
            "template_name": "32e3e9be6990efce191891627c7a34660ae1aef7",
            "translation": [
                -0.9249879,
                2.086162567138672e-07,
                -3.1727674
            ],
            "rotation": [
                0.7117912,
                0.0,
                -0.702391,
                0.0
            ],
            "motion_type": "static"
        },
        {
            "template_name": "32e3e9be6990efce191891627c7a34660ae1aef7",
            "translation": [
                -0.913142,
                2.682209014892578e-07,
                -4.0118603
            ],
            "rotation": [
                0.7117912,
                0.0,
                -0.702391,
                0.0
            ],
            "motion_type": "static"
        },
        {
            "template_name": "32e3e9be6990efce191891627c7a34660ae1aef7",
            "translation": [
                -2.3349246,
                2.086162567138672e-07,
                -3.157953
            ],
            "rotation": [
                0.7023909,
                0.0,
                0.7117912,
                0.0
            ],
            "motion_type": "static"
        },
        {
            "template_name": "c86becd5f5e8bc33b33937ff71935a09e156da17",
            "translation": [
                -1.6357144,
                2.384185791015625e-07,
                -3.5560622
            ],
            "rotation": [
                0.7089853,
                0.0,
                0.705223,
                0.0
            ],
            "motion_type": "static"
        },
        {
            "template_name": "5775-0",
            "translation": [
                -1.3967907,
                1.4500006,
                -11.3285655
            ],
            "rotation": [
                0.0,
                0.0,
                1.0,
                0.0
            ],
            "motion_type": "static",
            "non_uniform_scale": [
                -1.0,
                0.9999998,
                0.9999998
            ]
        },
        {
            "template_name": "5775-0",
            "translation": [
                -2.7892386,
                1.4500006,
                -11.3285655
            ],
            "rotation": [
                0.0,
                0.0,
                1.0,
                0.0
            ],
            "motion_type": "static",
            "non_uniform_scale": [
                -1.0,
                0.9999998,
                0.9999998
            ]
        },
        {
            "template_name": "5775-0",
            "translation": [
                -4.8669757,
                1.4500005,
                -9.1922397
            ],
            "rotation": [
                0.7071068,
                0.0,
                -0.7071067,
                0.0
            ],
            "motion_type": "static",
            "non_uniform_scale": [
                -0.9999998,
                0.9999998,
                0.9999998
            ]
        },
        {
            "template_name": "5775-0",
            "translation": [
                -6.0804786,
                1.4500004,
                -8.3496294
            ],
            "rotation": [
                0.0,
                0.0,
                1.0,
                0.0
            ],
            "motion_type": "static",
            "non_uniform_scale": [
                -1.0,
                0.9999998,
                0.9999998
            ]
        },
        {
            "template_name": "206-0",
            "translation": [
                -7.2669739,
                1.12,
                -1.5555504
            ],
            "rotation": [
                0.7071068,
                0.0,
                -0.7071067,
                0.0
            ],
            "motion_type": "static",
            "non_uniform_scale": [
                -0.9999998,
                0.9999998,
                0.9999998
            ]
        },
        {
            "template_name": "5775-0",
            "translation": [
                -3.1730256,
                1.4499999,
                0.9436941
            ],
            "rotation": [
                0.7071068,
                0.0,
                -0.7071067,
                0.0
            ],
            "motion_type": "static",
            "non_uniform_scale": [
                -0.9999998,
                0.9999998,
                0.9999998
            ]
        },
        {
            "template_name": "5775-0",
            "translation": [
                -6.2586426,
                1.4499999,
                -0.282115
            ],
            "motion_type": "static",
            "non_uniform_scale": [
                -1.0,
                0.9999998,
                0.9999998
            ]
        },
        {
            "template_name": "5775-0",
            "translation": [
                1.5115542,
                1.4500005,
                -9.5719985
            ],
            "rotation": [
                0.7071067,
                0.0,
                0.7071067,
                0.0
            ],
            "motion_type": "static",
            "non_uniform_scale": [
                -0.9999998,
                0.9999998,
                0.9999998
            ]
        },
        {
            "template_name": "5775-0",
            "translation": [
                4.7064704,
                1.4499999,
                1.0776809
            ],
            "rotation": [
                0.0,
                0.0,
                1.0,
                0.0
            ],
            "motion_type": "static",
            "non_uniform_scale": [
                -1.0,
                0.9999998,
                0.9999998
            ]
        },
        {
            "template_name": "5775-0",
            "translation": [
                7.2924451,
                1.4499999,
                1.0776809
            ],
            "rotation": [
                0.0,
                0.0,
                1.0,
                0.0
            ],
            "motion_type": "static",
            "non_uniform_scale": [
                -1.0,
                0.9999998,
                0.9999998
            ]
        },
        {
            "template_name": "5775-0",
            "translation": [
                5.9813747,
                1.4499999,
                1.0776809
            ],
            "rotation": [
                0.0,
                0.0,
                1.0,
                0.0
            ],
            "motion_type": "static",
            "non_uniform_scale": [
                -1.0,
                0.9999998,
                0.9999998
            ]
        },
        {
            "template_name": "5775-0",
            "translation": [
                3.8927025,
                1.4500005,
                -8.6903619
            ],
            "rotation": [
                0.0,
                0.0,
                1.0,
                0.0
            ],
            "motion_type": "static",
            "non_uniform_scale": [
                -1.0,
                0.9999998,
                0.9999998
            ]
        },
        {
            "template_name": "5775-0",
            "translation": [
                2.3646266,
                1.4500005,
                -8.6903619
            ],
            "rotation": [
                0.0,
                0.0,
                1.0,
                0.0
            ],
            "motion_type": "static",
            "non_uniform_scale": [
                -1.0,
                0.9999998,
                0.9999998
            ]
        },
        {
            "template_name": "5775-0",
            "translation": [
                12.1811599,
                1.45,
                -1.9564485
            ],
            "rotation": [
                -0.3712589,
                0.0,
                0.9285293,
                0.0
            ],
            "motion_type": "static",
            "non_uniform_scale": [
                -0.9999998,
                0.9999998,
                0.9999998
            ]
        },
        {
            "template_name": "5775-0",
            "translation": [
                4.8468132,
                1.4500004,
                -8.0620069
            ],
            "rotation": [
                0.7071067,
                0.0,
                0.7071067,
                0.0
            ],
            "motion_type": "static",
            "non_uniform_scale": [
                -0.9999998,
                0.9999998,
                0.9999998
            ]
        },
        {
            "template_name": "5775-0",
            "translation": [
                12.6348543,
                1.45,
                -3.5501143
            ],
            "rotation": [
                0.7071068,
                0.0,
                -0.7071067,
                0.0
            ],
            "motion_type": "static",
            "non_uniform_scale": [
                -0.9999998,
                0.9999998,
                0.9999998
            ]
        },
        {
            "template_name": "5775-0",
            "translation": [
                12.6348543,
                1.45,
                -5.2680687
            ],
            "rotation": [
                0.7071068,
                0.0,
                -0.7071067,
                0.0
            ],
            "motion_type": "static",
            "non_uniform_scale": [
                -0.9999998,
                0.9999998,
                0.9999998
            ]
        },
        {
            "template_name": "5775-0",
            "translation": [
                7.1296916,
                1.4500004,
                -7.3172779
            ],
            "motion_type": "static",
            "non_uniform_scale": [
                -1.0,
                0.9999998,
                0.9999998
            ]
        },
        {
            "template_name": "5775-0",
            "translation": [
                5.6016163,
                1.4500004,
                -7.3172779
            ],
            "motion_type": "static",
            "non_uniform_scale": [
                -1.0,
                0.9999998,
                0.9999998
            ]
        },
        {
            "template_name": "5775-0",
            "translation": [
                1.1258907,
                1.4499998,
                2.1386198
            ],
            "motion_type": "static",
            "non_uniform_scale": [
                -1.0,
                0.9999998,
                0.9999998
            ]
        },
        {
            "template_name": "5775-0",
            "translation": [
                3.2868971,
                1.4499998,
                2.1386198
            ],
            "motion_type": "static",
            "non_uniform_scale": [
                -1.0,
                0.9999998,
                0.9999998
            ]
        },
        {
            "template_name": "5775-0",
            "translation": [
                11.9942159,
                1.4500004,
                -6.5171437
            ],
            "rotation": [
                0.0,
                0.0,
                1.0,
                0.0
            ],
            "motion_type": "static",
            "non_uniform_scale": [
                -1.0,
                0.9999998,
                0.9999998
            ]
        },
        {
            "template_name": "5775-0",
            "translation": [
                8.5221385,
                1.4500004,
                -6.5171437
            ],
            "rotation": [
                0.0,
                0.0,
                1.0,
                0.0
            ],
            "motion_type": "static",
            "non_uniform_scale": [
                -1.0,
                0.9999998,
                0.9999998
            ]
        },
        {
            "template_name": "5775-0",
            "translation": [
                10.827816,
                1.4500004,
                -6.5171437
            ],
            "rotation": [
                0.0,
                0.0,
                1.0,
                0.0
            ],
            "motion_type": "static",
            "non_uniform_scale": [
                -1.0,
                0.9999998,
                0.9999998
            ]
        },
        {
            "template_name": "5775-0",
            "translation": [
                9.6704568,
                1.4500004,
                -6.5171437
            ],
            "rotation": [
                0.0,
                0.0,
                1.0,
                0.0
            ],
            "motion_type": "static",
            "non_uniform_scale": [
                -1.0,
                0.9999998,
                0.9999998
            ]
        }
    ],
    "articulated_object_instances": [],
    "stage_instance": {
        "template_name": "stages/108736737_177263406",
        "motion_type": "static"
    },
    "user_defined": {
        "scene_filter_file": "scene_filter_files/108736737_177263406.rec_filter.json"
    }
}