{
    "translation_origin": "asset_local",
    "default_lighting": "",
    "navmesh_instance": "",
    "semantic_scene_instance": "hssd_ssd_map",
    "object_instances": [
        {
            "template_name": "b503a5f23de867b8ab9bfec11718492a3f4f4ed9",
            "translation": [
                -6.1092505,
                1.7499997,
                0.7724841
            ],
            "rotation": [
                -0.5,
                -0.5,
                0.5,
                -0.4999999
            ],
            "motion_type": "static"
        },
        {
            "template_name": "c492bd41185b54c67b1616ac3ffd920be0d77977",
            "translation": [
                -14.4632949,
                6.495974957942963e-7,
                -10.6975851
            ],
            "rotation": [
                0.0,
                0.0,
                1.0,
                0.0
            ],
            "motion_type": "static",
            "non_uniform_scale": [
                1.0145752,
                0.9999998,
                1.251477
            ]
        },
        {
            "template_name": "cbc8b75de1f3f1ec1d4ad261e8e27842aeb33b68",
            "translation": [
                -13.1182165,
                0.7620004,
                -9.4188451
            ],
            "rotation": [
                0.0,
                0.0,
                1.0,
                0.0
            ],
            "motion_type": "static"
        },
        {
            "template_name": "797bcf6deace50c829a3f341f7ad35bbbda8080f",
            "translation": [
                4.9386558,
                0.8602008,
                -4.1008095
            ],
            "rotation": [
                -0.5,
                -0.5,
                0.5,
                -0.4999999
            ],
            "motion_type": "static"
        },
        {
            "template_name": "2217a617f24c6aa99968981aa33c12d386bedf9d",
            "translation": [
                3.5033624,
                0.6950006,
                -12.8335075
            ],
            "rotation": [
                0.0,
                0.0,
                1.0,
                0.0
            ],
            "motion_type": "static"
        },
        {
            "template_name": "2217a617f24c6aa99968981aa33c12d386bedf9d",
            "translation": [
                3.6233267,
                0.7499997,
                0.9824458
            ],
            "rotation": [
                0.0,
                0.0,
                1.0,
                0.0
            ],
            "motion_type": "static"
        },
        {
            "template_name": "5999d188452e209cacb712029af3f3b5b0e30313",
            "translation": [
                6.350923,
                2.980232238769531e-7,
                -4.9930243
            ],
            "rotation": [
                0.0,
                0.0,
                1.0,
                0.0
            ],
            "motion_type": "static"
        },
        {
            "template_name": "e17c6ae756035c27bb5e084b51ff72dc8f90480c",
            "translation": [
                -10.0133161,
                1.6679997,
                2.3632266
            ],
            "rotation": [
                0.0,
                0.0,
                1.0,
                0.0
            ],
            "motion_type": "static"
        },
        {
            "template_name": "e17c6ae756035c27bb5e084b51ff72dc8f90480c",
            "translation": [
                -11.5468788,
                1.6679997,
                2.3632266
            ],
            "rotation": [
                0.0,
                0.0,
                1.0,
                0.0
            ],
            "motion_type": "static"
        },
        {
            "template_name": "d7c529f704cf707af8e0e51d0f19af4e568c54fe",
            "translation": [
                -10.7282667,
                1.6679997,
                2.4176464
            ],
            "rotation": [
                0.0,
                0.0,
                1.0,
                0.0
            ],
            "motion_type": "static"
        },
        {
            "template_name": "dd9b0f2f6b703b5cdd20d5d6479ce4835581d4c2",
            "translation": [
                -9.0001506,
                -1.4901161193847657e-7,
                2.4226043
            ],
            "motion_type": "static"
        },
        {
            "template_name": "44238272ebffd070d4d2c6101916ad2b4a5baffe",
            "translation": [
                10.7429885,
                1.7616684,
                -2.4897043
            ],
            "rotation": [
                -0.5,
                -0.5,
                0.5,
                -0.4999999
            ],
            "motion_type": "static",
            "non_uniform_scale": [
                1.4545452,
                0.9999998,
                1.3159358
            ]
        },
        {
            "template_name": "44238272ebffd070d4d2c6101916ad2b4a5baffe",
            "translation": [
                5.4065089,
                1.7966332,
                -0.0821136
            ],
            "rotation": [
                0.0,
                0.0,
                0.7071068,
                -0.7071067
            ],
            "motion_type": "static",
            "non_uniform_scale": [
                1.2636363,
                0.9999998,
                1.3939999
            ]
        },
        {
            "template_name": "4526796791270cc556e4d03be4fb6c09d0518337",
            "translation": [
                -6.3792505,
                -2.9802322387695315e-8,
                0.567484
            ],
            "rotation": [
                0.7071068,
                0.0,
                0.7071067,
                0.0
            ],
            "motion_type": "static"
        },
        {
            "template_name": "35e45879a756f1a6b91371b38b0f97133045356d",
            "translation": [
                3.1611447,
                -2.9802322387695315e-8,
                0.7286924
            ],
            "motion_type": "static"
        },
        {
            "template_name": "2fc2e7cbb6059bc61b4ca0d706ea10649cdabf53",
            "translation": [
                10.592905,
                0.81,
                -1.7155543
            ],
            "rotation": [
                0.938579,
                0.0,
                0.345064,
                0.0
            ],
            "motion_type": "static"
        },
        {
            "template_name": "31a836ff6a75ebbe6b25f9d9872bf7e6dd1395eb",
            "translation": [
                6.0036559,
                2.682209014892578e-7,
                -4.2630243
            ],
            "motion_type": "static",
            "non_uniform_scale": [
                1.0647058,
                0.9999998,
                0.9999998
            ]
        },
        {
            "template_name": "2382da50dbb82b1a316461a792b383441edf1a9f",
            "translation": [
                -12.7504882,
                1.6679997,
                1.249595
            ],
            "rotation": [
                0.7071068,
                0.0,
                0.7071067,
                0.0
            ],
            "motion_type": "static"
        },
        {
            "template_name": "25269e636ac0d8f39d6609ee2acb92c1dd26cec0",
            "translation": [
                -7.7747325,
                -8.475035429000855e-8,
                1.4294656
            ],
            "rotation": [
                0.0,
                0.0,
                1.0,
                0.0
            ],
            "motion_type": "static",
            "non_uniform_scale": [
                1.0761678,
                0.9999998,
                0.8197075
            ]
        },
        {
            "template_name": "7fac9a98394dbe405440e57f3e991aec8dcc7232",
            "translation": [
                4.0253024,
                0.9683501,
                -10.4131956
            ],
            "rotation": [
                0.7071068,
                0.0,
                -0.7071067,
                0.0
            ],
            "motion_type": "static",
            "non_uniform_scale": [
                0.8840085,
                0.9999998,
                0.6962171
            ]
        },
        {
            "template_name": "75b122ae0f1409d838f4372af9b901fa68304840",
            "translation": [
                1.4865783,
                1.7500003,
                -7.7026934
            ],
            "rotation": [
                0.7071068,
                0.7071067,
                0.0,
                0.0
            ],
            "motion_type": "static"
        },
        {
            "template_name": "eb73108c00be050c0676602fb83dad074cf86beb",
            "translation": [
                3.4787359,
                1.4901161193847657e-7,
                -2.4695708
            ],
            "rotation": [
                0.7071068,
                0.0,
                -0.7071067,
                0.0
            ],
            "motion_type": "static"
        },
        {
            "template_name": "f5a154e8d963064a8e43960374e4b5be523d68b0",
            "translation": [
                -12.6581888,
                5.960464477539063e-8,
                -1.0148636
            ],
            "rotation": [
                0.7071068,
                0.0,
                0.7071067,
                0.0
            ],
            "motion_type": "static"
        },
        {
            "template_name": "cb6be8e627768ec48d7dd72608093ed2da3372d8",
            "translation": [
                2.1162042,
                1.7500007,
                -13.0646581
            ],
            "rotation": [
                0.7071068,
                0.7071067,
                0.0,
                0.0
            ],
            "motion_type": "static"
        },
        {
            "template_name": "cb6be8e627768ec48d7dd72608093ed2da3372d8",
            "translation": [
                3.6787359,
                1.75,
                -2.45934
            ],
            "rotation": [
                -0.5,
                -0.5,
                0.5,
                -0.4999999
            ],
            "motion_type": "static"
        },
        {
            "template_name": "a48b10aac6bccf006991e59f7b91f87ce157512b",
            "translation": [
                -3.1395828,
                2.682209014892578e-7,
                -4.6706171
            ],
            "motion_type": "static"
        },
        {
            "template_name": "a48b10aac6bccf006991e59f7b91f87ce157512b",
            "translation": [
                7.9372401,
                7.152557373046875e-7,
                -12.1389808
            ],
            "motion_type": "static",
            "non_uniform_scale": [
                1.1220028,
                1.0,
                1.1220027
            ]
        },
        {
            "template_name": "68407744e263f526c61f15da91ea7d3cbd90bac1",
            "translation": [
                -4.928442,
                4.01865690946579e-7,
                -6.7422795
            ],
            "rotation": [
                0.0,
                0.0,
                1.0,
                0.0
            ],
            "motion_type": "static",
            "non_uniform_scale": [
                1.1994946,
                0.9999998,
                2.0800559
            ]
        },
        {
            "template_name": "cb00ebb224822113239b0ad246940f7f208570b3",
            "translation": [
                7.0453386,
                1.75,
                -2.6980738
            ],
            "rotation": [
                0.4999999,
                0.4999999,
                0.5,
                -0.5
            ],
            "motion_type": "static"
        },
        {
            "template_name": "cb00ebb224822113239b0ad246940f7f208570b3",
            "translation": [
                7.0453386,
                1.75,
                -3.778949
            ],
            "rotation": [
                0.4999999,
                0.4999999,
                0.5,
                -0.5
            ],
            "motion_type": "static"
        },
        {
            "template_name": "4ed6a60e58753ad06371664b533544522ba3d677",
            "translation": [
                6.895338,
                1.7500001,
                -4.2090291
            ],
            "rotation": [
                -0.5,
                -0.5,
                0.5,
                -0.4999999
            ],
            "motion_type": "static"
        },
        {
            "template_name": "9c28e18dca1937b93d0ece82fa5954bfecd04d7e",
            "translation": [
                -4.8305649,
                4.023313522338867e-7,
                -6.8016896
            ],
            "motion_type": "static",
            "non_uniform_scale": [
                1.2517795,
                0.9999998,
                1.2517795
            ]
        },
        {
            "template_name": "1d438cf2a0be5706ffdbd1489fbfb27f712589a0",
            "translation": [
                -4.9450349,
                1.2315002,
                -8.6786651
            ],
            "rotation": [
                0.7071068,
                0.7071067,
                0.0,
                0.0
            ],
            "motion_type": "static"
        },
        {
            "template_name": "1d438cf2a0be5706ffdbd1489fbfb27f712589a0",
            "translation": [
                4.3853025,
                1.7500003,
                -9.6612205
            ],
            "rotation": [
                0.4999999,
                0.4999999,
                0.5,
                -0.5
            ],
            "motion_type": "static"
        },
        {
            "template_name": "6edb72ff1959e26a1d7c66976786c85129df83a4",
            "translation": [
                4.8892164,
                2.682209014892578e-7,
                -4.553584
            ],
            "motion_type": "static"
        },
        {
            "template_name": "5f3fabe65fda413b4b09c50b88c61de544a956cb",
            "translation": [
                3.6765935,
                2.980232238769531e-7,
                -5.3690028
            ],
            "rotation": [
                0.7071068,
                0.0,
                0.7071067,
                0.0
            ],
            "motion_type": "static"
        },
        {
            "template_name": "82f1e406e39630ed2c37e66626016a385b1d3eac",
            "translation": [
                2.1697568,
                6.332993507385254e-7,
                -10.6266117
            ],
            "rotation": [
                0.7071068,
                0.0,
                -0.7071067,
                0.0
            ],
            "motion_type": "static",
            "non_uniform_scale": [
                1.3200628,
                0.9999998,
                1.4583877
            ]
        },
        {
            "template_name": "9caaf8921fd03abd49017a106a0d14b5ede53102",
            "translation": [
                -4.575067,
                1.1920928955078126e-7,
                -2.0229249
            ],
            "rotation": [
                0.7071068,
                0.0,
                0.7071067,
                0.0
            ],
            "motion_type": "static"
        },
        {
            "template_name": "9caaf8921fd03abd49017a106a0d14b5ede53102",
            "translation": [
                -2.1553525,
                1.1920928955078126e-7,
                -1.9378093
            ],
            "rotation": [
                0.7071068,
                0.0,
                -0.7071067,
                0.0
            ],
            "motion_type": "static"
        },
        {
            "template_name": "9caaf8921fd03abd49017a106a0d14b5ede53102",
            "translation": [
                -3.7885065,
                8.940696716308594e-8,
                -1.3824307
            ],
            "rotation": [
                0.0,
                0.0,
                1.0,
                0.0
            ],
            "motion_type": "static"
        },
        {
            "template_name": "9caaf8921fd03abd49017a106a0d14b5ede53102",
            "translation": [
                -2.8927996,
                8.940696716308594e-8,
                -1.3897974
            ],
            "rotation": [
                0.0,
                0.0,
                1.0,
                0.0
            ],
            "motion_type": "static"
        },
        {
            "template_name": "9caaf8921fd03abd49017a106a0d14b5ede53102",
            "translation": [
                -2.9226002,
                1.4901161193847657e-7,
                -2.5669729
            ],
            "motion_type": "static"
        },
        {
            "template_name": "9caaf8921fd03abd49017a106a0d14b5ede53102",
            "translation": [
                -3.7408928,
                1.4901161193847657e-7,
                -2.5098922
            ],
            "motion_type": "static"
        },
        {
            "template_name": "c6e2268863e1ad826feed40bfee065582fd5f0b2",
            "translation": [
                4.611062,
                5.662441253662109e-7,
                -9.7108869
            ],
            "rotation": [
                0.7071068,
                0.0,
                0.7071067,
                0.0
            ],
            "motion_type": "static"
        },
        {
            "template_name": "65c4d6fea554f7cd3b88f9b8376502425b92035b",
            "translation": [
                1.0754643,
                1.1920928955078126e-7,
                -1.8076124
            ],
            "rotation": [
                0.7071068,
                0.0,
                0.7071067,
                0.0
            ],
            "motion_type": "static"
        },
        {
            "template_name": "9136a47d954c458ddaaf524fe00d921e4f544be1",
            "translation": [
                -0.6272677,
                2.8000001,
                -10.6575756
            ],
            "rotation": [
                0.7071068,
                0.0,
                0.7071067,
                0.0
            ],
            "motion_type": "static"
        },
        {
            "template_name": "bcb3afdf6675c9c0de5e1dff03c05643dbc28506",
            "translation": [
                -10.6162052,
                6.693881005048752e-7,
                -11.2303943
            ],
            "rotation": [
                0.7071068,
                0.0,
                -0.7071067,
                0.0
            ],
            "motion_type": "static",
            "non_uniform_scale": [
                1.3467868,
                0.9999998,
                1.3126338
            ]
        },
        {
            "template_name": "e0f64d2d1d4e25753a65d100654254d9177b2536",
            "translation": [
                -3.3475639,
                1.2852251529693604e-7,
                -2.1565849
            ],
            "rotation": [
                0.0,
                0.0,
                1.0,
                0.0
            ],
            "motion_type": "static",
            "non_uniform_scale": [
                2.2292318,
                0.9999998,
                2.1479704
            ]
        },
        {
            "template_name": "b24b092de7adb8251ce9417f4c923cd0482c8855",
            "translation": [
                0.1643745,
                0.73,
                -0.6388725
            ],
            "rotation": [
                0.7071068,
                0.0,
                0.7071067,
                0.0
            ],
            "motion_type": "static"
        },
        {
            "template_name": "e30598bb70b1aa6472016340ba788b07b6aced9d",
            "translation": [
                3.2842369,
                0.7499998,
                1.0870958
            ],
            "rotation": [
                0.7071068,
                0.0,
                -0.7071067,
                0.0
            ],
            "motion_type": "static"
        },
        {
            "template_name": "1598d65a5ac4351307afa9fbc6b50ae0506a7b13",
            "translation": [
                -15.5170841,
                6.556510925292969e-7,
                -10.0630655
            ],
            "rotation": [
                0.4255355,
                0.0,
                0.9049416,
                0.0
            ],
            "motion_type": "static"
        },
        {
            "template_name": "cc12856bfcaf1f8afd18d1455dfe48f82655cf94",
            "translation": [
                2.2080588,
                3.655441105365753e-7,
                -6.1297321
            ],
            "rotation": [
                0.7070602,
                0.0,
                0.7071533,
                0.0
            ],
            "motion_type": "static",
            "non_uniform_scale": [
                1.038161,
                0.9999998,
                1.1462024
            ]
        },
        {
            "template_name": "301cbabdb3b78ab99d17c7434712bdcc72c4cbcc",
            "translation": [
                7.9587278,
                3.5762786865234377e-7,
                -6.2193641
            ],
            "rotation": [
                0.0,
                0.0,
                1.0,
                0.0
            ],
            "motion_type": "static"
        },
        {
            "template_name": "2a16223055b05a112ca63df1b5c10ca65ce31ef2",
            "translation": [
                6.1828804,
                0.0,
                0.6699184
            ],
            "rotation": [
                -0.7050439,
                0.0,
                0.7091634,
                0.0
            ],
            "motion_type": "static"
        },
        {
            "template_name": "2a16223055b05a112ca63df1b5c10ca65ce31ef2",
            "translation": [
                -0.6651567,
                7.152557373046875e-7,
                -12.7378692
            ],
            "rotation": [
                0.9999954,
                0.0,
                0.0030374,
                0.0
            ],
            "motion_type": "static"
        },
        {
            "template_name": "2c751d20d19752b87a02a6f03cb0bc99b9426db5",
            "translation": [
                3.4712593,
                4.842877388000488e-7,
                -8.1083202
            ],
            "motion_type": "static"
        },
        {
            "template_name": "2f1b2251ee950a888fedf63d812988d08354ba28",
            "translation": [
                3.9856967,
                4.76837158203125e-7,
                -8.1023044
            ],
            "rotation": [
                -0.3825305,
                0.0,
                0.9239428,
                0.0
            ],
            "motion_type": "static"
        },
        {
            "template_name": "28ee361938f68aca5e918d6536312ae6ba01c758",
            "translation": [
                4.0053024,
                0.96835,
                -9.8146963
            ],
            "rotation": [
                0.7071068,
                0.0,
                -0.7071067,
                0.0
            ],
            "motion_type": "static"
        },
        {
            "template_name": "23a4e3b2c97631e8705d2e93dabd88c898639b48",
            "translation": [
                10.1266269,
                4.470348358154297e-7,
                -7.4241647
            ],
            "rotation": [
                0.9655054,
                0.0,
                0.2603828,
                0.0
            ],
            "motion_type": "static"
        },
        {
            "template_name": "bb14a7d251985c9cfc8a8488c24949ffca4ac619",
            "translation": [
                -11.2104883,
                -1.1920928955078126e-7,
                2.4257264
            ],
            "rotation": [
                0.0,
                0.0,
                1.0,
                0.0
            ],
            "motion_type": "static"
        },
        {
            "template_name": "bb14a7d251985c9cfc8a8488c24949ffca4ac619",
            "translation": [
                -10.1240711,
                -1.1920928955078126e-7,
                2.4257264
            ],
            "rotation": [
                0.0,
                0.0,
                1.0,
                0.0
            ],
            "motion_type": "static",
            "non_uniform_scale": [
                0.822194,
                0.9999998,
                0.9999998
            ]
        },
        {
            "template_name": "bb14a7d251985c9cfc8a8488c24949ffca4ac619",
            "translation": [
                -12.8329887,
                -1.1920928955078126e-7,
                1.6482263
            ],
            "rotation": [
                0.7071068,
                0.0,
                0.7071067,
                0.0
            ],
            "motion_type": "static"
        },
        {
            "template_name": "bb14a7d251985c9cfc8a8488c24949ffca4ac619",
            "translation": [
                -12.4104881,
                -1.1920928955078126e-7,
                2.4257264
            ],
            "rotation": [
                0.0,
                0.0,
                1.0,
                0.0
            ],
            "motion_type": "static"
        },
        {
            "template_name": "074f4cf03e1ca49d94bc8e9203429227183ae0f4",
            "translation": [
                -12.8608283,
                0.9000002,
                -4.0958404
            ],
            "rotation": [
                0.7071068,
                0.0,
                0.7071067,
                0.0
            ],
            "motion_type": "static"
        },
        {
            "template_name": "0c4ab4d4ccdc801b4093f10a9aa9c0bfd08ab584",
            "translation": [
                10.4027185,
                2.384185791015625e-7,
                -4.077795
            ],
            "rotation": [
                0.7071068,
                0.0,
                -0.7071067,
                0.0
            ],
            "motion_type": "static"
        },
        {
            "template_name": "0c4ab4d4ccdc801b4093f10a9aa9c0bfd08ab584",
            "translation": [
                4.3345603,
                2.682209014892578e-7,
                -4.2727541
            ],
            "motion_type": "static"
        },
        {
            "template_name": "541384ee16770f57ce43acd495abd8b81b68b739",
            "translation": [
                -0.2472455,
                0.86,
                -2.6502544
            ],
            "rotation": [
                0.7071068,
                0.0,
                -0.7071067,
                0.0
            ],
            "motion_type": "static"
        },
        {
            "template_name": "506c458cbfc61d313e7505e4e363d238b7ba55e7",
            "translation": [
                -9.7508592,
                0.8500006,
                -10.9351758
            ],
            "rotation": [
                0.7071068,
                0.0,
                -0.7071067,
                0.0
            ],
            "motion_type": "static"
        },
        {
            "template_name": "934614e3babfad4f06c72c363135efbde22f9a5c",
            "translation": [
                -14.9511747,
                0.4810504,
                -9.1275854
            ],
            "rotation": [
                0.7071068,
                0.7071067,
                0.0,
                0.0
            ],
            "motion_type": "static"
        },
        {
            "template_name": "a0d811d7dd36c776a25d80a4d3b74fdf8e7dffb1",
            "translation": [
                -13.701085,
                1.7495652,
                -6.6769509
            ],
            "rotation": [
                0.0,
                0.0,
                0.7071068,
                -0.7071067
            ],
            "motion_type": "static"
        },
        {
            "template_name": "b36f892a0b4421b9c77273b859da50d85e101214",
            "translation": [
                -6.8824944,
                -1.4901161193847657e-8,
                0.2128861
            ],
            "motion_type": "static"
        },
        {
            "template_name": "724302468f654ed8bf8d72ad82e5057db5d08336",
            "translation": [
                4.8325047,
                -5.960464477539063e-8,
                1.0035958
            ],
            "rotation": [
                0.7071068,
                0.0,
                -0.7071067,
                0.0
            ],
            "motion_type": "static"
        },
        {
            "template_name": "6cff501d54f2c3afd522634bfc5388d2cbf0bf84",
            "translation": [
                6.0036621,
                1.1799999,
                -3.8425443
            ],
            "rotation": [
                0.7071068,
                0.7071067,
                0.0,
                0.0
            ],
            "motion_type": "static",
            "non_uniform_scale": [
                1.2796492,
                0.9999998,
                1.3116792
            ]
        },
        {
            "template_name": "dd636b34803d048a69094fca3ca3813ef44661b3",
            "translation": [
                0.2477127,
                5.662441253662109e-7,
                -9.49479
            ],
            "rotation": [
                0.2190842,
                0.0,
                0.9757059,
                0.0
            ],
            "motion_type": "static"
        },
        {
            "template_name": "f63203ce3955e3df53c4e59d9e73f9fff3a6c351",
            "translation": [
                6.7129383,
                1.7881393432617188e-7,
                -3.4043292
            ],
            "rotation": [
                0.7071068,
                0.0,
                -0.7071067,
                0.0
            ],
            "motion_type": "static"
        },
        {
            "template_name": "fee0808f962dcbc1dd94f823b9ea30d194f47718",
            "translation": [
                -3.4038662,
                0.7599999,
                -1.920235
            ],
            "rotation": [
                0.0,
                0.0,
                1.0,
                0.0
            ],
            "motion_type": "static",
            "non_uniform_scale": [
                1.48,
                0.9999998,
                0.9999998
            ]
        },
        {
            "template_name": "23fda450fdf241a8694b9a01b953aaa77c8c2386",
            "translation": [
                0.6231329,
                1.7881393432617188e-7,
                -3.0357592
            ],
            "rotation": [
                0.0,
                0.0,
                1.0,
                0.0
            ],
            "motion_type": "static"
        },
        {
            "template_name": "396bfce6eb2a408b86cd1dfc397525dfd232f052",
            "translation": [
                -5.1646723,
                2.9802322387695315e-8,
                -0.6018221
            ],
            "rotation": [
                0.4091238,
                0.0,
                0.9124788,
                0.0
            ],
            "motion_type": "static"
        },
        {
            "template_name": "69fa8415108e7438a412ec0a52a55983f39119df",
            "translation": [
                -2.7089648,
                4.172325134277344e-7,
                -7.2719368
            ],
            "rotation": [
                -0.5051149,
                0.0,
                0.863052,
                0.0
            ],
            "motion_type": "static"
        },
        {
            "template_name": "c37e1c6105bc43c44c14b8fb371b0d3c843ec313",
            "translation": [
                -13.3941478,
                1.2999999,
                -7.606203
            ],
            "rotation": [
                0.7071068,
                0.0,
                0.7071067,
                0.0
            ],
            "motion_type": "static"
        },
        {
            "template_name": "95d1e189e93694bb8eee73a64b0d84a8be5a5057",
            "translation": [
                5.2645587,
                7.152557373046875e-7,
                -11.6673212
            ],
            "rotation": [
                0.8025187,
                0.0,
                0.5966268,
                0.0
            ],
            "motion_type": "static"
        },
        {
            "template_name": "95d1e189e93694bb8eee73a64b0d84a8be5a5057",
            "translation": [
                3.7296872,
                7.152557373046875e-7,
                -11.8993034
            ],
            "rotation": [
                0.8025187,
                0.0,
                0.5966268,
                0.0
            ],
            "motion_type": "static"
        },
        {
            "template_name": "95d1e189e93694bb8eee73a64b0d84a8be5a5057",
            "translation": [
                3.1888456,
                2.384185791015625e-7,
                -4.0914778
            ],
            "rotation": [
                0.7071068,
                0.0,
                -0.7071067,
                0.0
            ],
            "motion_type": "static"
        },
        {
            "template_name": "bdab4ca579230f7652590bc19fa00a35701857ef",
            "translation": [
                -12.7104883,
                1.4901161193847657e-7,
                -2.6701736
            ],
            "rotation": [
                0.7071068,
                0.0,
                0.7071067,
                0.0
            ],
            "motion_type": "static"
        },
        {
            "template_name": "bdab4ca579230f7652590bc19fa00a35701857ef",
            "translation": [
                -12.7104883,
                1.1920928955078126e-7,
                -1.8700635
            ],
            "rotation": [
                0.7071068,
                0.0,
                0.7071067,
                0.0
            ],
            "motion_type": "static"
        },
        {
            "template_name": "bdab4ca579230f7652590bc19fa00a35701857ef",
            "translation": [
                -12.7104883,
                4.172325134277344e-7,
                -6.9705233
            ],
            "rotation": [
                0.7071068,
                0.0,
                0.7071067,
                0.0
            ],
            "motion_type": "static"
        },
        {
            "template_name": "bdab4ca579230f7652590bc19fa00a35701857ef",
            "translation": [
                -12.7104883,
                2.980232238769531e-7,
                -5.0704131
            ],
            "rotation": [
                0.7071068,
                0.0,
                0.7071067,
                0.0
            ],
            "motion_type": "static"
        },
        {
            "template_name": "bdab4ca579230f7652590bc19fa00a35701857ef",
            "translation": [
                -12.7104892,
                2.682209014892578e-7,
                -4.2703032
            ],
            "rotation": [
                0.7099968,
                0.0,
                0.7042047,
                0.0
            ],
            "motion_type": "static"
        },
        {
            "template_name": "6acafe4f37b17ff0c33d22c8dc3fede1bddc67de",
            "translation": [
                -12.7104883,
                1.7881393432617188e-7,
                -3.4702336
            ],
            "rotation": [
                0.7071068,
                0.0,
                0.7071067,
                0.0
            ],
            "motion_type": "static"
        },
        {
            "template_name": "4ca2215d43e94a79b27c14029867c734bbbd8bd9",
            "translation": [
                10.5416183,
                0.7112004,
                -11.3418741
            ],
            "rotation": [
                0.0,
                0.0,
                1.0,
                0.0
            ],
            "motion_type": "static"
        },
        {
            "template_name": "4ca2215d43e94a79b27c14029867c734bbbd8bd9",
            "translation": [
                10.4685773,
                0.7112003,
                -8.4537334
            ],
            "rotation": [
                -0.4771586,
                0.0,
                0.878817,
                0.0
            ],
            "motion_type": "static"
        },
        {
            "template_name": "789592235f33fe4caa55d84f8ab832456f524a3d",
            "translation": [
                9.6406192,
                1.51805579662323e-7,
                -2.5431787
            ],
            "rotation": [
                0.7071068,
                0.0,
                0.7071067,
                0.0
            ],
            "motion_type": "static",
            "non_uniform_scale": [
                1.0140376,
                0.9999998,
                0.7435038
            ]
        },
        {
            "template_name": "4e920246ab70ac3ecea1edbde3c01fe3237355ef",
            "translation": [
                3.8287358,
                1.75,
                -2.7367072
            ],
            "rotation": [
                0.4999999,
                0.4999999,
                0.5,
                -0.5
            ],
            "motion_type": "static"
        },
        {
            "template_name": "4c6cb2ee5dc841772b4ac652973ed4d43c60fbd0",
            "translation": [
                -9.3879833,
                1.7881393432617188e-7,
                -3.1286094
            ],
            "rotation": [
                0.7071068,
                0.0,
                -0.7071067,
                0.0
            ],
            "motion_type": "static",
            "non_uniform_scale": [
                1.7241262,
                0.9999998,
                1.0000184
            ]
        },
        {
            "template_name": "4c6cb2ee5dc841772b4ac652973ed4d43c60fbd0",
            "translation": [
                -9.3879833,
                2.384185791015625e-7,
                -4.003879
            ],
            "rotation": [
                0.7071068,
                0.0,
                -0.7071067,
                0.0
            ],
            "motion_type": "static",
            "non_uniform_scale": [
                1.7241262,
                0.9999998,
                1.0000184
            ]
        },
        {
            "template_name": "4c6cb2ee5dc841772b4ac652973ed4d43c60fbd0",
            "translation": [
                -9.3879833,
                2.980232238769531e-7,
                -4.8791494
            ],
            "rotation": [
                0.7071068,
                0.0,
                -0.7071067,
                0.0
            ],
            "motion_type": "static",
            "non_uniform_scale": [
                1.7241262,
                0.9999998,
                1.0000184
            ]
        },
        {
            "template_name": "2b770ff9ea504521172bf31e49a548827686eb04",
            "translation": [
                6.0385975,
                2.0675361156463624e-7,
                -3.4686291
            ],
            "rotation": [
                0.0,
                0.0,
                1.0,
                0.0
            ],
            "motion_type": "static",
            "non_uniform_scale": [
                1.7846232,
                0.9999998,
                0.9999998
            ]
        },
        {
            "template_name": "2038d2dcf5477908b062eb3e7206fbc7bf8f68fb",
            "translation": [
                -6.6113739,
                4.842877388000488e-7,
                -8.1264972
            ],
            "rotation": [
                0.7071068,
                0.0,
                -0.7071067,
                0.0
            ],
            "motion_type": "static"
        },
        {
            "template_name": "277a090638f90cdcd36bb8289cbb5aa153032fad",
            "translation": [
                7.9445152,
                3.5762786865234377e-7,
                -5.3730239
            ],
            "rotation": [
                0.7071068,
                0.0,
                -0.7071067,
                0.0
            ],
            "motion_type": "static"
        },
        {
            "template_name": "277a090638f90cdcd36bb8289cbb5aa153032fad",
            "translation": [
                4.6977024,
                3.5762786865234377e-7,
                -5.3730239
            ],
            "rotation": [
                0.7071068,
                0.0,
                0.7071067,
                0.0
            ],
            "motion_type": "static"
        },
        {
            "template_name": "0806be89284e8a4ec7ef7f81100a1d2c99a7d90e",
            "translation": [
                -12.7104883,
                3.5762786865234377e-7,
                -6.0205531
            ],
            "rotation": [
                0.7071068,
                0.0,
                0.7071067,
                0.0
            ],
            "motion_type": "static"
        },
        {
            "template_name": "092e835bb098736815db26efc98cf8ca90c65dc1",
            "translation": [
                3.4739723,
                7.748603820800781e-7,
                -12.903757
            ],
            "motion_type": "static"
        },
        {
            "template_name": "0a9e33bd8772e0b3030d0a443b990328141c7028",
            "translation": [
                3.9953022,
                5.960464477539063e-7,
                -10.2031965
            ],
            "rotation": [
                0.7071068,
                0.0,
                -0.7071067,
                0.0
            ],
            "motion_type": "static"
        },
        {
            "template_name": "c2dff928bfe8dd26f95b33b5c7ac8c325e3feb93",
            "translation": [
                -13.116106,
                1.7500003,
                -9.2775859
            ],
            "rotation": [
                0.0,
                0.0,
                0.7071068,
                -0.7071067
            ],
            "motion_type": "static"
        },
        {
            "template_name": "40ca05c45d5abddaa84bd4eaceca8506e405df17",
            "translation": [
                -0.9737375,
                1.1920928955078126e-7,
                -1.0157945
            ],
            "rotation": [
                0.0,
                0.0,
                1.0,
                0.0
            ],
            "motion_type": "static"
        },
        {
            "template_name": "285b1a99e3a3b6c54d7f588dc03838b405561ab3",
            "translation": [
                7.1120381,
                0.8999999,
                -0.5012664
            ],
            "rotation": [
                0.7071068,
                0.0,
                -0.7071067,
                0.0
            ],
            "motion_type": "static"
        },
        {
            "template_name": "85fb75b609c3846a3aa2a452783a9cb8e743b2d7",
            "translation": [
                12.0693788,
                2.682209014892578e-7,
                -4.2810139
            ],
            "rotation": [
                0.7071068,
                0.0,
                0.7071067,
                0.0
            ],
            "motion_type": "static"
        },
        {
            "template_name": "faef118ee9bdcf21040eef84cbca59d8dc50a214",
            "translation": [
                -8.8735036,
                0.0,
                0.3750261
            ],
            "motion_type": "static"
        },
        {
            "template_name": "9512738c384a61d36c30e53cfafc54372fbbc270",
            "translation": [
                7.6735315,
                2.384185791015625e-7,
                -3.4292654
            ],
            "rotation": [
                0.7071068,
                0.0,
                0.7071067,
                0.0
            ],
            "motion_type": "static",
            "non_uniform_scale": [
                1.4904291,
                1.8468328,
                1.3959851
            ]
        },
        {
            "template_name": "d6386d425a18ff82d7016d9b7ccde8f977f6c475",
            "translation": [
                0.2183741,
                7.599592208862305e-7,
                -12.7222175
            ],
            "rotation": [
                0.8771786,
                0.0,
                0.4801641,
                0.0
            ],
            "motion_type": "static"
        },
        {
            "template_name": "8f20e048ed6d9a806ecea50c716a4a8847eb302d",
            "translation": [
                10.518856,
                6.854534149169922e-7,
                -11.3919496
            ],
            "rotation": [
                0.7009091,
                0.0,
                0.7132503,
                0.0
            ],
            "motion_type": "static"
        },
        {
            "template_name": "8f20e048ed6d9a806ecea50c716a4a8847eb302d",
            "translation": [
                10.518856,
                5.066394805908203e-7,
                -8.4298295
            ],
            "rotation": [
                0.7009091,
                0.0,
                0.7132503,
                0.0
            ],
            "motion_type": "static"
        },
        {
            "template_name": "310083a1fe7170f806ea99a07043a1aad8c0ab82",
            "translation": [
                -10.3916225,
                2.7999999,
                -3.0888941
            ],
            "rotation": [
                0.0,
                0.0,
                1.0,
                0.0
            ],
            "motion_type": "static"
        },
        {
            "template_name": "310083a1fe7170f806ea99a07043a1aad8c0ab82",
            "translation": [
                -10.427247,
                2.7999999,
                -3.7958273
            ],
            "rotation": [
                0.0,
                0.0,
                1.0,
                0.0
            ],
            "motion_type": "static"
        },
        {
            "template_name": "310083a1fe7170f806ea99a07043a1aad8c0ab82",
            "translation": [
                -10.4396095,
                2.7999999,
                -4.4667119
            ],
            "rotation": [
                0.0,
                0.0,
                1.0,
                0.0
            ],
            "motion_type": "static"
        },
        {
            "template_name": "83d6fa4edbd848662695e2166d31b787d48c872b",
            "translation": [
                -14.5542879,
                2.8000004,
                -10.972146
            ],
            "rotation": [
                0.0,
                0.0,
                1.0,
                0.0
            ],
            "motion_type": "static"
        },
        {
            "template_name": "316b4abb361a88dd4833844ae8bc76510eca7f87",
            "translation": [
                1.4670925,
                4.76837158203125e-7,
                -8.216588
            ],
            "rotation": [
                0.9455184,
                0.0,
                0.3255681,
                0.0
            ],
            "motion_type": "static"
        },
        {
            "template_name": "973c8db16abb188caa2868a16141b643684e3881",
            "translation": [
                10.7417898,
                1.7495497,
                -1.2074731
            ],
            "rotation": [
                -0.5,
                -0.5,
                0.5,
                -0.4999999
            ],
            "motion_type": "static"
        },
        {
            "template_name": "4b886a210f2a11569527d9b3218fed41189978b1",
            "translation": [
                1.496356,
                5.364418029785156e-7,
                -9.0182218
            ],
            "rotation": [
                0.9423499,
                0.0,
                -0.3346284,
                0.0
            ],
            "motion_type": "static"
        },
        {
            "template_name": "1337436b798b693700aa3976fabf273a683d6b0f",
            "translation": [
                -5.1465539,
                3.2782554626464846e-7,
                -5.4077029
            ],
            "rotation": [
                0.0,
                0.0,
                1.0,
                0.0
            ],
            "motion_type": "static"
        },
        {
            "template_name": "465c339f405bf0f55e0c316820958dee1126dabd",
            "translation": [
                -10.4073152,
                2.384185791015625e-7,
                -3.9561724
            ],
            "rotation": [
                0.7071068,
                0.0,
                0.7071067,
                0.0
            ],
            "motion_type": "static",
            "non_uniform_scale": [
                1.8603376,
                0.9999998,
                1.676899
            ]
        },
        {
            "template_name": "14bdc1398760aef6d8757e2dd6a1c674d7851e66",
            "translation": [
                -12.8954887,
                0.9,
                -2.843559
            ],
            "rotation": [
                0.0,
                0.0,
                1.0,
                0.0
            ],
            "motion_type": "static"
        },
        {
            "template_name": "14bdc1398760aef6d8757e2dd6a1c674d7851e66",
            "translation": [
                10.4028482,
                0.7112005,
                -11.5289468
            ],
            "rotation": [
                0.7132503,
                0.0,
                -0.7009091,
                0.0
            ],
            "motion_type": "static"
        },
        {
            "template_name": "d17067fd78213cdc49fa8c06faf90c6194b51df6",
            "translation": [
                8.0979375,
                5.774199962615967e-7,
                -9.6805982
            ],
            "rotation": [
                0.9999619,
                0.0,
                0.0087264,
                0.0
            ],
            "motion_type": "static",
            "non_uniform_scale": [
                2.0346989,
                0.9999998,
                2.0989904
            ]
        },
        {
            "template_name": "4e6924410277e866564f1f0f253248643798f841",
            "translation": [
                0.821008,
                -2.9802322387695315e-8,
                0.4784891
            ],
            "rotation": [
                0.3291037,
                0.0,
                0.9442936,
                0.0
            ],
            "motion_type": "static"
        },
        {
            "template_name": "9511c8f5a4a1972fc7d691f6d7a42c87b56a41c5",
            "translation": [
                -10.1857547,
                0.0,
                0.1934597
            ],
            "rotation": [
                0.0,
                0.0,
                1.0,
                0.0
            ],
            "motion_type": "static",
            "non_uniform_scale": [
                0.8882272,
                1.413838,
                1.1697261
            ]
        },
        {
            "template_name": "9511c8f5a4a1972fc7d691f6d7a42c87b56a41c5",
            "translation": [
                -12.4566335,
                0.0,
                0.1934597
            ],
            "rotation": [
                0.0,
                0.0,
                1.0,
                0.0
            ],
            "motion_type": "static",
            "non_uniform_scale": [
                0.8882272,
                1.413838,
                1.1697261
            ]
        },
        {
            "template_name": "38134463df4f93678261a9986fd56ea26342f099",
            "translation": [
                -7.761054,
                3.3499989,
                1.4381929
            ],
            "motion_type": "static"
        },
        {
            "template_name": "e5a3564ec98cab466b427097150536e18bb657e4",
            "translation": [
                2.1624479,
                2.384185791015625e-7,
                -4.3884639
            ],
            "motion_type": "static"
        },
        {
            "template_name": "ae6357464d4b54f30ffcf46747d34ce90ccd075c",
            "translation": [
                -9.733529,
                6.556510925292969e-7,
                -11.2230253
            ],
            "rotation": [
                0.7071068,
                0.0,
                0.7071067,
                0.0
            ],
            "motion_type": "static"
        },
        {
            "template_name": "e6205aee53710a30ac6ebeb362838abadf847909",
            "translation": [
                5.0310697,
                0.708,
                -0.2166436
            ],
            "rotation": [
                0.0,
                0.0,
                1.0,
                0.0
            ],
            "motion_type": "static"
        },
        {
            "template_name": "e6205aee53710a30ac6ebeb362838abadf847909",
            "translation": [
                5.775495,
                0.708,
                -0.2389436
            ],
            "rotation": [
                0.0,
                0.0,
                1.0,
                0.0
            ],
            "motion_type": "static"
        },
        {
            "template_name": "e7af9fee904b6d58efdcd8208a2d01d1f481af60",
            "translation": [
                -9.2097539,
                -8.940696716308594e-8,
                1.5411561
            ],
            "rotation": [
                0.7071068,
                0.0,
                0.7071067,
                0.0
            ],
            "motion_type": "static"
        },
        {
            "template_name": "5e5e9b3a4af489ae0e2844a27ff182856c37ac48",
            "translation": [
                0.2248744,
                5.960464477539063e-8,
                -0.7941725
            ],
            "rotation": [
                0.7071068,
                0.0,
                0.7071067,
                0.0
            ],
            "motion_type": "static"
        },
        {
            "template_name": "601e06031a82a352707c424410da8f05a40718ae",
            "translation": [
                7.9710283,
                0.5400006,
                -12.0948009
            ],
            "rotation": [
                0.9998582,
                0.0,
                0.0168363,
                0.0
            ],
            "motion_type": "static"
        },
        {
            "template_name": "5747cd91706723281b0a7d34f8b97a48d4fee680",
            "translation": [
                -4.7554492,
                0.4800002,
                -6.7579345
            ],
            "motion_type": "static"
        },
        {
            "template_name": "5747cd91706723281b0a7d34f8b97a48d4fee680",
            "translation": [
                -14.4305143,
                0.7000006,
                -10.4356651
            ],
            "rotation": [
                0.0,
                0.0,
                1.0,
                0.0
            ],
            "motion_type": "static"
        },
        {
            "template_name": "8295040b3e0779981d918afd1eb00323802f8b26",
            "translation": [
                0.5011181,
                1.7487452,
                -7.7026934
            ],
            "rotation": [
                0.7071068,
                0.7071067,
                0.0,
                0.0
            ],
            "motion_type": "static"
        },
        {
            "template_name": "965e9ac9fb8c99b1bc86ded43de902f856a3cd7c",
            "translation": [
                -3.0701367,
                4.470348358154297e-7,
                -7.7157282
            ],
            "rotation": [
                0.9218819,
                0.0,
                -0.3874703,
                0.0
            ],
            "motion_type": "static"
        },
        {
            "template_name": "f25cf740f8e3cf689982238eb89491800f1e1a86",
            "translation": [
                -0.0930453,
                1.6882983,
                -2.7941195
            ],
            "rotation": [
                -0.5,
                -0.5,
                0.5,
                -0.4999999
            ],
            "motion_type": "static",
            "non_uniform_scale": [
                1.6499997,
                0.7739936,
                1.7333327
            ]
        },
        {
            "template_name": "6b1f1dd5372a07192751d51a26fbfb66fffa6245",
            "translation": [
                3.1214148,
                2.4761998,
                1.213616
            ],
            "rotation": [
                0.0,
                0.0,
                0.7071068,
                -0.7071067
            ],
            "motion_type": "static"
        },
        {
            "template_name": "686dab7c08267efc58aaa1acf3186bf91be9482a",
            "translation": [
                2.1587243,
                7.450580596923828e-7,
                -12.5653276
            ],
            "motion_type": "static"
        },
        {
            "template_name": "605aab959303972a631d103fe72d6853ff85b3c3",
            "translation": [
                10.4330091,
                1.4901161193847657e-7,
                -2.5346441
            ],
            "rotation": [
                0.7071068,
                0.0,
                -0.7071067,
                0.0
            ],
            "motion_type": "static"
        },
        {
            "template_name": "c4ecfbcaaf89dae847ab4bc4d126c010b82a5dc3",
            "translation": [
                5.8990912,
                5.960464477539063e-8,
                -1.0249171
            ],
            "rotation": [
                0.0,
                0.0,
                1.0,
                0.0
            ],
            "motion_type": "static"
        },
        {
            "template_name": "cf12af67b32e99b6409cb812b29375631ba7d7cf",
            "translation": [
                -15.7608032,
                4.76837158203125e-7,
                -7.5250639
            ],
            "rotation": [
                0.0,
                0.0,
                1.0,
                0.0
            ],
            "motion_type": "static"
        },
        {
            "template_name": "791d22865eca517bdcadc3575604230789f61607",
            "translation": [
                8.3021135,
                5.811452865600586e-7,
                -9.874154
            ],
            "rotation": [
                0.7132503,
                0.0,
                -0.7009091,
                0.0
            ],
            "motion_type": "static",
            "non_uniform_scale": [
                1.8591548,
                0.9999998,
                0.9999998
            ]
        },
        {
            "template_name": "918eeeedb24ec082830597488a5856b763837195",
            "translation": [
                7.5048084,
                1.341104507446289e-7,
                -2.2406759
            ],
            "motion_type": "static"
        },
        {
            "template_name": "d9994281ab7f328ac518e700c4ac5628625e0eb5",
            "translation": [
                0.7931227,
                7.525086402893066e-7,
                -12.5772552
            ],
            "rotation": [
                0.8547943,
                0.0,
                -0.5189669,
                0.0
            ],
            "motion_type": "static"
        },
        {
            "template_name": "e3d3ed213f437121abf8a1faffa60ae0672cbf25",
            "translation": [
                8.9845094,
                2.9802322387695315e-8,
                -0.4841141
            ],
            "rotation": [
                -0.0033279,
                0.0,
                0.9999943,
                0.0
            ],
            "motion_type": "static"
        },
        {
            "template_name": "e4e965768b08f8480af7d9abaa42ffa6f2125999",
            "translation": [
                -1.5304583,
                1.4600007,
                -11.1590251
            ],
            "rotation": [
                0.7071068,
                0.0,
                0.7071067,
                0.0
            ],
            "motion_type": "static"
        },
        {
            "template_name": "aba04d58e5af5100adf9e23725029f4effd4aeff",
            "translation": [
                0.729865,
                4.76837158203125e-7,
                -8.4878511
            ],
            "rotation": [
                0.4397534,
                0.0,
                0.8981184,
                0.0
            ],
            "motion_type": "static"
        },
        {
            "template_name": "93cd9c7be7c1d605b437fc532b52fc7d6843be35",
            "translation": [
                -12.7923879,
                1.6679997,
                2.0342266
            ],
            "rotation": [
                0.7071068,
                0.0,
                -0.7071067,
                0.0
            ],
            "motion_type": "static"
        },
        {
            "template_name": "9fcb30634c175f79674c254a8fd0a48e6c292f86",
            "translation": [
                1.4080457,
                -5.960464477539063e-8,
                0.9663689
            ],
            "rotation": [
                0.9481151,
                0.0,
                -0.3179272,
                0.0
            ],
            "motion_type": "static"
        },
        {
            "template_name": "8523b0c0c4a17a845cc33d92c7b3705f48db1efd",
            "translation": [
                -3.3421101,
                2.7999999,
                -1.9465638
            ],
            "rotation": [
                0.7071068,
                0.0,
                -0.7071067,
                0.0
            ],
            "motion_type": "static"
        },
        {
            "template_name": "5f436be29314cec131bdedaea822e70dcb7a7891",
            "translation": [
                -16.577425,
                5.364418029785156e-7,
                -8.794795
            ],
            "rotation": [
                0.7071068,
                0.0,
                0.7071067,
                0.0
            ],
            "motion_type": "static"
        },
        {
            "template_name": "ac49fcf122c3a29fdce60f17e669ae23605561c5",
            "translation": [
                -8.1214256,
                -1.1920928955078126e-7,
                2.3932063
            ],
            "rotation": [
                0.0,
                0.0,
                1.0,
                0.0
            ],
            "motion_type": "static"
        },
        {
            "template_name": "ac49fcf122c3a29fdce60f17e669ae23605561c5",
            "translation": [
                -7.113245,
                -1.1920928955078126e-7,
                2.3932063
            ],
            "rotation": [
                0.0,
                0.0,
                1.0,
                0.0
            ],
            "motion_type": "static"
        },
        {
            "template_name": "9127e0f95c95802be0e0ca3f15e733331ddb39ca",
            "translation": [
                10.7429885,
                1.7500003,
                -10.0047931
            ],
            "rotation": [
                -0.5,
                -0.5,
                0.5,
                -0.4999999
            ],
            "motion_type": "static"
        },
        {
            "template_name": "15a0ec954a2bcfbd90bee46ef31d1f4d2f78bef6",
            "translation": [
                8.9210863,
                6.938353180885315e-8,
                -1.1659621
            ],
            "motion_type": "static",
            "non_uniform_scale": [
                1.0416666,
                0.9999998,
                0.5999999
            ]
        },
        {
            "template_name": "d97263f23707276962a32f4bebc880c741b15f42",
            "translation": [
                2.2513606,
                8.940696716308594e-8,
                -1.4675903
            ],
            "rotation": [
                0.7071068,
                0.0,
                0.7071067,
                0.0
            ],
            "motion_type": "static"
        },
        {
            "template_name": "d97263f23707276962a32f4bebc880c741b15f42",
            "translation": [
                2.2609658,
                1.1920928955078126e-7,
                -2.1879699
            ],
            "rotation": [
                0.7071068,
                0.0,
                0.7071067,
                0.0
            ],
            "motion_type": "static"
        },
        {
            "template_name": "ae9e45ded60845b515192681e5ab774c76e4c9eb",
            "translation": [
                -3.3608264,
                1.1920928955078126e-7,
                -1.9748961
            ],
            "rotation": [
                0.0,
                0.0,
                1.0,
                0.0
            ],
            "motion_type": "static"
        },
        {
            "template_name": "556733e012ccc023b0fe97b5ff071d9313718672",
            "translation": [
                -4.928061,
                4.76837158203125e-7,
                -8.9030151
            ],
            "motion_type": "static"
        },
        {
            "template_name": "b11af4142176ca22da20219cecdbf63bff9db8ce",
            "translation": [
                -16.7176246,
                5.960464477539063e-7,
                -10.9264373
            ],
            "rotation": [
                0.7071068,
                0.0,
                0.7071067,
                0.0
            ],
            "motion_type": "static"
        },
        {
            "template_name": "00df07adecbdf73eee36efaf3cbc2ba45bda660e",
            "translation": [
                6.9766678,
                7.152557373046875e-7,
                -12.0435791
            ],
            "rotation": [
                0.9329602,
                0.0,
                0.359979,
                0.0
            ],
            "motion_type": "static"
        },
        {
            "template_name": "00df07adecbdf73eee36efaf3cbc2ba45bda660e",
            "translation": [
                8.9431705,
                7.152557373046875e-7,
                -11.9974126
            ],
            "rotation": [
                0.9142462,
                0.0,
                -0.4051589,
                0.0
            ],
            "motion_type": "static"
        },
        {
            "template_name": "240aa59fa5ac01d4eb5adb161914e3ab09f853e1",
            "translation": [
                7.8505167,
                0.001,
                -0.4067271
            ],
            "rotation": [
                -0.2993816,
                0.0,
                0.9541333,
                0.0
            ],
            "motion_type": "static"
        },
        {
            "template_name": "0c5021dbf2a828505a3c8230ab3f55572b00513a",
            "translation": [
                5.0255799,
                2.9802322387695315e-8,
                -0.4168137
            ],
            "rotation": [
                0.0,
                0.0,
                1.0,
                0.0
            ],
            "motion_type": "static"
        },
        {
            "template_name": "0c5021dbf2a828505a3c8230ab3f55572b00513a",
            "translation": [
                5.7844638,
                2.9802322387695315e-8,
                -0.4391137
            ],
            "rotation": [
                0.0,
                0.0,
                1.0,
                0.0
            ],
            "motion_type": "static"
        },
        {
            "template_name": "0f2a07712dbbb33dcc1393e3d3d14b71a41765a5",
            "translation": [
                -0.6496061,
                6.258487701416016e-7,
                -10.7398319
            ],
            "rotation": [
                0.9999979,
                0.0,
                0.0020262,
                0.0
            ],
            "motion_type": "static"
        },
        {
            "template_name": "55da74599e3c3924878594eb35a2106b3a7ea63f",
            "translation": [
                -13.3500785,
                4.76837158203125e-7,
                -7.6453542
            ],
            "rotation": [
                0.7071068,
                0.0,
                -0.7071067,
                0.0
            ],
            "motion_type": "static"
        },
        {
            "template_name": "61f3076a83aee8bb3003538da5b94e1e01b1363e",
            "translation": [
                -13.1240062,
                5.662441253662109e-7,
                -9.4548549
            ],
            "rotation": [
                0.0,
                0.0,
                1.0,
                0.0
            ],
            "motion_type": "static"
        },
        {
            "template_name": "6b9b8d939a1275088419d687b7a73107d83304bb",
            "translation": [
                6.5394816,
                1.7881393432617188e-7,
                -2.8330109
            ],
            "rotation": [
                0.7071068,
                0.0,
                -0.7071067,
                0.0
            ],
            "motion_type": "static"
        },
        {
            "template_name": "8760d571a7b8be3666d29b5568c7d458465f80e4",
            "translation": [
                3.4455854,
                2.086162567138672e-7,
                -3.3165879
            ],
            "rotation": [
                0.7071068,
                0.0,
                -0.7071067,
                0.0
            ],
            "motion_type": "static"
        },
        {
            "template_name": "f497d186a78b367238f5cf26d5475f4338eded11",
            "translation": [
                7.2114186,
                2.9802322387695315e-8,
                -0.504258
            ],
            "rotation": [
                0.7071068,
                0.0,
                0.7071067,
                0.0
            ],
            "motion_type": "static"
        },
        {
            "template_name": "f9847cc5ca98ab60a12de6d772b9cd34fb498b4f",
            "translation": [
                10.6144485,
                0.81,
                -2.5713496
            ],
            "rotation": [
                0.7071068,
                0.0,
                -0.7071067,
                0.0
            ],
            "motion_type": "static"
        },
        {
            "template_name": "bd4b7869fa102252721bd0d6fec3c47ca8433168",
            "translation": [
                2.8357279,
                0.4200006,
                -12.5431938
            ],
            "rotation": [
                0.0,
                0.0,
                1.0,
                0.0
            ],
            "motion_type": "static",
            "non_uniform_scale": [
                1.1933206,
                1.0,
                2.1485986
            ]
        },
        {
            "template_name": "8cc8e86db380d223278d7d87e7a790af6a455e69",
            "translation": [
                10.7429885,
                1.914592,
                -4.057044
            ],
            "rotation": [
                -0.5,
                -0.5,
                0.5,
                -0.4999999
            ],
            "motion_type": "static"
        },
        {
            "template_name": "e982d3a9cfef8a5bc3e2202e1ba69b8b93c0c67c",
            "translation": [
                1.4114725,
                0.6300004,
                -8.178092
            ],
            "rotation": [
                0.9455184,
                0.0,
                0.3255681,
                0.0
            ],
            "motion_type": "static"
        },
        {
            "template_name": "e01080481e334e84ed9fb1100964dea0a9695c99",
            "translation": [
                5.4412798,
                6.193295121192932e-8,
                -1.0434445
            ],
            "rotation": [
                0.7071068,
                0.0,
                -0.7071067,
                0.0
            ],
            "motion_type": "static",
            "non_uniform_scale": [
                0.9999998,
                0.9999998,
                1.6454541
            ]
        },
        {
            "template_name": "d5f2768323f5856e72a1a58c88c15ea863645ffc",
            "translation": [
                3.474436,
                0.5000001,
                -2.2171907
            ],
            "rotation": [
                0.7071068,
                0.0,
                0.7071067,
                0.0
            ],
            "motion_type": "static"
        },
        {
            "template_name": "ab60738f5c906987fe6b0611155d455f4d983ee5",
            "translation": [
                -4.7982411,
                2.8000001,
                -6.714653
            ],
            "motion_type": "static"
        },
        {
            "template_name": "ab60738f5c906987fe6b0611155d455f4d983ee5",
            "translation": [
                1.9339854,
                2.8000001,
                -1.7456959
            ],
            "motion_type": "static"
        },
        {
            "template_name": "493dc4cfca83d1999b5c9987bfdf46236c8183d4",
            "translation": [
                -14.2776746,
                0.7000005,
                -10.1537342
            ],
            "motion_type": "static"
        },
        {
            "template_name": "fabf0ec8dfd8af2033e7d28e54d2e2671835d684",
            "translation": [
                7.0598778,
                0.6300001,
                -1.5732164
            ],
            "rotation": [
                0.7071068,
                0.0,
                -0.7071067,
                0.0
            ],
            "motion_type": "static"
        },
        {
            "template_name": "0dfcf1e690e0a6705a5ae5fd0cb0dc01f3a600db",
            "translation": [
                -2.5651383,
                2.980232238769531e-7,
                -5.1647362
            ],
            "rotation": [
                0.0,
                0.0,
                1.0,
                0.0
            ],
            "motion_type": "static"
        },
        {
            "template_name": "219eee85ec52a62c30f1668b30cdc00722a9926f",
            "translation": [
                10.3774986,
                0.001,
                -1.4130231
            ],
            "rotation": [
                0.7071068,
                0.0,
                -0.7071067,
                0.0
            ],
            "motion_type": "static"
        },
        {
            "template_name": "7570910fe706ad15a766d48c7a4b4aa89e9107d2",
            "translation": [
                -14.8830394,
                1.3090503,
                -7.2750639
            ],
            "rotation": [
                0.0,
                0.0,
                0.7071068,
                -0.7071067
            ],
            "motion_type": "static"
        },
        {
            "template_name": "9ae73bbfc938355002a36773e8ae52f62ce38e0b_part_1",
            "translation": [
                -14.9210042,
                0.6571202,
                -10.9815006
            ],
            "rotation": [
                0.7071068,
                0.0,
                -0.7071067,
                0.0
            ],
            "motion_type": "static",
            "non_uniform_scale": [
                1.7707085,
                0.9999998,
                1.7245936
            ]
        },
        {
            "template_name": "9ae73bbfc938355002a36773e8ae52f62ce38e0b_part_2",
            "translation": [
                -14.6005773,
                0.0003311,
                -10.6617994
            ],
            "rotation": [
                0.7071068,
                0.0,
                -0.7071067,
                0.0
            ],
            "motion_type": "static",
            "non_uniform_scale": [
                1.7707085,
                0.9999998,
                1.7245936
            ]
        },
        {
            "template_name": "76eb8317661751dd4897b39db29df5db517e2d5c",
            "translation": [
                -16.4967193,
                4.470348358154297e-7,
                -7.648374
            ],
            "rotation": [
                0.0,
                0.0,
                1.0,
                0.0
            ],
            "motion_type": "static"
        },
        {
            "template_name": "967ad12ca41b821caa61cabebe7606dfb993f774",
            "translation": [
                10.7417898,
                1.7495497,
                -0.5732327
            ],
            "rotation": [
                -0.5,
                -0.5,
                0.5,
                -0.4999999
            ],
            "motion_type": "static"
        },
        {
            "template_name": "47626eed0d8a571dc80f7bb472d7661a4dc6a030",
            "translation": [
                -0.2934055,
                1.4901161193847657e-7,
                -2.7283561
            ],
            "rotation": [
                0.7071068,
                0.0,
                -0.7071067,
                0.0
            ],
            "motion_type": "static"
        },
        {
            "template_name": "8adc3b058f1684f4de9e4f6d1ca718f4f2e1df4f",
            "translation": [
                3.1746666,
                -5.960464477539063e-8,
                0.9913659
            ],
            "motion_type": "static"
        },
        {
            "template_name": "36b730fd3756a9e5cc48a8dc77b65d3c0cec1f94",
            "translation": [
                3.9570369,
                5.364418029785156e-7,
                -9.2240858
            ],
            "rotation": [
                0.7071068,
                0.0,
                0.7071067,
                0.0
            ],
            "motion_type": "static"
        },
        {
            "template_name": "8a1598c8fb23070adbd05cf2a70043f4565d30a5",
            "translation": [
                1.8626239,
                1.1455267667770386e-7,
                -1.9198657
            ],
            "rotation": [
                0.7071068,
                0.0,
                0.7071067,
                0.0
            ],
            "motion_type": "static"
        },
        {
            "template_name": "04e084791ef27a0dc374ba5699b26aad9d77b6fd",
            "translation": [
                3.5418579,
                5.364418029785156e-7,
                -8.5640239
            ],
            "rotation": [
                -0.3165481,
                0.0,
                0.9485763,
                0.0
            ],
            "motion_type": "static"
        },
        {
            "template_name": "d8ae0b094ae60e512e20b408b796625dc2e1961f",
            "translation": [
                9.7272014,
                5.960464477539063e-7,
                -9.9439802
            ],
            "rotation": [
                0.7132503,
                0.0,
                -0.7009091,
                0.0
            ],
            "motion_type": "static",
            "non_uniform_scale": [
                0.9534996,
                0.9999998,
                0.9512748
            ]
        },
        {
            "template_name": "6250e13488dff1114596ae91796c8f99242bfd3e",
            "translation": [
                -0.6109256,
                6.426125764846802e-7,
                -10.7862052
            ],
            "motion_type": "static"
        },
        {
            "template_name": "3759-0",
            "translation": [
                -1.0506935,
                1.2999999,
                -0.0071136
            ],
            "rotation": [
                0.0,
                0.0,
                1.0,
                0.0
            ],
            "motion_type": "static",
            "non_uniform_scale": [
                -1.0,
                0.9999998,
                0.9999998
            ]
        },
        {
            "template_name": "3759-0",
            "translation": [
                -2.5185518,
                1.2999999,
                -0.0071136
            ],
            "rotation": [
                0.0,
                0.0,
                1.0,
                0.0
            ],
            "motion_type": "static",
            "non_uniform_scale": [
                -1.0,
                0.9999998,
                0.9999998
            ]
        },
        {
            "template_name": "3759-0",
            "translation": [
                -3.9025323,
                1.2999999,
                -0.0071136
            ],
            "rotation": [
                0.0,
                0.0,
                1.0,
                0.0
            ],
            "motion_type": "static",
            "non_uniform_scale": [
                -1.0,
                0.9999998,
                0.9999998
            ]
        },
        {
            "template_name": "3759-0",
            "translation": [
                -5.2445735,
                1.2999999,
                -0.0071136
            ],
            "rotation": [
                0.0,
                0.0,
                1.0,
                0.0
            ],
            "motion_type": "static",
            "non_uniform_scale": [
                -1.0,
                0.9999998,
                0.9999998
            ]
        },
        {
            "template_name": "3759-0",
            "translation": [
                -17.0002861,
                1.3000004,
                -7.9029841
            ],
            "rotation": [
                0.7071068,
                0.0,
                -0.7071067,
                0.0
            ],
            "motion_type": "static",
            "non_uniform_scale": [
                -0.9999998,
                0.9999998,
                0.9999998
            ]
        },
        {
            "template_name": "3759-0",
            "translation": [
                -13.0854883,
                1.3,
                -3.5556576
            ],
            "rotation": [
                0.7071067,
                0.0,
                0.7071067,
                0.0
            ],
            "motion_type": "static",
            "non_uniform_scale": [
                -0.9999998,
                0.9999998,
                0.9999998
            ]
        },
        {
            "template_name": "3759-0",
            "translation": [
                -13.0854883,
                1.2999999,
                -2.0653274
            ],
            "rotation": [
                0.7071067,
                0.0,
                0.7071067,
                0.0
            ],
            "motion_type": "static",
            "non_uniform_scale": [
                -0.9999998,
                0.9999998,
                0.9999998
            ]
        },
        {
            "template_name": "3759-0",
            "translation": [
                -13.0854883,
                1.3000003,
                -5.2322106
            ],
            "rotation": [
                0.7071067,
                0.0,
                0.7071067,
                0.0
            ],
            "motion_type": "static",
            "non_uniform_scale": [
                -0.9999998,
                0.9999998,
                0.9999998
            ]
        },
        {
            "template_name": "4076-2",
            "translation": [
                -6.0342502,
                1.1199997,
                1.4842685
            ],
            "rotation": [
                0.7071067,
                0.0,
                0.7071067,
                0.0
            ],
            "motion_type": "static",
            "non_uniform_scale": [
                -0.9999998,
                0.9999998,
                0.9999998
            ]
        },
        {
            "template_name": "3759-0",
            "translation": [
                -12.73108,
                1.3000006,
                -12.6785345
            ],
            "motion_type": "static",
            "non_uniform_scale": [
                -1.0,
                0.9999998,
                0.9999998
            ]
        },
        {
            "template_name": "3759-0",
            "translation": [
                -14.3436717,
                1.3000006,
                -12.6785345
            ],
            "motion_type": "static",
            "non_uniform_scale": [
                -1.0,
                0.9999998,
                0.9999998
            ]
        },
        {
            "template_name": "3759-0",
            "translation": [
                -15.9447336,
                1.3000006,
                -12.6785345
            ],
            "motion_type": "static",
            "non_uniform_scale": [
                -1.0,
                0.9999998,
                0.9999998
            ]
        },
        {
            "template_name": "209-2",
            "translation": [
                -10.5474185,
                1.1200007,
                -13.1530447
            ],
            "motion_type": "static",
            "non_uniform_scale": [
                -1.0,
                0.9999998,
                0.9999998
            ]
        },
        {
            "template_name": "3759-0",
            "translation": [
                9.9184598,
                1.2999999,
                -0.0071136
            ],
            "motion_type": "static",
            "non_uniform_scale": [
                -1.0,
                0.9999998,
                0.9999998
            ]
        },
        {
            "template_name": "3759-0",
            "translation": [
                7.9589886,
                1.2999999,
                -0.0071136
            ],
            "motion_type": "static",
            "non_uniform_scale": [
                -1.0,
                0.9999998,
                0.9999998
            ]
        },
        {
            "template_name": "3759-0",
            "translation": [
                -0.0151254,
                1.2999999,
                0.6654531
            ],
            "rotation": [
                0.7071068,
                0.0,
                -0.7071067,
                0.0
            ],
            "motion_type": "static",
            "non_uniform_scale": [
                -0.9999998,
                0.9999998,
                0.9999998
            ]
        },
        {
            "template_name": "3759-0",
            "translation": [
                3.143187,
                1.2999999,
                1.288596
            ],
            "motion_type": "static",
            "non_uniform_scale": [
                -1.0,
                0.9999998,
                0.9999998
            ]
        },
        {
            "template_name": "3759-0",
            "translation": [
                1.2978795,
                1.2999999,
                1.288596
            ],
            "motion_type": "static",
            "non_uniform_scale": [
                -1.0,
                0.9999998,
                0.9999998
            ]
        },
        {
            "template_name": "3759-0",
            "translation": [
                5.2567095,
                1.2999999,
                1.288596
            ],
            "motion_type": "static",
            "non_uniform_scale": [
                -1.0,
                0.9999998,
                0.9999998
            ]
        },
        {
            "template_name": "3759-0",
            "translation": [
                -9.4335184,
                1.3000005,
                -11.7194156
            ],
            "rotation": [
                0.7071068,
                0.0,
                -0.7071067,
                0.0
            ],
            "motion_type": "static",
            "non_uniform_scale": [
                -0.9999998,
                0.9999998,
                0.9999998
            ]
        },
        {
            "template_name": "3759-0",
            "translation": [
                -9.4335184,
                1.3000005,
                -10.6290063
            ],
            "rotation": [
                0.7071068,
                0.0,
                -0.7071067,
                0.0
            ],
            "motion_type": "static",
            "non_uniform_scale": [
                -0.9999998,
                0.9999998,
                0.9999998
            ]
        },
        {
            "template_name": "3759-0",
            "translation": [
                -2.3490266,
                1.3000005,
                -9.2025852
            ],
            "motion_type": "static",
            "non_uniform_scale": [
                -1.0,
                0.9999998,
                0.9999998
            ]
        },
        {
            "template_name": "3759-0",
            "translation": [
                -7.6215901,
                1.3000005,
                -9.2025852
            ],
            "motion_type": "static",
            "non_uniform_scale": [
                -1.0,
                0.9999998,
                0.9999998
            ]
        },
        {
            "template_name": "3759-0",
            "translation": [
                10.8179883,
                1.3000003,
                -5.817677
            ],
            "rotation": [
                0.7071067,
                0.0,
                0.7071067,
                0.0
            ],
            "motion_type": "static",
            "non_uniform_scale": [
                -0.9999998,
                0.9999998,
                0.9999998
            ]
        },
        {
            "template_name": "3759-0",
            "translation": [
                10.8179883,
                1.3000005,
                -11.2988939
            ],
            "rotation": [
                0.7071067,
                0.0,
                0.7071067,
                0.0
            ],
            "motion_type": "static",
            "non_uniform_scale": [
                -0.9999998,
                0.9999998,
                0.9999998
            ]
        },
        {
            "template_name": "3759-0",
            "translation": [
                10.8179883,
                1.3000005,
                -8.4804401
            ],
            "rotation": [
                0.7071067,
                0.0,
                0.7071067,
                0.0
            ],
            "motion_type": "static",
            "non_uniform_scale": [
                -0.9999998,
                0.9999998,
                0.9999998
            ]
        },
        {
            "template_name": "3759-0",
            "translation": [
                -1.6254184,
                1.3000005,
                -12.1622819
            ],
            "rotation": [
                0.7071067,
                0.0,
                0.7071067,
                0.0
            ],
            "motion_type": "static",
            "non_uniform_scale": [
                -0.9999998,
                0.9999998,
                0.9999998
            ]
        },
        {
            "template_name": "3759-0",
            "translation": [
                -1.6254184,
                1.3000005,
                -10.2864665
            ],
            "rotation": [
                0.7071067,
                0.0,
                0.7071067,
                0.0
            ],
            "motion_type": "static",
            "non_uniform_scale": [
                -0.9999998,
                0.9999998,
                0.9999998
            ]
        },
        {
            "template_name": "3759-0",
            "translation": [
                3.1851258,
                1.3000006,
                -13.1396589
            ],
            "motion_type": "static",
            "non_uniform_scale": [
                -1.0,
                0.9999998,
                0.9999998
            ]
        },
        {
            "template_name": "3759-0",
            "translation": [
                0.8365525,
                1.3000006,
                -13.1396589
            ],
            "motion_type": "static",
            "non_uniform_scale": [
                -1.0,
                0.9999998,
                0.9999998
            ]
        },
        {
            "template_name": "3759-0",
            "translation": [
                9.6646709,
                1.3000006,
                -12.6785345
            ],
            "rotation": [
                0.0,
                0.0,
                1.0,
                0.0
            ],
            "motion_type": "static",
            "non_uniform_scale": [
                -1.0,
                0.9999998,
                0.9999998
            ]
        },
        {
            "template_name": "3759-0",
            "translation": [
                8.5842151,
                1.3000006,
                -12.6785345
            ],
            "rotation": [
                0.0,
                0.0,
                1.0,
                0.0
            ],
            "motion_type": "static",
            "non_uniform_scale": [
                -1.0,
                0.9999998,
                0.9999998
            ]
        },
        {
            "template_name": "3759-0",
            "translation": [
                7.5095109,
                1.3000006,
                -12.6785345
            ],
            "rotation": [
                0.0,
                0.0,
                1.0,
                0.0
            ],
            "motion_type": "static",
            "non_uniform_scale": [
                -1.0,
                0.9999998,
                0.9999998
            ]
        },
        {
            "template_name": "3759-0",
            "translation": [
                6.4238452,
                1.3000006,
                -12.6785345
            ],
            "rotation": [
                0.0,
                0.0,
                1.0,
                0.0
            ],
            "motion_type": "static",
            "non_uniform_scale": [
                -1.0,
                0.9999998,
                0.9999998
            ]
        },
        {
            "template_name": "3759-0",
            "translation": [
                5.3315825,
                1.3000006,
                -12.6785345
            ],
            "rotation": [
                0.0,
                0.0,
                1.0,
                0.0
            ],
            "motion_type": "static",
            "non_uniform_scale": [
                -1.0,
                0.9999998,
                0.9999998
            ]
        }
    ],
    "articulated_object_instances": [],
    "stage_instance": {
        "template_name": "stages/108736884_177263634",
        "motion_type": "static"
    },
    "user_defined": {
        "scene_filter_file": "scene_filter_files/108736884_177263634.rec_filter.json"
    }
}